case_id,match_id,screen_status,review_outcome
MB-000116601da7,sha256:000116601da7f769ca10bd7fd27c1fbc2d3b7e493766fc77d0a0139b617cf6e6,no_edit_found,
MB-000d9a481fa7,sha256:000d9a481fa7bb3af6d7d5c6ae84008d62e2e2467f12869917b1c2ed77ffea92,no_edit_found,
MB-00123af960fb,sha256:00123af960fb81b16469f505174b3a6d285ac9c8741bbd198394b4a65594905d,no_edit_found,
MB-00184c7b9e4b,sha256:00184c7b9e4b6897726592366d7867ee5bac7df732b438b5b60d640986d89b6f,no_edit_found,
MB-002cc33758ef,sha256:002cc33758efe186ea864ea778985bdb7b4d13c3d0b43927a2b005656e9d7308,no_edit_found,
MB-0040b9a9bb92,sha256:0040b9a9bb92529855ef3a18ef19ca1c0386fb5ebf90be6373986707274f17ca,no_edit_found,
MB-0045b122231f,sha256:0045b122231f68d182da4d7b73c99b18f5f9677cb3f07cdf10eeb006c4d6231f,no_edit_found,
MB-0047286bffda,sha256:0047286bffdaa6dcf15ec95939b24a1e3e48e60afcade19d2e9b5dabb11460f9,no_edit_found,
MB-004afd63e873,sha256:004afd63e8730cfaa9404611507336b95a146b0ad1b01c8b9c655679177e9406,no_edit_found,
MB-00554f187bf1,sha256:00554f187bf130f07de2638a33b0a3ab79056059afd88beee44a51a894466288,no_edit_found,
MB-0056780c49f6,sha256:0056780c49f64acdd23f72e4fc473735f8305492ba70637969fcb58a6ddbafca,no_edit_found,
MB-005bbbd6da3c,sha256:005bbbd6da3ca05fcf0a6afb3e356c0f720dc07d5464019f782e1a75ae6e1c8e,no_edit_found,
MB-0065aea19022,sha256:0065aea1902218ae25a54144d9e582432e20b01e1d592401d574a00b1ac66c11,no_edit_found,
MB-0071712c4207,sha256:0071712c420708ef3586f545ac39a3b81d9f0928a5ec62844ae23313a424515f,no_edit_found,
MB-007aec353a0a,sha256:007aec353a0ab43a26a8035175e6396c10ca823eaf9c1a3ea28be41d09b19508,edited,unresolved
MB-007f5ea011d1,sha256:007f5ea011d1b62a6938da45f6bfe52679b7733f8d4acd22280a8fe6de1cc934,no_edit_found,
MB-0080a1ae9fa7,sha256:0080a1ae9fa74552f171d55615ee7b17e1a9e8de7a8ec8d81c788e164896e428,no_edit_found,
MB-008678388719,sha256:008678388719f0a02c22eca1f8dd0b719407cdc90f415586d2ff60554d6bb486,no_edit_found,
MB-009967dcc21c,sha256:009967dcc21c5d42a0a01158577e5bc471d1436ca7d248b508e33f567570eb07,no_edit_found,
MB-00a5f2022e06,sha256:00a5f2022e06b2e820e5ae7f805becacf0655254e6dd19bd8890a6f0f0e285c0,no_edit_found,
MB-00b2e07912ec,sha256:00b2e07912ec7dd83feb597300082982195ab1c5f52d68beccbc7f32ddf867c7,no_edit_found,
MB-00b3a52e2993,sha256:00b3a52e2993e690037bc84efae43e752c679f93e30aef0fb92bbb920d676964,no_edit_found,
MB-00b8bde005f8,sha256:00b8bde005f8d7320bb404a07a090f44349f5b8857878e0769d4779081b3c5d8,no_edit_found,
MB-00b93e2035b0,sha256:00b93e2035b0ea9345a17ffd48c1880229131576c1c64d5c169ad9774e8628e5,no_edit_found,
MB-00c1801af993,sha256:00c1801af9935c901b83e72ec06641633671c8f34ca416cb47e5117b2806da31,no_edit_found,
MB-00cd56c5d9f7,sha256:00cd56c5d9f7603ef0ed3c3ac39f37fb3a2b7a87da654dbe38d2b1b5b864b2e4,no_edit_found,
MB-00dc5e82951f,sha256:00dc5e82951f1a0b7bf3d8d5ca501b4220d00d8b67c6eeaddd495b6c9f6a9521,no_edit_found,
MB-00e0c798c20f,sha256:00e0c798c20fa8fdbd1129108e80f2af91e85c4da4fa94e632d33b007b26b964,no_edit_found,
MB-00e36ee891ec,sha256:00e36ee891ecb237068fd758dfc285f368e061524457e14cf37318ef239f4bb1,no_edit_found,
MB-00e7e728e469,sha256:00e7e728e469e5648086c52e1b7ef3266c94cf4e08c3b26f40757e071e4dbaf2,no_edit_found,
MB-0101ce8dc2f9,sha256:0101ce8dc2f9b14dfc23d1e764c2a35e3604ff6e23d3e53fbd66527ab867c61a,no_edit_found,
MB-01046d7ac71e,sha256:01046d7ac71e5d29326ca3612ba2eb55f70360341db856bee1143353f32b0dca,no_edit_found,
MB-01054e9fcae4,sha256:01054e9fcae4fa9711b692c943d9078f2a7b979aebaaa09487cbc683ddc93a8a,no_edit_found,
MB-01086dba9df7,sha256:01086dba9df7208c17305740c0dad84702e34c2254a96451df97b74042012e4d,no_edit_found,
MB-010b973bba28,sha256:010b973bba28447c2986360763e015316070fefd34d0c82080d4f01fde05d453,no_edit_found,
MB-0113a9b2fb2e,sha256:0113a9b2fb2ec760bbaa5a4c00ac6249579126fa3355d8fec63862ab1f81731c,no_edit_found,
MB-01178bca0839,sha256:01178bca083912feb0d06dd9aaac4619583092f902403594d7782c413ea677fc,no_edit_found,
MB-0136d15448c0,sha256:0136d15448c09334554c0c9f922b67aaf0fee9dd5f02bf25d0033ec1e03a5206,no_edit_found,
MB-014d38daf262,sha256:014d38daf262059c3366db09a479a80d7a30ba8ed504b7896eb74d37f43a6b1a,no_edit_found,
MB-01513ef3f40b,sha256:01513ef3f40b2cfa05cb006e4ea28ced54734c66a20e30c75e4808d29cf601d7,no_edit_found,
MB-01573cc77432,sha256:01573cc7743216890add18c008adc5e9da0b5d162dd15fca93c4e325f36a48ee,edited,change
MB-01582ba4451f,sha256:01582ba4451f7182477d482071b3cbe1f3584bf84b3435847695f2aa630a91cb,no_edit_found,
MB-016955dfcc43,sha256:016955dfcc43480dd4fd4378236a0b8271df3b739cf2ae39087f1f4c2050dc66,no_edit_found,
MB-0169621ee0d4,sha256:0169621ee0d468074df7a9bc5d09009a2c79b5fb91e2fe6b7da02b814a466587,no_edit_found,
MB-017593c16794,sha256:017593c167948ee15d70ffd5003a1c4d7a45e9d39e1fdeacfc97fdff594c84cb,no_edit_found,
MB-0176645dd93d,sha256:0176645dd93d7d7ac154e07f2265bb8062eb5a33ad0d57b3b4fe28f9e05c8c7a,no_edit_found,
MB-01831f04975b,sha256:01831f04975b64cc3846bc7fc19de999540fb5bb70d4809e70a3f008c2658eb9,no_edit_found,
MB-0190c790147f,sha256:0190c790147f2b3c359a83b18d611ad4dac370c90d24036f053abd26b4da8253,no_edit_found,
MB-01ad574f17d6,sha256:01ad574f17d657040348591e9f6958869f8a94716e029c55c34349ac62aa63e5,no_edit_found,
MB-01b88966d5f5,sha256:01b88966d5f5f04a9ff8eb8c10eb8dc6024d4c270dda16ca9eda933b4ebaf63a,no_edit_found,
MB-01bcd3a7db83,sha256:01bcd3a7db83448ebaf308db4bf3771f28c872bb0fe69b95c0eb6c28abbe736d,no_edit_found,
MB-01c66741fd42,sha256:01c66741fd42d8aeb7b746f446b954ebc68e129493d068d49be9ffa935df6e9a,edited,invalid
MB-01cd2d2e2157,sha256:01cd2d2e21572731bc96611c495da94fffb9549e1e0f2199aa8fab5fbb00bf1c,no_edit_found,
MB-01d0eaefc12a,sha256:01d0eaefc12aef020d5b00b25734297439e29e0df6b1e2de09d6bdef3059f60e,no_edit_found,
MB-01d834af0763,sha256:01d834af07636be10ad1342e90fdb35495657533e91288e23fc830f30cb38012,no_edit_found,
MB-01dfd5531472,sha256:01dfd55314728594f323d5e6992ffdf11fdb2df330a8f80a4dd81c35a9046d0f,no_edit_found,
MB-01e05f42a720,sha256:01e05f42a7206df54aecaf1fec054853bfb322245986746ae8398a6e87c507a6,no_edit_found,
MB-01e614f906f4,sha256:01e614f906f491139b8db87a7b688e24883a421036ae7daf077b06d2deffb705,edited,unchanged
MB-01f321915cc7,sha256:01f321915cc712d8a82d6b58f89820fbd8dc283afa8219dd9670cf6b44979162,no_edit_found,
MB-01f48ce0ce21,sha256:01f48ce0ce2161f50c14ac8f0cb7b6cdb1e44cca19ae3dacf11c951625392592,edited,invalid
MB-020399343622,sha256:020399343622b542578d8f339e6299ec324cc9945804e91052e2b452bd7fb11b,no_edit_found,
MB-020538143c94,sha256:020538143c94962d1f4d725c4cd85e4fe7ed5f1e12a5da571630847661a63e94,no_edit_found,
MB-0212433ac407,sha256:0212433ac407b82b6a1f805df7fd010bf5b93972611ae49b4ed6a8ca9b14b61b,no_edit_found,
MB-0216cee92428,sha256:0216cee92428b34b559db5d56e76b1b808dce7b194519565cfd87db39463176e,no_edit_found,
MB-021a9f2a7379,sha256:021a9f2a7379e6963cded640ab697e1afb21b83741a06c35bb01c7658930fff6,no_edit_found,
MB-0222fbe5d332,sha256:0222fbe5d332c0c2326baaf31eaac6442d695205fb6e8cad5a0174ee89268eb6,edited,unresolved
MB-0224de619f3e,sha256:0224de619f3e6e38e0aacec2915685311de7e33058a86e5a12150b5843f49fb3,no_edit_found,
MB-0227eb349bbb,sha256:0227eb349bbb031fd55efcd029d6b9de2eb8afcac1eae1e3b87897378d7b4d85,no_edit_found,
MB-022de725bcd2,sha256:022de725bcd212dbf7d7198ecaa83505941a400a741422437aea91e8011c34b6,no_edit_found,
MB-022fdd59f392,sha256:022fdd59f392ee6be61385c59fb7b29b54430a3ba0fdb821942566c7940a5e8d,no_edit_found,
MB-02308c6fdc58,sha256:02308c6fdc58754eee65f68e0bd1a05fa4784f1f57f7008128e0b4834fe9f583,no_edit_found,
MB-02329dfcc192,sha256:02329dfcc192428db92e09867bf2aaa84a3d12e21f110693b9e7d0953debcdcd,no_edit_found,
MB-02341b6e0897,sha256:02341b6e089709336f75200ba48351f8b0b344eed28180826292e5bb9396d43f,no_edit_found,
MB-024444aaa1f2,sha256:024444aaa1f2f7868df9bb2cf4bb028f8efaf19e04dc72128586f24a00025fa1,no_edit_found,
MB-024b326d1ea9,sha256:024b326d1ea9f027cf637d170d2caeff60fc4b055dd6f8a829f13d0f23430d6a,no_edit_found,
MB-024d3e71c2c5,sha256:024d3e71c2c5763aa6097007490b4ea66ebf8c83fb188b77426da418bec2ec97,no_edit_found,
MB-025e6bf27cf3,sha256:025e6bf27cf3cfd87ec0b3110e16dda359969e5ceb4fad330ed9939145e2c510,no_edit_found,
MB-0288f145f42c,sha256:0288f145f42cf3392098aaae9dd9e5ba6c63a416a83a05f8e6ba2e5da2b791a6,no_edit_found,
MB-0290c245a9eb,sha256:0290c245a9eb5eb4a884e56684e4ae7e9537fb0e9626702aaca872b885288ed6,no_edit_found,
MB-02a52d78d747,sha256:02a52d78d747d1c925089e41d88601f9ce9015a2ada46d26b62a7ea55c0ec3a0,no_edit_found,
MB-02ae5caac971,sha256:02ae5caac971c8a51e685df67f1f99749b887ab39f15be3ad07178c57b36793a,no_edit_found,
MB-02b0f54570dd,sha256:02b0f54570dd556a9d3fadc3cc4f368e6d627ab5618ba5c7b98be4310786e804,no_edit_found,
MB-02b78a5449b6,sha256:02b78a5449b659476f8d7049d6e785c2e66717b85718804107fce423e43a3f36,no_edit_found,
MB-02b9958c979e,sha256:02b9958c979e2341c3df9f55eb69442941ef8107ac68f11f122fd55d9357e5af,no_edit_found,
MB-02bc4032fe96,sha256:02bc4032fe96466e2be5061d2dd2cd6c9b425844fa756e9a2a887f381d141e0d,no_edit_found,
MB-02c11ea1cb13,sha256:02c11ea1cb13cb3c88101f812f5b725aed45702fc97a7a3298de571a26294114,no_edit_found,
MB-02e507cb9240,sha256:02e507cb924035ca356505d0dff1af8bfd3e43cd80f4c748cd27e0243e7612b2,no_edit_found,
MB-02e6e694be33,sha256:02e6e694be3307243385a7798b07fe5961f720610b71ea039374c5e2a65993d0,no_edit_found,
MB-03144fcd0de3,sha256:03144fcd0de3c4a8173933e2b48fce32a0f8e8efb1d42cdc730a2bae15e19018,no_edit_found,
MB-0317a827c9dc,sha256:0317a827c9dc5cda553c664dee897cfc0b396a2a3bf2987a3d93879a9a451608,no_edit_found,
MB-031b2077585f,sha256:031b2077585f865fc7f06e18ca16f9df60870fa1d9e8409677ff9fa57de8ec8b,no_edit_found,
MB-0320130c6d82,sha256:0320130c6d82647fb3679dd4fe008f2b49b229b6d5c4f9cbe6bd241dc61d0c90,no_edit_found,
MB-03361027be77,sha256:03361027be77e2375f3b3e6fcbf08969b8d975d2c5bdcc41ab93638ea6c6cb12,no_edit_found,
MB-0339dd1512ca,sha256:0339dd1512ca1f98949da23875b50a9f25eade9a395b1f24bbd8347250f03f36,no_edit_found,
MB-034c33788677,sha256:034c33788677e7e79ec482ee0ebeedabc60d7b87b1957b4460117cf75273c962,no_edit_found,
MB-034d9cdbee0f,sha256:034d9cdbee0ffd88a342ba0ea61e27bc176eb570d3a795e54f1faa39e8cb9c97,no_edit_found,
MB-034fed92a316,sha256:034fed92a316a3cf9402e1e92b10e76fcd85c3cada6420729079130b9b1513b1,no_edit_found,
MB-035724214556,sha256:035724214556e2977ce9f6a66290b8da651d2d44d022e627f75ac9903c870f59,no_edit_found,
MB-0365714a2409,sha256:0365714a240996f7ead4c5fbf2e3119abfc24d46e5926a43775aa26009be929a,no_edit_found,
MB-036c4435f1cf,sha256:036c4435f1cfd7fdceab8417c0b5af3cc3b51b2d551ec38ef0999622b7ac9e52,edited,change
MB-036f0ffbc1e8,sha256:036f0ffbc1e8ec54ab8933f35dc6198efc12a93ab49341b039f0962ffb3ec3b0,no_edit_found,
MB-03782b0d1221,sha256:03782b0d12215aaa71bf0c3f803afa0dcc37ab8aaf01f4d82af12a140354b484,no_edit_found,
MB-0378493bb382,sha256:0378493bb382ca662a0f35b664d5a0f3b564b8485c5d7f2e0e972fb7719c273c,no_edit_found,
MB-037a07734a61,sha256:037a07734a61a7fba7f1f329fb8f3e2cad9021130577e8b53373179b9adfc1e1,no_edit_found,
MB-0387a66e96a8,sha256:0387a66e96a89dc613e969801b0b929ed1b400dc74dbc125e21c33ca8fc99fd4,no_edit_found,
MB-038b023ed83e,sha256:038b023ed83e039b9c2892ac68b8c62602d037bc990256bc0633baf8d3e21abb,no_edit_found,
MB-038b820a50ab,sha256:038b820a50ab92500ec9372db8153a6bf4d98adc3dca1b506f7dbbc731e67ff2,no_edit_found,
MB-038cbc562823,sha256:038cbc56282391c88061f127e3420720af2ebcb0160e85959cad00c60e4fd300,no_edit_found,
MB-0393888dc551,sha256:0393888dc55190ba8877bacd0299f96af47ed3029a5f1dcbd4a0645578e9d8cc,no_edit_found,
MB-0396e683c751,sha256:0396e683c7510a162867fbb0c0dee0c8c21a7ae7ffd951dc46453c3b3b68eb02,no_edit_found,
MB-03a1bc538797,sha256:03a1bc538797175fdaaf5cf8c927866df4f783100b3b73f8931b7db653db34de,no_edit_found,
MB-03a2ef8486f7,sha256:03a2ef8486f7c21d6d9969270f58f3f30a8c24c5e3bcc4697bc045fee2f52fd5,no_edit_found,
MB-03ae99b2afd7,sha256:03ae99b2afd7dd66c9770ee64dc7efe6afafba88bc5cdcc0b44820be914184a9,no_edit_found,
MB-03b100951436,sha256:03b100951436b5460795f1bf489cd14344f42cf388ccff50357a573b85ed49be,no_edit_found,
MB-03b381ee8328,sha256:03b381ee8328c01bc609c70e4fe03ffff482ff28f8e325d258eca5dc3a164bb2,no_edit_found,
MB-03c209f51a48,sha256:03c209f51a486b98e4006be275c870fad4bafd6197b964bc83a11325c79ae9cb,no_edit_found,
MB-03c3284e2d5d,sha256:03c3284e2d5d6b5e43159f008e2f1bb3c8bf6114c6b9095e99b09b2f1732ec49,no_edit_found,
MB-03c47be12a6a,sha256:03c47be12a6a863c74475d4abee928d475c84ce898e75f9e17ab89e9e2d886c7,no_edit_found,
MB-03c94d9d2891,sha256:03c94d9d28919388442fa4bc39740bad6da70e4aa2752bce5f99bbd65e50bab0,no_edit_found,
MB-03d596551a42,sha256:03d596551a42f7eac0a39417b678a3fb814bba87cb6f8e7855158d341aed55e1,no_edit_found,
MB-03deed5556d7,sha256:03deed5556d7d143cdfe59ea0e0fcbd04533f2e86cea1649660db7ce2c4ecb6a,edited,unchanged
MB-03f5c9c7898c,sha256:03f5c9c7898c506b92753ee047325212228044296ea8bfe954b3b06d4acdd77a,no_edit_found,
MB-03f884523865,sha256:03f8845238654c1983e5eed58d1a30334dfb96f110f92cb7c3aabdfa6b71f87c,no_edit_found,
MB-040d12e5b88d,sha256:040d12e5b88db2d323c8b03d0b113cd96f735f76541fd036f08db268e0737975,no_edit_found,
MB-0412c434a782,sha256:0412c434a782d617947c6cae43949ea85fd8214c5c09d902477d591f38311695,edited,unchanged
MB-041f3d2f77ac,sha256:041f3d2f77ac30f8ea80105ba79ba81074deca2a16bfdeda89f96bc48aeec6d2,no_edit_found,
MB-0422c24a03d0,sha256:0422c24a03d00ce1df92569960b598029fb20d94ac72c3c19aeee87d26b1b120,no_edit_found,
MB-04252e211ea9,sha256:04252e211ea95c4560e4fb7a2eecdde407bcfb248b1a89b62f4c342efca25bff,no_edit_found,
MB-042c3fc95ab1,sha256:042c3fc95ab15d5ed87332fe38864091b2d47eb7e96de504660c7cb89d15a1ee,no_edit_found,
MB-04312f6404f2,sha256:04312f6404f2e7cbf2819833ceb97f90e014c5c01487b43743bf6407662cb381,no_edit_found,
MB-04314fc32471,sha256:04314fc324713fd5abe65dc19f9bec726e21a0151f901476dd660aa7cb42a520,no_edit_found,
MB-043183e655d9,sha256:043183e655d93250c9ebcafa0999ccab5ba6eafa16373c2834e69f37a4dd1def,no_edit_found,
MB-04328ac7737c,sha256:04328ac7737c7805f7a9a5eaccf7f3f77e3b3aa064940f97a98a852319a00920,no_edit_found,
MB-0436eab48446,sha256:0436eab4844621509e489958cd0d671374ef6e8eb3d0a484eaad9394234128bb,no_edit_found,
MB-0439332bf151,sha256:0439332bf1519ec8e99f2ce51b1515552a91ac75bca33fd4cfebb74cb2916500,no_edit_found,
MB-045335534708,sha256:04533553470894deffca4c562e2854fd4c8ef4fe88a310f8114076d22a5e3135,no_edit_found,
MB-045a00370d8c,sha256:045a00370d8c5228de283a059b402c2a9fb61b27a5f0426fbd9c885e370628c4,no_edit_found,
MB-045cc18342b6,sha256:045cc18342b64c6e750a41341c3e9f8c9f7d911a4384a742fe517624b62aa879,no_edit_found,
MB-045e52c03927,sha256:045e52c0392757c67b38881ae086aa897d75370dd710d2662f9db5e3829c733a,no_edit_found,
MB-04641487e4bb,sha256:04641487e4bbeffc82759e071bec9a504efb30b061339af89a1d0a11eb1d586f,no_edit_found,
MB-046f08d8bcda,sha256:046f08d8bcdad0e965fe5cdf9003bc629c1dd61729cf440b951198441aff920e,no_edit_found,
MB-046f6cfadaec,sha256:046f6cfadaecc2d62839ba6a2ef822227319ca0453064edce19322cc28ddf34d,no_edit_found,
MB-0470be95fb0a,sha256:0470be95fb0aa14d6ddd2e91e201a538b6d30b7aa9a412beafddb3f87a1d1699,no_edit_found,
MB-04779d48dbac,sha256:04779d48dbac0570ef057e17a865713476c1fb4c322bcb959298113f0c96390d,edited,unchanged
MB-047b47a36a91,sha256:047b47a36a910817bdab0dbf6efdb202ff89757f8ffb26cf896fff7e148b87d8,no_edit_found,
MB-048176811993,sha256:048176811993f17f8a139a0dcb12470961fd64b4f178acb1b1635c6b017ef1e1,no_edit_found,
MB-04859ce3946c,sha256:04859ce3946c61cb53fc83b868d4e72973b58e54356e8aee2af564c0a11ed6ad,edited,invalid
MB-04913d7fe434,sha256:04913d7fe4340d882a00ba0bdc6acff8d7271ab822313c75a27fb03622cfdcc0,no_edit_found,
MB-04976bb7abf0,sha256:04976bb7abf03163ce3e36570ba7c30a3c2f6fcdc926638bafb3c26c9b72b1bb,no_edit_found,
MB-0497783dfd39,sha256:0497783dfd39e77493bf77431ed7e0714fc9004e42501bcdca65aac69b50b3a4,no_edit_found,
MB-0497d946532f,sha256:0497d946532f0d9a110e11ebff7add29c3e14cae9c6a205b77b546e59e7839c7,no_edit_found,
MB-0498f85f0d3b,sha256:0498f85f0d3bb5b214b96ba3c36ad5f00560309b861191c3bffd24c8a15d4e29,edited,unchanged
MB-04a43d2c9770,sha256:04a43d2c9770b9b1b435f10cf85eb3d5512973c8a1e40c90d99f201a8d5e9f77,no_edit_found,
MB-04a56c1fb8b3,sha256:04a56c1fb8b3e93d4364cfcbe0431b579e08490d176ffa7ac7a5c5c0c1372308,no_edit_found,
MB-04ab8eaefa52,sha256:04ab8eaefa52ea3a98cc4a4a84772e1911d91e28f67e0ded8ab8f223f5ba0085,no_edit_found,
MB-04ad4b4d072f,sha256:04ad4b4d072f4b45ff8e24de564d49add4c2c1598f24928cf64c146f2e6acf3a,no_edit_found,
MB-04af91554e43,sha256:04af91554e43b650f4160ad34d1af4f7a270aaf4c816fb1c0bed498e7838b990,no_edit_found,
MB-04b485657c78,sha256:04b485657c78d179433a95ea31db01b7e1a74d30623390fd725cf8cbfe571a3a,no_edit_found,
MB-04b91f11f1bf,sha256:04b91f11f1bf7921d755641b34b76dfb2c7c69d237d406ec03475250277c48a5,no_edit_found,
MB-04ba4d773048,sha256:04ba4d7730482aa53b0984f2a000a878281000293c783b1782f7aca5e90b4272,no_edit_found,
MB-04bd22872e93,sha256:04bd22872e93478826258568b4952b9e33a1a6fd5021c3f2dba88914c2d657fc,no_edit_found,
MB-04c13dbb29b9,sha256:04c13dbb29b949bd2e9831154daee4f81161cb52539a734702d9afe773900402,no_edit_found,
MB-04c7d47de3ce,sha256:04c7d47de3ce1b5d8da3bbfdddf42603ab36d94da868cc85874bcaed29344293,edited,invalid
MB-04cb07c2bf46,sha256:04cb07c2bf468b3c748d7c0596bb824b5041b242f2a34db7db575030affe08af,edited,change
MB-04db1e7a36a3,sha256:04db1e7a36a33539faff508f7e2f6d66def662b9f2dd5ca6f68e3ffc80e8d06b,no_edit_found,
MB-04dca0f6e8a3,sha256:04dca0f6e8a330fc858ccca76760169393cea2b24ec78ecdf67222d20e9fb1e8,no_edit_found,
MB-04e61de947bf,sha256:04e61de947bf79d2c31805bfea831712e7339582e84318abf4bf3e52720baffa,edited,invalid
MB-05094f6207da,sha256:05094f6207dadafeba9f255b08648baafc043d21fcca4849c697fb9fea73b9f5,no_edit_found,
MB-05096d02b1c5,sha256:05096d02b1c591beb36e70378353eedd6df6e924456606321e77bd2302048850,no_edit_found,
MB-0517348e9039,sha256:0517348e90393932c2dc1a403e112ade20390a15b3a9b6fa8193e5b926215170,no_edit_found,
MB-05187934a9ab,sha256:05187934a9abde784f25d66ac6227fff601e9f7d1ca19277453422b15e434676,no_edit_found,
MB-051a7b791210,sha256:051a7b791210ba874b34c071b2b1e25e18aac625f89d25597a01a34068f971fb,no_edit_found,
MB-0527fc21ec77,sha256:0527fc21ec779f00459ea50af6ea32f67b1096757aabcc655cdb48e26695d8bc,no_edit_found,
MB-05281f24130b,sha256:05281f24130b5cc5bc882a79e241a135fa23a318b5edefa70c58294a44fb69ee,no_edit_found,
MB-053244231b06,sha256:053244231b068d4dcdf2b0e8c3b24fdbd83059696ece765564411d1ed90a2f42,no_edit_found,
MB-05346118ab32,sha256:05346118ab32840ebe4ec28f4adf178300e5b53a61bfdc19f7f60841ce3a9e31,no_edit_found,
MB-0537428cb0d5,sha256:0537428cb0d5fb55673f820e79e6fd99bfa12042c722ed7a8e4c924bf3f8b2c9,no_edit_found,
MB-053be7e08879,sha256:053be7e0887943449d7133adf6a998d78f4ff81fc314909c57139369ab2d176e,no_edit_found,
MB-05465fd86503,sha256:05465fd865030c36d09790431cca54b22b4370e69947688cf9b484762128669d,no_edit_found,
MB-055467a0a962,sha256:055467a0a96238780db8ea9ccf5e8e66c5af8875daf53be35ef785bdd3e81587,no_edit_found,
MB-056108569cbb,sha256:056108569cbb797274bb6664d366d46a85a2fd6ab93e1a746381411a935e0e20,no_edit_found,
MB-0562e8905cd3,sha256:0562e8905cd32937094899e8dbcf4845a45679b4fdf073611bd8cd182cb8d997,no_edit_found,
MB-0576be06cefd,sha256:0576be06cefd097d7b23873d767baa714536232c953f081f22446cd0f0669048,no_edit_found,
MB-057de35cfb98,sha256:057de35cfb98c7d2c27b3f5fec41c16997e736943a165f538a410ca3b1be0524,edited,unchanged
MB-057fd62f01c9,sha256:057fd62f01c91181b5a3c300a12db351f2a1ea62ba9f7733bb746df4f8a8a4a7,edited,unchanged
MB-0582d02c2c6f,sha256:0582d02c2c6f06546dbaf92a869f75c8fb82466deff1cbc68b73507eb30f156c,no_edit_found,
MB-0584ab3eaff3,sha256:0584ab3eaff35bd698b3678db0a59205522e31acc72fc2546707b0e3889b28dc,no_edit_found,
MB-058ee9e707de,sha256:058ee9e707def4b99fab36a09062c4e32bb2977a1de983724f78bce030685588,no_edit_found,
MB-05985f7bbc46,sha256:05985f7bbc4604c7724a8a331d3cb5019f6a9794ed2d207c079764b889150215,no_edit_found,
MB-059d20958bad,sha256:059d20958bad42506a62e94e909be03afefb3b3f97bfe5e3806af19b3fb7832c,edited,unchanged
MB-05aafa0d8848,sha256:05aafa0d8848aef7733793cf3879e460b6dde863fc8e06f97fda9b2e37bd8745,no_edit_found,
MB-05ad5445301e,sha256:05ad5445301e4dccb39e328a9b25e95a8fe349c550048207066cb6d6eca97986,no_edit_found,
MB-05c5b5662338,sha256:05c5b56623381f2ffd9684df05279b34cf8d46231fff4a9bf0019e0bb47b64b4,no_edit_found,
MB-05c7bb715a73,sha256:05c7bb715a73b911db42ae2ef3d605eb65b61273cb785c89c0395b5f006fba9b,no_edit_found,
MB-05c86d2b0835,sha256:05c86d2b08350091e5251d3cf91756928f945c089e978030e63d621e6a0d3ad9,no_edit_found,
MB-05d0c7ec52e4,sha256:05d0c7ec52e492c63969a9b53ff7e214ee5c1e76e60216f197bfdfd96413e256,no_edit_found,
MB-05dee0e2b8c2,sha256:05dee0e2b8c2a25b1a6bfd88f51bd5f347da415f2ecdc32e77c4c56226376d44,edited,change
MB-05ec461ff255,sha256:05ec461ff2550ee8cd7e1e53fc97bc1cd9bc61abe759acabce70ac04ff19ef72,no_edit_found,
MB-05ee9ad0f9fd,sha256:05ee9ad0f9fdc828160ba36dcebe5ed9e8464bdfafe17645d58dd99cae9c786a,no_edit_found,
MB-05f65f307d55,sha256:05f65f307d5503c0d0f15014ac6a3e065fd4f3594322fc77dda5a25cabc7ad04,no_edit_found,
MB-05f9bdc75bed,sha256:05f9bdc75bed3a760b6d71fb13cacfed29d7207cdf73958579570d83def7eb6f,no_edit_found,
MB-0603ca3e3598,sha256:0603ca3e3598a394746ac7718846ad0b859699400bc56658ca670951fe977b93,no_edit_found,
MB-060a22e72143,sha256:060a22e721435c95ee9ca040a8366c2a1a69ad7a842e2971cdb4a1a9b6b721df,no_edit_found,
MB-060ac9c02277,sha256:060ac9c0227731ca2f83277c5d2e4e243f9c0261df80561d29e9a5227e6dc0d2,no_edit_found,
MB-060bf608da9b,sha256:060bf608da9b760b753ae75077fb4f3ecbc31540312bcd45173ebb61e101b262,no_edit_found,
MB-0614c6a4f7be,sha256:0614c6a4f7be045510c5d8e1a4d568190ae529782523abc51f3198aad9a94d15,no_edit_found,
MB-0619ce97fed6,sha256:0619ce97fed6409b04c4ebaed6297759e98c42ad261dc94f89659d1c57cf7aae,no_edit_found,
MB-061be734a3b7,sha256:061be734a3b75d10b9d213240df3b3f002e1cd67c4dd5a928c73e056483061e3,no_edit_found,
MB-062a09538f1d,sha256:062a09538f1d24ed0012cbd007672104fb8d5c8ddfff9857b26bc683b5ea2e73,no_edit_found,
MB-062e17b29c06,sha256:062e17b29c065c3a8e649b30b77762b4db26a885d32844307cc1543b6e5c7cf5,no_edit_found,
MB-0636b914ca85,sha256:0636b914ca85fa975e1b6e1ab55361c8aa9adda01a1dfaa036541fea5dd278cf,no_edit_found,
MB-063c3dbef094,sha256:063c3dbef0949237af77b80508fe60362c70bb1eba6ddfaf3121e2e2276582aa,edited,unchanged
MB-063f78f96572,sha256:063f78f96572c23b9731bada6e0b1ada1faa79d8c26ae263679798d9d9942bb7,no_edit_found,
MB-063fd8fef052,sha256:063fd8fef052d6f3ab549546b63b7f26218a5da53d611796a0cdd5c02201529b,no_edit_found,
MB-0640b3aa4ae5,sha256:0640b3aa4ae53d84fc237e940d3692a5c1d701cf55c1ef2e34206bacde4fb028,no_edit_found,
MB-06512b0bddd1,sha256:06512b0bddd1e1b831994f1ed2893280986b628e655f02611101c2f87c981198,no_edit_found,
MB-06545c4adb50,sha256:06545c4adb507ae29c18e73e36122f26ae9a3569a52918ca8aab8cae09dbe7ec,no_edit_found,
MB-067110ffd80e,sha256:067110ffd80e14baffdd2ad3054536dbbda75d76c7aba4ed992ad0fd5847d267,no_edit_found,
MB-067aae047248,sha256:067aae0472482db38c4b8d317f780a33980aec9d89af7a95371fd763c5d3de0d,no_edit_found,
MB-067cfcae4a7b,sha256:067cfcae4a7b77ba0a7cd610a5d93009f3a8a5ae419388bdb9f8dd2b56e76f0c,no_edit_found,
MB-0695dd944b06,sha256:0695dd944b06756603879d51d95bd44bd65a8be378a9d8adb2b36948daadbdb4,no_edit_found,
MB-06961e89d78f,sha256:06961e89d78fb2f1ecb3066b5ec6df3e831320ab5ebdfad31e8262160bb1d774,no_edit_found,
MB-06ad44101dfa,sha256:06ad44101dfaec5854b5218fca75dc888226b19b8911af7272b38a40d83b8f4a,no_edit_found,
MB-06b2f0ac3c11,sha256:06b2f0ac3c113cde17a93b901d38389733ae299dbcae8415a6bd803e55bb9659,no_edit_found,
MB-06ba13089d5a,sha256:06ba13089d5add7120fafe347cff3936384b653c3d93d26c46a3abcc6a8c63b1,no_edit_found,
MB-06c40acff787,sha256:06c40acff78762ee5d2fc8b7abcab23067dcaa9bb7790be9c95e8a9015b3d08e,no_edit_found,
MB-06c5cd0343a7,sha256:06c5cd0343a7ad2ee17be93a4a5667ba42801b294fcdac871c5fdda4a66f88ed,no_edit_found,
MB-06c81b39d7a7,sha256:06c81b39d7a7109248ea8aac9aa25a223832a78bb94229fac2faebff9fff12ae,edited,invalid
MB-06d0120289ba,sha256:06d0120289babba7102c53ffe1dbea12ac8cdbd6e3a10de5e152b973fa481380,no_edit_found,
MB-06d29417e3f6,sha256:06d29417e3f6822e75fe68659bbec0885b4fa49ea227d96b848a2cd59b946c04,no_edit_found,
MB-06da2e68490f,sha256:06da2e68490fdf4836120a64f373f65226a109e0b17ac4cd5024ddb21a959868,no_edit_found,
MB-06dce945cef4,sha256:06dce945cef47b21b0aaa2d5da89994d65ea854228f33741635792bb14c7ca95,edited,unchanged
MB-06e197439bf5,sha256:06e197439bf5ad795cd870c3bc5389e5345deeada77bed73007126315108b622,no_edit_found,
MB-06e614d8bb89,sha256:06e614d8bb89a8c10cc386f2f8b299bd50c8991103936d37f8695ffa4fabf684,no_edit_found,
MB-06fcb057f5ab,sha256:06fcb057f5abaf5ae735c5a61deb059c130bdf9bd4216cf50229bf46146bc623,no_edit_found,
MB-06fe9211bd08,sha256:06fe9211bd0860c60a6ee931402caced8c2f98b2741a07118bbe3a2ef314f27f,edited,unchanged
MB-0700ce6c23c0,sha256:0700ce6c23c07e0a73c912622959b1e6cf3f961d510b98b8eba0616fbc91592c,edited,change
MB-07044b56ad9e,sha256:07044b56ad9e3948433d8bc400ef3955f8aae9d8121f5be8052c7fed01afa20f,no_edit_found,
MB-070e11cbe7ae,sha256:070e11cbe7ae367cb9b7bc2fa74331f2e1b8a35a1c963f95387ba66c868db796,no_edit_found,
MB-07113dcbebcd,sha256:07113dcbebcdb56605e62cd3ed1798095b21bb32ff30d1a969a1d5dfeb428707,no_edit_found,
MB-071cf29af8bb,sha256:071cf29af8bb20cfedccef81fa79b5465e968822b4e1dba317f17b844b894819,no_edit_found,
MB-072e8371cb2e,sha256:072e8371cb2eea0abee41638372c891a347ebd370f1bd4da6c8b0f8efb9e8d67,no_edit_found,
MB-073b5363e29c,sha256:073b5363e29cb49821a6ef11ddcc9606e242959200c55d7046e32d84e685f62c,no_edit_found,
MB-07436938b341,sha256:07436938b341b30093d401e2454f167eab73e6dfbc7df75c38bcd0973e032ffe,no_edit_found,
MB-07444eb9482c,sha256:07444eb9482c46645fa3c976d8550d22542b89ae183878bb1a405813cc0ddc19,no_edit_found,
MB-074f2f37acb3,sha256:074f2f37acb3a0f55ac7ade3c8a6ab808ab3116f25f1b2e06157b06d92be3656,no_edit_found,
MB-07502d1fd21c,sha256:07502d1fd21c5ca679696d2adf535b75d1ec394169357c2d45bbd0fee4527e6c,edited,unresolved
MB-0758b946f053,sha256:0758b946f05382b0a79c012203fc29d182a10259f651f31010e6c38ffce96509,no_edit_found,
MB-07594bda6e34,sha256:07594bda6e345eccf19d92cf56b85f99d28b38b7588fb2c2e0eb5f67afb016cb,no_edit_found,
MB-076172f244e2,sha256:076172f244e25a71d6c58ac90bbc1492b276864c30debddb75c266299fb2a131,no_edit_found,
MB-076bd4098b0f,sha256:076bd4098b0f487fb9a67e11739e5ff462f55803b33717b25a89da31f0842912,no_edit_found,
MB-077108624c5b,sha256:077108624c5b7d62faa7ea275916986ac719fa8f5f84fc151e4e4712582736b9,no_edit_found,
MB-077a3acdf6a6,sha256:077a3acdf6a6ebf6b63ea69793f82a9c029b95a6f7b5921f27cb694fd8fa3e90,no_edit_found,
MB-07837885d0aa,sha256:07837885d0aa3d9d037985c5a19a422869f77f3e76d6fd5b47823b0aa982b3a0,no_edit_found,
MB-0789da30df2c,sha256:0789da30df2c40c41137206fcc4cc6eff553e604db0c826d42730e121f9238f3,no_edit_found,
MB-078a87eee06a,sha256:078a87eee06ad45d30f9c8f1a4d2933ee195cca8d9678c6c01c5266d24b05ba5,no_edit_found,
MB-078e0068dfbb,sha256:078e0068dfbb2b172c902983335983865f85cb1296133d233538d3efd8175d5d,edited,unchanged
MB-07a3e55926a6,sha256:07a3e55926a67212feab96c988394dbcd6ca5e18b131f8dba1f52b51cd925a6f,no_edit_found,
MB-07a4294f50f8,sha256:07a4294f50f8ab397b96a42b1b01e0805209dfeeb1b959a8237d128f5d94e4be,no_edit_found,
MB-07aca9f10903,sha256:07aca9f109039e1d5808a55c0e26de2ae8a0feb1db95d1b3c07b35487c2c967c,no_edit_found,
MB-07b4843be48d,sha256:07b4843be48dd65d996bf80a475bf1ade5a70c29d49bcb7d09d6d040e918512e,no_edit_found,
MB-07c05f5a3b1d,sha256:07c05f5a3b1ddd1cb9e85208f964a6b01e7a476a716fde08d5634e96063826b0,no_edit_found,
MB-07c2d4a3345d,sha256:07c2d4a3345dfdc923e4af0410b301e132e19b0eb81fa56fe6d272b4f011b81b,no_edit_found,
MB-07c81e3f906a,sha256:07c81e3f906a244f3021f81a62e318bb49003a6764fa2227068eb6c3f7bf87a2,no_edit_found,
MB-07d3d95c62f2,sha256:07d3d95c62f21547e9280966e76e128b1cb30be06f853d24ee91604d7b7eb216,no_edit_found,
MB-07d77007062a,sha256:07d77007062af668777777e682c4db6f8f0a27edea373f53e0745e16ab49446a,no_edit_found,
MB-07d8e2726ce9,sha256:07d8e2726ce912d2ae49f8b80e4c30c498abf0492b455d8d0e561e352eda8d29,no_edit_found,
MB-07dd43e91b83,sha256:07dd43e91b835d190a1893012cb9648c667ef62f3e4c73ca2fb7b5a1f4b5fb62,no_edit_found,
MB-07e45e51cd31,sha256:07e45e51cd315e8bbcd5f774f76c2aeee379e2bfeba65f63cb7ddacbd67be8f6,no_edit_found,
MB-07ee0a2b305f,sha256:07ee0a2b305f5781ba059105aa76f1452df96798a03e78f285ab908b950dc044,no_edit_found,
MB-07f1d6839374,sha256:07f1d683937412638dfdf137423bfa334630e575bcd6cebd6abb5948df1f10e6,no_edit_found,
MB-07fdaba35022,sha256:07fdaba3502249cb2b859f0df0fa80ed269af1ec5818c3eda081c5b479de24df,no_edit_found,
MB-08110b1d4680,sha256:08110b1d4680e100178bf2f70883075ad239f7166d866149e17fd34170630611,no_edit_found,
MB-0815c84393cf,sha256:0815c84393cf4d3bc4fe27dd138271906b7b8c3655e1b272249def75573cc77e,no_edit_found,
MB-081a0e13e5de,sha256:081a0e13e5de6950d51e90c30ad5a7c184c308a71175f501c39dfc65a556dd58,no_edit_found,
MB-081ab23a7699,sha256:081ab23a7699338661567868040f5c399c6b6f272b508bce2c77532dbf07ff23,no_edit_found,
MB-081f98e32860,sha256:081f98e328608523b9e3d893e3f26c7558cb0a01ae1bbf9dee47df3c233d0bb7,no_edit_found,
MB-082abf68dddd,sha256:082abf68dddd6273b8b0739d40f4662ba3225f0157f61f490dff35f7f330a38f,no_edit_found,
MB-082dd86d2460,sha256:082dd86d246081e69b38ee6a9fff011bb58722877b796de96c4ae80fbd8c5a18,no_edit_found,
MB-0846d6df8fe5,sha256:0846d6df8fe50790811e07f181c8a0db701b502811bd7c2e03477d355ab807fa,no_edit_found,
MB-084d11513ff0,sha256:084d11513ff00ea0473c162d696fa6f9eb9b27e9ba6c443c8819c572664be4fd,edited,change
MB-084f85e27871,sha256:084f85e2787104e5f5637f0d8886a807e46dbe3eafd3e35658b29e34fb6a7c8c,no_edit_found,
MB-085c66c80961,sha256:085c66c809619b59dcd3b25faef01d846b3aa3e9737d81efd5e061caab0f3aeb,no_edit_found,
MB-085dc24db19e,sha256:085dc24db19ea1b3e1d1a3b2aea6b43f4e13b233243d1f7363b293bc8b4a0520,no_edit_found,
MB-08703128b327,sha256:08703128b32746503326b243d69ee25e55065337dc69e16eb759b2668bd4ed72,no_edit_found,
MB-087e898e1e90,sha256:087e898e1e90ec999326f235860610df567bd388d4d3d9e92033b5ebb758817b,no_edit_found,
MB-0890e6330140,sha256:0890e6330140a18a2f84d97090d2564de338be85b87d5a2d71f0971e7ea5ea7f,no_edit_found,
MB-0895669d85b8,sha256:0895669d85b8075c389b1d2e76d8be9c4be2e8aacb457b23742000c31156572c,no_edit_found,
MB-08a0b56524b7,sha256:08a0b56524b7989b2bc353b5af01356e58ed72d005d5396e5cc03c5d333d9c3a,no_edit_found,
MB-08a163069654,sha256:08a1630696543515cb7f5b462f70e185ba9bc16d49fec143fdc03302514a74f4,no_edit_found,
MB-08a1ec27b1c3,sha256:08a1ec27b1c32ba161009cb73a2559c0230493565fbec30850188a5d1b554fce,no_edit_found,
MB-08a983a79b0e,sha256:08a983a79b0e8307055bf9dd20c47e4fbd80767e05d34149e72a7326927745b2,no_edit_found,
MB-08b4d26a37d5,sha256:08b4d26a37d5b8e43f825e0709313d2af94fb5b4c1987521c52130f295601a54,no_edit_found,
MB-08b72ece1451,sha256:08b72ece145173db58b17138aca5725361acf240e109bdc699c86b94b80b1752,no_edit_found,
MB-08bb68ea898f,sha256:08bb68ea898f6a9671503ff5cd31f5bc3949bebf157f0c02ad56cc5566463a22,no_edit_found,
MB-08be70996cb1,sha256:08be70996cb151f3c5c831771182ed4b2259ad368c2a402d9c1a4b8e22587d7d,no_edit_found,
MB-08bf8a02ac34,sha256:08bf8a02ac34da6607bcc28b9d49646fcb881be2e96ac5513bad0255a9bf5996,no_edit_found,
MB-08c27b28c679,sha256:08c27b28c679953ac8d17326a9379507e093a55c78c91fd2f61e655da7e4cb65,no_edit_found,
MB-08cfad28899a,sha256:08cfad28899a746dc332ca66897168cd2bed5965ac79c9c607619991d2ed5b31,no_edit_found,
MB-08d0098bf7a3,sha256:08d0098bf7a38804ae965d394b88b8bc4a1da9ea210fde60a6a090548f551f8c,no_edit_found,
MB-08d7abe1c03b,sha256:08d7abe1c03ba5b1c2a9d4b8bbc3ab78f03b86a884dd2d14d62e7f33c7410e47,no_edit_found,
MB-08d9b76f2692,sha256:08d9b76f26920b4bdcb5e9108fdf8768f7b70da3c61736427c1d6dc8e9788fd6,no_edit_found,
MB-08da216f594e,sha256:08da216f594eca6e4716c5d63953b18b4b89e8c5e6bafe8aa965ff9277cb637d,no_edit_found,
MB-08e4d9647283,sha256:08e4d96472838cc1b438986eb39dced0a836f7913af8b73cb744d436eb6d2d9b,no_edit_found,
MB-08f0bbaddcc3,sha256:08f0bbaddcc34e22993c856bea020487492d335c1bd1a16d7141fc965009f735,no_edit_found,
MB-091c6bf42ce0,sha256:091c6bf42ce095fab721d921a2d45e5fa4b27fa11ef628c3e3891e92082588f0,edited,unchanged
MB-092397b0b512,sha256:092397b0b512ee079a69a98fe6032a37ba399ef0f78335f8a8534f6675fdc871,no_edit_found,
MB-0924cd9e5d5b,sha256:0924cd9e5d5b22d94bc2db9d5305c45cf7cb0dec9bb6af24356d315112343493,no_edit_found,
MB-094b1c151b0e,sha256:094b1c151b0e763b6758faabe7681bc3b52ae027fbfc7a16d6af965f48b9683b,no_edit_found,
MB-0951356b8d85,sha256:0951356b8d85cf2595f330788125c6d724e997f358c7faf95bb67fb112363ebd,no_edit_found,
MB-095a777589c7,sha256:095a777589c70d674030609000a9b43d36486f9687c4fec9068dab8e12bc0ef1,edited,invalid
MB-097a2d342cd4,sha256:097a2d342cd4a10826f06bfea96995edec7bb17a6291d47514927319a69d145c,no_edit_found,
MB-0983b358f23f,sha256:0983b358f23fe84d743a85eddb6cf4a2d5b8a97740f3d6ccbd59ec07243957a1,edited,unchanged
MB-09841c5556f6,sha256:09841c5556f6efa43b7ec0da2553f01ee7a232560c06b11b8dc854c221188837,no_edit_found,
MB-09869b3b8fd6,sha256:09869b3b8fd6301d6188abb0ea3532f79be834c790eff9f26fc7e616d7f21950,no_edit_found,
MB-098dd4b7fa3e,sha256:098dd4b7fa3e85f5fe096dbf8bc146b87e02b092e29c3f9003fcee6999b41d11,no_edit_found,
MB-099068a51d46,sha256:099068a51d46ac046fc9197b6e467652c64feafff6b788a46400d6002d7ea269,no_edit_found,
MB-0991b9b1725a,sha256:0991b9b1725a5082bd2787a125be9efc55e713966ca14a1a40af4a765ff39414,no_edit_found,
MB-09974972aa06,sha256:09974972aa0688e9d32b842cb67e35ec0d29211bb5596a110951da08b383d37e,no_edit_found,
MB-099a8e7c5e74,sha256:099a8e7c5e7430cd55f1eb8dc5d3ea7015cb0bb3206de76b6d47e2c99ee5b9f9,edited,change
MB-099cc233f1fb,sha256:099cc233f1fbf1faa3a951bdc1e16b974868b8c6b14ebbda6966d6d285a052cb,no_edit_found,
MB-099f8c41e73c,sha256:099f8c41e73ccda72299130f4d4417cc01d2cc99c8db8df31eaa914986d70289,no_edit_found,
MB-09a62f7f29a6,sha256:09a62f7f29a6058b32a332aa4a442e393801a6ff33c2ccef65041b80893fc0d8,no_edit_found,
MB-09aae2529e28,sha256:09aae2529e28950426c8ee95472d747e71662d412055ab5507a60f21743f31bd,no_edit_found,
MB-09ad30bdfcfc,sha256:09ad30bdfcfc8cb0dd56acb5f4bba71d0a7a73dbd06dab33f4b3e6b72c473466,no_edit_found,
MB-09b1fa3efb6e,sha256:09b1fa3efb6ec2475a422a78c171e1cae8c113d4b5f9f7809f58ca41e54719dc,no_edit_found,
MB-09c4859cd5b6,sha256:09c4859cd5b6a0e3068376e8334980be7182b6a0242d4244497aecd5d072cd58,no_edit_found,
MB-09c56d33d135,sha256:09c56d33d1353689ca1e18bfad262b06a296a945848e04d64d854d828c9de111,no_edit_found,
MB-09c7849db068,sha256:09c7849db068dfad068546dfd372849c08286f232d8fe7c7aa77e233ce4d29d1,no_edit_found,
MB-09c95e452230,sha256:09c95e452230f4bed7f0c7bc27e15f0005eedc0ee5f04e2be57df6b4c348531e,no_edit_found,
MB-09ce997c607e,sha256:09ce997c607ea362cf917dcc3ee5b924483095bc0ed5383e18094af476b4b5c8,no_edit_found,
MB-09cfd5902017,sha256:09cfd590201746e9836ff7276a88cce178e7883e29fb0ba156ce5fc1e06baa2d,no_edit_found,
MB-09cfdc1d347f,sha256:09cfdc1d347fe14700a88e02a43f7705b9bf66dd1582b1c0a08499e9c8534f31,no_edit_found,
MB-09d33531958e,sha256:09d33531958ef0e745df6f059f814c1daaecbb548c919e311e625042b36dbe90,no_edit_found,
MB-09f92e400886,sha256:09f92e400886e83a12ce6ad4b7d0450a3b7a53edf9cd387ea1c52fb974f4a7e3,no_edit_found,
MB-09fafc89a55c,sha256:09fafc89a55c709df48eb7f6d44fdf719d558ae74f881f2a626e32f52b7b520d,no_edit_found,
MB-09fb81957e77,sha256:09fb81957e77625814212fc33ae0d52a5bf806b6d4e8209fafffebc3789206f3,no_edit_found,
MB-09fd6ec636bd,sha256:09fd6ec636bdc7228a1e94bc874e6d4527f911b737ed1bf96ed99a94c5988805,edited,invalid
MB-0a096a24660d,sha256:0a096a24660d7e377b00fd8e4ceff0f5c4b4199c0b43918bfd3348b30a274a5c,no_edit_found,
MB-0a0992ebcd04,sha256:0a0992ebcd04fff758018a1f331592039210080ebb0e1f17ae4abe006c4e4367,no_edit_found,
MB-0a10e02e8cdf,sha256:0a10e02e8cdf936987e29d7332ad9c3de85259366df2616d1c96d6b7c6ebed91,no_edit_found,
MB-0a134828c9b0,sha256:0a134828c9b08d5b5f7fc1bacdf9e87ade968c3a7fcfd92751612eea8b2f071e,no_edit_found,
MB-0a13681e330b,sha256:0a13681e330b037b66e42652b6d82dcac174ceee01eb576b24b64d0f8378caed,no_edit_found,
MB-0a1437d65bf9,sha256:0a1437d65bf9d942db6ab09f866b4cfdb86689a23d53ecd59845a552dcd6fbc2,edited,unchanged
MB-0a161a6c1061,sha256:0a161a6c10614df82c61ed285056105c5b0a0bcff1330e6265a8e5b6f40f5da2,no_edit_found,
MB-0a17f6ca5d32,sha256:0a17f6ca5d32661f596fced60e93544997ad24f47fad11aba460427766c28ea4,no_edit_found,
MB-0a17f84e0b00,sha256:0a17f84e0b002eaddfea9f450dadf85df4f3f812ab4781301e48bcb1e300866f,no_edit_found,
MB-0a18750bf2b5,sha256:0a18750bf2b521cfe7fafc7e0eabc09d0c8db6d59e6034d9bcf6f301d66da582,no_edit_found,
MB-0a19f546f2ba,sha256:0a19f546f2ba13d34d9cfe3c9f379661aa8a3b3ac63074efced3d9da19290095,no_edit_found,
MB-0a27a5e0c28f,sha256:0a27a5e0c28f3c44c35456c67b2c31369c9c527aa386cc6d07d1d5998ede330b,no_edit_found,
MB-0a333af43096,sha256:0a333af43096654b5786a5d8cee9b50a2d067fc21a1b08ed82a7903e5b3fad4a,no_edit_found,
MB-0a38ba3013e1,sha256:0a38ba3013e1d60c433c542b4453b35fc52b3facb3ca24a8e1eaf204d678c569,no_edit_found,
MB-0a3ef029c607,sha256:0a3ef029c607a2639151d22e534c8b995b676b960e5c2c5588464f31d0efba50,no_edit_found,
MB-0a47bd3b0c77,sha256:0a47bd3b0c77ca2ca8be906e72d9f5a32e49ae6d595941cb52508734dbdfc2b9,no_edit_found,
MB-0a4ded9183e4,sha256:0a4ded9183e4d1f1e35b6e4e94b2e412e171bc11dad748446f36e7a41926eea3,no_edit_found,
MB-0a56a6d9d722,sha256:0a56a6d9d7223b1975f67eb8ef0bdac4e2faf153a8099c0355b7bd52da2e9238,no_edit_found,
MB-0a6a2ed9f131,sha256:0a6a2ed9f131cba36e85a7cae5c454e8a1a0c2f1f602f5cc6b703cfbe44fbc01,no_edit_found,
MB-0a7034c894fd,sha256:0a7034c894fd5121ae844eea89c506830ae8e00b86caf8d2093b2ab2dabd4bfd,no_edit_found,
MB-0a72ff9cccbf,sha256:0a72ff9cccbf6eb038caac2b9254f544f131e93c279461874a8dd5419f48521f,no_edit_found,
MB-0a75b9d5a80d,sha256:0a75b9d5a80d7be6fdbfd4576b40b1e3f02aac34a912014132acb3e4e722b36e,no_edit_found,
MB-0a7647400653,sha256:0a76474006539d92161a249545bbbccc82bc2a9103155fa7303d06c2e5cdf075,no_edit_found,
MB-0a7791daf697,sha256:0a7791daf6976f54014ac7d7f8198e679cb121a98d9d701edf19b162986c8970,no_edit_found,
MB-0a8bd7321df1,sha256:0a8bd7321df1925c48d335a6b198c89a95dd372503ead46180cfa40ade008ac0,no_edit_found,
MB-0a8ca1999e56,sha256:0a8ca1999e5611a367e87356ea22a651d87bd349e613c4546d1c8ab442422c85,no_edit_found,
MB-0a95a69e2cb1,sha256:0a95a69e2cb1c659650fa8e6349fd3653764330c7920ec75ae1ee2bf57740163,no_edit_found,
MB-0a9d079f0888,sha256:0a9d079f08889f9a4b1b4165e1ddf0059d6e3fb8b5f2c66fbdf611b202c651cf,no_edit_found,
MB-0aa056af537f,sha256:0aa056af537f2031fcb1c7ac7b422bf8a3034768d43cd7f53edd042a1b587427,no_edit_found,
MB-0aa46e9f7841,sha256:0aa46e9f7841135aca8c619abf9e794fe9f0fa30fb1237cc1197b40f91cef7bf,no_edit_found,
MB-0aa8c409080f,sha256:0aa8c409080f968fd71f70dde41780fae03fb01621d0ec13bbd24287a517e463,no_edit_found,
MB-0aaaa101bdd3,sha256:0aaaa101bdd309e4d0cac877d9255d203dbdf44e2d327f2c52614ec62f7fc5a5,no_edit_found,
MB-0ab16f20392e,sha256:0ab16f20392e13702d7252a3439e7840b9513c27798daa0a32af2c81e3efb854,no_edit_found,
MB-0ab787786fd4,sha256:0ab787786fd40bab3de880f5eac620350d4494f36fbfe96b2a78bed6dea39bf4,no_edit_found,
MB-0abb00087088,sha256:0abb00087088952ba18cf15d818580192493f261a72bf5c6793389634304e841,no_edit_found,
MB-0abbae5c70d4,sha256:0abbae5c70d460e78db1ea9f49cd39214b06c4fef4a5d90f2063e912e2534614,edited,unchanged
MB-0abe0cc0d8b3,sha256:0abe0cc0d8b3d0c81b9c976c27b7fa786d0d93cd58cfda0be5509ddf556145af,no_edit_found,
MB-0abee96aeccc,sha256:0abee96aecccbab3fd63f25ca5fa6afbce379ec92a141f670e9d79943addbc83,no_edit_found,
MB-0ac4ece41e23,sha256:0ac4ece41e235154d7d4d42b5b715168da56155873db0026560f4837511f1f03,no_edit_found,
MB-0acb80b1ac6f,sha256:0acb80b1ac6f92762920aac3396466cc2e0ff64b2498b5d7dce8d1ec3f5084aa,no_edit_found,
MB-0adfe65b85c5,sha256:0adfe65b85c535f220aeff9c395a41d73b5b38123b244ef45593d36767a7708a,no_edit_found,
MB-0aec7a4ca2bf,sha256:0aec7a4ca2bf811fc5e70fbb0f697cfaf8bd5b5464140781beb8962de3997c2c,no_edit_found,
MB-0aefe30da57c,sha256:0aefe30da57c196788b4f0d824fd5516deb7f5d704811bcf71b6a94c9ce0fa50,no_edit_found,
MB-0b013e648714,sha256:0b013e6487146a323b79e7e50d90fb485f247736dd653c9c023b71c7bd555bd5,edited,invalid
MB-0b05025ecd05,sha256:0b05025ecd05708c9f1342d680665670c11f4a5124f2ab74c4a00865397061be,no_edit_found,
MB-0b05c179b7b2,sha256:0b05c179b7b24cc25da7ebed0353f78d593e35ada281cd285e98a5825e086431,no_edit_found,
MB-0b071650104d,sha256:0b071650104d1e81f6cbcb509b7fb842b5a11a3975b1d7f8c635687e3fc55dcb,edited,invalid
MB-0b0a87e2b356,sha256:0b0a87e2b3562fd082caf3dc71954234c023d80d94f16daebc271fe336d0fef8,no_edit_found,
MB-0b125ac2670f,sha256:0b125ac2670f8f1c23913ec0d1fd7d4c3c9014b7f70edbf6a8b74b6778cef9b5,no_edit_found,
MB-0b1ef24f57e1,sha256:0b1ef24f57e1e17f3b43ad119aa9205e407841c5a85ecfe44417c35aff8afeba,no_edit_found,
MB-0b239a1dbeb8,sha256:0b239a1dbeb8d2c2f2d19a3cc56248deea382b40bb2f08a9bf4ad247b0c0f355,no_edit_found,
MB-0b2d570ae6d5,sha256:0b2d570ae6d59c541e108b7c779edf4c1b7a0dcc03dcf7ddca44322ad18519cc,no_edit_found,
MB-0b3707f6fac2,sha256:0b3707f6fac2da641e7432aed85737d05780e2c338959ebefa83020cb582edcd,no_edit_found,
MB-0b40c497a0ce,sha256:0b40c497a0ceb7fd806b6fd08eff00588240c9a2b18b7eef9f35f4fcdca8dc7e,no_edit_found,
MB-0b46f3e68cc1,sha256:0b46f3e68cc1575a1262261b9bf0aae8ab4219cbab55dd64097c224dbcd07f4c,no_edit_found,
MB-0b4af4886f25,sha256:0b4af4886f253855839df53ff57c6278cc8ea9b8d2d0bf07ebeb8dab7302686f,no_edit_found,
MB-0b5b1076d51f,sha256:0b5b1076d51f2940c694a33557dd4bc2ef78720dfb675c2667225454092ca0a1,no_edit_found,
MB-0b6c6b892f49,sha256:0b6c6b892f49d8d35a1ef2e0d3b797394df06f1b8dddbb5b675ea8e896e0dff4,no_edit_found,
MB-0b6ca7ff9aa6,sha256:0b6ca7ff9aa642fd68db8ee62792fd9efe939fea5b70c5491b97c60962ef4076,edited,change
MB-0b72245ce32d,sha256:0b72245ce32da2fd71e6af844e447379a5ea955cf7962c8a9722f2cdbb5f9a31,no_edit_found,
MB-0b7dbd5a5caf,sha256:0b7dbd5a5caf9dad6b3d90b859cd168504e52ad747f081186c4f0a55cae077ab,no_edit_found,
MB-0b80b89dbde5,sha256:0b80b89dbde5cd4359539a1e86db54879cd4a81736e7c77fc584e42986bc17fc,no_edit_found,
MB-0b82db21cbcd,sha256:0b82db21cbcdd4409eeb78fe035aec2feee2b56909c692bbb63922ac09f741af,no_edit_found,
MB-0b94e78adcb2,sha256:0b94e78adcb2ea9086c125fd4fa79142e1a0eba88da62f377aa7b52eb52ada91,no_edit_found,
MB-0ba5958529f3,sha256:0ba5958529f3406f85cdba7986cd9f69e0ec9707a5508640fca7962cabe86741,no_edit_found,
MB-0ba78fd44cca,sha256:0ba78fd44ccafdae0c59ef5bce23befc4fe47e4c8ae3ee86c9fc87165a27d7d7,no_edit_found,
MB-0bad685795cc,sha256:0bad685795cc61c1cb25ed32aa50533f9dc58306be4148bc5c139614fef280a7,no_edit_found,
MB-0bbaa528465c,sha256:0bbaa528465ce274def236b097e507f75d5c6c0d6d4262f68733b8f98d2399ec,edited,invalid
MB-0bc01f1a1152,sha256:0bc01f1a1152d11f7e41ae9456a046865a4b84638fcf916a409ecd267e1b194d,no_edit_found,
MB-0bc63603e61b,sha256:0bc63603e61b12b2b0a6c47ea59d069448648af30f964a2d29ec83bc6451e762,no_edit_found,
MB-0bc8f27b4aca,sha256:0bc8f27b4acadb79c86cfa3279f544a5e624b14d80996a8918661166d87b1233,edited,unchanged
MB-0bcef175d072,sha256:0bcef175d0721cf9f88bcb847f583577aa8f0fe84dfd97e215dae7f5672b4c38,no_edit_found,
MB-0bcf28c58679,sha256:0bcf28c58679a732a57bd2574fde1d453a87a45cdd56698376ae654e60c082bf,no_edit_found,
MB-0bd8aa5eedd1,sha256:0bd8aa5eedd125a0643b57bc4a20536bf20cb0d3b4f5f5091c79bf5e45c89a91,no_edit_found,
MB-0be33cd26428,sha256:0be33cd26428463927c63186fa61ccb4cc719c27735c0383ef9bd1ac60749861,no_edit_found,
MB-0bea437b9cf7,sha256:0bea437b9cf77c749f240f45a190a149f3934b0507052654efa3f5df53302eae,no_edit_found,
MB-0bfb28887c05,sha256:0bfb28887c056faf5163ff24c610f9659401aafe4d92108ab6e2aa98c7b836e2,no_edit_found,
MB-0c0b83f1fadd,sha256:0c0b83f1fadd703f6192082398dd1c40e152a888a8956c7fc93d25f0c2d82239,no_edit_found,
MB-0c0cdb0b438d,sha256:0c0cdb0b438d2f6506843167e7ac1ce7fb61b56e6d52f35ed44cb8b589d9749e,no_edit_found,
MB-0c10a78d0b4f,sha256:0c10a78d0b4f0794ee891c25a7660e5d3ea0270f542cba43ae1a94b02266ea3c,no_edit_found,
MB-0c164e08a269,sha256:0c164e08a2696b6fda03374e2afed203c475a1384590cc8b0e80f6933b479fc2,no_edit_found,
MB-0c21a3db3166,sha256:0c21a3db316659cc49b0ff712c54830a4f7400c771bbe8188a116916288b7d79,no_edit_found,
MB-0c302b9f3e1d,sha256:0c302b9f3e1d5969814ed64c69cc8e16058d4df3cd1cd8d7ebbc167c4e433946,no_edit_found,
MB-0c36ce58c7cb,sha256:0c36ce58c7cb05ec1de41aa892fec0d99cdf77c6cc621b9483f191a3a947b73f,no_edit_found,
MB-0c3734b15efa,sha256:0c3734b15efa2f67f61ff8876f3223d5ae426d81ec6727c2a7f91d7b76bfff88,no_edit_found,
MB-0c46d7df7822,sha256:0c46d7df7822aee4d1b3166cd2631c1866d500ff6295a07d320740fc60c2ab0c,no_edit_found,
MB-0c49445b1d2b,sha256:0c49445b1d2b9ec64f5011f226f8d6a4df446786623a36db54c1d77883492172,no_edit_found,
MB-0c5126be4c54,sha256:0c5126be4c5470e49687722e674c0a891c10616bed0ab6cd4f70e922a3cfc161,no_edit_found,
MB-0c5695fbe4db,sha256:0c5695fbe4db30da478b82c3a16c03c4076583e7de5e2b923ed42e7a6984160d,no_edit_found,
MB-0c578724c35a,sha256:0c578724c35aa75627209304d1cc20096cae1c8c94d20f1ff1eb1e0a5b647538,no_edit_found,
MB-0c5d3f8d2c1d,sha256:0c5d3f8d2c1d7d86f07a54a7d48295e7e505a4a9955b0afa1011f2f5d098d6d5,no_edit_found,
MB-0c6e3bd7209c,sha256:0c6e3bd7209c488167b62c662a91f552daab90ba15756045da3b1dfd0de50be5,no_edit_found,
MB-0c787223e554,sha256:0c787223e55445c25d88285217156a88326867a867d9d2c633e1c6c1a19a32e7,no_edit_found,
MB-0c7d9f556ac8,sha256:0c7d9f556ac83be5e4d03c035ae02a0234c3f3af95778dd7f4575dfb84d15313,no_edit_found,
MB-0c8e693038f7,sha256:0c8e693038f7714659b4f92d850bb3680056f8af8a5042030a4da7612c98a92b,no_edit_found,
MB-0ca90f33028f,sha256:0ca90f33028fe30f64babfc69828b2c1bb08d83303206da0f8e11c90536da3e5,no_edit_found,
MB-0caf0c8fc8b4,sha256:0caf0c8fc8b431b36ef804f06eb905f2779c4d7ca4ee07d73aae67f5abc89c6b,edited,invalid
MB-0cb8719ef53a,sha256:0cb8719ef53a88905ac6598e72a65bbc759cdb7082e55e539af63489ab845521,no_edit_found,
MB-0cc73f39e205,sha256:0cc73f39e2057411e04410f7623f1d037bab621ce043dac0e531d132b5f02fed,no_edit_found,
MB-0cd503d07ca6,sha256:0cd503d07ca6f9fbeaf9e0c1298d559bf0bec2805e0bdac6f912b358058ae495,no_edit_found,
MB-0cdb400a4792,sha256:0cdb400a4792759f38199d82541377078c47bb27b2d9f582918483794dbb2c2b,no_edit_found,
MB-0cdcd27044c1,sha256:0cdcd27044c14e2748ecdf0f6096c160587ad77b71961d1b2fc7f66e7d474eb9,no_edit_found,
MB-0ce2d193e202,sha256:0ce2d193e202f2fe0139c8a28f410c0039e25567657fc74f962e31ae2af03cd4,no_edit_found,
MB-0ce3ae24c49b,sha256:0ce3ae24c49b86c6640c23c950063cb8857ff9195b214d75d6ea4c29552d8cde,no_edit_found,
MB-0ce919a8b426,sha256:0ce919a8b4260f804caad3111acb4a69e802fa272ed888560d368bf4e34a225e,no_edit_found,
MB-0cf2acb2258c,sha256:0cf2acb2258c51f9b488ef79757b6a6275bb4972ea2d8199758cea06bbc226de,no_edit_found,
MB-0d008f7478e9,sha256:0d008f7478e938b91ee5a08d9ec5a9ffd0d2b7159e5be1d66f6601342ec35e87,no_edit_found,
MB-0d075adeeadb,sha256:0d075adeeadb464d769627c2c0a329d697babc10a419f75d7491680be4edd3ba,no_edit_found,
MB-0d14eb3f93ed,sha256:0d14eb3f93ed01024242c99c5f23711d5d7628cdf1a113e06f96961b5dd355e7,no_edit_found,
MB-0d1d294f588c,sha256:0d1d294f588ca0e425ef4b5e5af0d796044e679f5421831ab03d97ee21feea15,no_edit_found,
MB-0d1f21030e37,sha256:0d1f21030e374c56acb32cd50109980075737f0e34f843ce82b53a708239c3e3,no_edit_found,
MB-0d24ac223ae3,sha256:0d24ac223ae3af6aeec5c411d3ed7b4a6f3eaa7e7d45c37147231ea91528b01c,no_edit_found,
MB-0d28b97a2506,sha256:0d28b97a25061fbe8f7abe3a2086b3c849e12c3acebed4def943f1b60fa048d1,no_edit_found,
MB-0d2c60b6c28f,sha256:0d2c60b6c28f6c307dca9fa0173df3a49f1d1ec2c7385195d5d18578c942b4a8,no_edit_found,
MB-0d33bafc571e,sha256:0d33bafc571ee222955f2f9fc47bae731bfecb117db6ee244d52c84f89471c4b,no_edit_found,
MB-0d369f35ea17,sha256:0d369f35ea176a177a60fbbb4b69fe7374bba01642b61eeeb727a937a3e8b671,no_edit_found,
MB-0d379ef96f6a,sha256:0d379ef96f6a666de1fdb186db99ffdd8161558481e98d094ec0420d4b15ae7c,edited,unchanged
MB-0d3cdc416104,sha256:0d3cdc4161047d067903bbb87da3f1986625adfcd5be547751c66fd2f09db52a,no_edit_found,
MB-0d43d4ba1d64,sha256:0d43d4ba1d640c9f1350bdf560be5fa0cafc667e19890b18ea958ba7d86351c6,no_edit_found,
MB-0d472cf22025,sha256:0d472cf220254067dab5b231b6e4eeb21e3bdf850abaeef81b1b71c46eab666a,no_edit_found,
MB-0d4b4dc23ec8,sha256:0d4b4dc23ec89a6db751abe2f167785a5af600c70cd8e2f63a84c4651a32b225,no_edit_found,
MB-0d4cf1420c2b,sha256:0d4cf1420c2bc230118f3ada9c1131cc45f91447997240de3f7cd7cc1a50218a,no_edit_found,
MB-0d58cbcddfe7,sha256:0d58cbcddfe7657ff454215cc0e3b9683321245e4b4453422e46385ee63ea78b,no_edit_found,
MB-0d60dfad31c0,sha256:0d60dfad31c08d441fa9987a63543544e7f4c676a5d54b5d53cf79cb896700ab,no_edit_found,
MB-0d6f80c823fa,sha256:0d6f80c823fa9fef23f8f4d6f0860d91092d03ebc76422c49f48ae7cd249431d,no_edit_found,
MB-0d787afe8b97,sha256:0d787afe8b978455bd3e1f59a7e6b864ae59d6513b354f8fce8f980db7601e4d,edited,invalid
MB-0d843ba61375,sha256:0d843ba61375c6d846ee3e61fe75363a9bd5e39946404e75eaa0faadae1056c1,no_edit_found,
MB-0d85ba37c5ab,sha256:0d85ba37c5ab75a66ad6646b72d6c9b3cc44e0607b9578db0de36e1014adb0cd,no_edit_found,
MB-0d8e1fb25fb6,sha256:0d8e1fb25fb6f4891ac07bc10e19fef7f77c3e865dfff10775dba3f0fe5835ff,no_edit_found,
MB-0d9c84fc7067,sha256:0d9c84fc7067f046d4848441b8031dc795e66961dc9a915703ae8bae0c207ca7,no_edit_found,
MB-0da5f6472555,sha256:0da5f64725555c5d2086e19c0edf7f1e77c9e62cf2564183224330e6f3702dc3,no_edit_found,
MB-0da66b242104,sha256:0da66b242104d66003ef4450e98a59aa3fd31c4dc76e0c98cd16afe45c87a99a,no_edit_found,
MB-0dad1cd8cf80,sha256:0dad1cd8cf80d15621b8a8f6f6c8dff547d0726bf665cbc45ae8ca75dd7b9959,no_edit_found,
MB-0dae8b8e9345,sha256:0dae8b8e93455894e15446e68226049d84b9522880e873a5527c7e6a8f560b48,no_edit_found,
MB-0dbedc68f104,sha256:0dbedc68f104c9fe51de50e02f63a7a7b76a5f8ec04e09f8336a5174251c84af,no_edit_found,
MB-0dc70fe6ac42,sha256:0dc70fe6ac42754fecd950fbf0f372b30322e2c19bfcbf1bba4918e93de1184a,no_edit_found,
MB-0dcbdd3f4b03,sha256:0dcbdd3f4b03deb7aba9e7bb585727ede69c0b00dbd332d02cbbd344a05e29c2,no_edit_found,
MB-0dcd69e9478a,sha256:0dcd69e9478a803432587447fe90f706c8f0348951bfe5a1d85a987393795b38,no_edit_found,
MB-0de3bb734cc7,sha256:0de3bb734cc72629d08de47897f6c36b835236bf7b39ee313719899d8508189d,no_edit_found,
MB-0dec5745ca62,sha256:0dec5745ca628c7e08f94f99dad267c6fd7ea3d91b81479787418e0716dcb14b,edited,invalid
MB-0decfefb45df,sha256:0decfefb45df65d762bc1e8955f2c9fd173b765667a66c7c6b04e5b6a7362ae4,edited,invalid
MB-0ded9821e68e,sha256:0ded9821e68ed7ee58bd3ea947e81a9e68adb796605afea4a0144b7ff2fb614c,edited,invalid
MB-0df25401c7f4,sha256:0df25401c7f45f5336288db8f5268db7cf3af9ed22f0c82d9d6f430694cdb7ea,no_edit_found,
MB-0e00bb028acc,sha256:0e00bb028accfa2812055b20062039ac467b3090fbe97e6e5d3fadff24588ba2,no_edit_found,
MB-0e00f372ac29,sha256:0e00f372ac29a36b6fdc04e4d2005721edc8519608c0a26606c05c5074a79ecd,no_edit_found,
MB-0e06c40b204a,sha256:0e06c40b204ad4f53779a9159d1a4db44a1ab875ca50001a043d95d5c05a5792,no_edit_found,
MB-0e0e65375617,sha256:0e0e653756178b2700a718a2f02b4971bd31a21a3b37beb2f560ac667e9cd4ed,no_edit_found,
MB-0e13be8775ca,sha256:0e13be8775ca507baf0521ee0336801a16539f7a262f83fd1a9012343810df51,no_edit_found,
MB-0e14a581b983,sha256:0e14a581b98396d095e454796ed5881d3999a3ae5ccf556013283e6d446d7da3,no_edit_found,
MB-0e1c7f4e1931,sha256:0e1c7f4e19310253ade89beea5e2e5eb07bbebbd72442d6caff46a0eca3d63ff,no_edit_found,
MB-0e29cf56cb25,sha256:0e29cf56cb25835d9cc9fa424378351dd7c6cce26e3ce3fa13bc366f0c7b7fe1,no_edit_found,
MB-0e2c74df1e3e,sha256:0e2c74df1e3e6b6fa2cf162913346fe5d00742e3a9d3e3ce5abe1c17e2d4a73e,no_edit_found,
MB-0e2ef6c142e1,sha256:0e2ef6c142e1ce61521e2acb080b0a6637045a2272afd9155b42ed909ce2fe09,no_edit_found,
MB-0e340897a2b0,sha256:0e340897a2b050bfc2ddb1db2479d8704e2a13bab0a7166c16847a5dd58e25d9,no_edit_found,
MB-0e36640b11f4,sha256:0e36640b11f45294b88c0d36b3752152d572acbf0438e737b908ff31b5210726,no_edit_found,
MB-0e3e331a8f4e,sha256:0e3e331a8f4ed035757bb5c4a32bae8acd2bc7711db9032ea7796ab4156aad07,no_edit_found,
MB-0e3f9bc860c5,sha256:0e3f9bc860c594b7fe5f4abb853eccd115a19967bf743599ceae536835d30e24,no_edit_found,
MB-0e4a47d538c9,sha256:0e4a47d538c9e99099ea5e970ff81efa1dc513150f1c7626aafc9f019537ce81,no_edit_found,
MB-0e64be3000a4,sha256:0e64be3000a478836a43207c6b83aa77f791895e31c764495714bb8ae8e42d7b,no_edit_found,
MB-0e6fb5c940d1,sha256:0e6fb5c940d11937f61d70d4d67197d2a72bdaf80310025aa7b3358f3908988b,edited,unchanged
MB-0e7666ae539c,sha256:0e7666ae539cf2e81af5dcf286fff83af4ef0563cb75837b9afcfd53af8b35ff,no_edit_found,
MB-0e7c4036446e,sha256:0e7c4036446e3b6f93d5ce22d28950deaf837c2d9b3ff385404b1aaa6a8036eb,edited,unresolved
MB-0e7cabf9c9c6,sha256:0e7cabf9c9c65a9ab070e2ed4d77d40edf55c5321f24dc8da524b078eac2a2a1,no_edit_found,
MB-0e7fb33dde1d,sha256:0e7fb33dde1d929c6b00c29368ea00d72b40315a6d211787a9d4c8d80bbbd0b8,no_edit_found,
MB-0e7fdf445a7d,sha256:0e7fdf445a7d28195ac2bc60fbc0fb7500493e50e4f41f9bc5574d94893a9a47,edited,change
MB-0e81d067a052,sha256:0e81d067a052052ce501d016a57db87841ba78f4b3b9c8e5e78080614bc3656c,no_edit_found,
MB-0e82aba1c236,sha256:0e82aba1c236e3e0a6718e4991fa2094fc5ec05d1a5d521809e41f845fa8b456,no_edit_found,
MB-0e834c44e530,sha256:0e834c44e530c4e11e65527a6f235e8a4d266b06dc02cc2e18ccc9c9606c0aa4,no_edit_found,
MB-0e94a40a7144,sha256:0e94a40a71445a3ba85f4545ccd2350f9a515d70bfba19fa9afb83e27c91356a,no_edit_found,
MB-0ea594f5c304,sha256:0ea594f5c3044f224f80926f9b61eb50021afceb1fc60ef7c67576f654405db1,no_edit_found,
MB-0ea79abb777b,sha256:0ea79abb777ba9e4216f31c2c189f517ea1e59ae5a34c44aab37f9ee3d5ae465,no_edit_found,
MB-0eafc01255a2,sha256:0eafc01255a2b63a2faf0261252155ac820a44f323db1e6c5b4df41ed2c5906c,no_edit_found,
MB-0ec2815ed46e,sha256:0ec2815ed46e2427ba9161094cb1fb6100d16ff2f31924e235c0966b053b5ce1,no_edit_found,
MB-0ec2d8995820,sha256:0ec2d89958204c614d4cefb67f9372663776c5e66db5eccb94ba1e5292bc56c0,no_edit_found,
MB-0ec62ddb6db0,sha256:0ec62ddb6db06427c6a123480a9acc6c7465a50511a2c4b8839ab4719e8df815,no_edit_found,
MB-0ece46d28a38,sha256:0ece46d28a38f4e108b660e95d72f21d42a68c006b50aa3c54f95e8cf23ecc35,no_edit_found,
MB-0ed9a3e4352d,sha256:0ed9a3e4352d2cd170d8258b5c0b12aa1f5463ff7f9a6435cdbf75752e29666b,no_edit_found,
MB-0edd69a37c7e,sha256:0edd69a37c7ea8575699601bdd8d1e3d6028be6b983469104fb9fe3619cbfc9a,no_edit_found,
MB-0eee577fa7c2,sha256:0eee577fa7c24dfe11709e09ed59f1937ce13acafb9ff62a4e23791ad3598845,no_edit_found,
MB-0ef20aa22f82,sha256:0ef20aa22f8245bba31a7f05fe1ab2807c3d6586251028792fc763d1ad2b7077,no_edit_found,
MB-0ef945ae1e0e,sha256:0ef945ae1e0e7f57d9849cb5a1099f4ce37c33abecb3914f771081b98bb66397,no_edit_found,
MB-0f0c5237b233,sha256:0f0c5237b23388dcb5c732b54bd66d97ae4b2a49b5bd30dda612169347aad6de,no_edit_found,
MB-0f1d0d2c018a,sha256:0f1d0d2c018a1101467a3ca4f21a114a780ffd442888a641b261bdba5852ef3c,edited,unchanged
MB-0f219e3bb39c,sha256:0f219e3bb39ce74e6252c43099b0917134e99bbb040f1c301e7510a6625540cd,no_edit_found,
MB-0f2e1d9c43d1,sha256:0f2e1d9c43d1c9841c5869aee5cfdead6e1276c347fb1b149a38cebc6c627c99,no_edit_found,
MB-0f2f5d10b929,sha256:0f2f5d10b929d99472e7217942d086cf9570e08fa3dda44690bead7980680b5d,no_edit_found,
MB-0f32e00862f0,sha256:0f32e00862f0db98941c42328dde836d205c6e0bdd6a2d459175ac87eeb66178,no_edit_found,
MB-0f3561deaf3e,sha256:0f3561deaf3e6cbeffa41df02e4b510248a278d48f4b689b1189f3b12a903396,no_edit_found,
MB-0f399b0f0191,sha256:0f399b0f0191948e9385e2c998ad5d548dbd2d7f70760cc8b1a3d97bfdcdc24c,no_edit_found,
MB-0f3a12d41d7c,sha256:0f3a12d41d7ce5afb7b1e4bc24af7c7516398427870d2accd1cccacca20f92e2,no_edit_found,
MB-0f413ec57948,sha256:0f413ec57948272457346d636415cbc034e56ba1d9c163d7065a52a6289a8b14,edited,unresolved
MB-0f44626c6703,sha256:0f44626c67032907d1d9d7d21eb478eb840836dda0fdb066219086a6e569adec,no_edit_found,
MB-0f45aa68aab8,sha256:0f45aa68aab882c2c0808fdf7c2bf96918b7fdbf5bf1de9eb747af382553cce2,no_edit_found,
MB-0f4a8479ead7,sha256:0f4a8479ead7aaba7be181569ff3fae4873c4dda4da5a50cda82351c33c8173c,no_edit_found,
MB-0f545ef7169e,sha256:0f545ef7169e0d01c13c7845584b94491c7d95acb5c31a2f7542621e63488842,edited,unchanged
MB-0f566a039826,sha256:0f566a039826c5819a9c01cc32cb97e16b412854e4051b0dde19789183e3f6a8,no_edit_found,
MB-0f5a082993df,sha256:0f5a082993df0620a108ad539770e41f28386cd1eaf772d7a10835baee1e715e,no_edit_found,
MB-0f5fca6dea98,sha256:0f5fca6dea987024d365066aeff8c59a3ab731ec056818fed40cef4444a3f7e0,edited,unchanged
MB-0f62174a6b0b,sha256:0f62174a6b0b9dbc8a014e4f4b07954f0f5a2a13098718ef0c95ad10edb3fc6f,no_edit_found,
MB-0f68281e9168,sha256:0f68281e916801a118c60c38cf55f70285c999bb54eb24ccadbaba79ac924ad8,no_edit_found,
MB-0f6d0a4362a1,sha256:0f6d0a4362a1af46e19b7346f5ce46fc3a3ae5b39b45a799bf3c1cee668c0d3f,no_edit_found,
MB-0f6e80f6e7f2,sha256:0f6e80f6e7f2cb89e62c2c9123cb07fec73b1e7ed73e90dba08ef835b9d550ac,no_edit_found,
MB-0f70a3ccb5d3,sha256:0f70a3ccb5d3160584ea6d15de05788ff66d57d4ef4387a6e5d6659c44e57638,no_edit_found,
MB-0f781b860ace,sha256:0f781b860ace4a5196a99adac4b4ca92f70bb40306ca5f3d6cc89b14309ff936,no_edit_found,
MB-0f7b8d5197a4,sha256:0f7b8d5197a4429b69675e9be147b8cec7a36d7f1b4f0ff8588ad4ee57ee9834,no_edit_found,
MB-0f7c2a8604bb,sha256:0f7c2a8604bb5e114070f3db1d2a3026f002fae8563ef642a81bac7996a4dd2f,no_edit_found,
MB-0f85152af872,sha256:0f85152af872759761e33d0d1638d0cd0dc48e0473f64baa6cde39b05496fbc4,no_edit_found,
MB-0f87b7a0bf7b,sha256:0f87b7a0bf7be43cad61fb09d59ae2493c12a76bb6cb62c4f548502394589e0f,edited,unchanged
MB-0f9cf256ad3f,sha256:0f9cf256ad3ffb8c87718b2b1a2074e9fe2fe376815d1241180e102c4aecebb1,no_edit_found,
MB-0fa18423108e,sha256:0fa18423108e4e3860f3f467b1504ca0c06c66e1340c9560dfab351c3af16d70,no_edit_found,
MB-0faa247370a9,sha256:0faa247370a94865b8285b260cc6fc0a6dc46b6eab4944322899127e9fcd9d95,no_edit_found,
MB-0fabb365866e,sha256:0fabb365866e569beb60385174cf3ec2ae41ad1b1d38a65cb77dd9fcb64570c6,no_edit_found,
MB-0fb3cb8b9693,sha256:0fb3cb8b96939ebe7540130e0a8b418df2da86b4e31eb8d0993cd0881344c447,no_edit_found,
MB-0fb67e0a178f,sha256:0fb67e0a178f61ac3f9575ffc1ea3098b1b26eaa2ce033d4016ec8b03a9f8a86,edited,unchanged
MB-0fc3d19beade,sha256:0fc3d19beade5d507d155fde0aef4a4475d340d1eab3fac61ce4c9dfd697bfc7,no_edit_found,
MB-0fc4e4b5ba79,sha256:0fc4e4b5ba797c40f1d28dc6f1407648f4ba17461266e8f010800f6b3fbae68f,no_edit_found,
MB-0fc90e9a6966,sha256:0fc90e9a69666d4adc55a05331884466dc86538fbfdbd39f0189aed7844ffc08,no_edit_found,
MB-0fd0f8d3e72f,sha256:0fd0f8d3e72f6beacd7fec7e7d5863620f4136c0b84d1fc41c95f3b258bb8462,no_edit_found,
MB-0fd3518d1c83,sha256:0fd3518d1c838cd5f808578d23431e014401debc1d0675610f1dd7eddd0facfc,no_edit_found,
MB-0fdd984aec3a,sha256:0fdd984aec3a9996ee04631fad494fed3c922747b1437788f95d5d1e66d8c3d1,no_edit_found,
MB-0fe6411644a0,sha256:0fe6411644a0b3d205907ea2abaf0a54b822fd2546a13446cf56e27403fa9f5c,no_edit_found,
MB-1001b8ad7f37,sha256:1001b8ad7f378d89a5dfae2c62ed0c9c2d7ff007ee352d032899cac74f96941b,no_edit_found,
MB-1007f76f0fd6,sha256:1007f76f0fd6fb3d2f1249fecac9a8148ab5b81edf912c6a671e12ffcd974851,no_edit_found,
MB-10172f78af07,sha256:10172f78af07da7259bcfc40b186a776d21c40622a46d4eb101658855612e636,edited,change
MB-101f51da0fdc,sha256:101f51da0fdc9482a8c071d5f88a2356208e17ed49acfaf825a9367d08bead88,no_edit_found,
MB-1023fe10ac85,sha256:1023fe10ac8576660c748441e4d20f223f621c876a6478e60927b52376dd660d,no_edit_found,
MB-10328da16cd3,sha256:10328da16cd38b69f1dbbedc95e27c5d006ae8fbfce800b8a7e7cc125370dd2b,no_edit_found,
MB-103469f65e8e,sha256:103469f65e8e234eb3ec742cb97a36051b403f52026d064dc2d957061965b00f,no_edit_found,
MB-1039c71ab660,sha256:1039c71ab6601b265585ee0a793458d706689b8da7c19ac650aaec84a54e8c1f,edited,unchanged
MB-104163fd3932,sha256:104163fd39322529a01fcfd343c5837409d8e6b7f826e3228598e7dcb1772e53,no_edit_found,
MB-1042e0612784,sha256:1042e06127848ad8235faf111e6ed6792a18dedb41cf25f91cc73a578abcb1d6,no_edit_found,
MB-104cc8c35f61,sha256:104cc8c35f614b60db4e122b8ce6e0de957d299c7007e06f796cfa1f4320f05d,no_edit_found,
MB-1050260d15ec,sha256:1050260d15ec609fab0d0281b49968bf11e86b465f2e548cae64e198ac0892be,no_edit_found,
MB-105d347a2cfc,sha256:105d347a2cfcfe153b66772e8e6732064a0f8260ef797cb409b1cdaf2e639445,no_edit_found,
MB-105f54458abb,sha256:105f54458abb859d8c25c09d96dd0be9e0e5fe2d7272a5042c260fb9e1b88f2d,edited,change
MB-105f685ea932,sha256:105f685ea932aab0ca91f41fd261ec463a4311a80f51a73fb95d88ca0b41fc04,no_edit_found,
MB-107f0545e3b1,sha256:107f0545e3b10e12d37b527df23b5c2f84ec8e91f3eeea3b0ae053aba46a0e4c,no_edit_found,
MB-108510595b22,sha256:108510595b22de471eee3ff4f0c9286152ec42d797298ea84ba8ba079cb57199,no_edit_found,
MB-10876acf227d,sha256:10876acf227d4d27600fc35049f081b6cd2a83e073969c78ba08ef3dece062b3,no_edit_found,
MB-10889a81aac8,sha256:10889a81aac8baf75799dcfd25c1be46a79474070471c319a15e4a38fb349db7,no_edit_found,
MB-1095f2dfdbb1,sha256:1095f2dfdbb1571706428e99e020028112219dfe66a09d0d7390167b1755fa88,no_edit_found,
MB-1099aae77bab,sha256:1099aae77baba77ab876dbc5c0b0266e534eb8406cdce069717861e854192777,no_edit_found,
MB-109bf0a38a27,sha256:109bf0a38a27074cad515efc11a2bc6560d74b6c61008820198df41f4672bf3f,no_edit_found,
MB-109d2cd8cc72,sha256:109d2cd8cc723f6c004e66ccafb779ca2a993a88c4f2741988dca71108486a04,no_edit_found,
MB-109faac40097,sha256:109faac4009733942e9ccdcb93ace12440cffea53e23ba81aea92078ca41f85d,no_edit_found,
MB-10a2a477f282,sha256:10a2a477f282478df8a3fdd877358e399cb133bd45ef456b0a0caab167b7db7c,no_edit_found,
MB-10a5529800fe,sha256:10a5529800fe7afa797aeed57497b55209c4e19653e8703fa62ada504dba4568,edited,invalid
MB-10b1dc795fa6,sha256:10b1dc795fa6cc5edd2c16c12bbfcaaae360f23b853ecffb469d68a14b71df28,no_edit_found,
MB-10b5c41c5ec8,sha256:10b5c41c5ec8abe9b815df2e9977d2f396277b1aae1b354adf88e642b99e85f8,no_edit_found,
MB-10ba227027d8,sha256:10ba227027d89d6507f90662c9151b1fbf18b316cb8aba4077d7aef5966ddf73,no_edit_found,
MB-10bdcab8aab6,sha256:10bdcab8aab659370f8cdabe523208f5084c4a6c7a103eabc3c020b9217fdfb0,no_edit_found,
MB-10c547cb3910,sha256:10c547cb3910269109365dbf3e436ee0ef3d40fd06b825f569c08da1054f4692,no_edit_found,
MB-10cbffa4af3a,sha256:10cbffa4af3ae091093d12af7f9f140966e29ec11e7f4162458b2ce1bdc337a0,no_edit_found,
MB-10d2ffc5b201,sha256:10d2ffc5b20154d11090ea43b0ca7c9afa2ae1bbecef019b6dace2622ff7dea6,no_edit_found,
MB-10dae5c85785,sha256:10dae5c8578561233c65dec465a9312c2e1a3368aa12a232e2d427a503f3e7d5,no_edit_found,
MB-10dca36f6e39,sha256:10dca36f6e397e1472232e4cee750cc405bc2fbce23c320c56f70754d5119c72,no_edit_found,
MB-10e0dd333934,sha256:10e0dd3339347eaf141103aa0ffa0cb507ef23154533f148c24d2eefa67c12eb,no_edit_found,
MB-10e76b792f30,sha256:10e76b792f309bed4d9e784e5a68f5cf012cda3e820ac6c353f04fb4e1d528d3,no_edit_found,
MB-10f2dda9f553,sha256:10f2dda9f553fe08498c4616b883710fb8387b49cb1b88213719e825e1b8b1ae,no_edit_found,
MB-10f8d1c3d0c5,sha256:10f8d1c3d0c5306debfffbb53efff85a61ffc37ea438db3ee804562671042ea8,no_edit_found,
MB-10fcdeebc7f4,sha256:10fcdeebc7f4724c131b514948333869b542cfb5915b77f18a192d82d57cee45,no_edit_found,
MB-1118300c0635,sha256:1118300c0635917b2f7a2279864a701816a5ebdcfbd37075b5454966a1d28b09,no_edit_found,
MB-1119559585b0,sha256:1119559585b03b21d1e2b66940a1fb4373283e8ece924f39b1799c09b632bc62,edited,unchanged
MB-111f25de2528,sha256:111f25de25286fb168259172044fe3f776b5393b8235691207b5e099b0690312,edited,invalid
MB-112f13bcdcc4,sha256:112f13bcdcc45e53a5098d7f9f4660c8948153500191c85da34953eaac93ff9c,edited,invalid
MB-11445fd08aef,sha256:11445fd08aefdb83ccd44e7aba973f8aa4c6238cbc030852cec3ee5f1bddd352,no_edit_found,
MB-114f3c9dc58f,sha256:114f3c9dc58fa0c21c11c24b6c029c946f0795c3fa06d145b69b06a3f21bd326,no_edit_found,
MB-11578ad61a8b,sha256:11578ad61a8b1ec02820adfe95b9e827d5a9ed4f8f50c25c6ee76bba2f3fd011,no_edit_found,
MB-1159b1358fe5,sha256:1159b1358fe576ae0d7114496e9886e5ff153d24fc0947250d890e91b55c7249,no_edit_found,
MB-116520b4ab92,sha256:116520b4ab92ccf570f0ea71342f6b6aa2b289c6b1a632c4b906d57701ea0c00,no_edit_found,
MB-1166274e4427,sha256:1166274e44270066509d88c45ce1c0c7e017bbcc7dbcbe5e02add11a82f40bd7,no_edit_found,
MB-116925c4f525,sha256:116925c4f52590bd7582f259ac1b598981d6a403b8474519fc4c31b6652aef91,no_edit_found,
MB-1172b9ba975a,sha256:1172b9ba975aca1b737672d92c18d9819ed8247c8ac8227bd31bdfc6f256e9b1,no_edit_found,
MB-117636e78757,sha256:117636e7875724a2c853c93b7c84819753c685521f94b435982916fbd661fba5,no_edit_found,
MB-117c691087a8,sha256:117c691087a84148398e98cb4dd36f2adfd3f151f2158501ead9596de7da7932,edited,change
MB-117ea1dacdb3,sha256:117ea1dacdb31b2bcebb99d7c4b684f4289f390a8be26a80d33b45be7c63af09,no_edit_found,
MB-118dcbd66977,sha256:118dcbd66977dcc1f02f58d227cbd83f1933999f1ddd0d9cdcd1fd75be95a9eb,edited,unchanged
MB-11b0eedb734a,sha256:11b0eedb734a987425d5c8bede0885e4b42e8b3b8f0f49defc2ca3bf785ffaa8,edited,invalid
MB-11c0381c8044,sha256:11c0381c804456e82dc097db6babe63ff225a120805e97545242abd0bdc3e4e9,no_edit_found,
MB-11c8e5f49156,sha256:11c8e5f491560f5dc9d39912e4264f5d4296df3c9ff6220f51dbce4192b41db1,no_edit_found,
MB-11cfa8b1ab49,sha256:11cfa8b1ab49bf9e0dfce38882053ec3135dedaee0778592b2a1ad8a41da632f,no_edit_found,
MB-11daaf58bd08,sha256:11daaf58bd086806fd1480829a4f28ca071f783dd3a21501b0b21b8414bc1c13,no_edit_found,
MB-11e3aad1d9e3,sha256:11e3aad1d9e303ae323ce38a5b0a9263b93a232fd82eed3702b8412b44bc94c1,no_edit_found,
MB-11f71267f544,sha256:11f71267f5442e4fbd1943626d9490c7bdbf20ce48372e21f89f55090ed82f49,no_edit_found,
MB-11fab7f6a438,sha256:11fab7f6a4389df65e7a14e0d7d9cf4d5aa14eed63b6a169621336e510daee6e,no_edit_found,
MB-1207968effd3,sha256:1207968effd33a2802731350853db2f0290cc8693b4e2acaf4c6301ca084a79a,no_edit_found,
MB-120c8ef7baa6,sha256:120c8ef7baa68006ff9089145b49f21bcbc68c540590bd7702b271af87574fb6,no_edit_found,
MB-120d064dee2b,sha256:120d064dee2bb38da2d65705361e628b48ec8bea4f33871bc4bdb1b6c128e688,no_edit_found,
MB-12137f23fbf7,sha256:12137f23fbf74d66a07448a9f1452b3f8621261618770149dc597105df862aca,no_edit_found,
MB-121e1fbae525,sha256:121e1fbae525fa690803ba4782d98a8d2e38db6fd191deefbfe04b47b227219b,no_edit_found,
MB-122173575dc8,sha256:122173575dc80908fafdfe0326e0199e74a829094570e890c3b9471bb01c81e0,no_edit_found,
MB-1230f5995707,sha256:1230f5995707249f85397018024d240844939bdef7290b9c0de5b842dda77dd6,no_edit_found,
MB-12393a74c5f0,sha256:12393a74c5f0cca83052486dda33a19e152c0e52f15c5de490be33dd2af79e6c,no_edit_found,
MB-123fefd95acf,sha256:123fefd95acf25f0b768b199bb21bec156753909f8f78706bc7a104510254b5b,no_edit_found,
MB-12426856ceea,sha256:12426856ceeac14d9d029b1a9de986b439b7b967607c728193e53091f177462f,no_edit_found,
MB-1243098a684e,sha256:1243098a684e394d9165e1e0cfcb7e661a3a411c6361432f7c9fbecb2a361fcb,no_edit_found,
MB-125c109f33e1,sha256:125c109f33e159d9012e72444d893d3e76dff2507e91d0227d02996ad95bcb5d,no_edit_found,
MB-1262c7f6e137,sha256:1262c7f6e1373f5aa39348e234d34eecd4d569bae096b3d19320510118b0d552,no_edit_found,
MB-126b8570b0bf,sha256:126b8570b0bfb42dbfbed1adb0033ec8646f00c841c4a2d85f2cc4a0788fa8fd,no_edit_found,
MB-1273c4b57ff8,sha256:1273c4b57ff8ea1defa0d36a33dcffc7f7a5299dc7a67138028f600309fe8961,edited,unchanged
MB-1289aa2dcb3a,sha256:1289aa2dcb3a268d89fbc26091d55e1b3cf2e5a664b1e63f95e7d68b0f525fb4,edited,invalid
MB-128fca044aee,sha256:128fca044aee1593dfdfab20b7b958d4410d9cfba7f403d70b5f6e8fe04c373c,no_edit_found,
MB-12a25c610a9c,sha256:12a25c610a9c39ba0420f38039b46c314689a0760b117d0d98c61057aeac00c9,no_edit_found,
MB-12a8b62d918a,sha256:12a8b62d918aa6d2889d451a7b458a093313026ca54004026b935fe6a4d0c5b2,no_edit_found,
MB-12b0d03f4dd5,sha256:12b0d03f4dd5abde62f6c005f5d55205f73f476c9f84b2df1e3f56e27625fb43,edited,invalid
MB-12b391612bf5,sha256:12b391612bf5bae7e3d310176ce7d04d81806da3247c00c7d006e4ad68b79c19,no_edit_found,
MB-12b808ffe96d,sha256:12b808ffe96d63923b6017b79107349b16329ce7dc79eff905d3b58b698120e6,no_edit_found,
MB-12d2399ff4cf,sha256:12d2399ff4cfdc50909a3dcc4286c739cb0ef585502b54fa5828e0ce82cacdf8,edited,unresolved
MB-12d71ebb0c67,sha256:12d71ebb0c67419813a6d76fd6199d6e7afd969afa6b1ad4c7980a3ed3d5fa9f,no_edit_found,
MB-12de8a835bcc,sha256:12de8a835bcc66fa04fa02a9e70b4703f6975470a2a67f00e6eda470aa2ec36e,no_edit_found,
MB-12e62f1c613c,sha256:12e62f1c613cf44cbb673ed60a31d5b5fb971ccb5b1d8b5b604a9f95a63ec6b4,no_edit_found,
MB-12fe23b89a5a,sha256:12fe23b89a5a1c055d7f554375d1dc23a466498a4f1c0b49429e27de61702b21,no_edit_found,
MB-12ff8f7a18af,sha256:12ff8f7a18af592037245cfb7eb3c5b8078fdf24c2209f1a0572bd85c299e1e3,no_edit_found,
MB-1304826b1d09,sha256:1304826b1d0980c29bb9d49bf0aa9bedceb7502875bb891a0eb0c707ad54e718,no_edit_found,
MB-1307cacb9eb7,sha256:1307cacb9eb773ac82978c9d04502500f8a5cb755bf7158c4d959d7e2634ac0e,no_edit_found,
MB-13149c8661d3,sha256:13149c8661d3561f01653687cf97f96ffdac8998ad73d05ecd25d4c1bbbd8595,no_edit_found,
MB-131cdb018f67,sha256:131cdb018f6757c9afecb4b4725ecb9c9404f97498981a74bd712a5ea5e9a6f9,no_edit_found,
MB-131e0723f486,sha256:131e0723f486fdeb59390370c8884a8e2b1017ba13c968c5f21d1818d7de3d59,no_edit_found,
MB-13253fdb18b5,sha256:13253fdb18b53477eebee01755ce77bd4a2487d8f9ffb890509c09ecca797b97,no_edit_found,
MB-1330f8c95e39,sha256:1330f8c95e39e6f9c1f97a08c111c7adc7c6531a2695a972f05d3650a130c195,no_edit_found,
MB-134170a73494,sha256:134170a7349477e357f154b70a3ec3774c9f1cae5c40df6ae789131b98e9364b,no_edit_found,
MB-135588804da7,sha256:135588804da7ffa01f2f6c432e8d5f66669ab50115f6efdd5035d65c0ca31818,no_edit_found,
MB-135d427627f7,sha256:135d427627f764907e6350fd2195aa2bbf0cd59e4014a74975f73f8cb6ffe581,no_edit_found,
MB-135f15f6b430,sha256:135f15f6b430523f82d69227e492aa0b165ece22e7b2fa3f5de6720667c044d2,no_edit_found,
MB-1366b7acc0b2,sha256:1366b7acc0b2226fa0e5ceff7b9ae24e6d004604c77a3bbba066313f223c5e62,no_edit_found,
MB-1367571a0f52,sha256:1367571a0f5209b69364a9b91fd3a0b6a552b4e100aac9358f56fbb388ae1ccc,no_edit_found,
MB-1369ae272ef3,sha256:1369ae272ef3df652eddb99cdb5a10c59b86f8d8ed6504c1fb73cabe0d66bc49,no_edit_found,
MB-13745a453ca7,sha256:13745a453ca75e4dd21e4c60d6080afce5b411b04903e544bd266b99d7b495a7,no_edit_found,
MB-1375c32bcb31,sha256:1375c32bcb31d8f7fd67cf20dd3d12c99cfc8ba731d8028cad41f3cdda0a9f93,no_edit_found,
MB-13807644fba4,sha256:13807644fba4c88178fb28571da0ece6e8e0d736a6e3589b1dad24b33eafbc0c,no_edit_found,
MB-1392ace526d8,sha256:1392ace526d8f37020ac76c80e56179b54f53eff75ce3b633273398207e4b7f9,edited,unchanged
MB-139ce24fce68,sha256:139ce24fce687573ed7667423f885e83c5dd0f6c6786b3f0437564f86f3d477d,no_edit_found,
MB-13afc9b71fd7,sha256:13afc9b71fd7fa3fdacd68e377350fa93458ff5c3e7b64929678c26f64c097ee,no_edit_found,
MB-13be3ba6ded7,sha256:13be3ba6ded7d9d88f391e3a54957c8c14f7694bd5e5fb8f8c497b9ae058236f,no_edit_found,
MB-13c13cee211a,sha256:13c13cee211aa46b4415f271a52a3ad50035a2198061fa0d38aee20e9d23b694,no_edit_found,
MB-13c963d26071,sha256:13c963d26071a5040178c2ba78ae6f79afbd1299af9f1a6c54407825e362c00b,no_edit_found,
MB-13d1c40fdb86,sha256:13d1c40fdb863f0b599c2d57dd43a58f858b3ec361716ba72eaf108ecb5820a8,no_edit_found,
MB-13d700dd4aa2,sha256:13d700dd4aa2c6ad40d03461ca5a798453ee075d288c82ed8795f80174d5bb51,edited,unresolved
MB-13d9163790b7,sha256:13d9163790b7bb87070b5a1afc5a5342331559b98419709e775deb0a8dbfda96,no_edit_found,
MB-13dcb594540d,sha256:13dcb594540da37020d36d0f3ea8d81147429a27b14c604d83f1251d13511c71,no_edit_found,
MB-13e1761391ed,sha256:13e1761391ed9301267f82f4becb60ce21263792a1ada559f73b74ca87e3f2fd,no_edit_found,
MB-13e8f7a406ee,sha256:13e8f7a406eef0f605a282bec6f14c73c60967eeeae6342b3417894990a52579,no_edit_found,
MB-13f3d8a163cf,sha256:13f3d8a163cf877af351b829721ca5e5df0196ac43bb7a5fe970ed993a6d5e7d,no_edit_found,
MB-13fe0eb1775b,sha256:13fe0eb1775be2efd8fb49e36ab967f861eebdac01c2f19fc49cf65d99a8d31b,no_edit_found,
MB-1401d48d5753,sha256:1401d48d575321e159a3e55f2d1853738da1b87417dbab5137671960c8ba002d,no_edit_found,
MB-140b049c1752,sha256:140b049c17520bc1fba422b9ec68d6f3052a86cfd8fb6ec35e80263a839ebe58,no_edit_found,
MB-141b1a44793e,sha256:141b1a44793ef2a650a8dfab4d857e96d7a5be553a15ef344b71adc3ce76154c,no_edit_found,
MB-141d36781890,sha256:141d367818908747fa106b1042a3b8a47b3a5fa72405f492d73180a7e71b193d,no_edit_found,
MB-142bfc70c257,sha256:142bfc70c25793e6f459d998b95f62ed37d74805cda5ce721fa6adde2aab6805,no_edit_found,
MB-143657476097,sha256:143657476097987ab7e8b3e9f8d9cbdff08dfa14c95ee4a242b5945b7bbc6cb3,no_edit_found,
MB-14400691e0c7,sha256:14400691e0c764282192861083c6eee369e6f2909486c4585aec20091db43db4,no_edit_found,
MB-14430ba24235,sha256:14430ba24235fcb27591cde929b6a688f7068e3f3f10a891edc4c20cc2baa2b9,no_edit_found,
MB-144743ef704e,sha256:144743ef704e817a008fdbdb73c1dda08ca7857ff019aa8751fef965e008ee1d,no_edit_found,
MB-144f5b8808f0,sha256:144f5b8808f0c537fbf3e8476f4cb21da8e8bb587db432cb090551cbc647c8a8,edited,invalid
MB-1451fec6121a,sha256:1451fec6121a1114b3ff7f2d8845e10b33b38b599861aa6b18f23a5aac6b1307,no_edit_found,
MB-1458cd7c040e,sha256:1458cd7c040ed964009df9d2b1fa889ad7073530ab7c918ced5d00a1087d469e,no_edit_found,
MB-145d485435f3,sha256:145d485435f327921905764101e7b1b9adc8034f86b821ba453a1905d0bfe2d0,no_edit_found,
MB-146b6b88b9fd,sha256:146b6b88b9fd682c46d3cef325bcd4d47714d002b4fb42bfe1f293d61b6d764e,no_edit_found,
MB-1474c3b07a5b,sha256:1474c3b07a5b7c3735bd51774eb34ddf994acd46998677ea6273a8087ca67a87,no_edit_found,
MB-14b52c20fad1,sha256:14b52c20fad1f08562b616eb5750605b03156c0bf8c6f1c735d5cd62335a1788,no_edit_found,
MB-14b6a0fd7732,sha256:14b6a0fd7732d670f84769cee4fd8405fe1ac0abde06c3286f5836bb58d77951,no_edit_found,
MB-14bbd6f29f63,sha256:14bbd6f29f63f5a16cca31608cc70ee40359a97ec055b56d4af2779a221d0bc9,no_edit_found,
MB-14c43cd44455,sha256:14c43cd44455fa5cc9208590b5085322ba1de39ee694f384d92818602a892d46,no_edit_found,
MB-14c8d49fe8f3,sha256:14c8d49fe8f3399988370838ccfa1641bad955071e622c3b9728c9436d7f50b8,no_edit_found,
MB-14cc0c375970,sha256:14cc0c375970c942af6d33ffab0e20ed5183348cba83e148b68bb36238738857,no_edit_found,
MB-14cd944cfca4,sha256:14cd944cfca4d391af6031aa0cfbdbe381124279f63861e2f565fa94624bcf72,no_edit_found,
MB-14d0407ca377,sha256:14d0407ca377efedaed50e4a4daf3f7dfbe44e1e996c7d041f3a2f43b9708fd8,no_edit_found,
MB-14d4c3c97dda,sha256:14d4c3c97ddae6a9d17d8a350ff901dd9e52196139992d46f1b83152bd2be12d,no_edit_found,
MB-14d6a0e7beb6,sha256:14d6a0e7beb61f71baf266ec01e12cb5ca19f56637a820b0100eb13c53406005,no_edit_found,
MB-14dfb76c1790,sha256:14dfb76c1790b194741cd9265d0c02d9b69a910cbfba4295c632974c20d9c782,edited,change
MB-14e6e8c1ce12,sha256:14e6e8c1ce12cfa0080216de0b55f4fde432e1dc427101e3d6b82eb88af78532,no_edit_found,
MB-14f5562d6a66,sha256:14f5562d6a66be3acd58362f3caf5489765c896f34123607e9edeb1b08c414d4,no_edit_found,
MB-14ff40c2ff11,sha256:14ff40c2ff1152510fbd1a1bfb9a10a9b60a9bfb6627944973aef9bb7a4aaac8,no_edit_found,
MB-150b871a4694,sha256:150b871a4694fa85370c41da89c11157ff871ed2db06dcf34526b6d1c56c32fd,no_edit_found,
MB-15226f06f53e,sha256:15226f06f53e347e2b2540c18878dda6d27bc55d0db141bd6aa655cbd11fa2d3,no_edit_found,
MB-1525f6ea3e7a,sha256:1525f6ea3e7afff4d4c6e9bbac620133845364c6c4c221a07a3e25690695d04c,no_edit_found,
MB-15261d72dcce,sha256:15261d72dcce1716bd493b5e8afb7400f16704adf9ecc5cb822ad8740f611cd5,edited,unchanged
MB-1529a2e61606,sha256:1529a2e61606ee1e1fea3a4a593a80484c3322eee527cf7d70c9b6ac0da20c64,no_edit_found,
MB-1530062d9f75,sha256:1530062d9f7561dea4cdd682a8cd9ab61d461ed3c8743f08e23c6f2cf97234c3,no_edit_found,
MB-15303969df3d,sha256:15303969df3db4b87b3b424e1d366dbceb49eb23f6dcb53ace18ea65dd7181e0,no_edit_found,
MB-153a451f8ac3,sha256:153a451f8ac37bca961309759cc6b31bfd190ecf160f7f93aceb2917bdfe1207,no_edit_found,
MB-153ab8323758,sha256:153ab83237587bf83c84c563a397704d90bd905d3dfee45068c27eb04f4d9911,edited,unchanged
MB-154880ed0115,sha256:154880ed011514a8a119a2befd8fdbcb727ff2a56993afd3cd23a2a868f0999f,no_edit_found,
MB-154905201e17,sha256:154905201e17bd03ce0cb7b092208f4f419a728bbfc16931138d1d2e9edd5540,no_edit_found,
MB-155a224212cd,sha256:155a224212cd5ad949930880682aa4d756ed2d4f07eaff72b1eded968bbd0752,no_edit_found,
MB-15622dbb710a,sha256:15622dbb710a0b2a58313bb4ab509ba61f1eebbe6fc4ceca8faf68b29ed53c4c,no_edit_found,
MB-15705bb67c53,sha256:15705bb67c539f51ed48e3b70a88cd478db83a82257ea8887449b775850aa955,no_edit_found,
MB-1573c8cc6825,sha256:1573c8cc6825328f25387e2a47cbf7d7a4b03f37273afc75f84896ff3062cb2c,no_edit_found,
MB-1573e3a9f4c4,sha256:1573e3a9f4c4c58ff77846714f2c719d64139a24660937841c68f3101d1b9a06,no_edit_found,
MB-157fc2a3e3df,sha256:157fc2a3e3df4fcb5c3164251312ae463b071f65ac91854956c54c7d5b0f9e1a,no_edit_found,
MB-15849d1dfe21,sha256:15849d1dfe212269a17ada062d6052245c1f5a2d2c41ce39310abd8777630b9c,no_edit_found,
MB-1585ffe49491,sha256:1585ffe49491098cca6782aa653742cc481fcf81841886ce72f3cfb9e18ea839,no_edit_found,
MB-158722f2d1e0,sha256:158722f2d1e0c75e5eeee9d0ad32a6026494990905a0372ea332fd4adda5900e,no_edit_found,
MB-158bef41ff27,sha256:158bef41ff27af76463a23541a9a966f9f1d08cbcfbec372f9b5e1dfcb4642de,no_edit_found,
MB-15950fb81cc2,sha256:15950fb81cc2fde6671ea7e168573052affd13af4ed03a37788979f5b5da4d1f,no_edit_found,
MB-15982b6414d0,sha256:15982b6414d0ab5913b8738cad4c5efb9bc19bd70ca2dbb76db878cd2746e535,no_edit_found,
MB-15ac834567dd,sha256:15ac834567dd5fe7cb7a0fd4625545e59ad537a56ec307d7b0a50c74c490d245,no_edit_found,
MB-15bda7814fe9,sha256:15bda7814fe9c7b312cc670f8b7f7a3b494d44123f4807f72c4c2451b421da85,no_edit_found,
MB-15c55b8cfbcf,sha256:15c55b8cfbcfcb464376963fbf64569c809de49e72cc18ac58bb30d92f84b9c7,no_edit_found,
MB-15c7b9b561c1,sha256:15c7b9b561c16fc5cf1cc95b6dd6c6aaeff94fa9d10bb6b4c8cad6e76dac2572,no_edit_found,
MB-15c8477d4e3a,sha256:15c8477d4e3a42af1047ae8ed6da8d0483b21f517ed9d14a094481603915fba6,no_edit_found,
MB-15c897e46c01,sha256:15c897e46c0104b7f82c6733e462c0f3d87c764a256fc5a6d95c2f446b866498,no_edit_found,
MB-15d837a5c57c,sha256:15d837a5c57c198274091d70c3ea9af6cfe85ac4780ab9c3d7df2a01ad0a1fd1,no_edit_found,
MB-15dcebb90d91,sha256:15dcebb90d91b460e46a94345312c837024b26d1256d0ed0886bdcb6245fcc6d,no_edit_found,
MB-15e6eca464c9,sha256:15e6eca464c923d1b6a3c60f6d8f389cd7eef7d279f68bd6ae40fa519b28192f,no_edit_found,
MB-15ea037256c0,sha256:15ea037256c057e2738dc2324fd320da6cf97bb1361d705bffae998d56aa931e,no_edit_found,
MB-15eb1bceccb5,sha256:15eb1bceccb5f949bc1b9be6992d0821b578e8d8437bd82e5de722f6350cd518,no_edit_found,
MB-15ebb2c1a575,sha256:15ebb2c1a575901aa8f62d6194c51ef7daa449ee9a9f2e51e21c85ca215ad212,no_edit_found,
MB-15f00dc508a9,sha256:15f00dc508a960f7109900e8363367c2aa2f6ff6e7d0f7679653a5f301cfd2d9,no_edit_found,
MB-15f101b6a59b,sha256:15f101b6a59b597670b5b1839013341d7c2104b4890735c99bd1bab2155c4702,no_edit_found,
MB-15f3f0963b0d,sha256:15f3f0963b0d76b896a6b5f69913baf9cffbf6ba7ba98269a40b218b9a247de7,no_edit_found,
MB-15f8362e0e5c,sha256:15f8362e0e5cf3bbb8fb089471b20ad0a0f269360e6869030d3e0523a59cf808,no_edit_found,
MB-1607fce3a088,sha256:1607fce3a08841996ee5a9f9b017ace9d5eff4667b801b86f750ed650093830c,no_edit_found,
MB-16089a31a31a,sha256:16089a31a31a216c7f43799db8c43ffd926d3676c52982dbc210c8a89e2e5be5,no_edit_found,
MB-160b3354c5f3,sha256:160b3354c5f3983aa9e33187d63314c971152e594ed638cd44597f619ee49192,edited,change
MB-160b57b0d8af,sha256:160b57b0d8afe26ef33b0aebb36443da90f15bbb47a6cffc57cb49f25ad3ecbb,no_edit_found,
MB-161983732abe,sha256:161983732abe5cc2351e3cd4c81f0e5f29e816e8c5cfee47c8a9613e265fda33,edited,unchanged
MB-161f0c1c9219,sha256:161f0c1c92197055ccf7734cdfe135d6205e564bff5faa723237181b55585809,no_edit_found,
MB-16235fe6810d,sha256:16235fe6810dc2a052aba43ac164cbf121352d6013bb3aa9eb000ea4fe0101e8,no_edit_found,
MB-162def7ebce3,sha256:162def7ebce329cd68b74cd73b86ffa6de5e0892210ec913f048fbaa301e0224,no_edit_found,
MB-162e445c74cc,sha256:162e445c74cc9fe7720ffe43f69a4a46c8fe4933cfbb309c4690fc75933428f7,no_edit_found,
MB-1636e052a083,sha256:1636e052a083b111d7c9710e7aa10e973bb5df88106c3f11b2f686cfbfb2aeff,no_edit_found,
MB-1641741f90ed,sha256:1641741f90ed1e9c8f84c314192ab527385b5e381a8ea3c8e76f7f4ab7aa748f,no_edit_found,
MB-16668885e4c1,sha256:16668885e4c1510e697f2db0c8963e4b21e1b7327583ccf2d0b014e0a0be7380,no_edit_found,
MB-166857f5e2cd,sha256:166857f5e2cd97cd71369863b9bb9d58ef35f5dbd558aab2377afac75abbc2a6,no_edit_found,
MB-166d11065395,sha256:166d11065395c432823fbe24d7c96eb19eb186b37c38152ffbe68dabaf243a7d,no_edit_found,
MB-169d0fb598ba,sha256:169d0fb598bae010923e5f394470b62e1ffbe5004486f2b9b48d04f6a0c83484,no_edit_found,
MB-16a4936c237d,sha256:16a4936c237d6a2c024d43961f69e7322a9c063121e826d636ab93d91eb0dccd,no_edit_found,
MB-16bae6e03ca0,sha256:16bae6e03ca09a4c1c3f9975f6e75346c57817ddbac674d518693c8e24829dca,no_edit_found,
MB-16daec42569e,sha256:16daec42569e2bfd77df07d94b0b4bb0be4ee31046edb147cd3829039e7c9bae,no_edit_found,
MB-16ea7c626983,sha256:16ea7c626983fd73cccfe340fbc31eaaa50cfe7f09d1a5291a6ae6e43573bdd3,no_edit_found,
MB-16f18b01907d,sha256:16f18b01907da03b2e7b63ba8cf62d01391552b2d1d72ec459d30f21db05ee58,no_edit_found,
MB-16f1a45d37bd,sha256:16f1a45d37bd6e8e34e9866239a863ed192353927dfefe4e1ad24fe1b5000721,no_edit_found,
MB-16f37c7850a8,sha256:16f37c7850a858566524dfcf8d6b175b8c80d96fedcb9b747d1ad5c3a23456f4,no_edit_found,
MB-16fcfd455631,sha256:16fcfd455631fb381d88cc807be027279f1089671bb0f0595bc1eb643a710e0d,no_edit_found,
MB-1702a37a8ba2,sha256:1702a37a8ba2a0189e9143a8817685e333e137ba3f1c752775b29a5fe741be66,no_edit_found,
MB-171c7e66e20a,sha256:171c7e66e20adbe2f4e19c1b5ee2597943c609052feb25a9ee9374e72b03c97a,no_edit_found,
MB-171ccf466565,sha256:171ccf466565b2942791aefeeda18a2f507422e63b72aac60c4f9ceb7b444abf,no_edit_found,
MB-172e0a40933d,sha256:172e0a40933d8acbf27f226527e90c0f0bd8093b2271d5a9c9523e61744718b7,edited,unchanged
MB-172ee40d55a6,sha256:172ee40d55a6e5b7194e7b6810e145cd96a6c23c6805cc96a130f524d38641f9,no_edit_found,
MB-172f0fcac920,sha256:172f0fcac9206c7019003494361ce174cf371e7f36c574c3ff35d7f099fda04c,no_edit_found,
MB-1734b79e5862,sha256:1734b79e58622dcf2f9810598145ac51a3e2c6d5874bd4517c8ebd6646a918e3,no_edit_found,
MB-17388753dadf,sha256:17388753dadf575d2a09a17d0ea69f2a7081a9c56e3624ecc1a83e742b22171f,no_edit_found,
MB-1738d2ff269a,sha256:1738d2ff269aeae61f4170e30cd8f5365212370a485baea54d9a163c12380e4b,no_edit_found,
MB-17398385f6f9,sha256:17398385f6f925d32dae791166c3bca5928b69b373d6531abb4c3b909730c050,no_edit_found,
MB-173db5ac7195,sha256:173db5ac71952a7b70bff9abaca4aa11fcc2118b5a53a55b1d4fc70face73c89,no_edit_found,
MB-17411ac3b1d4,sha256:17411ac3b1d416695450a7534509a3e20dc63f048ae79d7e74b6847204205181,edited,unchanged
MB-174287ec5e57,sha256:174287ec5e57aedc46be2cadeb3e7c7857eadac59802a4c411ae6092045e0c95,no_edit_found,
MB-175244d55ce4,sha256:175244d55ce48e7998e7ae1b8582a334238376e374a7120cae92f6dd3a3c9b04,edited,invalid
MB-175647ed0bc8,sha256:175647ed0bc8c5d8000715b9bb82591c00f923f3b6417e5badbfc07fcbaa1eda,no_edit_found,
MB-175aa1fd1996,sha256:175aa1fd19967e9fb65711d3228d88f9a3b777b462d059c876cc222c7d36cb37,no_edit_found,
MB-176afb47a929,sha256:176afb47a9292573ebf62563356e6e071930fc206bcf2c0d6af43f77f7722cf0,no_edit_found,
MB-1770a11fb3ff,sha256:1770a11fb3ff6828cdae6a2e15eb9b562b4ea7cda73b611491408df8900b1cee,no_edit_found,
MB-17763bf9dabb,sha256:17763bf9dabb65cb6d92d9cc9a045f4c17362c7b5ac229cab384615555ac5aeb,edited,unresolved
MB-17846e6e3611,sha256:17846e6e36113c299de555c86a86e3def9407a74506aafc6fe7c389b12b21ac8,no_edit_found,
MB-178aef32a857,sha256:178aef32a8574148329c3aef44baa2a0c1d825c876156cbe0da41e86b32daefb,no_edit_found,
MB-178b40fb3590,sha256:178b40fb3590e5376b36902f026c85b1836d5bc70488dc143f7536a81bc97c8b,no_edit_found,
MB-179d90d6fa70,sha256:179d90d6fa7022e28474335022c476647a801f1b508b86a4ae8d7e5bbb303edc,no_edit_found,
MB-17a79f11117e,sha256:17a79f11117efaac2f6af733f3f41ec6289e0b96328fa543ad2f3a96bfb6d9ba,no_edit_found,
MB-17ab00c25b0e,sha256:17ab00c25b0e743cf86b4ab7a74e889a5c88189006abd6201d7c24a0f3947510,no_edit_found,
MB-17b6b10078d7,sha256:17b6b10078d7714c25fc2bd46a1e9f46998f0978f4908130fabb4caa68194184,no_edit_found,
MB-17c0195f86ce,sha256:17c0195f86ceb606de21f2ea4de3d294f73d55f545d638495de1bbc52a8d9c64,no_edit_found,
MB-17d0d07efc96,sha256:17d0d07efc966dba60797477aff231a50836e5dee06277aa24065ca156f4b453,no_edit_found,
MB-17d23a122598,sha256:17d23a12259861362d8b83587e5cafaf0cb973330ea435ae0837b4ede1061571,no_edit_found,
MB-17ded34e0d41,sha256:17ded34e0d41fe4229a42584b577028a298e7f3eec883085c74cb29fa453fff8,no_edit_found,
MB-17f1cde461b3,sha256:17f1cde461b34d2bc038d0ac868c660a408b5ce096d827a6fe1d9fc93f2abe4f,no_edit_found,
MB-17f1e90866d5,sha256:17f1e90866d5dee037ad972b0d2aba4c6fa9667eb3389767e3efe853737eb265,no_edit_found,
MB-17fb2aa237a5,sha256:17fb2aa237a5d9d51b6afa271ec5d943105c7e504bd4091902f66174dae89eb0,no_edit_found,
MB-18041b1eac6e,sha256:18041b1eac6e0c23a7094e466554996dc294d16d3d206b381775aa50bf9dc616,no_edit_found,
MB-180994baec47,sha256:180994baec47f8566d7965e0ad6cd412f9e60e6ea7ba9ea4015be48c74ad7fcd,no_edit_found,
MB-180d42239e31,sha256:180d42239e31ce1451125156a937cd1cbd74867195c04b5a1d2521da6b5f4391,no_edit_found,
MB-181083155132,sha256:181083155132e5be97ba7023e9b75f1836242a86b07506fb8e45fc570c16454a,no_edit_found,
MB-1810cdf19678,sha256:1810cdf19678dee47757c050822dffaf178a360ae3ae7f11b30bd34bd812f434,no_edit_found,
MB-18202ef6edee,sha256:18202ef6edeecc0497154332e8d763daa19d1b04d766809c28ad9ed56c4189f5,no_edit_found,
MB-182edf08615d,sha256:182edf08615d01863251fbb6dc703d293abf11308c7d9417480c96bd4c01d61e,no_edit_found,
MB-183899847421,sha256:18389984742158b44d76968510fea88e3e4e5fd5b2f11714b6b24ab094c1b78e,no_edit_found,
MB-183972d23033,sha256:183972d23033b576568c1e4efc4ad2fbf388bdda38ae26be08ef1025c891a590,no_edit_found,
MB-183f61e5501d,sha256:183f61e5501d2af75a4cfcd6a7e777c14272f11f4ffe072e534b309a49e23556,no_edit_found,
MB-18417b189350,sha256:18417b189350e80a83eac858f46e1702e3387bd036db37549580d3b92a200d24,no_edit_found,
MB-18433477dfb8,sha256:18433477dfb841bd15bfcc6a8828f9cc2d2031705bb666b0a0831401fb71ae07,no_edit_found,
MB-184493c3e46e,sha256:184493c3e46e2b72ea948c7a9466adefea04249bfbf8825d92e5e417a3f4380c,no_edit_found,
MB-1845b3347957,sha256:1845b3347957bd13411729f05aa24d5c8c0e01d05e969d24e561a9a2e0c28dcf,no_edit_found,
MB-184e6d9bc47d,sha256:184e6d9bc47da2ef2b07817178ad508d25718ef6001a0a323b30d105566a8acb,no_edit_found,
MB-18577c06b7bc,sha256:18577c06b7bcebfd790738296c0af052c8a83874206e0fe54506a2ef0e4b1efe,no_edit_found,
MB-185aadd9bc1a,sha256:185aadd9bc1ac4644a8f5bf953f600736690b64e8f22a96410cc2e06ed1c0db5,no_edit_found,
MB-185cb8f22ee1,sha256:185cb8f22ee1900700ec55dba89b45caac780d484267bba0f291fb6595fe2e5d,no_edit_found,
MB-187004980e8c,sha256:187004980e8c7e62c2335cc16ec16f2ab7c08be93ad65be1be7b63e7fdf5933b,no_edit_found,
MB-1889a18f3a35,sha256:1889a18f3a3566461f077458126ac531924edbce200af0b4dce61f09864f109c,no_edit_found,
MB-1889a400e12e,sha256:1889a400e12e32866993cd1dcbf0380dec180a7a9442e566fe0587e8e5f5348e,no_edit_found,
MB-1889eb531138,sha256:1889eb531138d06a5c911776c09446c947549e773fba7f288a67b2e355fd7392,no_edit_found,
MB-18965610b5f9,sha256:18965610b5f9eb2876383083dc34dc36c1ada3b1f0a7dc5b73f9aa6bedcfe96f,no_edit_found,
MB-189bbd55e272,sha256:189bbd55e272236adb72b1bae645a9467ab7d8086199b080d4170b52a760a6eb,no_edit_found,
MB-18ad14d65fe5,sha256:18ad14d65fe5455833bb407a186f77385c796e62ff41795fc0627f64dfb9c7e4,no_edit_found,
MB-18bba403179f,sha256:18bba403179f30b8d030da83acdb0c32868342a5a246acd4cce19577107cf3fd,no_edit_found,
MB-18c1030e768f,sha256:18c1030e768fd956a38514b8707b64d01720868dedf6bfa1cf10cd735629e1bb,no_edit_found,
MB-18c8c0c02dbb,sha256:18c8c0c02dbbdb2664c85ce59d4f9b80a6b4a3b42bef4f9662084c3298d68736,no_edit_found,
MB-18d7464a83d5,sha256:18d7464a83d5335eb0e8ad6a15bd1bccad972e6ee70ba5282df55125da463fc8,no_edit_found,
MB-18dab763d0e5,sha256:18dab763d0e5dbf5b285eee66240ba71311b382e6ba95fbcd2e98dd799ea6ef8,no_edit_found,
MB-18e4e43235fb,sha256:18e4e43235fbe6a4109468485fc5f5afe31baaad4c669a16ab57ba36bff1e0ff,edited,unchanged
MB-18f3f05474c3,sha256:18f3f05474c309f83f2bc9a44f4a992fc9925960ece53bf57b4b39dc84e8b24d,no_edit_found,
MB-18f64075b0e0,sha256:18f64075b0e0a260c42e9895b39fd6abf5a6ec88a714545b85ea5162fd545125,no_edit_found,
MB-18f7ad7f8215,sha256:18f7ad7f8215d5e14dcb65c97473e458a88017cea7086a626c47f0807ade736c,no_edit_found,
MB-18f9a8267ba8,sha256:18f9a8267ba8b77f820d4d982525d8c491f16b5a95a73dfe55b3e9bf2672de04,edited,invalid
MB-18fb4758e461,sha256:18fb4758e461196e256af4f3b5bf720a67b5fac59dc372658d3afa6ce92a41e6,no_edit_found,
MB-1902ba3d8c5a,sha256:1902ba3d8c5a1e59ea6ca67fbf29b767c9746c571ff042eb8a6f7475f80e7f23,no_edit_found,
MB-190a73fc708a,sha256:190a73fc708aff40fe723286a3ed59ad7cc186e90699de1a04fa3b1c90e2727f,no_edit_found,
MB-19148acef818,sha256:19148acef818dbd775ce07cd0b7c47c4362cb04e6d1e5489fb148a534f7654c0,no_edit_found,
MB-191be08ad1fc,sha256:191be08ad1fcb2b4207e153fdda3bf148c25a04fb92ce481bec52b798f01ae11,no_edit_found,
MB-1923b4b1cf12,sha256:1923b4b1cf12bd2da7edb9bedad98a454c86e13c365c15ebbc0a12d70208b335,no_edit_found,
MB-1929f62ecaaa,sha256:1929f62ecaaa75fb188ccc2d6c6611644de9cbc50211f2a2679b1b4313c2bb09,no_edit_found,
MB-19356652be85,sha256:19356652be859575cc39ded95214a6cfc9439660223368662ce840ef83775acb,no_edit_found,
MB-1936285a9fc0,sha256:1936285a9fc0f1316b8f27a9d0ab70ba334bb4265adcc89283a7b7fc21d2aeac,no_edit_found,
MB-193b19d7ed24,sha256:193b19d7ed2457c55cd2bc7feac593fc878deecc21a16ebf8c57c8ee7135e072,no_edit_found,
MB-193ff9541bed,sha256:193ff9541bed34193d4f7ea959754141fbee2115eab9936f7b9da857b15e8af2,no_edit_found,
MB-19440c665ffb,sha256:19440c665ffb739c7bec55e4ef5a758f65d29acb0518dd4ca16cbb0eff7c890b,no_edit_found,
MB-194e2ee1546f,sha256:194e2ee1546f9fff61825075ef159429ce0abf2f68848ea26a43d4079df45901,no_edit_found,
MB-194fdb291b12,sha256:194fdb291b12562b12137f6552c5828c3e6d608a8f4c5e73ed99982b85a7221e,no_edit_found,
MB-1954bb522f78,sha256:1954bb522f78481db451469e92cdcf79c41497d30fbc8f0469da66ea8f3ccceb,no_edit_found,
MB-196b6ba7e0e1,sha256:196b6ba7e0e1d6da9ed9a18782bba30a49cf838e2531a16614b2ad4951ece5cb,no_edit_found,
MB-19715751098a,sha256:19715751098a6ddf9e9a72493a6e5e54aebeeffe59f21f915e05572e96d21db0,no_edit_found,
MB-19752bdfa5a2,sha256:19752bdfa5a24cc021bd03cc001e9b63f8c93cf6af2ccbc890fb6c00e0364b80,no_edit_found,
MB-19775ff1dd3a,sha256:19775ff1dd3a804573b05753b578f49e6b32bc05339fdddd55e1f5e271dba3f7,no_edit_found,
MB-1978ec1d451b,sha256:1978ec1d451bf08e0f312d37bb8a4e8a5a27042bd37c4e22be88f7bc47ad590b,edited,unchanged
MB-197df3338dc1,sha256:197df3338dc1f2776536c80a1e71f69adbea3dedcc4697d67061cb8a8fe454b6,no_edit_found,
MB-197f179c09b6,sha256:197f179c09b692a036d4466cfa2891da63310898a0cc91382ae1d3447b6e66a6,no_edit_found,
MB-19835f6cb10d,sha256:19835f6cb10d8057e7a2228ae40a064149a97a6ea442b9990a1386d474e066f3,no_edit_found,
MB-19845dbd424d,sha256:19845dbd424df437dde52001578ddadf6174fcc0abbd77c5364527231be90083,no_edit_found,
MB-198e0529181c,sha256:198e0529181cc684cc412464048757c9a376ecd677428a48bbd67f24d8c3b64c,no_edit_found,
MB-199cf51d0491,sha256:199cf51d04913024488dc5cae0e9527fa134be54ee8aac8c5620291b0e72659b,no_edit_found,
MB-19aabf4a468c,sha256:19aabf4a468c80811e886d829ffc50c70df098141f65c13e5d4e21bdf0dbd72a,no_edit_found,
MB-19ad10c344e0,sha256:19ad10c344e0471c9dcda11120d0aa463a1f4b8f5a8ec8297b3e5331aaef46e3,no_edit_found,
MB-19b91328ae41,sha256:19b91328ae4136c497e18a4891718e85c839ea6ab5783d7de4095fe5a340a41e,no_edit_found,
MB-19bb78509e56,sha256:19bb78509e56649771319fbc1ffa5e5a08733cadde463010f202824eb6f6968c,no_edit_found,
MB-19bc326d3587,sha256:19bc326d3587b4154fac5a2af9a2e7186a0fe820d6ef0eabb0bfa46546e990eb,no_edit_found,
MB-19d7d0792ed8,sha256:19d7d0792ed89acaf133846c9ee1cd2940be742b7a496d90731721bcfe52aa49,no_edit_found,
MB-19df1d572136,sha256:19df1d572136f824e9bced6dc1eed1e73cfa2d09a7d51ec3a4c36dee6b8e4024,edited,unchanged
MB-19e0362c41ce,sha256:19e0362c41ceab2c28b6460e6a5fee693332a0d00c5a88557d2396c1cd00eb19,no_edit_found,
MB-19e6eb0c7298,sha256:19e6eb0c7298d884b9f2891269c48cc3d6efc17c8c34d6f5eccfc12a246f5239,no_edit_found,
MB-19f44e12a851,sha256:19f44e12a8518cfc188fe2c1cbb907dc5fc3555cc9bced174ef1e50c14fe75bc,no_edit_found,
MB-19f7a9d0ca1c,sha256:19f7a9d0ca1ce2c24a495cc836a2c080e2ee51788821664727dcff635615080b,no_edit_found,
MB-1a013c380633,sha256:1a013c3806333043b7aa49339368011bb43d1c5eaec05206f7ec667683f3d0f0,no_edit_found,
MB-1a0170a4461f,sha256:1a0170a4461ffb1b888209b66c7271956dd200e426cbc046d3a89a76888c7ebd,no_edit_found,
MB-1a0fa7e91d21,sha256:1a0fa7e91d21559470a8681ff71d531b6de14f94b6e044afe468c3105dff5666,no_edit_found,
MB-1a1883c6399d,sha256:1a1883c6399dc3cc4f09a74c111ca0c3c79dd96cb8d7cb57499f6c17f67106a5,no_edit_found,
MB-1a25814115de,sha256:1a25814115dee0c939a5cdfc89b061a4e61d53baaca5fe76bc093e80ca7f24d9,no_edit_found,
MB-1a33d86412ae,sha256:1a33d86412ae8905a116882685aa6c50b6aabc76ace2ec68cbd0a22550784e70,no_edit_found,
MB-1a37fd423b71,sha256:1a37fd423b71f2938139542dfae7e3df160b5ce33cee0592dd2aef15d7007167,no_edit_found,
MB-1a3edf6d9abd,sha256:1a3edf6d9abda6ae7d736de023a659b21b811b627cd9f0d891a8f8d69351bc24,no_edit_found,
MB-1a48272c7cc2,sha256:1a48272c7cc29d35f8378d70f6ffdf656539d34e2e24c21fa0d8036e8350cb7c,no_edit_found,
MB-1a5d55226041,sha256:1a5d55226041e2049adb588d86658e2c0b31135ee0e8f166bfc5bcd2d95863cd,no_edit_found,
MB-1a62f1421936,sha256:1a62f14219363dd32a8fcae6769b6f7a781f294d82a62ce89a1f2a0fe8418879,edited,invalid
MB-1a69a84e6883,sha256:1a69a84e688327088bfbd74716e8a5180e2cbfeca0a11725e9d5e382d2da1c46,no_edit_found,
MB-1a6af81ab555,sha256:1a6af81ab5553cb6d49d7738252d09e9b3ce91d572dc72ed4bbf19d8e757c6a6,edited,unresolved
MB-1a7c982b5543,sha256:1a7c982b554345332e7065a7ae157557161c34d3e0487d58f82379fe67e2ccec,no_edit_found,
MB-1a7dc2b25c3e,sha256:1a7dc2b25c3e2c5cb28804b3113cd4aedb44f820554a4454aac24d672246ac9b,no_edit_found,
MB-1a88800171cc,sha256:1a88800171cca9130f87ebcf148ad8a4e8876a1cee2500b02f749d21ad6041c5,edited,change
MB-1a8d901f509e,sha256:1a8d901f509e07e5c0c91c061c1ec858c6539d69db55371e800f2d91ea222785,no_edit_found,
MB-1a9256be0908,sha256:1a9256be09082d1abcb7d833f71a20dd7fff1904f30074c4876240de79225d50,no_edit_found,
MB-1a944d494b61,sha256:1a944d494b6161c09deb80e9c2722ae41e83830d527b6cf33f87bdeaad2d934c,no_edit_found,
MB-1a95474fa5ba,sha256:1a95474fa5ba870629641e45ec86b57e03185cea674876c00b72b3e54efe3d24,no_edit_found,
MB-1a98e85c7d37,sha256:1a98e85c7d3742b865f25650a6b46805af5a4062b17c6e4d822ea26fabe30922,no_edit_found,
MB-1aa1efbd197e,sha256:1aa1efbd197e60ed098cdb4bc7da8e985e7dafa557eb691f606d834dbcc6790b,no_edit_found,
MB-1aa7d13d2683,sha256:1aa7d13d2683e94e4685dd8a411329d445e65ca44cf8ab6b11558f4ccad27337,no_edit_found,
MB-1aaa83f51f49,sha256:1aaa83f51f49b9a7a518b133ef632bf4d91551436e90cf83b5e6b6828e7f0d31,no_edit_found,
MB-1ad56396cf86,sha256:1ad56396cf8674132b1deb4b92fac06b42852d62eb286530ecf2f1b417f75dc2,no_edit_found,
MB-1ade7775cc88,sha256:1ade7775cc883378ff38c210b5b6e727d052833322668c8f0e427d45011349ab,no_edit_found,
MB-1ae9b65701af,sha256:1ae9b65701af041eaf8e0ec3b1c631d3ba979c22f90a761f916f50f2d9cc1a4b,no_edit_found,
MB-1afb66b90f41,sha256:1afb66b90f419a138179c4c5f24f29f3dd3138925206bbeb2eb14af33e59503f,no_edit_found,
MB-1b0120f67aba,sha256:1b0120f67aba3c93388d15188e2dfb6497a21ff75ad9d04985648a9967dfca89,edited,unchanged
MB-1b09e28548e8,sha256:1b09e28548e81630f73fa8449b649c41589cca2f96590689662b3c677515eb57,no_edit_found,
MB-1b0fc5689fdc,sha256:1b0fc5689fdca32a03ce207a49ac268f0730d996f83872d53716f0466057c218,no_edit_found,
MB-1b303af43aa9,sha256:1b303af43aa99dc0b5c4f02a7e1703a9059f6ed6b2b74b90bc18d917704ad686,no_edit_found,
MB-1b3698f742ca,sha256:1b3698f742cafa4f4748e064ab2ba48d8295a8181de43c9b1790f709b2dda15e,no_edit_found,
MB-1b37fd815ba3,sha256:1b37fd815ba38864aa798da64f09640225821006071cefcd839c7374a0f1e49c,no_edit_found,
MB-1b3a539d18ff,sha256:1b3a539d18ff8fff321d916c4900b1066bfcddac3c3709bd2ea947578fff253c,no_edit_found,
MB-1b3b675835da,sha256:1b3b675835da43b7f2f807a0d5798dd3ec431e30357e76c3b13e7b5b9a075919,no_edit_found,
MB-1b4d81497ffc,sha256:1b4d81497ffce39481d68030a89e10ee63007b6336c2a62e89f690c1398a7025,no_edit_found,
MB-1b4f65a6ee48,sha256:1b4f65a6ee48783a341bb9d46c0c1dd87bb9765d6e05bbda05a212fc32377806,no_edit_found,
MB-1b561812bcf2,sha256:1b561812bcf2d372fb734350377bd86ef69d51ecab2405421843ea2a90ccf500,no_edit_found,
MB-1b58329fb62a,sha256:1b58329fb62a8da971304176d46d1c9fb0d1210b8d64277dde77f8356e7668f8,no_edit_found,
MB-1b62d02ebeec,sha256:1b62d02ebeeca69c98bb5207cb0f64ea8b059579366a3f97e9356596d9af4c7e,no_edit_found,
MB-1b6cfe38d098,sha256:1b6cfe38d0984011f3f4e9e7a438fec21b31895b8e60d38b8d9a9b7176012e6e,no_edit_found,
MB-1b76c4186b5b,sha256:1b76c4186b5b8eee8b1eb4533d9c18019bfa6eb2b563d37ab99849090f6592cc,no_edit_found,
MB-1b7bbf821a9e,sha256:1b7bbf821a9efaed7c87cedae5c00464b4c01ffaf8c661ab7f5aacec25e0cb74,no_edit_found,
MB-1b7fa3e09747,sha256:1b7fa3e097479d5aa45bf58b3855a99846f02cbfa6c3fd96ee5404aa7e89f736,no_edit_found,
MB-1b91f67d41e9,sha256:1b91f67d41e93ec14612269a92c49bd693173d4791d9281bd26187a69e79b65c,no_edit_found,
MB-1b94063dfa34,sha256:1b94063dfa34bd62fbaeb2b92f5de3ad0e6996a6537ddbd42b5ac68a85fb55da,no_edit_found,
MB-1b99924fafa3,sha256:1b99924fafa39327831b6514283b6fc9da1800480d84fecb9308ab35048f74de,no_edit_found,
MB-1b9ba8ce086c,sha256:1b9ba8ce086c47fb476fb99460330f43d1bb4c98c41001cb994c427d2be7f0a0,no_edit_found,
MB-1b9d5cf3b8cf,sha256:1b9d5cf3b8cfe06a40079279604b96d97d2b087cd7d00318da92b180f478fa4f,no_edit_found,
MB-1ba055a49b63,sha256:1ba055a49b6346818f69932a79661d534383ada9c992ea9b04904bd731335bb5,edited,unchanged
MB-1ba34a8c95c5,sha256:1ba34a8c95c5bed41d30108f55d0d9dce56cc74db07224fff11590f97805e8f1,no_edit_found,
MB-1ba72d8d69dc,sha256:1ba72d8d69dc4396bede815579a42f2cf8ddd1e40d315af100e7952e50893787,no_edit_found,
MB-1bb768089b74,sha256:1bb768089b741ceaae45e9fb3f297f1a9306ed9adf77a8637b4d287c57ef7324,no_edit_found,
MB-1bb9fd6e3585,sha256:1bb9fd6e35851aba8d7a37ff185ab4fec0e79e12c8983daf61ad0201a38aacbb,no_edit_found,
MB-1bbc449db024,sha256:1bbc449db02409af446dc82f4552ed9ead0e7da205d3ae43da5e2a54f25732f4,edited,invalid
MB-1bc43fab1817,sha256:1bc43fab1817ec23450fe0a282a110f7014ca5e93b1999c41c78b86a4873f017,no_edit_found,
MB-1bd1461c086f,sha256:1bd1461c086fc16b8b6c309b2e3bd283406a21f278fd8472f8111d944a0ec1b6,no_edit_found,
MB-1bda54c5615a,sha256:1bda54c5615a0b1f91791a5ffde9c204390440c532514317905caee8899ab769,no_edit_found,
MB-1be29c6815cb,sha256:1be29c6815cb53c4739f7433a689a801516d4fff1c13ca5c3dc438c38d7159c0,no_edit_found,
MB-1bf17fa87868,sha256:1bf17fa87868fa628accc702e14cd6605a03ea03ed0d723aa858fe8c7e09d45d,no_edit_found,
MB-1bfff0ef2bc1,sha256:1bfff0ef2bc11a28e4121f95146c73bec754d5919c1a61133d2630f2631beca5,no_edit_found,
MB-1c01742b8908,sha256:1c01742b89083061e82be8a439d7dea72af142152c9e39d2dd188aa30809349c,no_edit_found,
MB-1c0299961329,sha256:1c029996132977c3ad56ec2c63c63ed4223d0790098df7f29e587f398a675bab,no_edit_found,
MB-1c0529ba583c,sha256:1c0529ba583c383300c79830daba25e18335abbec10907c3fdb71cf10e8077b1,no_edit_found,
MB-1c14997e7cf8,sha256:1c14997e7cf82bf5ec76b0cd140871ef65603249983fe258a7aa428238ac2fd0,no_edit_found,
MB-1c18df06aae0,sha256:1c18df06aae044ca0d6101018224e7356703d8538a7aa27dac74f86bb3fe5500,no_edit_found,
MB-1c1e4cfd643e,sha256:1c1e4cfd643e439401fda6dc957c20ccd3892b435e557ed1317eead863c15a80,no_edit_found,
MB-1c257bb15122,sha256:1c257bb1512202665897a79b073844891daa86c8c6807e1ffd9c65cbd67662c1,no_edit_found,
MB-1c283cbec7e5,sha256:1c283cbec7e5808cbf5bce8a6c7d548658c69a3c95cfe6db5dfc8fad17d9e0a0,no_edit_found,
MB-1c3b32f13d31,sha256:1c3b32f13d31a3b4fb2b54f52d209873a7ae4d2a4eb3faedd0309fc68113fc9d,no_edit_found,
MB-1c40ae424795,sha256:1c40ae424795f9eebd1602113f336613b0f2606dac0d4e0ae64f4c809944d82f,no_edit_found,
MB-1c4aaa5e5c1b,sha256:1c4aaa5e5c1b469a907b73304b275dec9851baaf713325ecc49755b48c6016a4,no_edit_found,
MB-1c4d2212896f,sha256:1c4d2212896fc71d2cc2477b27410dec8fbc95aad8144d8f690a306cea4d962b,edited,invalid
MB-1c4e5c7c8e11,sha256:1c4e5c7c8e1189bc811994e668bf0c501a531c2343c6556431bc2e9c0f51fcf6,no_edit_found,
MB-1c5ba5f023d1,sha256:1c5ba5f023d1523cfd4182818c5992d1944219bd537ee7cecffb2576484c8959,no_edit_found,
MB-1c655f71aa01,sha256:1c655f71aa0188dfb85ceeef2faa911a19dda3cb704d45441bc8ac37227bc234,no_edit_found,
MB-1c6df4448d8e,sha256:1c6df4448d8e0f9e5654fffec6d499023f38fd2cf132ac4a29a7b7d64aab720a,no_edit_found,
MB-1c730a8b0c97,sha256:1c730a8b0c97f1be6ec5d41a2aefe5d71d0552beddc3a8301aa8f1eb87ea6054,no_edit_found,
MB-1c8b0920b1d1,sha256:1c8b0920b1d19ef1fcca7451d313c4712b9eedbf4047e28bd4af136d7a31316b,edited,change
MB-1c8dc2518147,sha256:1c8dc251814732b70699393fe50d8796781725ec77567063af14a3e7a648236f,no_edit_found,
MB-1c946eb6be1b,sha256:1c946eb6be1b9ea2478d4512051e2c2490393b3fb13c7962938c034581255af6,edited,invalid
MB-1ca2cc991dac,sha256:1ca2cc991dac573569991cec87aa1bc6a4ed9cf5c42ce29d35e37fd0c50bba7d,no_edit_found,
MB-1ca3ab585bac,sha256:1ca3ab585bacde0ede416afc8db598b9e363bb44a7dab74585e31e8c101fb14d,no_edit_found,
MB-1cad6c338111,sha256:1cad6c33811127d0ca35f53e02fd648975ecda90e6016958590e406e6787f1c5,no_edit_found,
MB-1cc8d191a63b,sha256:1cc8d191a63b73aba67a83ca49d62fc1af9ba8483379145ec43f813bbd168534,no_edit_found,
MB-1cd3f5cacf0c,sha256:1cd3f5cacf0c451bbb62cc387b9ade29e06b90601e3855b4628aebe2ec8e259a,no_edit_found,
MB-1cd4df5f7d91,sha256:1cd4df5f7d916cd14bf08f4f63b173df3f7255fb1d1cbc5ddf50ac547efacc3b,no_edit_found,
MB-1cd517a3b264,sha256:1cd517a3b264514341e03fda9ad9edb3e6e2e300d642b156ce844254be9b07ba,no_edit_found,
MB-1cd5c8546615,sha256:1cd5c85466158018623b1e9ed8815c82d6e6bb73466be6885cb9f156d7ab7887,no_edit_found,
MB-1ce062ea8f57,sha256:1ce062ea8f57525f63e6faca8bb0d739eec6741ac3e112481062a4f4e578a9e4,no_edit_found,
MB-1ce08ba6e21c,sha256:1ce08ba6e21c0f468d0d14259972958877ffaf72c9bba0498606dd6b455400ad,no_edit_found,
MB-1ce40ebd2e67,sha256:1ce40ebd2e67b1b1acb1aa107882c9750654c0b9c829da1b6a7a8efe1f62776b,no_edit_found,
MB-1cff3c054cca,sha256:1cff3c054cca4ca8e55e681216bfa7142194321045f8186fbf6a040ac5d16978,no_edit_found,
MB-1d0103e4e092,sha256:1d0103e4e0925349fadcbcb1ef1fe370ec72c15a0a2ccade6a38ec78cd414a1b,no_edit_found,
MB-1d01bf698d5f,sha256:1d01bf698d5f74ffcdaeced70c3a53a7f651a355bf27799020d4e82bede627c6,no_edit_found,
MB-1d05bc2ef91d,sha256:1d05bc2ef91d8ede97d1d02100d28830c25adb2d5828d2f32d07978effe11f91,no_edit_found,
MB-1d07dc5ce0b4,sha256:1d07dc5ce0b40ffe8bab0e489c6d7212a7a37630c7e501afb63be0af0ec9999f,no_edit_found,
MB-1d1feee6133d,sha256:1d1feee6133d03175a76600782c8414c8819ad9beadf98f14fb8f13eb4213bee,no_edit_found,
MB-1d29a39bb792,sha256:1d29a39bb792d27afe194815d15da80b56dba292eb42dc18c93828a64b8fd824,no_edit_found,
MB-1d2b995bd43a,sha256:1d2b995bd43af512cb2bdfa2113716d469f3dd58805d3a94acd296f0434ac0d9,no_edit_found,
MB-1d2c038c121e,sha256:1d2c038c121ed57d75043a4bd54e03ddf9985481c5b6cb1184fc77fd362bbc1f,no_edit_found,
MB-1d2cadc6501d,sha256:1d2cadc6501d741a80c787fda79b90f7fd832eb344cdd8448007d618ebe32ef8,no_edit_found,
MB-1d304ada75a1,sha256:1d304ada75a14e9a18de6ac4aa402f86773b6a3fb6233b82727799d65d7292fb,no_edit_found,
MB-1d324edaab33,sha256:1d324edaab33687016577331e938e44e496a89e45db09fcf899ab64a45bda8df,no_edit_found,
MB-1d50cadee45f,sha256:1d50cadee45f86226e94f8ea13a7d00bbf2446df9ae1580b92ec796957bfbc56,no_edit_found,
MB-1d54820da124,sha256:1d54820da1243136d9463bdf6e683b9c9e3ff5edf61bf7d3c2c56f23c1835cee,no_edit_found,
MB-1d5c72f3cf14,sha256:1d5c72f3cf1465d23d2a5b397cd8759be6624398d3f6ca03b0f4043cbc1a53ca,no_edit_found,
MB-1d658fe13941,sha256:1d658fe13941b08272678a11ceb8d6e904b253466198d29f3317f4183ee17cb7,no_edit_found,
MB-1d6836fed487,sha256:1d6836fed48783fd853b74b899893facf39131fde3b5ba2cbb2571f1257e6ab2,no_edit_found,
MB-1d75821b80ae,sha256:1d75821b80ae099ae788b564b9a0df424f36a130995cdd5ba20c6bed3d83d2d0,no_edit_found,
MB-1d762389677c,sha256:1d762389677c31af994745eae3392c038165ad153f1025bf01d8c7d3a5d23482,no_edit_found,
MB-1d8dc6e6b049,sha256:1d8dc6e6b0497e5b25ec914ac7dd7a3ffc023324e58ee3adcdeba11c6d5a996c,no_edit_found,
MB-1d9154a9fe58,sha256:1d9154a9fe58068556ba619feba82e9d57af9b695520cab725b150a6a956e1f0,no_edit_found,
MB-1d9e69bb6097,sha256:1d9e69bb6097f780e0168eebc9a83270c795e28c905e8713f6c261e0e0948718,no_edit_found,
MB-1da2fba7a641,sha256:1da2fba7a641d9c69f840bef0f22cc81e85b287381a371fb4bf09364d21911e4,edited,unchanged
MB-1da5ddb7caca,sha256:1da5ddb7caca17774c7588ada5331bbf804415e0e43db5ee4749d702d956b58a,no_edit_found,
MB-1dab42273996,sha256:1dab42273996ce6a77daea442c354ca1aa1070105be17e48482b5d752c711cbc,no_edit_found,
MB-1dabc503fe0d,sha256:1dabc503fe0d88792c6e59c2f94e912549f5969b06eeda9ec2c9343aaeb1b3f7,no_edit_found,
MB-1db27e953d04,sha256:1db27e953d04e275c44cdf39d7ae80bd860624ba5b76832b5ff365fb7bcd59d4,no_edit_found,
MB-1dbf7f22dc82,sha256:1dbf7f22dc821e319c24d31d5a7b1a526f44e908e36925683b2dc3c744a5e028,no_edit_found,
MB-1dcd677e8cb7,sha256:1dcd677e8cb7fb46906fba3dc87e5bbaeacb9ff2ed748eb95a7cd0f60e0774a8,no_edit_found,
MB-1dd36c0be09e,sha256:1dd36c0be09e1b8a2ea83d222861df7f296e182e03f4ac7130ad1712aeaaadb6,no_edit_found,
MB-1dd73116cce7,sha256:1dd73116cce7db6cbc9d6d98b063be47f17a6e78275d69ecb3186fbe367ad16e,no_edit_found,
MB-1df7832a25cb,sha256:1df7832a25cb20acb18bb21f5a440b621025d9fb0ceea041c2ed2297473db342,no_edit_found,
MB-1dfb1cdcbcc4,sha256:1dfb1cdcbcc42958bd1cc6381dbf79f2f5f23f666d41f56d915179dee60e86de,no_edit_found,
MB-1e066fc83761,sha256:1e066fc83761d385088b2d08b993b1269626c1d9404306888b3e9147b6d1574d,no_edit_found,
MB-1e0963756eb3,sha256:1e0963756eb34416c91759e721b7297a655ff6f45a37223983a62cfa02bb1bd0,no_edit_found,
MB-1e0adf5cfd4b,sha256:1e0adf5cfd4b36ff2a33eaa7e88a346aa72229dd98123890810046a424845907,no_edit_found,
MB-1e1048bb0c0b,sha256:1e1048bb0c0bc43920089d9e0ee75da97c2b425b672b26871891179f753a7316,no_edit_found,
MB-1e10a0420f16,sha256:1e10a0420f16e0783a0a0799d2c71754f0084b73b23fd7a8e243eee8a2b7282d,edited,change
MB-1e1514a69106,sha256:1e1514a691061ca94cddadabe9e67a31443fd42791fea778e3ce4549a98ff53f,no_edit_found,
MB-1e15b8f254c0,sha256:1e15b8f254c0df5ed70f6738732a15ebf1edb73bf45bec81bbccbfe10fcc75c9,no_edit_found,
MB-1e28fccfa2a2,sha256:1e28fccfa2a287818b59caed587027dbd7367e82d69476c6b583f0634e65be36,no_edit_found,
MB-1e2dd2590555,sha256:1e2dd2590555346f376d23a33aced55172fd3cb40b624d25b10be0e10b73a776,no_edit_found,
MB-1e4b2fd085a9,sha256:1e4b2fd085a9bf344ad781c68307131e6fb2b521deb16d9ffccc77ad384d796c,no_edit_found,
MB-1e4e3bde9604,sha256:1e4e3bde9604d90f2d8f3175e99cb94a62ecbe964b1729d12c9045122d3dc777,no_edit_found,
MB-1e560f07b75a,sha256:1e560f07b75a746d429864525e52919a166e1a386beb310a6d96fde11cd499cc,no_edit_found,
MB-1e59ce53cf0c,sha256:1e59ce53cf0c4df66fa4efc60b9ec88608fa65a39f72943b6e4d6e9cf6d0c3c8,no_edit_found,
MB-1e603c8f987e,sha256:1e603c8f987e5d2aa300c47b26678fdb6c4fb02051cfd33567079f28caf40f19,no_edit_found,
MB-1e641db479c8,sha256:1e641db479c80b78718de57ad4c86b865ed9b1034f96ced84d835f1d36216bf6,no_edit_found,
MB-1e6635b16b98,sha256:1e6635b16b98bb5b3aa04b7bfed24e49b7e31f8dede84b51657fdbffb6de613d,no_edit_found,
MB-1e6a78281d0d,sha256:1e6a78281d0dab8d96f1b61858141fb0f79ad0bf3aa62bb64d9fd872d0fc1c1e,no_edit_found,
MB-1e7311761849,sha256:1e73117618494145aa58e134522af543992583c9ee9ecf058ed2bcc8be9edbf9,no_edit_found,
MB-1e79d51f918c,sha256:1e79d51f918cac8b9c42d7a8cef98e4786d7ff5465a49808be3ce281f7434d8b,no_edit_found,
MB-1e96b5bf4815,sha256:1e96b5bf4815a2e64f2a339500a709854abf6a68a69997da858ff7276a92f6b9,no_edit_found,
MB-1e97b6f3b351,sha256:1e97b6f3b351ed11de25fc133333b1a303bcc83d8f3e335f4f10ad86b15577b0,no_edit_found,
MB-1e9c23bda0eb,sha256:1e9c23bda0ebd0db404d802000b883fdf28826f77dbdc9aec78c7cd4b4dd7335,no_edit_found,
MB-1ea3bdc81128,sha256:1ea3bdc81128caf2a9eab9d07740a7f08204b35195811f362509a7f912010531,no_edit_found,
MB-1ea80d6fd66e,sha256:1ea80d6fd66e667a840516798bb267c26b3e63d2e5373de5a4262a0d3f5973aa,no_edit_found,
MB-1eabcdb152a7,sha256:1eabcdb152a7f2f25b51be90adbb38fda16d1905f35c8643191f08f882300013,no_edit_found,
MB-1ead174a86f0,sha256:1ead174a86f059cf7ac57c0f89989a5bad1f04a73706e41e34f59dd018ea4b2e,no_edit_found,
MB-1eb3290c92e2,sha256:1eb3290c92e24f64a58a543ae5147acc0d0dea7424872dd86d6597020adad4ef,no_edit_found,
MB-1eb972256ba9,sha256:1eb972256ba9c5029be11ec377f19e9e40c05224a3a9eaa8e5adc9bf588f88ea,no_edit_found,
MB-1ebc4638e25f,sha256:1ebc4638e25f7c0e0d7d61928179f4e0dbb6c50de02cf8caea13edb0e6dd6a13,no_edit_found,
MB-1ec75a5b61b6,sha256:1ec75a5b61b62ba78d1333eea6ae0d23e9dc4241023ce5f305cdd485a1303336,no_edit_found,
MB-1eceae6315a2,sha256:1eceae6315a2389273349ad0b5146c1f0e8bc21b94f35399411cfe6675d7de51,no_edit_found,
MB-1eda95292868,sha256:1eda95292868941418d76dbea7420059b3649b5685d7c4880e3c870b2529f64b,no_edit_found,
MB-1edbe94f24a8,sha256:1edbe94f24a80243d91a0075ca84dc6aa8a06824badfaa095d7b4bec939e1ada,no_edit_found,
MB-1ee3f3f34f0e,sha256:1ee3f3f34f0e8f53c424dc05a6da29c7c2f28918071ffb40c376059e4e1b4867,no_edit_found,
MB-1ef8e9f63c5f,sha256:1ef8e9f63c5fff34f855aeea58329b7ab1474b6c0c78127eb7b1cb605f2c3b11,no_edit_found,
MB-1ef934cfef8e,sha256:1ef934cfef8e5d9c3776e8fb04533a90544249b39992ec2da6b870e2a279cf73,no_edit_found,
MB-1f082a20ceb5,sha256:1f082a20ceb5461a8cc5d393d862ac95058bb8c114b35ed351432d695066b6fe,no_edit_found,
MB-1f108bdeca9b,sha256:1f108bdeca9b885e76817868f76cc37dd029defe1f52ed12a24742817019faf1,no_edit_found,
MB-1f112acda774,sha256:1f112acda774851351e8b948a0d2e549474037ccf9ebeedb5e87b453d123d560,no_edit_found,
MB-1f17e2a03092,sha256:1f17e2a030928e3d0c331483195550210b911bd4fb0e3c1798014e7ba93ee662,no_edit_found,
MB-1f1ea50b82eb,sha256:1f1ea50b82eb106b5674177c3cd5050adde630adad73c39b498ef286a5b5e5a0,no_edit_found,
MB-1f20e89cdde1,sha256:1f20e89cdde19d163caf96ce60aceb6992228edda9a524b4f8c925076ce9184c,no_edit_found,
MB-1f2e841398d1,sha256:1f2e841398d17bf5ac813bf709729e2002674614999ddb695bb76c7dc6d3031a,no_edit_found,
MB-1f3872bbedf2,sha256:1f3872bbedf2209f54aba941899ecc6ad214438eae3bb3a1ed059b6827c8dd43,no_edit_found,
MB-1f3cd6ac9dc8,sha256:1f3cd6ac9dc8914d5eb07e2031b4d5abe5ce820f85ba2b68cc31342e3e0871b7,no_edit_found,
MB-1f459072d08a,sha256:1f459072d08a4313f12102cb24b2b614ba8441507a8272de22e196a7e6b8e628,edited,unchanged
MB-1f45f6754431,sha256:1f45f67544311db84b27a2ce6e5f377402c0f5fd84ab68a0c7cb96ffe20e2f6b,no_edit_found,
MB-1f4752f21ead,sha256:1f4752f21ead7d5cb221b73329b838cb08af89dcda42862e7ed5a47d35991246,no_edit_found,
MB-1f5573de7bdc,sha256:1f5573de7bdcd14fb74668b2dce518be0e56a9f8563f9a3cd31b10ea1edc1fcf,no_edit_found,
MB-1f6ed209a78e,sha256:1f6ed209a78ec34cf02b66384adbf8b6091da868a0c72f4ea795b25ddb68e0c2,no_edit_found,
MB-1f713f86452d,sha256:1f713f86452d96974d1221fa05c633bd2a0a4c7d616bdce42ea2ec86fb6bb6f8,no_edit_found,
MB-1f756696cffd,sha256:1f756696cffd68a2bb340b8e6431db20d0200b9e2776f7f00bc72a63fc5ed997,no_edit_found,
MB-1f7e9c729beb,sha256:1f7e9c729bebe8e88fa3731608a04612f52dd8c78e3f9d9aca293b0b941cd2d3,no_edit_found,
MB-1f839ef71cb4,sha256:1f839ef71cb4551f0515b0fda61e7573672c8fe6bd0cae8c03cead69383b041c,no_edit_found,
MB-1f8747f1aedc,sha256:1f8747f1aedc0b8e9fcefb52dc10484be99389d62118b2d17297f90a9ead44d6,no_edit_found,
MB-1f888d31150a,sha256:1f888d31150adeabb9a9ac39f760ddae29f23f869c2d6c47a40ff4c0eb09ae4f,no_edit_found,
MB-1f97e9dafcc8,sha256:1f97e9dafcc84ba1ec282b04b657ebd16ce30b86ad35068178f28c6124afd5d6,no_edit_found,
MB-1fa196fcf3c2,sha256:1fa196fcf3c2bcec2c2a9deae76a068a617bf03ed2c7488b54b9b1be1c59ba1e,no_edit_found,
MB-1fae70782c52,sha256:1fae70782c52274465941ad8026115bd395fbcea5129f308fb0ea7cf49dd61ae,no_edit_found,
MB-1faf3dba038b,sha256:1faf3dba038bbf68602d754dc5016469fe0c9141f4bcaefdac8c6743d781d637,no_edit_found,
MB-1fb10037c284,sha256:1fb10037c284166e1106685edde00239a43c27aa1b99cd863469ca5938255c33,no_edit_found,
MB-1fc6b06aad5d,sha256:1fc6b06aad5d2eec64e0665db62b2b798f46b2f19161c343f2d2f1ca97522c1c,no_edit_found,
MB-1fce08c074da,sha256:1fce08c074da059e6cfcc6e9ca870a332d28954e08d0b5611e10790d8f58d2d6,no_edit_found,
MB-1fd02b5015f7,sha256:1fd02b5015f76cff9edc3617691de7d4d9000f5ce9093e3f3cdf167dbd5185f5,no_edit_found,
MB-1fd19be65a28,sha256:1fd19be65a28af478f3522f42ea8f8dbee2a27f19033be002f172dc1e8cf4f5d,no_edit_found,
MB-1fd91453aa92,sha256:1fd91453aa922c2a721b751b3b7aaa0b0e3029e40c772c84f936c13881a4caf6,no_edit_found,
MB-1fd94be853cc,sha256:1fd94be853cc8b4b22a35d28ca779907eb5d18f757d5a95e7df33f3ee46a55ae,no_edit_found,
MB-1fdebbc4d453,sha256:1fdebbc4d453d98c79d7d1cedbbb8cf0bce5a777af0161055af9fd5ba1669fb6,no_edit_found,
MB-1fdf612a33a0,sha256:1fdf612a33a0195cd22db4da60017836d537c8486363f5046137ec452c4cea75,no_edit_found,
MB-1fe2282dc85b,sha256:1fe2282dc85b3c9592ca65b5c5be1ab8e2994e1c06cb59c9d1ad5f990c2a9b34,no_edit_found,
MB-1fe306edafc9,sha256:1fe306edafc905d5c7b7eecc89ed1153930142b50afaeffd7d4928b0a53b7aec,edited,unchanged
MB-1fe66b8829c1,sha256:1fe66b8829c1f53c501624692ee193a97f684b2c7fc2df83168296ef6e32f72d,no_edit_found,
MB-1ffcc13143f8,sha256:1ffcc13143f8ba7a1e556bad499cf323a3358bef290aeada2ddc5f84d77cc842,no_edit_found,
MB-20029be2957c,sha256:20029be2957c0a7c3fc59ea82f6f558dc1ebc1e31219b2a18d3c26c295f44a4a,no_edit_found,
MB-2007cf189a74,sha256:2007cf189a743df1d97f99f0ec366d774be9c4e8e613b76905a94eed292472e9,no_edit_found,
MB-200cd7852ca8,sha256:200cd7852ca889255a3b1c2d95d8842076f26ee4aaca5d1f9e5d1e9d8377acd4,no_edit_found,
MB-200e35ccca73,sha256:200e35ccca7364c893ebe9997c065bdc5334d8032a29e161e4259bf2bea48851,no_edit_found,
MB-2011f3f64d45,sha256:2011f3f64d453bddad817e54f41a01cb14f19f1d5bfc9e6d4b3f42ebdfc46df4,no_edit_found,
MB-201b5173aaab,sha256:201b5173aaab3c0e12c9bbdba37353cfb1e6f58f3a743b2bcca008c6d6a05bd2,no_edit_found,
MB-202e2a8f9886,sha256:202e2a8f9886db10d39ab156c4c6d658ca1c5ccf8ea2f66519f255b0f7cbd035,no_edit_found,
MB-203439500b27,sha256:203439500b27dd24a4d98ee4bf617a7e7b8446bcf51d60f45a06dbc3cf8f20cf,no_edit_found,
MB-2047fa0b8818,sha256:2047fa0b8818f54d6ebc316639cdcec346fbed21a24d231db93720259ebf3390,no_edit_found,
MB-204a1a34f37f,sha256:204a1a34f37f02a07574c67c016584598c9fe140cdffac694aa74b346d568445,no_edit_found,
MB-204c69765bf6,sha256:204c69765bf6e502885e754ff86787b82b343cdb2511435e40778cb52ebf6d9e,no_edit_found,
MB-204d94e81aac,sha256:204d94e81aac926c3a4b9633f56ceb6de5903e8ea9b247450a21bbd3b3b062bf,no_edit_found,
MB-205c78263257,sha256:205c78263257291eaee4dca14a730108ea6a4ff888ab06422bc01eaed16ba37b,no_edit_found,
MB-2066b08af6ee,sha256:2066b08af6ee164a15552d826a686bb8dd09ed57d3efc60b6b381d1b54642b80,no_edit_found,
MB-2069172e9499,sha256:2069172e949927b9a39474f65c30ecbff7202439d0ab78128724c12a785040fe,no_edit_found,
MB-207547481aa6,sha256:207547481aa63bc6be81f6dc28ad633f3ae1ac4c40f7173a8b86682b0fa33b4c,no_edit_found,
MB-20788f3a054e,sha256:20788f3a054ef0f4ff124389caf29928b6d91bc2eb5641c80d66ccabda207a09,no_edit_found,
MB-207e5a621adc,sha256:207e5a621adc84cae0b22bf4aad7ad2028dc022eb54b756b9be2efe58ed7590c,no_edit_found,
MB-207f3adc6438,sha256:207f3adc643874a03e5767a404b1941c51915f6b017d04d0ef09dac14ab6ccd8,edited,invalid
MB-208230245226,sha256:208230245226e3239f71969a35d86cd8c8bd8a9d638165dd108e8e06c147baea,edited,unresolved
MB-2082aaa8ea33,sha256:2082aaa8ea33061ae9b3a57578ccd055fe0ce0bfa4e0681057ac5033be9ff719,no_edit_found,
MB-2097a45ae72c,sha256:2097a45ae72c42b9b8e9b4695f027dd43f537f265decc9a0d5ccd5a3d1c14c38,no_edit_found,
MB-20b011fff838,sha256:20b011fff8381241cdb9e55aa3926b93b3b83cdaaf99b157a74b15bb9e1cd388,no_edit_found,
MB-20c0163aa615,sha256:20c0163aa6154670692e92cf18d9c7672b7b23a902ada0c7c227798435bfd8fb,no_edit_found,
MB-20cad2bb12d9,sha256:20cad2bb12d972adadeecd455eec4034d45c1ef6115de91d6c6456863cf73f1e,no_edit_found,
MB-20d0e690db7d,sha256:20d0e690db7daa775fd783c9018c306c08c5af9ad799a15771a1af7aedad90d9,no_edit_found,
MB-20d9cd50c378,sha256:20d9cd50c378e5055b4ce400afc984c2962e64c9d13e75461178b77c27d1a88a,no_edit_found,
MB-20db265944a0,sha256:20db265944a0c582ebf71b29779b74757e640458aec8b0c1ad434b74a9be0d7e,no_edit_found,
MB-20dfb6d3c103,sha256:20dfb6d3c1037a65001261d4c7716e502ade7bd3827d1846af9cf09ed2d3f379,no_edit_found,
MB-20f520d97093,sha256:20f520d97093d18ecbc4fcc6492fb6a2bd5012038ece9a77bc0b039e5fa38607,no_edit_found,
MB-20f6942512e6,sha256:20f6942512e6e30705051a12767eb4ab790562def55156975aa1fcd6000187e1,no_edit_found,
MB-2113c71a3801,sha256:2113c71a3801f4848491aeb6f823a63c6de538c40b70c43f2d161bbed6b2591c,no_edit_found,
MB-21151b45fc05,sha256:21151b45fc059847cc33d9cefd768d9d3b62498ccbe1bfea8072d7155c0c46fe,no_edit_found,
MB-211aca81f93e,sha256:211aca81f93ec8584b1d6d9faeb9a2182011c49365a3819f7fcd4760779675b7,no_edit_found,
MB-211c2796edb3,sha256:211c2796edb393bb07f91ef6be662d85116083bd54c5c41e4f99d14769189984,edited,unchanged
MB-211d89cda1f1,sha256:211d89cda1f1a29f9fa5efcf2994c5f85d0fdf28381fc1816fbbae2a064d2083,no_edit_found,
MB-212072c2a6ce,sha256:212072c2a6ce4858812a9463d3aef0946a1272fee3d5b837ec0acd2bc8272a2d,no_edit_found,
MB-212cbb27a67a,sha256:212cbb27a67ac579d5c98e288d641e7e05aa90cdd19b2bb3af1367bc0ecb449b,no_edit_found,
MB-2133a82cc22c,sha256:2133a82cc22c75f60618eee075c5ab2246c48a6d1305f5ce763f883aaf773121,no_edit_found,
MB-213a8eb9c6c4,sha256:213a8eb9c6c42b590dd969ede8160ff72b7165d02516acca39fb50b5c8436479,no_edit_found,
MB-213fb78ab96a,sha256:213fb78ab96ac0ad900c31b5f9e462cb8d11ff193ca6b7a8a889716179b07cef,no_edit_found,
MB-214108f5f181,sha256:214108f5f181d60acab15a354f7145a91ba7dd37cdae72bf578603be056ea0e0,no_edit_found,
MB-214302d627fb,sha256:214302d627fba5e81c956cd73b305919ad1d2b51bd295aee614fcad786c8d88e,no_edit_found,
MB-214524834c6d,sha256:214524834c6d582c0ecca99affb8e4620176233c89135fae0e1b22b363f6a7f5,edited,unchanged
MB-2146cb917322,sha256:2146cb91732284528a671923b0c5723e809da6a2330b0256c5f422cf8eca2c55,no_edit_found,
MB-214f75642048,sha256:214f75642048ae06791de14133a0e8af6f7d26650b6b1f274fd4e5250e8264c9,no_edit_found,
MB-21532b021616,sha256:21532b0216163b2cf3b13637ec2a086829ac06f625d132af4ac0aa9bea7faf40,no_edit_found,
MB-21612713801d,sha256:21612713801dd70bee508d27ccf59d2d7c805f9e8ed8f7bfc80d25261ffcdb8d,no_edit_found,
MB-21619ba07b1f,sha256:21619ba07b1ff197c3235acded315a03a460adfcabda8a59eb03f8c62be37ea7,no_edit_found,
MB-216f4463d34a,sha256:216f4463d34aa8bc9c3a725041e144ed844600275db7f18137b4b94ccb99ccd5,no_edit_found,
MB-216ff403a00b,sha256:216ff403a00b37804af89003a28d965e037513e84cf46104ea5e33000e6a4aeb,no_edit_found,
MB-21751d175f3b,sha256:21751d175f3b72af2ea0b0528d19bcabcad21e6b53701b0470b3186d67329c49,no_edit_found,
MB-217aebe0a12f,sha256:217aebe0a12f4c6fb6d04d3beb8c007e6ff54204ef698fb1a71705e227c09405,no_edit_found,
MB-2187192cf9da,sha256:2187192cf9da0ba2b0c6407960daa73879d2e273fe646316064887a4fc20b45f,no_edit_found,
MB-218d40cadc33,sha256:218d40cadc330024de72b43761d9d1082aecd7d483571c1914fd8455d7ecaeef,no_edit_found,
MB-21971479c6af,sha256:21971479c6af5ad0dd2168c1f8fec3eda1afb201326cef0ebaab5b4f79f9871d,no_edit_found,
MB-219d245b8fdc,sha256:219d245b8fdc59e126276e686d57980cd1fd4ab685dab388440a5fed3abdab81,edited,invalid
MB-21a29191532e,sha256:21a29191532ead592ae2e68e233662929d9e74f9e9ab8a426b91e637ed3f715e,no_edit_found,
MB-21a2f68f94e4,sha256:21a2f68f94e4652a75ec53153acb03cab50f167f2d6384c923f3d532cc43eb51,no_edit_found,
MB-21a412e2d241,sha256:21a412e2d241bd21ae18da3ca642371094358a01fc29dc3e4b5971d0bd530839,no_edit_found,
MB-21a4a6433bae,sha256:21a4a6433bae112673b60d2a23e80bd8c09a7a04b507d8f29e813f63a9591397,no_edit_found,
MB-21a939169d00,sha256:21a939169d0096c76e3154c3dd14f0738680a8ab3ddb322510ef753f1661a685,no_edit_found,
MB-21ab5f567949,sha256:21ab5f5679496b6915b9abc3c0b9f789bb5080a78f9cad4f224dea2dc504e86c,no_edit_found,
MB-21abceff729a,sha256:21abceff729a3f6c0e5ddbdbcb824d3b0c953b795ebba0a03cbac294b8ff5dfa,no_edit_found,
MB-21b2c8bc9a47,sha256:21b2c8bc9a474195e2f7af93a5a1f10487e213897d422efadbcc6a2bd3ac1750,no_edit_found,
MB-21cd027817ea,sha256:21cd027817ea8c4bed7d27375b52fdc2406782f251a5d4715d0d03e36228292c,no_edit_found,
MB-21cd799de16e,sha256:21cd799de16e1f13f5bd1dc9cbbe55c54002730d7fa2898d800d4d10a58082da,no_edit_found,
MB-21d02c43fb18,sha256:21d02c43fb1820f024fd771ef649a1b622cf347da70f78a3c593cebaa152ee50,no_edit_found,
MB-21d29dd6cc83,sha256:21d29dd6cc833006636965984cdbd970e65fb86ba03a1b345c753fce920a44b1,no_edit_found,
MB-21d84253f474,sha256:21d84253f4749c1fe3c5040c8e56978b069dbb9273c4def7b197b3f626cf87dd,no_edit_found,
MB-21f196f408a0,sha256:21f196f408a06028c8a17cabf3d0b11dff364594e6c5a7cd09a18b58c7e6e72f,no_edit_found,
MB-21f3658dda3e,sha256:21f3658dda3e7af1cce69273a96e3fa32847493217cccc173749a30e3199553c,no_edit_found,
MB-21f729a3703a,sha256:21f729a3703a9a8a1f312f7c9897a8e70509d652ea31cfab5ad439090c36870f,no_edit_found,
MB-2200b939a90a,sha256:2200b939a90afb1d61110c20370fcc6a3d5508cf429d1a7033d96bc6e8212ba2,no_edit_found,
MB-22054540d3f0,sha256:22054540d3f0d750b1afe493cba536e59cd7def3f26a10a598412c2cbe3a5037,edited,unchanged
MB-220da728ddbd,sha256:220da728ddbdc0e617bf5f19a3565eff2833227b1144c22df4d4f307a9384399,no_edit_found,
MB-2216b8ea0300,sha256:2216b8ea030076aa86a9b6011db83f005ab0c925de84c7b8ec905dcc1e924817,edited,change
MB-221ae5958f5d,sha256:221ae5958f5df9a5e8503f9c47d0028ec2f14dbbeef94af3ea6acdcc5f762dbb,no_edit_found,
MB-221e133b279b,sha256:221e133b279bbf9766de5dc284c3514d848f3696c3abb29a055b919326854a81,no_edit_found,
MB-221fbca49813,sha256:221fbca49813d917ae48498849e463b6b2e9255526c06f3f9ef69eae38ec62e7,no_edit_found,
MB-22284449e16b,sha256:22284449e16be24e7339b7428fc077b9e4cc6e24cb871f99df925733d2190b2a,no_edit_found,
MB-2228df82415b,sha256:2228df82415bb12f927c67e403d20b689e1f75cc73826a40879a546c332502bf,edited,unchanged
MB-223813150531,sha256:223813150531c487c7e55647caf221369c24455ca7ea943eba006ccacab00ed9,no_edit_found,
MB-22481370a2de,sha256:22481370a2de75242a3788c9b8b9fcf390b9572f89af934852d81f68fcbdcde1,no_edit_found,
MB-224c4a67ccaf,sha256:224c4a67ccaf1b60e11960ff0cd15933b5e3297aa04e0c16ca3be29f1cd68163,no_edit_found,
MB-224d5440f4ea,sha256:224d5440f4ea9070ae362ed0298bbec64e82ea5caa1222737cbb6476c33f9063,no_edit_found,
MB-226ea3d0d3f7,sha256:226ea3d0d3f768492eb9417ca32d454fb6bdd10cc77e699cace1b8278b8d2c72,no_edit_found,
MB-228532425fc9,sha256:228532425fc9f3b00da1dfc818735bdb5bf808cbfd29a28d1ece7a14ce2f3a98,no_edit_found,
MB-2288b9e6916e,sha256:2288b9e6916ea30c2943dae292aa03476f58be9465690e5864ac001dbe811571,no_edit_found,
MB-228eb5f5b783,sha256:228eb5f5b783add0c7a9cd96f2aa9039c14215553a218409a7c1593071a5f4bc,no_edit_found,
MB-22926b77defa,sha256:22926b77defa1ee754f206cb45cdfaaea733e06411a261c2a32e37fb871a8094,no_edit_found,
MB-2292d15413a5,sha256:2292d15413a5cccb6e7fb60d244b5e6abc6700b5491d2dfb3e00bab034c16bd1,no_edit_found,
MB-229677131894,sha256:229677131894f06f301e3f589abf6b821d0f2f1c340e5d8447000d944f0b7580,no_edit_found,
MB-22995c8a2c34,sha256:22995c8a2c34d83ca7184f22cf4405d39dd9336bdf2dbe1c0aef0895c72c13ad,no_edit_found,
MB-229cdcc7d963,sha256:229cdcc7d963b0b25ab5127bf73cde264602d35cb4fe833441c328001231baa6,no_edit_found,
MB-22a2169e7b5d,sha256:22a2169e7b5d557033c6da8360246cf1e71fa874227bf00313caaaa45f1e3e7f,no_edit_found,
MB-22b79d0a6583,sha256:22b79d0a65836ef85037f67e737031b0c6211e16e7cc058167967a1cd19cdfd4,no_edit_found,
MB-22cc35f88552,sha256:22cc35f88552578ed10843a7e3ef4ebd4743962183472c4cb68c9fea48fb875f,no_edit_found,
MB-22e4abc0f3ff,sha256:22e4abc0f3fff0879f6ee1ea0e8de2ab38f4f36c591a0eab7d0c9f4fbee2807f,no_edit_found,
MB-22e6cb1a0226,sha256:22e6cb1a0226c81d28431982f7b38d424087e73c7273d0e694d597813f140d05,no_edit_found,
MB-22efd29b3fc4,sha256:22efd29b3fc4433c94cf4dbe46a21b693857e6ca3ebe3d21f214bdb207a4b784,no_edit_found,
MB-22f237a0f1ae,sha256:22f237a0f1aedd57d8ffad538543dad8bc4cc5da6a2d28a322c7ecfe1aff664b,no_edit_found,
MB-22f5ca28c2ac,sha256:22f5ca28c2acc588389139b5cd9a439af61ba423009b0099d9c397b80874463a,edited,unchanged
MB-22fb6980540f,sha256:22fb6980540fd75ac593aa552cc9fa85bfa471c197cbb7484febc44db4ca95f2,no_edit_found,
MB-22fcddf43e29,sha256:22fcddf43e299c655eea1201fe8f01c6a5017708223ebf306a13c9d8d5771b3c,no_edit_found,
MB-22fdcfbb1224,sha256:22fdcfbb122494459b7fe24a35ba24806836d70a2906652cb99a164c859af89e,no_edit_found,
MB-23069a5a7ae0,sha256:23069a5a7ae0003fe71f0431be28cdba2f9849ef301978c8ae764f325712fc16,no_edit_found,
MB-2307d29aa614,sha256:2307d29aa6149eec45492186a9ddadcb1beebb514ae5a8f1bb206ead68b597e2,no_edit_found,
MB-2309420b81f9,sha256:2309420b81f90b2589683afde160b90bbb711e21ab9e859d50c68c937f3a9471,no_edit_found,
MB-230ba8a68718,sha256:230ba8a687188a8734b38e926e52fecd4a3872dcd7def7ac6ecb5787b15094e5,no_edit_found,
MB-230cc0fedb7d,sha256:230cc0fedb7d8e9aff0d5de9b9690e87ff623a42ccb850ab64cfbae863d135aa,no_edit_found,
MB-230d977bb8c8,sha256:230d977bb8c80d9a06e36f29f71c95f8d422358e66b8b9590c4c54085dfcae08,edited,invalid
MB-23154e5c0599,sha256:23154e5c0599cba726e533f27d3bb24eb2e0bccfef1dfa86018678adcf09aa1e,no_edit_found,
MB-232c1dcc1670,sha256:232c1dcc167022d4c99dc2b4d374cf172a9f0d043cc8a85a9005e0ce731dbcae,no_edit_found,
MB-232f8001be01,sha256:232f8001be012ae25d63a45b4889f0e6a75671a0066b15edf2dd1ee2c47039c1,edited,unchanged
MB-2331e930e3b5,sha256:2331e930e3b59693c25ab6ae933b6b89b2657ebf45865c536eb9424075390451,edited,unchanged
MB-2333b5a6e6e8,sha256:2333b5a6e6e8322528084ad29bd1b0e62be477265398acd364807c842dbe6ad5,no_edit_found,
MB-23393f2a0198,sha256:23393f2a0198146c11e58d386667f56b1f4b7f3301a14e81d3e2df16f6014628,no_edit_found,
MB-23397e5f185d,sha256:23397e5f185d9fcf34257b2b054ee73f32d8098bd7caa083c6aefa20b9a58135,no_edit_found,
MB-2343ad91306b,sha256:2343ad91306bddbeed8c9cba6ea3ab64abad33f1c699c08b519a433507ad4d5d,no_edit_found,
MB-2344739e127c,sha256:2344739e127c8d3e18448bc476d9c94cc39926651b7a3908eb048d045eef1ac5,no_edit_found,
MB-234d8837808a,sha256:234d8837808a41ea96a024a345d7c91dc31fd1f2ec7beef764886dff609661c2,no_edit_found,
MB-235ec27054ee,sha256:235ec27054eeb44318f906216b251913b74ca1bf0e6ffd896611b3ba285f58e3,no_edit_found,
MB-238f9d1b7531,sha256:238f9d1b75317e5d07896dab5dc18e143b2ffb216108691f10271067c2e9a28d,no_edit_found,
MB-23929df2daea,sha256:23929df2daea246482383c6a0bb1572d11320f654f2177a456d30bb7aed107f0,no_edit_found,
MB-2395f97dd885,sha256:2395f97dd885716d34b34b4c03144d131b5a55923b30336e9530c08e9a2badf7,no_edit_found,
MB-239a0f86c056,sha256:239a0f86c05667501d89804efab5d7cc513e5970a25f933c4472ec458d18689b,no_edit_found,
MB-239ce5a0433d,sha256:239ce5a0433dd6a14fccd9d813f33e27f29ff6bb2acda5de8368a3f40d2134bc,no_edit_found,
MB-23a3b58b6413,sha256:23a3b58b641371e76bf741aac71f97c58890670df8d9f66e63850ae224c0cc05,edited,unchanged
MB-23a9cce1f178,sha256:23a9cce1f178558b27f7ac6a82e47d5b5cb437089587459fb6cdcaf95354dab6,no_edit_found,
MB-23b855b6b8d7,sha256:23b855b6b8d72cab6b7061e0b7bd3ceeef1f5e38fa09f103364fa83ad35af7a6,no_edit_found,
MB-23b86711cac7,sha256:23b86711cac7c5f2ef4e98cba8371d8650e699a1d8a56493379c0e38f8efe296,no_edit_found,
MB-23bf3bc0cabc,sha256:23bf3bc0cabc2eda9d73b4bdbfb6e171f38fd1b9dc1f50593596b03ff88bdf08,no_edit_found,
MB-23c1634a255f,sha256:23c1634a255f119be072ba68a9be89c25990e3b7b6fe95db0aeac20488891914,no_edit_found,
MB-23c89c8dd5b2,sha256:23c89c8dd5b206fa4d340515e75afed21fae823c2569f172ae9bd3f969cfa01a,no_edit_found,
MB-23d1c94ce0d4,sha256:23d1c94ce0d4ea645baf1e686e9d70f5be2950de9065b62ee3e6f3dc82c5b7ae,no_edit_found,
MB-23d2e3fe8ffc,sha256:23d2e3fe8ffceb4a3456cb7a8ab83ba682e7302c62e55fde3407b24aa909cdaa,no_edit_found,
MB-23d34fef61b0,sha256:23d34fef61b089116d12a00ac10727722295acc8ec515f660bd0f63ed3833d2c,no_edit_found,
MB-23df276403d5,sha256:23df276403d5a88c92df42dcb0ad3ef97a86191b608dac4db096e58e757ebd3e,no_edit_found,
MB-23dffc752d78,sha256:23dffc752d78d4c34a92ad359d16b57ff29d5bd8eece3aecc2abd9c2c7843266,no_edit_found,
MB-23e5dda7b412,sha256:23e5dda7b4123a121626d807f6a029ba1c97c1cb9a65bf24cfa5a571a51811c5,edited,change
MB-23e86b7fcb4d,sha256:23e86b7fcb4de86f789c9cf80108d94a3e7577d0fa007d1dd7d638fa5ef3e868,no_edit_found,
MB-23f8d7e6ae74,sha256:23f8d7e6ae745cf2ace2bccc04c496324bd5134448dc88227ea9b960cd30674c,no_edit_found,
MB-23fc0b1cf38f,sha256:23fc0b1cf38f8f52fc50228be19742993c153b3a53320fc03d15190836a57816,no_edit_found,
MB-23fc2b065cdc,sha256:23fc2b065cdcb7413dbb8b427a1538665f542c665fdf6d6d8706373734b246f2,no_edit_found,
MB-23fef3f9d04a,sha256:23fef3f9d04a88336ebda52e19912faae1c15eabbd1fc1365035f73bd38b50f5,no_edit_found,
MB-241523ecfe61,sha256:241523ecfe61d4f3462fa6882236ec869286996b149c4be60833b8b2fd5de798,no_edit_found,
MB-2417bb325374,sha256:2417bb32537407f489fccfb94c0b5b8633260e2346887ad548cbfc2322cb0eb5,no_edit_found,
MB-242a9ff499d0,sha256:242a9ff499d0b0b11d3607bcddaf2986b3072a71645407f5cc0d5c7b43661a95,no_edit_found,
MB-242d1aad86db,sha256:242d1aad86db085b4f96a83a24af57cfb861e6ae598df2e10d76a8088416f566,no_edit_found,
MB-2432fd19ca64,sha256:2432fd19ca640dd84bdab687773f2d93aa2e899bd7bd9e3facb9a51453df9181,no_edit_found,
MB-244389100d84,sha256:244389100d84103cd2e9b5ba2239c3e5b1c3fb5f770e293ca2db3175a59c3074,no_edit_found,
MB-244870f2f776,sha256:244870f2f776b510f1ef6683ea852dcb272f3181a0de8d64fa902e50c42cbbea,edited,unresolved
MB-245aede5f978,sha256:245aede5f978eac60c0689398b63055515527500ea68e4b356295f6a8f4736f8,no_edit_found,
MB-245d0fbd423c,sha256:245d0fbd423c7bf965ec3c1fec51f577c74f7ff0e2a47b190720ddf8e9f73a77,no_edit_found,
MB-24636b9b2bcf,sha256:24636b9b2bcf3321b57d1252f827f6307f71687d0841975d01693b797195ff84,no_edit_found,
MB-246785b7d6a4,sha256:246785b7d6a402a70ab0994afedf1199620a3ce6caede02753cfbc7fd131488f,edited,unchanged
MB-24745f6d118d,sha256:24745f6d118dccfb975e3a8b81ef72ff7e43c377371233914bce31159176f095,no_edit_found,
MB-247496e5a07e,sha256:247496e5a07e7327c9cf81b6108f9db8f7251b7454e004bf436144de1f810dcc,no_edit_found,
MB-247ebe24fd1c,sha256:247ebe24fd1ce8c04cfb5905733f7b16a0b4cda7391fa0749d03eabd72a6f6d8,no_edit_found,
MB-2484a8cc1b23,sha256:2484a8cc1b230ba7bd92a2f1daf7dd72f70d25c50ebda69cd9bb791a92151e17,no_edit_found,
MB-24894e2ba232,sha256:24894e2ba2328b09f700ce45b37b496ac3db3d423522ddb634c5a953482d4bab,no_edit_found,
MB-249821f41c81,sha256:249821f41c81e6108c0258a0f2bfa9a257b64830fa540becbfa3e596c3699a58,no_edit_found,
MB-2498d7f14c3a,sha256:2498d7f14c3a7e6ae83cc8931a4f68813c3e47e5fc7de7c12f29057f3178d2ff,no_edit_found,
MB-249d04e22640,sha256:249d04e226408cd1d5a25994aff35ce48edb737971b02d854cc70b1dccc48719,no_edit_found,
MB-249e3191bf9f,sha256:249e3191bf9fc9f19f2882063f3ebbe1011a31aa227b91b61945c11ae3459639,no_edit_found,
MB-24a4adddfdc8,sha256:24a4adddfdc8317a1987968dca5e28eab940070ed568d3dc5ba9b27e50eac5f6,no_edit_found,
MB-24aad3921969,sha256:24aad3921969690ef15df989c72425d9162dd401f4e92d2b6e34cf177d2f135c,no_edit_found,
MB-24acfa4bde96,sha256:24acfa4bde9695e2f8a771d91a1cdc7594ccccbddb3441421487697289582755,no_edit_found,
MB-24ae97c7dbe5,sha256:24ae97c7dbe54091a8e78146b42cecc132e881963790ea409a75b3c2fe1502ac,no_edit_found,
MB-24b6b02d2018,sha256:24b6b02d20181f78bd29a67e34bcd33fd04a6ee65d03df49ef0986c9805abd26,no_edit_found,
MB-24bbca62107c,sha256:24bbca62107cee3c4ba96fefab15eab19ab8dcbd6364ded34535b11ca3f34de2,no_edit_found,
MB-24bd8cf07726,sha256:24bd8cf077269fe053adcb467517e63925887ec4be76083c9e212ba37137ad8f,no_edit_found,
MB-24c2fa27c74d,sha256:24c2fa27c74dab38f824b09cc04a58f64ff857d3626daf7d7b3038b88f8bfafa,no_edit_found,
MB-24d1af19e555,sha256:24d1af19e5551827465eae20c60f77e7bfe13badedafa0ddc34b29357f519222,no_edit_found,
MB-24d771cc0d8f,sha256:24d771cc0d8f82e9a45a7f16cc9df036802da1a1aef69d95f80ef1d2049d0b58,no_edit_found,
MB-24dc722d6dea,sha256:24dc722d6deab265dfd40ba98752f8041fa8a2d837f378286065f84d199f3ed2,edited,unchanged
MB-24ecd46d9011,sha256:24ecd46d90119930637a1be03ec8dd8bdd40f64391d50053f5bf732955837cec,no_edit_found,
MB-24fde8596ac6,sha256:24fde8596ac6089ee0b7e1ce44a52a5d9880fe3ff2d3ff4eadcb2bdaf98b1211,no_edit_found,
MB-2505b8a220cc,sha256:2505b8a220cc12b98cd18049f28c650dc5e8ba18f9610008e095743257f51417,no_edit_found,
MB-25068e5de36e,sha256:25068e5de36eecbd5267ce430a8882c2733d17908b09d69885a441fb676e7186,no_edit_found,
MB-2506e972cbd7,sha256:2506e972cbd7b66a7ba4c2a720dde593a03faf2b09912413c761512a80bedfe0,no_edit_found,
MB-25089fde4e63,sha256:25089fde4e631e936c54777b8d9522e8d2a5d79e71324fa276ee1b0dbe92fcc6,no_edit_found,
MB-250c0590f6a7,sha256:250c0590f6a7c30f9160b906a8a7587dc618fd862e8ee2581fc7d457999322a0,no_edit_found,
MB-251979e68101,sha256:251979e681015d6d5106fc0c657cccdd37d4218835de694ab6e4f859a48976d4,no_edit_found,
MB-251c11cee158,sha256:251c11cee158258f83a34e23acd3c65ab0428c35351fa914e0f05e95c8c989b2,no_edit_found,
MB-2526d41e1f76,sha256:2526d41e1f7626a74cc0f46c134a92d548a9a45aed73104cd4412fbd74363e19,no_edit_found,
MB-25287fc05eac,sha256:25287fc05eac4ab4c8c792ddf20f7b60cac0276daf87795c2413d35ed8be5dc0,edited,unchanged
MB-2529a8c57ed0,sha256:2529a8c57ed09c813d92801e4ebb9f33478a55591a4da94e386fba434973f186,no_edit_found,
MB-2529e5050c73,sha256:2529e5050c7387462292e2ebeb581d4795124a028c45c55a117ed184a9c31e0f,no_edit_found,
MB-25346baf5f9d,sha256:25346baf5f9da8b743f03c022ca625e48e7ae717c341813a4f68e95a741f2039,no_edit_found,
MB-2534c6f81ee1,sha256:2534c6f81ee1330edd55b6cd676c7a8c7d22fd80a909313cb029e65eb29ee005,no_edit_found,
MB-253f59743704,sha256:253f59743704b3ff4848d0a16aa4e00176e9ec1a0ffbbd15fa47723ec5a2b414,no_edit_found,
MB-254bb519ea8f,sha256:254bb519ea8f973882701cfe97fd1e077e56824c5c9d17ad832c79cd3c17c8f4,no_edit_found,
MB-25549d14feb3,sha256:25549d14feb30f2d9949e4e458900941ca8ecaa1c6996f26d4d21e59edcfb037,no_edit_found,
MB-2554b9f28dbd,sha256:2554b9f28dbdada35d45040bc3467556c5ccc8a64e1086113015c1ea4bb81603,no_edit_found,
MB-2557dcfd1a17,sha256:2557dcfd1a170f2dfca2b947884819c9fba535a52aa5e4cb881d41b3ce4530af,no_edit_found,
MB-256befc14ce9,sha256:256befc14ce9b6fee2ea0d2e8b541160dac68a5765b24b612a0db4ab88b245b8,no_edit_found,
MB-2577807a239e,sha256:2577807a239ea0ee57bf9b3aae71a06149c035e9ab5bbcde2a1f725349d1f312,no_edit_found,
MB-2585816fdb09,sha256:2585816fdb0953b9a18da310f69605021bd8f16644c3470b935cc249431e8dc9,no_edit_found,
MB-258ac42b0494,sha256:258ac42b049440304b3a4a5c5feb0c4f287b4b92743f484ccaf78d46230e12ff,edited,unchanged
MB-25a38c4c33e0,sha256:25a38c4c33e02552dde85c1d4fd6d388ee53c83469cb346d14089f3956f502e1,no_edit_found,
MB-25a920dc2185,sha256:25a920dc21855611d5b1c0620e6a75a95fccbddc0182ccdd29ad213bdc47528c,no_edit_found,
MB-25b0e73c220e,sha256:25b0e73c220e473fc4372b148cac66acd1d94dd57c407a53ea05ea4dbfd7995f,no_edit_found,
MB-25bbb962cd59,sha256:25bbb962cd59129a58988690c496a5ddcdc85484fb11c963ca9101f912052322,edited,change
MB-25bcadce7259,sha256:25bcadce72599db8f147f1e6eee635c3b2b5c8453a17598dc2dfd37ee53c63cd,no_edit_found,
MB-25c132f66cce,sha256:25c132f66cce4440a7c0c55f205d850c47bccb1d7c9a1a3078a581d722d6201d,no_edit_found,
MB-25d218977579,sha256:25d218977579f171efc0246bda5b93d3fcdf7c548c8b85742be2183331a24a94,no_edit_found,
MB-25d853ce443d,sha256:25d853ce443d814e1f5355b4238aa4c692d0bd3023bb71b87ce50c2ec981111c,no_edit_found,
MB-25e707fda05e,sha256:25e707fda05ebe1ee52f8afe79c275210486791dbbcce70242d99e8eb7cc0e7b,no_edit_found,
MB-25e8a46c7bdd,sha256:25e8a46c7bdd794c9fda32573d20ba09b582eb34b5b9d1da3276777bff0d1b1d,no_edit_found,
MB-25e9c6a5dfb4,sha256:25e9c6a5dfb4eb1c25ffe60d94c6db7ba611192c55ae6e25e2b5399bd9c0dd03,edited,unchanged
MB-25ed07f251f5,sha256:25ed07f251f5ae3a817234e7024cbff7db1dfe1dd979b31f43c639e8abc25709,no_edit_found,
MB-25f075b9578f,sha256:25f075b9578f82839136774363b27192d5f31519e4d768491986ca9557203bf1,edited,unchanged
MB-25f0cd60f464,sha256:25f0cd60f464eb9e97bada3683df713cc4aef843d9eb908b2675baaa96fc40d2,no_edit_found,
MB-25fe0550983a,sha256:25fe0550983aefa3c6387de3cdb09a843833557af289292eabac9772d9bf32ac,no_edit_found,
MB-2603068123c6,sha256:2603068123c6fec8a5af1dfb06ce74975cba75c8dc1336123d5b9704ce4e8120,no_edit_found,
MB-2603c0882e8e,sha256:2603c0882e8eb4df6eb6e932d5415d4969de06972172c4f3f4a4c15a76249f95,no_edit_found,
MB-261490d4d1bd,sha256:261490d4d1bdf343c8aa64a77662a637c5d418506cd849bb9b04ad8e87fc2c2a,no_edit_found,
MB-261c1abeb6de,sha256:261c1abeb6de611a472891b31390c0e69b853bb9175fa1121e9cd28dfffe8bf5,no_edit_found,
MB-261f2e6f5735,sha256:261f2e6f5735c0232b702b49777c4404a0ea51ca43b5bcef82d5449fdcfe5919,no_edit_found,
MB-2632ef6d9c57,sha256:2632ef6d9c57cd418ea748e396815c36ab1115400b3bdfe97cd0f98721aba183,no_edit_found,
MB-263eb88091e3,sha256:263eb88091e320c3e9225de197f9a240c94a49881d65eed20b540931c5ba2b76,no_edit_found,
MB-2640c0083075,sha256:2640c008307533bfedd5d144ec6b220bfc7ec26772c7506f866466ee14ce007f,no_edit_found,
MB-264e270cb999,sha256:264e270cb9992ab2010e2cdf1886cee0a5ab26f267b7b47c1da3d83f7cc62628,no_edit_found,
MB-264f382d6ac1,sha256:264f382d6ac1b712ba52da0e10161ecf4a8ab0bb94d8bdca9f8d5fc93a302ac4,no_edit_found,
MB-26519c34df48,sha256:26519c34df485e56d4ae2b7f9a19696a6062e4416ce89e3442caafe527b0e597,no_edit_found,
MB-26552094606c,sha256:26552094606c71f5d392fd521ff1ebed57574f82b04abae1cafce727580e9f37,no_edit_found,
MB-266089949819,sha256:266089949819110442fed714b199045dae4ed383df0d94abd8b6b709ee0217d7,no_edit_found,
MB-266208a4dd16,sha256:266208a4dd16f2603dd840c5754fce19af897d36e2dd4fc5d58c8fe162d1932a,no_edit_found,
MB-2666a627d93b,sha256:2666a627d93b5af7a8f292cbc1f6dbb6546d0d266ef7d6d749719e86660b6127,no_edit_found,
MB-2667a87f19f5,sha256:2667a87f19f535ed631446d625682f925d7ad825f40de10c8495a1c8f263e70c,no_edit_found,
MB-2668fe8bd0c3,sha256:2668fe8bd0c38df619e0b9e229823b856e4d705c2dc8f4f2f128b8037cefd554,no_edit_found,
MB-266f17a12b60,sha256:266f17a12b60e136984d4074f94596ad63ddfd1a82ec36f8c24aad5ffbc1fc0c,no_edit_found,
MB-267e2c09b466,sha256:267e2c09b4664b08d2a2c3700e91cb400b56674529e944cf52467e5aa69b446b,no_edit_found,
MB-26925584ec57,sha256:26925584ec577dd5e4ab0aaaca84b86b175467d004de683bed7650ab36d0f3cd,no_edit_found,
MB-269b7f543af3,sha256:269b7f543af3588c72c65e80d1943ba79a7892521e1ce7037e21a8c894aa9e80,no_edit_found,
MB-26a060e9386a,sha256:26a060e9386a12fb6bf8245011a6fb1de03fabba8856aa540d1dfd1ead2ba16b,no_edit_found,
MB-26a7bfbc3045,sha256:26a7bfbc3045234d20ecb4ff4072a06efeacef639f827b625743a878cba901bb,no_edit_found,
MB-26aeb04c2e8d,sha256:26aeb04c2e8d63f7e4da5f1a0bde88fc591695de9e25cf7cbfccbbfe97b69fd0,no_edit_found,
MB-26b4e65ce848,sha256:26b4e65ce848f60271698f75ccf5a30a43011fd2a9b4b339c49c6ff524fec569,no_edit_found,
MB-26bc71ac83bb,sha256:26bc71ac83bbafb94c38578491fcc9e2d10a696dab1b555fe312b7bfa3eb148b,no_edit_found,
MB-26c7e0b9812b,sha256:26c7e0b9812bbc58534e3128d068236dadf9d02b6c2139a4ede62b673c1ad19c,edited,unchanged
MB-26d1fbd2ff47,sha256:26d1fbd2ff47ffefd6d0ab6dc4891460eda6597e04a2a871197a932196ff6c9c,no_edit_found,
MB-26d7fdc415c3,sha256:26d7fdc415c39b0fc99e92d3bf1c29306938c5b61743ee8a43825fd6825c41bc,no_edit_found,
MB-26d974f6e9ab,sha256:26d974f6e9ab48788d4f6dca4fbdcf370fe747476d8e4e66db8ebbb448d284c3,no_edit_found,
MB-26ddd01b72bf,sha256:26ddd01b72bff34eba959539100bcfddf92b26950e44c64137535aa51312dfdc,no_edit_found,
MB-26e89b7a80c3,sha256:26e89b7a80c350d1b7c73011120ea8b8bb9c310a35b2afae902886b9125054ae,no_edit_found,
MB-26e928a85cf9,sha256:26e928a85cf92b27adadff3de6b7bfc623821c8073a5bd4d8ead2db2ca857e54,no_edit_found,
MB-26f5bf124429,sha256:26f5bf1244294d4d88cfb5d3e48bf3ccbd7a1a435ef53ee38656256f86de2acc,no_edit_found,
MB-26f7e4f2d3c5,sha256:26f7e4f2d3c5bcc7245ba54b992efee3d2a046404cf6ddd7a68143c22882962f,no_edit_found,
MB-26fe30075e28,sha256:26fe30075e28860ed957276c5f47bff03429e3d95a9fb3fa29ca9eb4aa3533b7,no_edit_found,
MB-27135705c855,sha256:27135705c855c0b24502e7c9408e66f083bd719f0c493ccad2eaa73bf34e48ef,no_edit_found,
MB-271dd9899157,sha256:271dd989915740acc61fb91d4a4211d8b2995a16a6975f09b7f5349e348d50a2,no_edit_found,
MB-27215e707a51,sha256:27215e707a518de16d1d5eccbb1bce09caa405dd58c49ff8b9382926fa4bdeaa,no_edit_found,
MB-2724782375a6,sha256:2724782375a6248ad5781df2137a3718cac6f2428b917cb2cd52e2fedde27fbc,no_edit_found,
MB-2725649e2c66,sha256:2725649e2c6669806cbee6219aff5422b1a1f7a36b981dd2b460aaf1dc07a547,edited,unchanged
MB-272596a16ba0,sha256:272596a16ba0ac8b9c2cd2a5d07bc1db919f682fff1e16d0dee4c2113b8167d9,no_edit_found,
MB-2728c49fd51d,sha256:2728c49fd51d993760b8e95ec3d9e2405ecfc3b1f3c7047b0bb39f57061e19c5,no_edit_found,
MB-27302691800c,sha256:27302691800c37f39ece53513d31412c7e82d9c474cb1b94cdbd3ec8a9cd4bdc,edited,unchanged
MB-2733641cfa96,sha256:2733641cfa96574a07fbec5b0b1365862aaaa00d6e0e7ab1aa82b02bc38b5e16,no_edit_found,
MB-2739e41d12a7,sha256:2739e41d12a7af3ebf076f3a4f1c0eebe7e3362cc0f00c2c9a37edcf1220561a,no_edit_found,
MB-2741da38503c,sha256:2741da38503ce16234dfe6b492d2c2b1feca2b7f9968a8ae5fa6285977482616,no_edit_found,
MB-274873770886,sha256:274873770886312b465191c5b89f4c33c4949a6f9abfc0e9769fce50dded9637,no_edit_found,
MB-274bfd0f15e9,sha256:274bfd0f15e9d3b1215d31ceff56be2ede240b18b4b487d251cff01ab371d251,no_edit_found,
MB-2753f1d628e5,sha256:2753f1d628e5e5f4cafd18e461d348e28f752723b21969d7c835d05467e48f8f,no_edit_found,
MB-27564422a9f4,sha256:27564422a9f4eb66e756100e42b8e47b5c544c2e3ad51c9137641a9713d6f59c,edited,unresolved
MB-2766c28b6ffb,sha256:2766c28b6ffb02b62b0d2a1cda2cc1069726004a250507213f64df5278a91322,no_edit_found,
MB-276bde6fcc02,sha256:276bde6fcc02bab286341d96614acca75b1b19ac2d67e4853976f9222a9d862c,no_edit_found,
MB-2773516e27e0,sha256:2773516e27e0367d81c0376c67dfc150c5dc3ff0fe3ef5dc1c2fdb1a1ec4d1b2,no_edit_found,
MB-27754a7264e1,sha256:27754a7264e106039f3d3146dd4a89173f654f3bd3774a70bffa38535ea3f59b,no_edit_found,
MB-277a69a3f753,sha256:277a69a3f7532c1090d20b99e199deb0262069346ca56a1f8be77fce32fa8b8b,no_edit_found,
MB-277b4125b5fe,sha256:277b4125b5fe49a3bbc8bfab59c6083a510bac07b520651e1951fda5d143f576,edited,unresolved
MB-27820b8334b4,sha256:27820b8334b4a78cd8c7c93512da8371b2e8c372e9f0db983fbade61619d36b4,no_edit_found,
MB-2785de17738a,sha256:2785de17738a98d50b8ae09ed6077ece622e0bf42269d42b77922d3b125b4507,no_edit_found,
MB-278b7357076c,sha256:278b7357076c7716b324f6a58b30e3eea17a671c68051dce09003a4e0e62c38f,no_edit_found,
MB-279a97a15ec2,sha256:279a97a15ec2bb6f24d43734750d3fa6b1852d34e27c20ff3feff42a0bf2fa0d,no_edit_found,
MB-27a498f4b744,sha256:27a498f4b744fc1b6426b2e5670eee83f66973baeec59f90e91240983c33d650,no_edit_found,
MB-27a6b7c12719,sha256:27a6b7c12719341be5832c958aa34174f66da5adfa290ba2fe57cb943dba30b8,edited,change
MB-27a73cba27dc,sha256:27a73cba27dc4e72f966a2f902b815cfd4f240714b276cfe0e8934ff5e52333a,edited,unchanged
MB-27aa419758e9,sha256:27aa419758e9f6df821feb69a199f7312b8009b02a9ac1a424fc7597636e56cc,no_edit_found,
MB-27b8a1d458b1,sha256:27b8a1d458b16e5f21bbc01c00e1d0c73dd0e2b89c9a9fa7c78ac36e5429610e,no_edit_found,
MB-27cadd2da5d0,sha256:27cadd2da5d0a9490c39309145cbf816f6f13f5a6b3d0be53f94f1ad00ac1ea1,no_edit_found,
MB-27d307924956,sha256:27d307924956bb296e37a26f9053e118f79cc04f89d7351adcc6bf5b6bd5669b,edited,unchanged
MB-27d701560f26,sha256:27d701560f26ed847b1e191f0b3ec25f40e8fc71d9aba92974f02cd734fad4ca,no_edit_found,
MB-27de075b37c7,sha256:27de075b37c707cf05a5d6bc15636dbe48cd26d480bc050b6aeb850158000cd5,no_edit_found,
MB-27ee10de1b13,sha256:27ee10de1b139c986444f9ac4c1b5c34ce6fd2b37c0c6c99ae58fc683f6e511f,edited,change
MB-27f3c339b1eb,sha256:27f3c339b1ebdc56022862bd15c8a3167e4a87d448762250598f944f33ce6fe3,no_edit_found,
MB-27f771530016,sha256:27f771530016c3ae7504d59a9069ba4a2a5c8d873ba7f42d2a3bce788db8a287,no_edit_found,
MB-2800db3d13c5,sha256:2800db3d13c55245172df8053b103269fcb63cb77691d64fa0259961a88629e4,no_edit_found,
MB-2802b59abd78,sha256:2802b59abd78c4b0009e53d17d2532b167c5a82d33af0dc5eaacaa2c60015e44,no_edit_found,
MB-2804d93e5788,sha256:2804d93e578819330ffc0d5fa02f94d1e02d4990d55f84f814d849f42fb91b93,edited,unchanged
MB-28088a8db17d,sha256:28088a8db17da5aa5be38c4b0b08a2c85621876af13d5b2cb6a4192ad61e40b9,no_edit_found,
MB-280c2ece71c1,sha256:280c2ece71c161593da8e74173a1c907fe08732b9996989a1d848233c90a32ba,no_edit_found,
MB-28133c5a36b0,sha256:28133c5a36b09f732f10c2947aafd8271df2239b2398ba48b2bc20cc70f2c0b1,no_edit_found,
MB-2813e7eae9a5,sha256:2813e7eae9a5bfc31f76b0d61863971929b8c74630ed5dce7e8d1782e767569b,no_edit_found,
MB-2821f7cc81da,sha256:2821f7cc81daade81177dc220e6188c002b899f2745b96524cada306c81757ef,no_edit_found,
MB-2825e0517e8a,sha256:2825e0517e8af0935e1fda494275ae7eea853f37b8b2c0183b530db58c6fe6ae,no_edit_found,
MB-283031e69e36,sha256:283031e69e368d124c70c45163f2e51dd966dc7a76abff4753c0922473b31b3f,no_edit_found,
MB-2852f0578904,sha256:2852f0578904f9ffa65b0b87a41ada483302a521b93d064b242471c1c526ffb7,edited,change
MB-28566b30b31e,sha256:28566b30b31e42a77a2655a99a521bf0e62f8380e87c0967c296a2f62d476486,no_edit_found,
MB-28646cdacaea,sha256:28646cdacaeafda7951c94b405b9abbbd8bacb18723cac23b4f7789f19ab28f5,no_edit_found,
MB-286987b6ba41,sha256:286987b6ba414442b75bc94f688cacdca17fcd5d256101430678c1554d44dd20,no_edit_found,
MB-2877688b7e61,sha256:2877688b7e61db52a3a050ee85fb61f687e85efe83e90b48b9877d2f56a8cf89,no_edit_found,
MB-287e8ec2ae98,sha256:287e8ec2ae98a351853500bf85f3509da9f2ed95e0efcdef32b00a7a65e36481,no_edit_found,
MB-288a27f510cb,sha256:288a27f510cb8a1c0fa946f5712afd7ae2d9a4f4283c3eab4fdd86e29eea8f52,no_edit_found,
MB-288c6301fb2e,sha256:288c6301fb2efb7528c41c00b4adf27bb9ee76808cb25fe0b2035e72bc8c7864,no_edit_found,
MB-2898b635922e,sha256:2898b635922ec488fb06c582f227d16ca8a07ab01757305e8c9a60ec7b1eb953,no_edit_found,
MB-28a016d8fe17,sha256:28a016d8fe17c94fc494970fc87a539bbe632f4833e5444f7b17f5fc488e84fa,no_edit_found,
MB-28a3c8bd3a51,sha256:28a3c8bd3a51cc6997f8091ab08ff6f9bfea22c8a726163a67c8dddda3d1b004,edited,unchanged
MB-28a66cea873a,sha256:28a66cea873a1d489fc6f8ebe5902b07304fdd437422ad27b8f7995cd450f427,no_edit_found,
MB-28ac2630b5e6,sha256:28ac2630b5e679adc7d444f2324c3c5e2c5bccc3939b0e016827803b0a939661,no_edit_found,
MB-28accd06b500,sha256:28accd06b500663e6c13a0d61a5c49403a62c0f856bf5891bc914b4ad46face2,no_edit_found,
MB-28aeb59178ae,sha256:28aeb59178aed05066864103e2fd41fdfe038c7f2355297bfb8371e66c102cf5,no_edit_found,
MB-28b657e281c8,sha256:28b657e281c88fcded5383155f8b9bd2e7b83920de422a64b2fc0f7fad1b057f,no_edit_found,
MB-28ba87b8d4d8,sha256:28ba87b8d4d8496acfbd21eafd2c76c9968f854d1e123d8618d912075bce8d86,no_edit_found,
MB-28bdb0072f25,sha256:28bdb0072f25e2020ef3df6e5fdd5ee1275ab7f7eaea784736d50a92c3750677,no_edit_found,
MB-28bf71bae393,sha256:28bf71bae3932ce257e2c5c6ec71fe1d4072655e6c23ed8d9ffbf78603628a18,no_edit_found,
MB-28c3501a0e94,sha256:28c3501a0e94b49d22cbb0f4199e965cbbc5ab253c3d9c51ebfc8b356871944d,no_edit_found,
MB-28c6e26b6db7,sha256:28c6e26b6db7b15da840e3a7c3edab2c0860a2bd605f37634a211f9f41b61e51,no_edit_found,
MB-28ceabd9d967,sha256:28ceabd9d967ac8b87773c07c417ffef54e9958be7812ff5321930eafa38fa04,no_edit_found,
MB-28d317d83c86,sha256:28d317d83c86c0b712c089d939a82052aa7b8fcf17baba4a65a69fbd9150859e,no_edit_found,
MB-28d6336d572f,sha256:28d6336d572fbca57069b1695d1d46aaffef1b77972461c2e57ee57a618c29ad,no_edit_found,
MB-28d893ba774e,sha256:28d893ba774e0fbc8fe3bdd49bd753eac7f354745887a2cb28eab5e87ab47a47,no_edit_found,
MB-28da6904ec29,sha256:28da6904ec292f289c5e961f27ddd788cb77386a6090fc4bde0096c994b2c1c7,no_edit_found,
MB-28f2c360a07c,sha256:28f2c360a07cb8bc6fc9758bd2cadd93b6c94ff90053e3cd8500c3ab4c5ba21f,no_edit_found,
MB-28f6ec649939,sha256:28f6ec649939bf58029265d4f2b528c81cfa31ad0212144c8a6e172811498eaa,no_edit_found,
MB-28f7775880db,sha256:28f7775880db939390a1e65cab576319c61154e8b2c7734a2120fa54f3e20dab,no_edit_found,
MB-28f867e12b26,sha256:28f867e12b26e720fab329a8f5e45ec898096a554c35b40a5d3270e763921ec0,no_edit_found,
MB-28fc3702c8f2,sha256:28fc3702c8f22be0bb548adef629ef07bedfc66457d7181af40235018f370a9c,no_edit_found,
MB-290c2af7516b,sha256:290c2af7516b485b6f57004a965c1d36e91f55a2d560c6fec08304b449d28446,no_edit_found,
MB-290d913918d8,sha256:290d913918d899344933dfd52613e7215e9b5bc01c4046d1bb8062650b23e7b9,no_edit_found,
MB-290dca73d50a,sha256:290dca73d50ad5679c1cd2435645dafcb140260da86a58c7a02eb07137a6be0d,no_edit_found,
MB-2911a68cf881,sha256:2911a68cf88144579695f35667e9086ad587e4be13c307267ab44eeb4cff1aa3,no_edit_found,
MB-2923b7fa2097,sha256:2923b7fa20976215df6151575676c325123315856762ec08e2f9a8b1d18d301f,no_edit_found,
MB-292749cc8337,sha256:292749cc8337b503d97c6dfcde72aa8d33415518bec98d3afbac7a2b68867d4f,no_edit_found,
MB-293ac384fb2a,sha256:293ac384fb2ab78a6364df8a5e01d8fb94b8ec3a5ae4578e04305713bf2d5db3,no_edit_found,
MB-293bb9d1c5d9,sha256:293bb9d1c5d995c2c7138b4f9e2f6c779f896a54d9ee1f054f202f63eebc6988,no_edit_found,
MB-293bf2aa75c4,sha256:293bf2aa75c446383b513406dc2f44f4a0b401f0361e4afe139775a66194dbf0,no_edit_found,
MB-2940846e07d5,sha256:2940846e07d5cf35dd6a31755691e32d52da63487c6944fe07768202ec495ecb,no_edit_found,
MB-29479bb89e70,sha256:29479bb89e70499fe794c97044ad6046a4fbddbb5bbce4226cbb73891312ff41,no_edit_found,
MB-294890f315c8,sha256:294890f315c8bbed930272b32e134c17ae060803b5bdeca73f9f0de4244b014f,no_edit_found,
MB-294ebc19f479,sha256:294ebc19f479a0a1c9eaac7e3955b5b4ab312497a78336e9e02554db508d0b32,no_edit_found,
MB-295691ca7b9c,sha256:295691ca7b9ceec49ad8caf1046b96801866990f63ef6fb0cb58e10b2a27a59d,no_edit_found,
MB-295b5d1fb8fc,sha256:295b5d1fb8fcdaf6fb54060506cf03bd277cd6748596188c3447358a58f35043,no_edit_found,
MB-29715767e28f,sha256:29715767e28f27550ebd806c0ca1d8e5b59eeef510843d07a43c053dc0b5a2e9,edited,change
MB-2975819d34e9,sha256:2975819d34e94f343dd37b445fbc64d3f593af5056b25fbc65a300cc68702632,no_edit_found,
MB-2975fdc05384,sha256:2975fdc0538462813db446dcbfc619466f312bba75c5f7d2833a7ac5e9ca1d39,no_edit_found,
MB-297b55826509,sha256:297b55826509673c207038492c894a8ebc38843ca420ef602374f613d789302c,no_edit_found,
MB-297b7781182f,sha256:297b7781182f39e86a7bc1b5f599efec2e0ed25ad98d965f99de522fabd4ff9b,no_edit_found,
MB-2983ac733609,sha256:2983ac733609a41f6ae0fe716b7e61f9bec6601fb8f38ce56f84fd6b12981db0,no_edit_found,
MB-2996cf7e2235,sha256:2996cf7e22359bc0db868929c1958427891462c622042d46c4d6945efa4915b7,no_edit_found,
MB-299e025f1166,sha256:299e025f11667b85e1df2c656d01f65f1962d74e37a922544f7c4d295ac01811,no_edit_found,
MB-299e072943e8,sha256:299e072943e8959e54802983422551bb989eaaeba7cdbf41855dc76d53164f48,no_edit_found,
MB-29ab02af12de,sha256:29ab02af12de8ff65d65ccf271864ae781a4193af834f3b472c5fbeeacaabb47,no_edit_found,
MB-29ac8891fd10,sha256:29ac8891fd1067f1bb45d077a9e0cc4070d2433ad8ee49f5ae1f6840ae0fdce7,no_edit_found,
MB-29ad75e0d94b,sha256:29ad75e0d94b31679a171645c46c94e3d9a3cfcd12267e437623aaa5df88c2a0,edited,change
MB-29bec4dba918,sha256:29bec4dba918fbe7802466fdba9f80fd295bd27c094e40bdb427cad946d4111a,no_edit_found,
MB-29d2d295a544,sha256:29d2d295a544f80b658fa39c2eb282dac7fbcc4ce853651a6714538764b7c942,no_edit_found,
MB-29d91a102df4,sha256:29d91a102df45f49063c0ee2b4f7f4fae4fa49a350ac73131692ceafeaa8d5f9,no_edit_found,
MB-29e07a9f79fa,sha256:29e07a9f79fa7d5b2da0f8458b820f97a0443ead5ae5224d81128d689e49f414,no_edit_found,
MB-29e1481385a7,sha256:29e1481385a70aee4aa414b932378665f8a2b2c12d9c5a993f81d703c1b6ab84,edited,change
MB-29f30ce8063e,sha256:29f30ce8063eb4e18f6b6f7efd4b84be712fed569a363e1d49fed54118ecb603,no_edit_found,
MB-29f4897eeb8e,sha256:29f4897eeb8eb186c3b989fe99bdbda5b94a2a589a3499ca1c7aceb73549fe19,edited,unresolved
MB-29fd9f2e5c65,sha256:29fd9f2e5c65ed38b0d28d643a002ec70cb603df484d3aa95ab58ca78fb8d55c,no_edit_found,
MB-2a0308158a0d,sha256:2a0308158a0d09097a8517c2a0c618f281d94ac33a6bdcff4b975f22a9bf300b,no_edit_found,
MB-2a0f15e0d9fd,sha256:2a0f15e0d9fdee0c1491d05fc9a50e231891c2f814871ca6decb49ed9c591afd,no_edit_found,
MB-2a11dfe65896,sha256:2a11dfe658962857255ac0fe4ead0ed1292f8b10e321599843c7e5c8612004b5,no_edit_found,
MB-2a128d89d78f,sha256:2a128d89d78f81d995ae420ca1181910a1dde88644249c89a4a0a10bd1b17bd9,no_edit_found,
MB-2a193da65ace,sha256:2a193da65ace827aea3b3fb2b63e142e6525cdacc7e74182c2b5d2055ea64da5,no_edit_found,
MB-2a2a458f5180,sha256:2a2a458f5180825c8794d935fc94a60de4d1fcbcc078bff1de818740cee464e7,no_edit_found,
MB-2a2dacdfcbd3,sha256:2a2dacdfcbd3ec915a42e748b683d5f022835c7c262ddc4f5ea18fec9a72ae9e,no_edit_found,
MB-2a2f659bc458,sha256:2a2f659bc458fbd1a9c1d654193a2a3af3b8c86d2d106d3efcf0c89e873ece13,no_edit_found,
MB-2a398e2798fa,sha256:2a398e2798faac17c3ccb502f22d3e208f5f93a95728833739af5f0584b1317e,no_edit_found,
MB-2a420c6e94cb,sha256:2a420c6e94cbb0b06dfaa5f699c5fd2bcca81a6487369f6a2d2a0cea0d774f6e,no_edit_found,
MB-2a496e7d1997,sha256:2a496e7d1997306204c59db8e4b3ba443779e5347b76ad9cb589796d6becf12a,no_edit_found,
MB-2a5044d701a5,sha256:2a5044d701a5b1eeed1414d7099ffd58651592be70cec867dc9d779ec2cb741b,no_edit_found,
MB-2a57b0239d5b,sha256:2a57b0239d5befdc8b1a87e9d244e2acd1f166b0eaa03368fb59627b17b718be,no_edit_found,
MB-2a618b4c269e,sha256:2a618b4c269ec9b0b88be2b2dfd98608057bc48f9e932156b51def6396f27c79,no_edit_found,
MB-2a6f3c55ed2c,sha256:2a6f3c55ed2ca65ec8177009f50a1cbd64d3707f50858d394d619ac6228a585d,no_edit_found,
MB-2a71886d3a1e,sha256:2a71886d3a1e0b833a49e0ef338870f7c6cf08b23e66027df9a71572df3e0159,no_edit_found,
MB-2a72e5ebc52c,sha256:2a72e5ebc52c516f5d8ba925115527fb963b2de5c5617631657cb2bba0551455,no_edit_found,
MB-2a77c28df069,sha256:2a77c28df069ea927a421f9fbad307840ccb84b12c5d36df362909696af44154,no_edit_found,
MB-2a81e25369a8,sha256:2a81e25369a8685351507ed8e416e74bfb5c7d58bb4cb2b74fac13461c472a00,no_edit_found,
MB-2a8524929c3a,sha256:2a8524929c3af8b11a7a18e63dc90c8a7ee4a9a19d47300cb596c2f7519372e9,no_edit_found,
MB-2a9045b71757,sha256:2a9045b7175749c4d15c877aa5c79e8e543ba53b3b6d1741250fc7bd7133ad74,no_edit_found,
MB-2a933462758d,sha256:2a933462758ddc7a35f6c9d67286ccb0ec9bf2e21900489f29d0b0f85f392ccc,no_edit_found,
MB-2a97cd59472e,sha256:2a97cd59472e1f65d4144f0228e0072b4bd7fcfd3142d1796980eb2aff262459,edited,invalid
MB-2a994ca896a1,sha256:2a994ca896a178dbcfee5805e1150e752891de474a9b00808e28146d2660b412,no_edit_found,
MB-2aa415ea0690,sha256:2aa415ea06906af2c54931da70ca0e9ca3da9c0d6b12248ff7f4a20c929799a6,no_edit_found,
MB-2aa8b3a56834,sha256:2aa8b3a568348243438e74dcff1326d3e657ecf318a9c09cfd3d12341a93eb95,no_edit_found,
MB-2aaa354f22a8,sha256:2aaa354f22a86ef0b5a5548f7b831820091903eabf8425247b480ae915aa7a54,no_edit_found,
MB-2ab067803f6f,sha256:2ab067803f6fe5fe1ddc90cbc9e9ee9984cceb3eb563a58a49fdf7f6049a4d58,no_edit_found,
MB-2ab74915187c,sha256:2ab74915187c56c843dd416600ac1acf91968638f7205e46587c29c2b4d3ead0,no_edit_found,
MB-2abcf8eea9d7,sha256:2abcf8eea9d75036bbf955423b912695822124ff10b6613e3806bce369e27c0d,no_edit_found,
MB-2ac05fcfc2c2,sha256:2ac05fcfc2c234ed6380f2dbe2aa16c4cfaec71b4c91bb3826f5e00eaa45890d,no_edit_found,
MB-2ac18df8c524,sha256:2ac18df8c524972b7ebd76c916d2d2dd8c66ccea1714723ed816d8c7e633ee22,no_edit_found,
MB-2ac23560b573,sha256:2ac23560b5734b1562214f32a43ca7257350273a7c9d59e399a836a57de2b7f6,no_edit_found,
MB-2ac2a5d0667b,sha256:2ac2a5d0667b0d19a600059b79930d48d6593eb13e5b891f66c69b3e376c7849,no_edit_found,
MB-2ac2a7033657,sha256:2ac2a70336576accc079894bfbfd3a467ce7dae779b5f08857ca9cf4d788163d,no_edit_found,
MB-2ac885e430e2,sha256:2ac885e430e2496c98b96c7c64958610ba0d245b7579508b3a02e1685f03dca2,no_edit_found,
MB-2ad246f2cb08,sha256:2ad246f2cb08158ccdcf6d067ffeff252f7a7f8abcd6ef6f3bfd72b8e24f34bb,edited,invalid
MB-2ad99420afe1,sha256:2ad99420afe1ab67bce47f1db60c598833ccf6927b924a476701f7e554af3da6,no_edit_found,
MB-2adef1684d2d,sha256:2adef1684d2d290914aaa7e1b632261c97afbcf46a82b8879e916463fc7a9beb,no_edit_found,
MB-2adf03665feb,sha256:2adf03665febb998e8e49a9c2126365e228ced8eb040b9193b1c80ffb3736db7,no_edit_found,
MB-2ae18a6ffa77,sha256:2ae18a6ffa772b8d766c99e3b3003ff0067616bd7956925ecb51ccb7bfdca6a3,no_edit_found,
MB-2aea06c8b2ff,sha256:2aea06c8b2ffc8c4af729a7f3e47840bac891d15ed69f414cc65e653cae4891f,no_edit_found,
MB-2af079aa43b1,sha256:2af079aa43b150b12a3b9902809ed995c68d46be3f156cda0e659456290fbcd7,no_edit_found,
MB-2afeca2c7912,sha256:2afeca2c791238f1684c598c377aba3a1888a2439f721b8c4533106ba2e96e90,no_edit_found,
MB-2b03aaef7fad,sha256:2b03aaef7fad9a132a13744db31b47d61d7e3694a0ec310319a1e8fa44d0bc4b,no_edit_found,
MB-2b11fbfedf9c,sha256:2b11fbfedf9c159523cc4f35eaa4943587a82a096d486ea7e24aa2fd027c4f4e,no_edit_found,
MB-2b1474c63a32,sha256:2b1474c63a32d0e4384840d10ed06da8f204a767053651fb46f904e642480111,no_edit_found,
MB-2b1f9024be99,sha256:2b1f9024be99f3ab5aea12ce2b5c1d98d78ffb29d83c46231714590815c5fda6,no_edit_found,
MB-2b21f5ecccc0,sha256:2b21f5ecccc05ae7873424b67aad0283298a0148f6c0aae237cd4e46075f4c8f,no_edit_found,
MB-2b2702071e99,sha256:2b2702071e990709d667f491023f75f8f412c65236b88904f9f9f54f4000c629,no_edit_found,
MB-2b2a8d253819,sha256:2b2a8d253819a6bfb8031cff01bd351ebfdaa461f415bc137b04b30d8178fdbf,no_edit_found,
MB-2b2ab718d805,sha256:2b2ab718d805cc02d2198bdc52f9b7d1611cc258cbe4feef0e65c25e60e148b5,no_edit_found,
MB-2b2b28df9772,sha256:2b2b28df97723a2fe41b6aa731a279ed8e69a488d56832346c7ba28acd8c394c,no_edit_found,
MB-2b37c5ebae88,sha256:2b37c5ebae88afeb9d8930b7454a13ce526b9e4bc4e6aa91aa9d9c13e0492ee1,no_edit_found,
MB-2b44cce424ba,sha256:2b44cce424baf79d1d215db438a4d4ae94d1f84699a657f060b169d7cf547a86,no_edit_found,
MB-2b45f55f5974,sha256:2b45f55f5974bde6cbdfc08f0517634be96064aba5adb3196c4aedfb88f8cff9,no_edit_found,
MB-2b47f64ac111,sha256:2b47f64ac111b2631ce8ecf6b630155f45e892a7b08ddf3574be702634b5029e,no_edit_found,
MB-2b51f69a8ccb,sha256:2b51f69a8ccbf3e30316e70209dedc0aeceff581bf6fbaf1f98b91701d5a3933,no_edit_found,
MB-2b595dd4c025,sha256:2b595dd4c02586c0ef43db85e985fae0d1eb157f54d893f5c0397f1eab2ec3fa,no_edit_found,
MB-2b5c2b2d93ac,sha256:2b5c2b2d93ac1d7281269453e0af1ff0c4d6937e70d2b5f3bba715c5e440de93,no_edit_found,
MB-2b5cad17aa88,sha256:2b5cad17aa887b9317db367586d963a46f157f05144a6a5c39cf9c83e2e34afe,no_edit_found,
MB-2b5d1a2f62ba,sha256:2b5d1a2f62bad6dd57b328b95bb51965c3c119c83871bfe0699a245baa8d6215,no_edit_found,
MB-2b64b43eed88,sha256:2b64b43eed88ac4a6f98f6581fb32b8ea9f6a0611647418dd1615752c9ac9d2e,no_edit_found,
MB-2b6ec2b2f80b,sha256:2b6ec2b2f80bf4db9f7792f8d3529a0152b9d6493659160ef9d6bf9a5433972b,no_edit_found,
MB-2b7023ad9494,sha256:2b7023ad9494df88489b96385626888ba968d56b2a419f534615082bcfaf2a19,no_edit_found,
MB-2b846e1c639a,sha256:2b846e1c639af6e7f5ec791b7af92978be5a500c7245dae88ba9b8cc67a90073,no_edit_found,
MB-2b869c2a1640,sha256:2b869c2a16406f67664f5d792f1fcc268952253f2f4aef366aa6522458f5fcfa,no_edit_found,
MB-2b94dd06d9b8,sha256:2b94dd06d9b8975cca20ed4186fc8aa0a0773c06f5011d690620635735c9bb86,edited,invalid
MB-2b9e2d437fd5,sha256:2b9e2d437fd5c9a6f6ddf2f826c3a37864526bbcd276d8bd8382820833ed9307,no_edit_found,
MB-2b9f3baf577c,sha256:2b9f3baf577c9477d875ef8fcf876a212d22c516cb83b4b8b3143cdbf8f0a001,no_edit_found,
MB-2ba08982771e,sha256:2ba08982771e4e4708fde7b7579f6e13502a25f2f3df8b2fbbf5889084184b30,no_edit_found,
MB-2ba186c62248,sha256:2ba186c622489b058c0ea70003f261f34cda5d197cab6939da2dd67ffd4814ce,no_edit_found,
MB-2ba3af885250,sha256:2ba3af8852501026fc247f9e75e1535f24936be6ef795f3f09293b67a92c3d7e,no_edit_found,
MB-2ba5ae84791a,sha256:2ba5ae84791a3ef376b1091ceb7f82c178f66d7cd58d94d86484c971dc886b3c,no_edit_found,
MB-2bab26ff81c3,sha256:2bab26ff81c3329e6220b26221d97854c8771a8421ba056847121d22162d671d,no_edit_found,
MB-2baebd2be005,sha256:2baebd2be005321720409ad7e714c9610e072c7899565a5c8cce8af9601464fc,no_edit_found,
MB-2bb0c73a3800,sha256:2bb0c73a3800ee4bcb5a8c2e7a0a9a70c52b50463f63615cb40716e5f9efde5b,no_edit_found,
MB-2bb2dc216227,sha256:2bb2dc216227d1348228ca0ce6f94646fc9360ee46eca46b406799974ff03807,no_edit_found,
MB-2bbdb7d2b7b2,sha256:2bbdb7d2b7b21ae433d2094d435c503b3f7cceccce4b2e511473bbf00cecd246,no_edit_found,
MB-2bc8d7d8ab7b,sha256:2bc8d7d8ab7b0ceecec0bf1d0d0d057ca767382e0f79fadbe173f7ba4078c164,no_edit_found,
MB-2bca446cf2a1,sha256:2bca446cf2a1dcbce19a31b1215d03b74222747fd7bb1ac9b500b0462c565da3,no_edit_found,
MB-2bcb9a5948e1,sha256:2bcb9a5948e190ea3539d61f56c3fc0ff490798de2ed315b5f08e8e3cc9ed649,no_edit_found,
MB-2bde317d2440,sha256:2bde317d2440d4406dab88b0fc7ea0796a27aca72cb5147b39c68372a54e2c67,no_edit_found,
MB-2be1dab3a7c3,sha256:2be1dab3a7c31f7d699835ead66cc1f8f9ad1248f9c0f6a6ae6da226871fd65e,no_edit_found,
MB-2bf25a75e7f0,sha256:2bf25a75e7f0fe2974dbb529589983ef83c89e3ac372f4804c9644d3ffc21c3a,edited,change
MB-2bf9182f4e27,sha256:2bf9182f4e279aefd1c543fe9a22731dd3aba30a00ebd69a89963a3d13644550,no_edit_found,
MB-2bfc3f752597,sha256:2bfc3f752597de10cedfff426660febcebea7ce4178cc710c12b5ae915c81371,no_edit_found,
MB-2bfcdc1d8011,sha256:2bfcdc1d8011a2cf4ec728a6b907cd366a996dd445d856b83d1f00e3324974c7,no_edit_found,
MB-2c1a823c76ef,sha256:2c1a823c76ef067ed2dd570838aef48c52ff488df7defcfb56accf97bba7edb2,no_edit_found,
MB-2c20f4162245,sha256:2c20f416224524287e4eead2e2c665d1fb50f2b67ce15951e34ea11957516995,no_edit_found,
MB-2c24ee897bc6,sha256:2c24ee897bc6136d33b06a6e2e6939cb80037b9375f0e313f458482359fc1d45,no_edit_found,
MB-2c254566a692,sha256:2c254566a692b68b7ce52a3971cef5ea1b9e82cd25e47bdcc9e5377bcb1afe6e,no_edit_found,
MB-2c336d4b4f88,sha256:2c336d4b4f88f5e6f737c1ca7465bddd7bb57becad159451618158aa8ac8c3ab,no_edit_found,
MB-2c3991464b56,sha256:2c3991464b56f8a50a87893f17be9ea001d723e555bb8d248d07a5d4cc2ca28a,no_edit_found,
MB-2c39be37b113,sha256:2c39be37b11394357f7e2f688200dafccf68235f5bf1c0f24fac264151d60590,edited,change
MB-2c41c3fd0f4b,sha256:2c41c3fd0f4b82fbcce629c3ed2d413cb8dd76b4a87330be97e736ff691c1c8a,no_edit_found,
MB-2c44131216b7,sha256:2c44131216b7962c67df8e224b18ebdf515a2b50838983830c4452198277329c,no_edit_found,
MB-2c4e620b3980,sha256:2c4e620b39801ae129d290bd752f11145d2b11fb126f8a3f68551d60afb1b0b9,no_edit_found,
MB-2c5c74251543,sha256:2c5c742515431c7986aff05b56056667fbb8a5fd336295ed8073d5e5e517694f,no_edit_found,
MB-2c64f42e7cef,sha256:2c64f42e7cefb91e05b902907900602837fabccc557cf59302dfd104f921b653,no_edit_found,
MB-2c744e0ff69d,sha256:2c744e0ff69dec959d1ad74ca903a11bbb45d7336622ffce89a017112f6b4c6a,no_edit_found,
MB-2c766143d1f2,sha256:2c766143d1f27d4b9d22e8d2dc31584b7cfceb551aae3b5a2668d22d955c0c55,no_edit_found,
MB-2c78c9f7d4c2,sha256:2c78c9f7d4c2f150da655a1773a117bb43cc654b09106f1d4788f29ca49ff32b,no_edit_found,
MB-2c7b779cc0c6,sha256:2c7b779cc0c6a42746209f80711556cd7b0a1890d6ff165b5a313505186e3d97,no_edit_found,
MB-2c7e4e980f44,sha256:2c7e4e980f446f2015f5751f8282442e75c0abeb52baec8b0cd29c9a430bf95d,no_edit_found,
MB-2c872654aa6e,sha256:2c872654aa6e511bbc0b1a4bd25589da4e6b3cbc5894c78711bcbd49ee0a9ce2,edited,unchanged
MB-2c9960ce7196,sha256:2c9960ce719619efcec74eb85e63b2cd81a9873b1645c7397acab9ba4c76c702,no_edit_found,
MB-2cad07db0c0d,sha256:2cad07db0c0de9fbcf89d6cef9076f46ae66296fd37848a5cacc7bbcbf0817a1,no_edit_found,
MB-2cbaac1aa6bf,sha256:2cbaac1aa6bf3c0327e244b3df890861095d9da00ece34f14eab43c89fb558a6,no_edit_found,
MB-2cc1f248f7ad,sha256:2cc1f248f7adc50b6cd297adef92cd34d9f5749fe83b2002e142ed815c7a5855,no_edit_found,
MB-2cc3fcad18b9,sha256:2cc3fcad18b93973127374020d407b3da1269769181383c90a0336776a573318,no_edit_found,
MB-2cc40228d353,sha256:2cc40228d3530049de840bc7ba6941dee576f3174ba304b057fe3d7965cc4ed3,no_edit_found,
MB-2cccb2dc481c,sha256:2cccb2dc481c612fad2fc5b53aec6b06bc6ae57ba276e5f3254b62cc9ee4294d,edited,invalid
MB-2cd049f645f2,sha256:2cd049f645f2f1f5613f6155d518d5e0e3f8385f5e0c7ffa08f374fd34be5cc3,no_edit_found,
MB-2cdb6ec490ff,sha256:2cdb6ec490ff2a4c2c97bffafa9b4c241ca23e8ebe68acd6bb2463cbe2b56769,no_edit_found,
MB-2ce68713c49c,sha256:2ce68713c49cd8bc5c1ed9442c93c2e85616b41813b6617ed2766de687150392,no_edit_found,
MB-2ce73a634cb6,sha256:2ce73a634cb61991eba671295d96c0749eeca4bfb328e93e200ca5abfb946732,no_edit_found,
MB-2cedf7deab0d,sha256:2cedf7deab0d35af4777131f65d8c7d6b6b542d88764340c850520f2ab143df5,no_edit_found,
MB-2cef3360ab95,sha256:2cef3360ab95ee5f142712f288779eaca253c3cf558cabc5b0ed977aeb3e457e,no_edit_found,
MB-2cf7c6a44173,sha256:2cf7c6a44173e89e86ab2c9d54f2ff697d8b99cd6ae7907c3cac5a6793090d3c,no_edit_found,
MB-2cf980873799,sha256:2cf9808737991d2d1ac1d034e64dfa291d69de0cba6f538dbf35f4e3f5a59af4,no_edit_found,
MB-2d05e2d78142,sha256:2d05e2d78142b650096e646def87649077aa18d56335996902f83e199f948655,no_edit_found,
MB-2d0c8b86a43b,sha256:2d0c8b86a43be21c4d3e46a9d957bfcb0af3950414ea2b25bef842482a31e6f0,no_edit_found,
MB-2d0c9092305b,sha256:2d0c9092305bdc4ba7236212d299b25bbd5a186befaa3eb53138e3899e8e27ab,no_edit_found,
MB-2d0d798362ae,sha256:2d0d798362aecb25e9aca5bad9b6dbaf07d9d75e09b284c3e84dba794b7bd2e3,no_edit_found,
MB-2d1f8002b9be,sha256:2d1f8002b9bead17e627b55601d83c8c613946a2ea4f52658e90c5367cb51ca9,no_edit_found,
MB-2d20f0528be8,sha256:2d20f0528be88b79525e90ba635c2caeae1f2bec0db74474f6f338d4720c51b2,no_edit_found,
MB-2d2a9f900be7,sha256:2d2a9f900be71bc6c83de041bddfb9505a2fe71965ddb1aadfd01a217e50d80f,no_edit_found,
MB-2d3451a04b8e,sha256:2d3451a04b8e610d257d9756df1ea21110d41288a4be1eac25890dc7bc61c5d0,no_edit_found,
MB-2d4e266074fb,sha256:2d4e266074fb5cb2bbdd371fa40ba54c2dbc4018b6426bdccbbaa3bf0fa6d2cc,no_edit_found,
MB-2d52172fc721,sha256:2d52172fc7210c98944b06bca7b129c68682346064d324ce65f47ed44e19b11d,no_edit_found,
MB-2d528c59d661,sha256:2d528c59d6613babe5becc44dea4541e83f63d3655aff05529c09b10c62a2d45,no_edit_found,
MB-2d53ba8bbc3a,sha256:2d53ba8bbc3adb2ffb4b54e455ac4340c6a3281e37516f982e6e807eed08a992,no_edit_found,
MB-2d60864349e3,sha256:2d60864349e37bf9094c494ee89054c2441953d6e84de555aaeb76f0bf2947ff,no_edit_found,
MB-2d61a151bdaa,sha256:2d61a151bdaaa8f783f070214b2b8a2c713e1943a21c93bdfd42d387e1adef16,no_edit_found,
MB-2d6fcb593dce,sha256:2d6fcb593dcef5f7e1653f851c8631fcabe41c1a9bb00e1dda0bc9e2ecb48307,no_edit_found,
MB-2d7d21f63d3e,sha256:2d7d21f63d3e5c3b58c420907cff9e645117ae18d9549aa7ac0720311feadb59,no_edit_found,
MB-2d8420618c89,sha256:2d8420618c892aa295d319d045d938e97a4592d8ba08657064075e207b3e39bd,no_edit_found,
MB-2d88ba1211f4,sha256:2d88ba1211f4dcbf06efb3b1f5542db7dc7dcb110b7394c47ab681b2e437398a,no_edit_found,
MB-2d8fd2254263,sha256:2d8fd22542630f6d645f919a9a0f9b15452b82ed7f11ab7f16bb976d9969fb8a,no_edit_found,
MB-2d98336ef06c,sha256:2d98336ef06c136d85257bc22e50dfccf4f8d8941e3ae203b2a7cb08fb56bc5d,edited,invalid
MB-2d9aa1a68b12,sha256:2d9aa1a68b12911c49c80bcea4a382bf4e580f17282456e1fa77b9078690fb9d,no_edit_found,
MB-2d9cd35d9328,sha256:2d9cd35d93288916f1852ec113229b40a4906c2d9d2fd1264ffcf8fdbd5dd30d,edited,unchanged
MB-2da554391b5d,sha256:2da554391b5d4b260f7105fa5d4f2ef03b2d055cc73002710287f57bfa087da5,no_edit_found,
MB-2dae6cf001c0,sha256:2dae6cf001c09ddbf71928731cdc9324370204c421451b1212dd2067a89b5b42,edited,unchanged
MB-2db00edb0ed7,sha256:2db00edb0ed740566cffc99708ccc92445f6c60224d779a7e494337f7a87da3b,no_edit_found,
MB-2db37929d2b8,sha256:2db37929d2b864a490e991284e7268ca16d857579bd3ef367571919c7b050ebc,no_edit_found,
MB-2db5e21be09b,sha256:2db5e21be09bba40bc2fc62bd1101e54fb3c12b2f3f0387e183d36b8da81ed59,no_edit_found,
MB-2db9f28b69db,sha256:2db9f28b69db08cc09c59f192d6653932d5a99e925b698fcd75ad7e532e81d1a,no_edit_found,
MB-2dbf29fa4187,sha256:2dbf29fa4187dc2c2d33986ec136035c1f29c3e59ff9bc76e7805db3737ab36d,no_edit_found,
MB-2dc3628d0c29,sha256:2dc3628d0c291e4400547e7ee6b13eda5551c4adbe2e94c97ff1226549dc606e,no_edit_found,
MB-2dc5ffc3c88f,sha256:2dc5ffc3c88f23ea6b7bd51a286bc14cf57770ef369ee746ac0f581807860589,no_edit_found,
MB-2dc8b97c6ffb,sha256:2dc8b97c6ffb46a813b0f12067fd0f18cccb9d9d6a6998016a92f50c6146fb47,no_edit_found,
MB-2dde62e422f7,sha256:2dde62e422f7c4f3fa33df8c9cfcb0ecf5e8dd153edae2a24693e79c20cc7901,edited,invalid
MB-2de3a0530dc8,sha256:2de3a0530dc8e4323bc1a45a60485feae9dd9516f7b9dd4469711b640aa3bfab,edited,unchanged
MB-2de4eb684dcc,sha256:2de4eb684dccdfe6a4d6d9163af5cdf97fb8f4c423377c861a56a42a48c6822a,no_edit_found,
MB-2df7bd6287f8,sha256:2df7bd6287f8f30721cb3c9a018dee38150bbaee0ca909ec1c0e19b18391d256,no_edit_found,
MB-2dfa66fbbef8,sha256:2dfa66fbbef8c6e7f554cd1a40af8052984f59695ecca9f0dbf1c3480dfc982e,no_edit_found,
MB-2dfade2ca4ea,sha256:2dfade2ca4eaee7555e19816f881018739552a773e8b384b54c9fa1f1c782b8e,no_edit_found,
MB-2e051497f356,sha256:2e051497f356cd974fb883e0940ef27c3c8105c0614e480e8187d2f63f86739f,no_edit_found,
MB-2e0fe17073f1,sha256:2e0fe17073f173c90ed445d5b285e1d07f3cb04210a5d88bb914e8263d7b6f69,no_edit_found,
MB-2e1122ca8a29,sha256:2e1122ca8a29f7df2317da3b3b12052b687663c57c742a0191d9e4f166254863,no_edit_found,
MB-2e1df02fecd5,sha256:2e1df02fecd5b83b2db866e76cb79cb2998a1eafaab5d3160a2cd59d17de667f,no_edit_found,
MB-2e2f94a380ce,sha256:2e2f94a380ce558c0680d9ad55ccac44d5bcd4d6a8a655805c2c49487605bce5,no_edit_found,
MB-2e3506128c77,sha256:2e3506128c77f586eaa6d87eba41c655f9b5bb29d4b95cc2dce25481cdf7fd41,no_edit_found,
MB-2e3a17de01d6,sha256:2e3a17de01d6f25af4ed13c576670a89ded57f69824684970fa47305e9710612,no_edit_found,
MB-2e52ca2064d9,sha256:2e52ca2064d96eb1014edc6b7e7b6ccbb5e01a57d74249da2a2f8bc63be59ad8,no_edit_found,
MB-2e564a89ce2a,sha256:2e564a89ce2afb6cda95571f320229ff7a2e534b4071168e7a8ea5b774a389c3,no_edit_found,
MB-2e5785843759,sha256:2e57858437590a54431c10fb74acbb7d858c086f6e34a6e1881576d618e8e544,no_edit_found,
MB-2e5ecf2b5899,sha256:2e5ecf2b58996b984bc5e5bf2e0bda9e39d0f44d763b4e362fae41337ffd3ef0,edited,invalid
MB-2e67ae631340,sha256:2e67ae6313409af7053dd9c82186bb5250828f739f1b486322dff86cad87b5d8,no_edit_found,
MB-2e681f86ae9d,sha256:2e681f86ae9da55f8a6694030ebee64b103f3b5edbe5c3682daae2532ffb4598,no_edit_found,
MB-2e7176042512,sha256:2e717604251200fcadd90085b77a1303ab950d6de0a1473c82bb04f0d919a825,no_edit_found,
MB-2e7c3d140d3c,sha256:2e7c3d140d3c79eeaa543542d16ebe182a6d2d358aeda86a12766d93298e6a82,no_edit_found,
MB-2e7cf6678537,sha256:2e7cf66785379df065f1507a690d99be8d58373b24a15be1511475ab4e8f823c,no_edit_found,
MB-2e7dbb0480f5,sha256:2e7dbb0480f550541fb1f7041736a0941663565c1e4b47c5e8e304bfd5606744,no_edit_found,
MB-2e8467a95f76,sha256:2e8467a95f76a10e95cea1368a1710e3edb46ba659c4d5047ccdc29dac3fdf12,no_edit_found,
MB-2e89a9ef0d5b,sha256:2e89a9ef0d5b2fa88e25da9fdf5bfb2546883645544d07c670346e3e77ffeb46,no_edit_found,
MB-2e8c06d54d6c,sha256:2e8c06d54d6cc30af76e353b8671b246bcb8680e575bab049a6aab8d5703dc54,no_edit_found,
MB-2e8f59e976b2,sha256:2e8f59e976b2c5cd77d4c781e4b8b7680a63c399c14843892e966c3ca4c03287,no_edit_found,
MB-2e99de1e2b60,sha256:2e99de1e2b6065a0876e7d98daca9ce927e7889a96f3731f3c1279ac2eb4f1c2,no_edit_found,
MB-2e9cf57381a7,sha256:2e9cf57381a7bd0f702fbc13f640779c6f1075cd31ee4d0631591f93840d5b39,no_edit_found,
MB-2eb1957e21ce,sha256:2eb1957e21ce7d58b8b1b9b7493a27e88fff74204913e7b15adf09a309b81671,no_edit_found,
MB-2eb95abf4158,sha256:2eb95abf4158f37d190f5a4e6387163d00eb55e546b61031df3590cdfd7e3f14,no_edit_found,
MB-2ebb4bacd899,sha256:2ebb4bacd89981a5905d52b68e02b7082a3990c15edfff3f515c3182bbf431df,edited,change
MB-2ebc0c49a6e8,sha256:2ebc0c49a6e8c598a53d54003a6b4e9a8dd75afe97295cea306de4ff15a52d1a,no_edit_found,
MB-2ece0ee53587,sha256:2ece0ee535875b38466d4cc124daa5c0d75bf90442d118d6c8f72e73d7950bf6,no_edit_found,
MB-2ed67f0f0ba5,sha256:2ed67f0f0ba5606722bacf3a4293a4cb311dfa28b4581f7a2be9e15c76704434,no_edit_found,
MB-2ed724c5c7e3,sha256:2ed724c5c7e39a28ad76af5d9078ba570b0914f446e208c940712aca92889bfa,no_edit_found,
MB-2ed9a77884d0,sha256:2ed9a77884d0dc7e926d7a730a70755faff57aac778579d15dbcdf729f34afe3,no_edit_found,
MB-2edc5df92e3b,sha256:2edc5df92e3ba1d385241e7fedf47e70b996ff15c605b7a2f08f1e59f358ce30,no_edit_found,
MB-2eddeb6f30ee,sha256:2eddeb6f30ee92258353cf00b57b906287996d0f12e85ef3d5e73c9faf98390a,no_edit_found,
MB-2ef0a8cf6761,sha256:2ef0a8cf676143999d40ffc1b10aa45e4ea5d40f9947076b9d9e1c91ff58baa5,no_edit_found,
MB-2ef0fcf6c1d7,sha256:2ef0fcf6c1d7b7beec462e9d1f4e4bb8c2f3bf02b39d8676905ed1ad7ed059e1,no_edit_found,
MB-2ef117a3cb39,sha256:2ef117a3cb39d3273b1bb0e0d8faab8a44e4afd86db7c288a97bca1d4d516b99,no_edit_found,
MB-2ef55c6ed608,sha256:2ef55c6ed6088784c4198e156ae0c117955b9c945f8e4a47707c8da987a7a294,no_edit_found,
MB-2f018c22f8db,sha256:2f018c22f8db712d5bede7616f52c2053fefb6a8c74d8b60d84a3874ca6e6106,no_edit_found,
MB-2f04a702a688,sha256:2f04a702a688c0850eba0373967b8dad809708f3789c463fb08992b7156c3ab9,no_edit_found,
MB-2f06cef4cac9,sha256:2f06cef4cac96282bc2aede1b9e5350cca4a55c4d630cfd8984563a24323baff,no_edit_found,
MB-2f07401056e4,sha256:2f07401056e4aca337f9ccf1bb7ece17d0262d33284045e7da505dc675eba3fd,no_edit_found,
MB-2f0c4af541dc,sha256:2f0c4af541dcd84c459f607fa18a5e31b49ab520b7ae3cdcc8ac54f7efe0c943,no_edit_found,
MB-2f0c796dd01e,sha256:2f0c796dd01e8936977361c14a88a8f1cc71a703cea2a337243757800a1b7f06,no_edit_found,
MB-2f120bbfa86d,sha256:2f120bbfa86d8355123b09397ffc5127b6f90eda894ed70ef8fd6b6d49d34b6e,no_edit_found,
MB-2f20e5d2c00f,sha256:2f20e5d2c00f822c0578bb433f493d4305a89c5e6baa84d4b165e4524d58db24,no_edit_found,
MB-2f26db9ea11e,sha256:2f26db9ea11e99f4a4736ad884f706466f6d36ce2ce10d341604a4b44ef3ba67,edited,unchanged
MB-2f2b67521e00,sha256:2f2b67521e006f37dca5a7cc2ad470ead1dbf0c4b5446cddc627a139ce8a574b,no_edit_found,
MB-2f2e0390a944,sha256:2f2e0390a9444c1e5e72ee21d74fb50646e2c4747ba33ddd7c3bc74b552b1c70,no_edit_found,
MB-2f31a456237a,sha256:2f31a456237a7c254cad8a29d7eb52feebe76ed19673c287d1cdb3f8634e5b05,no_edit_found,
MB-2f3de5b519ff,sha256:2f3de5b519ff0cf4849154e095d63179356c02c9c80efe23f436805a474deaae,no_edit_found,
MB-2f47394f2f25,sha256:2f47394f2f250210e09cb6f69664626415b449bb10004e33167f396cde6fdc37,edited,change
MB-2f578f033a36,sha256:2f578f033a36d5cb9471c69060f7a6c472c9d8c0955255fbf8b132b796568656,no_edit_found,
MB-2f57958a621b,sha256:2f57958a621b4ab2dc4bfa0299f127f7ee075b675ecaba22cd221e929482525d,no_edit_found,
MB-2f5a1d23dcf8,sha256:2f5a1d23dcf8a6504336b957456172b14c9148c8d7d8d67e1e85e1ee1067d86a,no_edit_found,
MB-2f5dd5fa8c72,sha256:2f5dd5fa8c7230c90684b60d59f6d2ed78aefc4529f9e9599475604483344588,no_edit_found,
MB-2f63124c05b3,sha256:2f63124c05b36af9badfe940f084909d23b9aa385439ac283e3c5fe1085eedab,no_edit_found,
MB-2f69fe83f647,sha256:2f69fe83f6477131aa05849864ee47f54ebb5ca8bc442b372c2bcf1b1344af71,no_edit_found,
MB-2f797ea035d0,sha256:2f797ea035d0affb4d8ee954531190337a4168aaf2b2973885b8e031454c7c99,no_edit_found,
MB-2f7ce3a5c72f,sha256:2f7ce3a5c72fce0751ff56e438c35124382a7b2c130c30e7ecd2cd96d72153fe,no_edit_found,
MB-2f8384765781,sha256:2f8384765781f84a7257f0e516725698d1e8f1d87d0b8cc7e3a04653ffb0904f,edited,change
MB-2f86398868ad,sha256:2f86398868ad4544fa324c781f36e035e3e63c74880244e625fb00f1a8179e2c,no_edit_found,
MB-2f865400a997,sha256:2f865400a99756a92ad2bca56f9ed88da2307cfd5980e5b66cb4f082bd2e2f62,no_edit_found,
MB-2f86b4e4ce13,sha256:2f86b4e4ce1327119f068992d6637d611ce62adca7c1998ae8e5ffa2f434e50f,no_edit_found,
MB-2f8a4238ad90,sha256:2f8a4238ad90850329f9e158a4b6c0dac1d56c4b8e3cccdfb214a487846a0754,no_edit_found,
MB-2f8aaebe3fa8,sha256:2f8aaebe3fa84f052c96981c781a3a71cff8872676cbe312c4775829a54d185c,no_edit_found,
MB-2f964244069c,sha256:2f964244069c20afab53eeab14d30adafad3600a3b52ed34a40cab0cbee284b2,no_edit_found,
MB-2f9abfa8353f,sha256:2f9abfa8353fe292ee05c79b0e1e4fa027647590a42cb4828ea58783d97e25af,no_edit_found,
MB-2fa57b20cd43,sha256:2fa57b20cd43f5158eabab963b9a2da73f0ab69cbd7a392e8edf2e36391e088c,no_edit_found,
MB-2fa73ab4630d,sha256:2fa73ab4630d7be11600df46669938a0b49f06d8c69fdfe11e204b1e66973ea0,no_edit_found,
MB-2fbb932814dd,sha256:2fbb932814dddf97dbcafe1d1986ded4eaab9a7d9618f671424767ec17641a7c,no_edit_found,
MB-2fcd63d1f519,sha256:2fcd63d1f5197c2ecaa725f46b1f2b5a77945b28c62720a04b14ab87ad51667e,no_edit_found,
MB-2fce9a0efe41,sha256:2fce9a0efe41f2ea2293460675169fb857c1629b3b68f0a1fea6feb99762ae88,no_edit_found,
MB-2fceb12e27d7,sha256:2fceb12e27d7cb27182cc0275405f71d9daef0253b67b82847b1d7148c44b978,no_edit_found,
MB-2fcf79ccb8b2,sha256:2fcf79ccb8b24e7558f64a3aae950f358b10c6be8b49ed6303e100840a6945fb,no_edit_found,
MB-2fd1fb049083,sha256:2fd1fb049083a8213bbc6b432ba50a6a03e3b7e6784b11ee3d428e4828f94fff,no_edit_found,
MB-2fd6a840c90d,sha256:2fd6a840c90d9217525cd309708551aa3ddb2466d47ec6225ee0e062752142a4,edited,invalid
MB-2fda5fd2b05c,sha256:2fda5fd2b05c7d815705fe522bf737069f4b87afe8487e9e1de265a374f5d533,no_edit_found,
MB-2fe398a27c31,sha256:2fe398a27c31f40d0a509a717ddb0575d8e0072e989d5e7ac0d977a666d7800f,no_edit_found,
MB-2ffb30edbddd,sha256:2ffb30edbddde72df9ac363655ff0e599e331a97e040c552be281fd1e2a67c24,no_edit_found,
MB-3006e0a38f03,sha256:3006e0a38f03523bb2310ef9f4e6d8f379ab58fdeeeef7acc427413ebc592183,no_edit_found,
MB-30294fa61d5b,sha256:30294fa61d5b1f7796ee1c0d8af25dbe0612fb9b1ffd491ec2fa83a2ba99e4fb,no_edit_found,
MB-302ca1e92e10,sha256:302ca1e92e10f27d0eca692fe5f048ebeec655cb61652cef7c1abf9137d9b8a6,no_edit_found,
MB-30403fb922a2,sha256:30403fb922a299d19e8f19ef2807427fb722c9fd394bf92de0bd2d2a83290d53,no_edit_found,
MB-305ab1a78b96,sha256:305ab1a78b96994f129877585d687f53b4d9b36ba6444ca3aee4c96d8f7dcc8e,no_edit_found,
MB-30621b8aa697,sha256:30621b8aa6974d355b478b142c7fac4c6f7a6906b87f8521f3245e1dddda180a,no_edit_found,
MB-30639f4a5243,sha256:30639f4a5243db427d2a662e846a177500d152812c534d6afb702ddd542785ca,no_edit_found,
MB-3071620d84fa,sha256:3071620d84fa2409aeb7f907e1f4b753369f8087f76b32f7dced95c4a2b5820d,no_edit_found,
MB-3074de6d9bb8,sha256:3074de6d9bb8912d81276f5e04d0f67dbbf95761e993fb9ec66b37a87ab5d5ee,no_edit_found,
MB-307e93967048,sha256:307e939670489ee659e5bee0013aeb3b50997c52fda3dfff6c2e2505554fc67f,no_edit_found,
MB-3082c97fc28a,sha256:3082c97fc28a0051132989fe8e05c7ea89b44c64823a9399f9bd0f5c7daee0fc,no_edit_found,
MB-308f72c32e92,sha256:308f72c32e92ae57354339a698d5d27e42d6a8f5d7bcaf3b35a19aee14a6bb54,no_edit_found,
MB-309d700ae22f,sha256:309d700ae22f2ffabac13af04987e9771536f0152372fb1908b7c687a923f78e,no_edit_found,
MB-30ae84a0825e,sha256:30ae84a0825e9f2532e812ceaee3810bf94ad078b14400a14e6c990edb291948,no_edit_found,
MB-30c3ca86a862,sha256:30c3ca86a8627e927f441adb8ab6326f880adee921bdb0d23c3d7f84757f52c9,edited,unchanged
MB-30d87505c695,sha256:30d87505c6950960ae290423b8a81fffb3b89376b42b839fbce670ac065ad752,no_edit_found,
MB-30dc9517e439,sha256:30dc9517e43935a59dc917fb3b7d0201a978528e6ce618d0ab030cf8800cb77e,no_edit_found,
MB-30ec3af84c4a,sha256:30ec3af84c4a01674d133449ebf0ea061e9cf63ac8c2338ff2d62f05d762e6b1,no_edit_found,
MB-30f240c6315e,sha256:30f240c6315e76bbdfb4341f92edb22a9ffe044bb7794579e72ae64682023393,no_edit_found,
MB-30f62606bfad,sha256:30f62606bfadba06634f22eff7ea021610d17910eb6a496d42a8f1eb5193728f,no_edit_found,
MB-30f9c60bc036,sha256:30f9c60bc036007674b4b8c0aeb4cb831cc1c31bd08458bb329da4acc886a230,no_edit_found,
MB-30fc5e7eb80c,sha256:30fc5e7eb80cd302c454afa0ee38c7b67ad6ae34a33959392eba7ad23d0df928,no_edit_found,
MB-30fd7332fa23,sha256:30fd7332fa23245d58d051714062fca9be2ffda1d01dd895346944d5cac4ec38,no_edit_found,
MB-3107d59a3929,sha256:3107d59a392991b522c557ca65ec0eccf1df2bcb1a675bdfc0f62c390464aea9,no_edit_found,
MB-31083c5ef40e,sha256:31083c5ef40e13788eb9e3319805429e15611efc6daaec21611dbec95928bdf2,edited,invalid
MB-3108967b0872,sha256:3108967b087254326016c2dec14d9d0210ae4f8addc37c9d2714ba6900f5ebbc,no_edit_found,
MB-310b02fe2773,sha256:310b02fe27730a2a0eeb89b9481853a4ae86f30ab81da8d922abc5335b14d5e3,no_edit_found,
MB-310e4b221a29,sha256:310e4b221a299b156a8e4e45bce278bf711cb1d1f0134c769e777953ecbf6519,no_edit_found,
MB-3114ab3d3a30,sha256:3114ab3d3a3002155b70243625cb30def43d0137e9a0691b77695fb87ce20e0d,no_edit_found,
MB-3119ceafb161,sha256:3119ceafb1610bc7cc4d62a84c69142b82ac2deec25edd1d54db675256a5935c,no_edit_found,
MB-311a559f79d8,sha256:311a559f79d8e7b335d4db7e7d9c271bd5a2ee3e24f5d970ab1c0d58191a89c7,no_edit_found,
MB-31301e3bdfaa,sha256:31301e3bdfaac7976b72425bb5afcb1974ab0d879a956644bfc0954cfb50ba95,no_edit_found,
MB-31332b3760fe,sha256:31332b3760fe27e9c410ce16d62509fc2e97e7dbb65417ca139da62f7c8eae89,no_edit_found,
MB-31399e642e62,sha256:31399e642e62bf2d8fdc2cfa384f5f5a8eb0e60a5a67de1347042c44ec38c6b1,no_edit_found,
MB-313aaca098b4,sha256:313aaca098b40e1b09f609d83885cd4c060629edfe46048b244d57d1fbaa4bc2,no_edit_found,
MB-313ab6d57eac,sha256:313ab6d57eac210c22127e0ceb7d2712b5aa9851121368ce4b6268414b87f147,no_edit_found,
MB-313c628f099d,sha256:313c628f099dd85b1b352045c61e4425ffcfd27e8ae0a02cedcb06cf36e49525,no_edit_found,
MB-313d270a8d1d,sha256:313d270a8d1d19f4f52ac6373e2badb8d1cacbbbe550b8f7336fa50c5f9e20a6,no_edit_found,
MB-313dddc6f4f7,sha256:313dddc6f4f72ece4830366061bfca5e39c32ed5e1926627a8443b8e09d0e5bd,no_edit_found,
MB-3144514e0ef7,sha256:3144514e0ef77f881a0473e063959db41d30e8c9471587cb94dacbd35d0fa8df,no_edit_found,
MB-3148e7e200d1,sha256:3148e7e200d1d6bf8a12d2d696502234920e448e8193352834813a37430e7bdc,no_edit_found,
MB-31815a7185d9,sha256:31815a7185d99b20e74240819334092b9ecdb785e73f27ea759677914024c681,edited,invalid
MB-318ac06cd856,sha256:318ac06cd856f63a9d3f134ef508d402613e336a87865e7957f470b263fbf17e,no_edit_found,
MB-318d5ba3b8b0,sha256:318d5ba3b8b0be02c466ae2274f9c20074694220c322eba262794415f0c92bdf,no_edit_found,
MB-318eade285a5,sha256:318eade285a55e500409fa48d05b541d118b6cba0baf4a2832188c206e4ec48f,no_edit_found,
MB-318fba16d061,sha256:318fba16d061b16d60fb20dcc0adedc570bad8e8618d3bc805fe7bd938849f88,no_edit_found,
MB-319e261bad00,sha256:319e261bad00f18926d4518bb160ae2e4fdf3d971a4a39602ed64d2468571095,no_edit_found,
MB-31aa27f1ec18,sha256:31aa27f1ec1891c209f59a9bb2f0e5c7fe71b58c5daffb968726ff55e67b3386,no_edit_found,
MB-31ae70b109fe,sha256:31ae70b109fe9e05ee5b50572b570abee83a84097a8a0a6c6b568700188418fe,no_edit_found,
MB-31b58fff5ef0,sha256:31b58fff5ef0d4c82b13262fed32dfb8e2d0ce49097766697239b27ecb1b4531,no_edit_found,
MB-31b81b12e41b,sha256:31b81b12e41bfbef47541734302597aec9e457ec7d6a7666aa77ab691d81c919,no_edit_found,
MB-31be971ca63a,sha256:31be971ca63a4dd60de1046633bc4f3d6f1672f7093f87b6e03ae32228942051,no_edit_found,
MB-31c3026969ad,sha256:31c3026969ad1cd1fd838a1ce27d4578cef0f2b01c134b6d9b9678988ba5849c,no_edit_found,
MB-31c5fa6ab63a,sha256:31c5fa6ab63abed479997d37188d0ac0736d44678d71a9c9776c9bc9914c68a5,no_edit_found,
MB-31ca8ac52877,sha256:31ca8ac528773a0cc140e851aded2a12a9af37065a3ff1da98a83b4ba7befc50,no_edit_found,
MB-31cc1f95a7dc,sha256:31cc1f95a7dc7ae02d1b748005c10d4d9b1c772cd8df154f38d0ba3e26d1ad2b,no_edit_found,
MB-31d0cd7ff3ca,sha256:31d0cd7ff3ca4d7c35fc79ec0b2c2d274b83723f334c4d317a87099c73803a89,no_edit_found,
MB-31d3cbdf3bd4,sha256:31d3cbdf3bd4a10f754464680988eece281890c993b93391d62a681955954257,no_edit_found,
MB-31ecfc75d37b,sha256:31ecfc75d37bb0bd3995e062e1971fbab89ceb5d46153eed81be1b4aaab4b6cf,no_edit_found,
MB-31f2e451c5b3,sha256:31f2e451c5b34298d366340ea2d96b904f54e280678dad14c23abbd666922ac9,no_edit_found,
MB-32023a00a047,sha256:32023a00a047943e1a159443b8da880027eade365483701f06fc2da84310891e,edited,unchanged
MB-3220e7f95822,sha256:3220e7f958225d242b002a88c0edab4690a0a012fac4b550b70621eedd2522c4,no_edit_found,
MB-322d793acd02,sha256:322d793acd02b390b6498c847faf788e2f1cba025e557c0f099e602d897e3c8f,no_edit_found,
MB-32355c806832,sha256:32355c8068328f2e1589520150238e8532da5a9ae0eb7e5933441e7418309ff2,no_edit_found,
MB-32387a74eb9c,sha256:32387a74eb9ca123e41e0a078ac8fa3268551ae8189fa3d1d31dbd1e19e70ec4,no_edit_found,
MB-3245de7dd5c3,sha256:3245de7dd5c34c2a1917f712af81414408abba248ece108c02df86feed66a10c,no_edit_found,
MB-324ba464cd2a,sha256:324ba464cd2acf995e5e2b2b332be122eea7a3abb684bb24a7037de603ea567a,no_edit_found,
MB-3250a5b87ad3,sha256:3250a5b87ad3416dc5a4bcaad35959a8e8585d4292354c01e3585e136130e000,no_edit_found,
MB-32594f790626,sha256:32594f790626cd37b2e93abf5cccb458ad28d8a322275d97928a3bcedfdfeef3,no_edit_found,
MB-3259adb423ff,sha256:3259adb423ffaa247ba735d9eab18cda83c1faeafdb98427408da19e2d57426f,no_edit_found,
MB-3264a3ff6fd7,sha256:3264a3ff6fd724ee599a539440bb04fc681dbb1290f63ca774c67af54905a914,no_edit_found,
MB-32697d8f8fbf,sha256:32697d8f8fbf295f18f8ebbc1d12fb37e71934827829785986d3b11dc15f2cf9,edited,invalid
MB-327a7ef11640,sha256:327a7ef1164016b25bfb7adf0a926173e3f911b09193823fe97dfa15fbee8196,no_edit_found,
MB-327b156104c8,sha256:327b156104c8c0fadfd1f5fb0c4d8d0c7e8f6fcd970c852f812795c66c9eefa3,no_edit_found,
MB-328713ab236a,sha256:328713ab236a25bbe323b1edbb8e32ce3f7e05031a8df54c88c28fbd0c1c0983,no_edit_found,
MB-3290fb374d51,sha256:3290fb374d5129bfbfdbdcf2300602c8e7fe104b82bc9e1ff7560a297ec0fc9c,no_edit_found,
MB-3292d24fdbc4,sha256:3292d24fdbc4b40867f6a8ff7c3d634e5d06aaa5c86baa17e9b033cc0798ef03,no_edit_found,
MB-32bc85b817a4,sha256:32bc85b817a4e471fe768f3d708992166eb54e3eb57a2c4edb7ff6eb7bd371bb,no_edit_found,
MB-32c6f6419d7e,sha256:32c6f6419d7e2d7dae7f6321162ef92c2f624e9bd84543abe052f52508928235,no_edit_found,
MB-32e2b52bd6e0,sha256:32e2b52bd6e015f046602147fa0a6128e5d05eb5a4e1d7912670a841c1f35716,no_edit_found,
MB-32e3e0a68503,sha256:32e3e0a685039e6d70af0f6a55d94da16080b5f56a18f61b784363d0a2b8fe5b,no_edit_found,
MB-32e44e4f0531,sha256:32e44e4f05310ada550c68d801a00339d29a90f3164b6aca8844d2fa37e2b45f,no_edit_found,
MB-32e8840c7445,sha256:32e8840c74450d5c456e48d4db7d09b59d654476b8b27779db2261e9c3aab5fd,no_edit_found,
MB-32ef3cca017a,sha256:32ef3cca017a410a1b4b5da3025130f49b7886cface90bb284864c02449064e6,no_edit_found,
MB-32f5940e5555,sha256:32f5940e5555185f511b2990dbcdf18d981417b16b77aea40c35d8a2a2c388b6,no_edit_found,
MB-3307fffe03c7,sha256:3307fffe03c7f540bc53b68deaa8af7b97e5f50a5146c94b9b735e93319ab335,no_edit_found,
MB-33088b787712,sha256:33088b7877120a2c9bf021019d610b0838b02571b0d4cd4935468f58e05ec672,no_edit_found,
MB-330ee9733046,sha256:330ee973304606b8281ccb31e7bcd96d27010089d91570cb45552f7a94855f7c,no_edit_found,
MB-3316543d16d6,sha256:3316543d16d63ded72a0ca879073a3b959a3d5c248b813ea0debf16e5d196e0a,no_edit_found,
MB-3321bf5a64ea,sha256:3321bf5a64ea8ad7a4e4705836f52714c40514845d24f9f5dbdc996d972e7bdf,no_edit_found,
MB-332cbc92b941,sha256:332cbc92b941d9fda31baedf6a10bc84f25d546f24cef67f0b1517dd214796ef,no_edit_found,
MB-332e7c1dfae2,sha256:332e7c1dfae2f696bc69d12f8dc22696ad8eddf0589be9d1d69fe59d35377dbc,no_edit_found,
MB-333cc744e778,sha256:333cc744e7780f9b2730492ebf76df0f12ccea26ce6c9659d0e0a408bc1923c2,no_edit_found,
MB-333f3f90c099,sha256:333f3f90c099c0a63342c30bd3fd7ba3ad103aebd589cdffe264660363063143,no_edit_found,
MB-33403cb2eaa4,sha256:33403cb2eaa47c1de21aa4ebcf52cc55378eb37111e8bdbc0351f6ea6b61f18a,no_edit_found,
MB-3342a2dfdfb4,sha256:3342a2dfdfb4bd9f4207b1ebeab14bb45a66057abed1cf23c02751f3a350bc13,no_edit_found,
MB-334aaf7e32d2,sha256:334aaf7e32d217f62c1e6bf4a87efc03dc493a32f79bfebc1c84d02a6355044a,no_edit_found,
MB-334b3617e3e6,sha256:334b3617e3e6bbddf814cec364ae21c6baefe8c221c3ec533f93d489a7ca7634,no_edit_found,
MB-334b5db6e7b1,sha256:334b5db6e7b1ae9d1b52f3a8384eb188db6bc370b6e47c73de10b5283ecfaeb7,no_edit_found,
MB-334f0eeb3475,sha256:334f0eeb34759df698b632338ee59f40ab33ed3e3c9de2684551a0330b593a75,no_edit_found,
MB-3354f9fe7ead,sha256:3354f9fe7eadc1c44d04e8ee32cca744c357a995caab138b3ddf7123c2d82153,no_edit_found,
MB-3361a32303e8,sha256:3361a32303e89976c87337f9b51e230b75ede61464eb0eb09f5cbe1ccab7f1c4,no_edit_found,
MB-33656d460217,sha256:33656d46021770e2d572ef5d9078da50f3b095184a300c33ffe828e7c29bdbf9,no_edit_found,
MB-33681f25d658,sha256:33681f25d6584137f5de1e66ff2582dc37886339617b4408e835da5b798ff58e,no_edit_found,
MB-336a3d0a8a6c,sha256:336a3d0a8a6c94d7cd0ffc5538dde4f25d95f00fe099723a7885e814f00e7a5f,no_edit_found,
MB-337105687d7a,sha256:337105687d7a27e01b70062750104f6e9d03650f15a76a846e1ee18635111989,no_edit_found,
MB-33720c903c58,sha256:33720c903c58545b085357767169a5ef76e128a21d452e0bb4c48d394f940f52,no_edit_found,
MB-3375e981b8fb,sha256:3375e981b8fbe3a4be08a69afada28f1b7553599c96a188d394ca2eb013ad409,no_edit_found,
MB-337a38cd2534,sha256:337a38cd25347643c10471f14c49305c6edf1197b10499fbf0e555eb1ac20cd2,no_edit_found,
MB-33875f42880b,sha256:33875f42880be06f8f60400ead937d99903256f52ced913b7bfd2604084e778f,no_edit_found,
MB-338a5ed4f0a2,sha256:338a5ed4f0a200b5ac77a5d7977482f15a466f0bc112097c98256ab22ef079f1,no_edit_found,
MB-338abad662e2,sha256:338abad662e276fd821646e4638f0cef76a636ea12359e221f5ce68bf055d1c8,no_edit_found,
MB-338c8bf93426,sha256:338c8bf934269d2a8c423ba036241b1aa1e4cb7f74f386f740a388c98b37fb7e,no_edit_found,
MB-33987a6e4c55,sha256:33987a6e4c55639d9d94d71ae0b897d38772a38ae41db892167685c01832e08e,edited,unresolved
MB-339a65ed7900,sha256:339a65ed7900011ee33c6a24ece944ea6f8de1ca5a9265a93a578fe12a3bfb35,no_edit_found,
MB-33a2574c0398,sha256:33a2574c0398249963388c44f05de10dc5aaba1893c8262d3800e6db0174fa95,no_edit_found,
MB-33ac686d628f,sha256:33ac686d628f7ce0853c6def9779ab6d941d761d4ed05d5a056a1a728a8e6c5c,no_edit_found,
MB-33b423befc8b,sha256:33b423befc8b5282a5ebd3d51df9fa1a8ba44ddf9e24a571ba79afd7d099edb8,no_edit_found,
MB-33b7d0e2449f,sha256:33b7d0e2449fc980134eb51ba08b5eb2ef323b0b2e995e23c63c892a3cf61bb6,no_edit_found,
MB-33bbfc529b91,sha256:33bbfc529b915a89d75d40607291ba2c63f624909f193c424ba2da088f58c67f,no_edit_found,
MB-33c67441307b,sha256:33c67441307b2ffc01bd84bac67e1ec095747e661356e9fa9ee0329263a89348,no_edit_found,
MB-33c97eb2c8df,sha256:33c97eb2c8df2be2799320f83785bf4aaee81f5e0cc4bb7ab267ab4a9eef05ae,edited,unchanged
MB-33cc45665fe9,sha256:33cc45665fe9f513182ae01e82e93dc7de5e25b68cbbc6be4db019152ac9c888,no_edit_found,
MB-33cd54f19a54,sha256:33cd54f19a54c43da802d3aeb27e0826117a997537cfd369e65a363e87b7ab4d,no_edit_found,
MB-33d05e434002,sha256:33d05e43400237cad0a3ddd63ae4110c1b9c5cedaea775dc7d3de8bce91649c6,no_edit_found,
MB-33d31ef048e5,sha256:33d31ef048e5980fc41efaf4e48e58842a5c727b3bf33559b84487db126a2669,no_edit_found,
MB-33d4dd08f579,sha256:33d4dd08f579ba4d42ef14f5f1123adeb6a44bee339cc3aaeb9c6b736a255e54,no_edit_found,
MB-33ea37dd7454,sha256:33ea37dd7454f30653a246b07e0b674e0219a3ecc1efd6eca850700223e44a95,no_edit_found,
MB-33ee019bc12e,sha256:33ee019bc12ec0986119dbf51160dc86cb16555dea1a4a6a44032ead666fd03e,no_edit_found,
MB-33f8a455a8e8,sha256:33f8a455a8e8a2b2d5d470d3b889f8a9bbeec896bb958a515eb46d31132ecc4b,no_edit_found,
MB-33fbd263d93e,sha256:33fbd263d93ee67c55e4f76db51ef682a0574b372b6d9323e508b2acdb614b25,no_edit_found,
MB-34082fbbd807,sha256:34082fbbd807adaa330e369e20132ece87ce45c7fa0c854a91caf937f451051e,no_edit_found,
MB-341467061512,sha256:3414670615126425ec40dd3d68e3337621062aea1b38dcaa029d730fc1377c51,edited,unchanged
MB-34188c4aa732,sha256:34188c4aa7328ba198bf2a403d4d7bb57d3650b6e51846ac7295c5e61ff15aa8,no_edit_found,
MB-341e4a67df96,sha256:341e4a67df965c5bb04bd0d92e64b6ce5dc2ffed4f61804f838ab3a9d4926c32,edited,invalid
MB-34207014e4c1,sha256:34207014e4c12d710a18089971b8c9c45a83d282de8c8ebfe8dd3803dad8b951,no_edit_found,
MB-342120f42814,sha256:342120f42814e86de3d16818884538b51dc4a8afdb0b7904cd10b92e3225c5ca,no_edit_found,
MB-3421fef0faca,sha256:3421fef0faca114421ca8b68af209b4a1e9aa1bc02d18633e7ce5bfb6f5c4fd1,no_edit_found,
MB-3422a0139a74,sha256:3422a0139a747b22ca67ae95b287f20c4893bf3d657fdfbae2d2727692058304,no_edit_found,
MB-3422fd18b2fa,sha256:3422fd18b2fa645e84dc112ec381edf846ccee0c4f1c43fe502a798dd551d1d8,no_edit_found,
MB-342738a0edd6,sha256:342738a0edd6bb2fcfebac3712e0b2d64b352d791017c73a5dc58d4c0cd04683,edited,change
MB-3429bb0f5173,sha256:3429bb0f5173d05f96d3183a904c2dc9eee3deef419fa629eb68e7a0a1a764cb,no_edit_found,
MB-342a035b6db8,sha256:342a035b6db8ab809cd8ec5bff8b9a6391c3175fdfb02bb96d4ef02d2e59f58b,no_edit_found,
MB-3430051bbb83,sha256:3430051bbb837a38515b57c4dc4ae45d8d7fcd5784490c5fe6876d8395be9dbe,no_edit_found,
MB-343362c22888,sha256:343362c228884d21c6aa900f047d675884a54a5e71cbd287e40f819915fc5d85,no_edit_found,
MB-3438edd8e490,sha256:3438edd8e49069e5d19108860c4ba275ce232333b6f59cc8621ab6b6d5bb76b4,no_edit_found,
MB-343c9151af13,sha256:343c9151af135211ed9b6cfa13321294f95f2f67bf630441fee134fbe2e22eea,no_edit_found,
MB-3445b47c834f,sha256:3445b47c834fae841c9b939dc1a68a8539cc6d5ad2ec4d1efa72f89eadca0ba4,no_edit_found,
MB-34529b2ffa5b,sha256:34529b2ffa5ba7027c34977f897bf94a26479b4771c190f0a3c082b8a551e911,no_edit_found,
MB-3455cdeeba38,sha256:3455cdeeba38b584bcbd7de605265032cad51ff9c15cc6a88933fc4ffb1dd849,no_edit_found,
MB-345d8a4ba3fd,sha256:345d8a4ba3fd14434adf20ed299af99d3b21f391a731ac25632a189e50e14820,no_edit_found,
MB-346145a880f4,sha256:346145a880f48487a7b0eb5050c99f03e0ad53ceba68cc1ed96e33c0d69f1a9c,no_edit_found,
MB-34629a796f31,sha256:34629a796f3164cef8e2f1385c6143070487ffd72f5b1b8cda07ebd403639b3d,no_edit_found,
MB-34708e6d9e90,sha256:34708e6d9e9086346ae5703626188e61e9bff1af8dfbeec18f3cc29723aaf489,edited,unchanged
MB-3499b08360ad,sha256:3499b08360ad27b9260fd6fd83844898e274c1957752757ebb70190e80172f74,no_edit_found,
MB-34a45749574c,sha256:34a45749574cbd78aba3148785fe7bfb2601b765df7a37a4169b28ac57a7ec8c,no_edit_found,
MB-34abeadd8c19,sha256:34abeadd8c1938ca3b8a4c566021dee8efa4824930f7e9bc43bb200d0174f1ba,edited,unchanged
MB-34af792006b5,sha256:34af792006b5f3548d7954e6ded2e9a0106219482704c96134cd0feb53a97391,edited,invalid
MB-34d03dd42170,sha256:34d03dd42170c1c417ba5da7f4a35a27c18bb32b191cc07205f38156bbdde361,no_edit_found,
MB-34d904f338da,sha256:34d904f338daff672c961588b892d12f25ee0f920670519bd9bd27fd864dcd38,edited,unchanged
MB-34df60b9ec9a,sha256:34df60b9ec9a1d874ff4909bcff8690910488548e0e7779b0f78f6fffbd42956,no_edit_found,
MB-34e8a5682a25,sha256:34e8a5682a25eb829307ad3a8b1eb3b5e2dd5dce1ea772b87b60e28de3637e48,no_edit_found,
MB-34f1eab69c30,sha256:34f1eab69c30eca5976f1c86d0133aa85d5632d5638ccc37ac5d930abe080411,no_edit_found,
MB-34f4bb23b680,sha256:34f4bb23b680cd1989e8bc449a03cf1cdff124489c16465fe76b8fa801ce8b31,no_edit_found,
MB-34fef8df4906,sha256:34fef8df490697d3c624f70a70cb305dc74eef0798bec9c964edeb58b24988da,no_edit_found,
MB-35092058839b,sha256:35092058839bf84cb41d6a386d3dc39ce355e4a62d0e9bf29402b31a39dc1a23,no_edit_found,
MB-350d81dcb537,sha256:350d81dcb537a89125433916fc08d1bdf9ea17d5e713bf71efcf4c42d30ecb4a,no_edit_found,
MB-3513f825aa40,sha256:3513f825aa406aa3bbc2a6b470359c14411648cfa362dc51fbf7322f966c4c9f,no_edit_found,
MB-351627e8bd28,sha256:351627e8bd28d0f5a22c18677ca93fe01c0c81a6ac98de1610df69f8364de593,no_edit_found,
MB-351f9d860d83,sha256:351f9d860d83941a20c3e96edc42f856da16720791ed06cf4cbb4421cc2ab91a,no_edit_found,
MB-35210d4c5723,sha256:35210d4c5723f919876e4671bbd6d9e29d9132eb0142c11ef5b8a53505547ab6,no_edit_found,
MB-352ae3f2ee6d,sha256:352ae3f2ee6d6ee3712d3f4d39cadd5cafc978e31df2b99a46357b9acedb874c,no_edit_found,
MB-35365ac78bd9,sha256:35365ac78bd90bedee448c2407d42d440855fefe74b656d815cc98c0bfaa39a3,no_edit_found,
MB-35393b2c3048,sha256:35393b2c30487cd9a17655054aa3abd84738e97b7908f952e92b1abc46bf8cb9,no_edit_found,
MB-353ae48a1012,sha256:353ae48a1012ade8443b1ae68cd04f4d5b9b31ef919a6f5bde58f9d1c96cfaac,no_edit_found,
MB-354961faa4e9,sha256:354961faa4e9e04fd211ed6a51742b29fb4f945e863c9d24158fca480756d190,no_edit_found,
MB-354a9fe20db3,sha256:354a9fe20db3652a080c69981972ba7d957d88a56c8cfddfb3184f438d78cfe8,no_edit_found,
MB-35668cee40ad,sha256:35668cee40ad7981b2e75965d7aee6c997655c4f04b0d8d5b01cf80d1579fdd6,no_edit_found,
MB-3566c68cf8e0,sha256:3566c68cf8e0bbb606d7393c9eb1ba101de3dc1f65fbb77ccf4a38d14a7e47c3,edited,unchanged
MB-356759b03c5d,sha256:356759b03c5d9fad939fa27743574516baf1806cb245135cca463dba6013a6b3,no_edit_found,
MB-356b9ad243d7,sha256:356b9ad243d7bd54a77556f8605b5378847094db0069e502836a038a8dc54e28,no_edit_found,
MB-35712a276402,sha256:35712a276402afdd85f2e594d4e6402a0fe0f0e2c1ee52dc7e9ca1dffe8fed53,no_edit_found,
MB-35718bc47a50,sha256:35718bc47a50e396912f6588940a7fd4525ff22db550d01748e4f61e044cf31f,no_edit_found,
MB-357511850f11,sha256:357511850f118bce6c45b324bf584f8dd81aeb30ab4ac8b81bfd59de983db923,no_edit_found,
MB-358dc740ff97,sha256:358dc740ff97b883d2970083a8740fb25dd5cfa012992146a4937450222bf39d,no_edit_found,
MB-35936e9a0ed8,sha256:35936e9a0ed874e8cd74f3b9894081d8a26f286e8de25197f0fdd198678e099b,no_edit_found,
MB-359703e686d1,sha256:359703e686d183e78de88af75494067363256694806ecf817c23e4fba2b40c0c,no_edit_found,
MB-35a2e10ade90,sha256:35a2e10ade9041ca5efc862dc44b1e6a5820e39090179b7cd3c5a4b25821ffcf,no_edit_found,
MB-35ae0ad940d3,sha256:35ae0ad940d38e18bb4476c9e29a006c8af8e00cf5619351d8a528dd423b37ed,no_edit_found,
MB-35b9efac48c1,sha256:35b9efac48c101830091723a9d3e62c2ada1aa771c59319347e35cc9d4b84582,no_edit_found,
MB-35bba6855375,sha256:35bba6855375716d5a04f3aaba6dbae085056fd0c022d6eaef1a7221ab337384,no_edit_found,
MB-35c357cfe19c,sha256:35c357cfe19c3e703aa9f0255b1cf28c37a8ae40eb39122f06197fe384f0c56a,no_edit_found,
MB-35c3ffec0305,sha256:35c3ffec0305659412908bcdc1a703cfc42f977b101bf84b67408f242fcb57ff,edited,unchanged
MB-35ced3120593,sha256:35ced31205934320d5c77d0c1625f5edd699a1a42d665003e68e3edb482c3186,no_edit_found,
MB-35d71feccd91,sha256:35d71feccd91a6ed4e7bab811e9de68172752ce86d3880408cdb836f084daabc,no_edit_found,
MB-35d895a28ab6,sha256:35d895a28ab6f334c2c7a5dfebb9159afc84c9d7b1de361c53a19b9ee39e5590,no_edit_found,
MB-35d994424b50,sha256:35d994424b50507c034c3185a44a20a1b0449f60fdf9f190245582fb1d2fda93,no_edit_found,
MB-35eb49a40124,sha256:35eb49a40124adac8536a7e5d8b39dcec74ebefd8fcd5138ef0e896cae27c538,no_edit_found,
MB-35ecf5861f95,sha256:35ecf5861f950917b7991b97195bad296cca22404b01c1de0e7d96ef9b1b21ae,no_edit_found,
MB-35ee530d7317,sha256:35ee530d731782874093fde1b6b7027cb7b505a8c1801ab864897ff4f32c7c3e,no_edit_found,
MB-35f2433ef18d,sha256:35f2433ef18d921ff562d9b42e13889799226e50024ed3ead0a307890b475ff4,no_edit_found,
MB-35fbab9b7f56,sha256:35fbab9b7f56159fd6faa5c0b5fb882c5e16f59c83b3afacdcb1dce8e49003a6,no_edit_found,
MB-35fcf1529ba0,sha256:35fcf1529ba041af2d44863e49e4969b82f4fa22baff08df367551d4e88f8d5b,no_edit_found,
MB-35fe1e14dac4,sha256:35fe1e14dac41e3fc66f46ab711937db88f890ee96041d4f01fd5472b37bac0c,no_edit_found,
MB-3603f854a35c,sha256:3603f854a35cd14fd4703d1230f0c832c6e1ad6e2ac795b5717c158d42af5da7,no_edit_found,
MB-3614d6d52a4b,sha256:3614d6d52a4bc31b30908eea9a8013776095329f83c4b1c4002f8d4abf19e07d,no_edit_found,
MB-361d7ca10bf9,sha256:361d7ca10bf9708fe4d8cf648cd128d401cd284365cd27939d4dfc30498f4b72,no_edit_found,
MB-361de306bc43,sha256:361de306bc431aca3bd075c414a8f99cef71c8a1dc955326c6f1814ee2e2b640,edited,unchanged
MB-361e6f38f684,sha256:361e6f38f684a200eea87bb28397260bfb21b5091efa4b3b9a0d8880bd8f6e0a,no_edit_found,
MB-36283a132f13,sha256:36283a132f1349d49881fba981904d1285fda14c00e5d19406c91721e72a000a,no_edit_found,
MB-363fd2f60a49,sha256:363fd2f60a4919afc346b5019e487a18a8de112d180e6d3fc455c6c3a2b65592,no_edit_found,
MB-3643b0985c53,sha256:3643b0985c535d25c5e23ba456f9f973284089b4b796c4d3018ab9c09eea3ccf,no_edit_found,
MB-364ee6f5d66f,sha256:364ee6f5d66f8c03895a2f102b702ee78447c16e68ec0dc839a25af1b7e93318,no_edit_found,
MB-3651ba75424a,sha256:3651ba75424a41c75559713477bcdcfb6ebf68f8d2cdb592e6361703c90fcffb,edited,unresolved
MB-36563ec15e80,sha256:36563ec15e80cebe3e854b9b39d7b06248338d803e9c3f3dd7daf647fe2448af,no_edit_found,
MB-3656fc32d085,sha256:3656fc32d0855dbfa74d5819655323e7f226a55d9a2f48cf0ff904eef8c32814,no_edit_found,
MB-3661259d29e4,sha256:3661259d29e4bd2bd53c416c6be5d175f52d59d83aa5066cef3cb96362757859,no_edit_found,
MB-3661a1be5059,sha256:3661a1be50590cbe5536e7bf851cb63ad891328dc426d63aa49e4a829382da3a,edited,unchanged
MB-3670865f4955,sha256:3670865f495596e5d44e1c0dd20e25b7c7953e94d0d603c8db22170bedc4a6bd,edited,unresolved
MB-3671852d5482,sha256:3671852d5482308a2a5ddf853bcff73ac3f7f9a61adac7863c62a05f79fa56c7,no_edit_found,
MB-367190c86c49,sha256:367190c86c49d621fca10cd2f3d4b3a723d12a613277bc54d905e80e103ae477,no_edit_found,
MB-367c42eb0296,sha256:367c42eb02963cbf9396dbb1f7e7f23667b033261b38f7e1674c0ff42f8f4274,edited,unresolved
MB-3682039790c3,sha256:3682039790c323ec46fcd9e2e86a5f178049bc502698a33207001120bfc6ae28,edited,change
MB-368f11ba9214,sha256:368f11ba92143834295993b6822412adfbddef265120d80a5c17110451f4a3cc,no_edit_found,
MB-36952b87359f,sha256:36952b87359f67674528a4c14da7b664cafc30d08dee648277a1c89ec6c6925d,no_edit_found,
MB-36978a3c32db,sha256:36978a3c32db2cf6945f55b399df7b25ff34222d359eb05f3f0ea1f8cc855803,no_edit_found,
MB-369d92d82fc4,sha256:369d92d82fc4a1a9c13811cb614091267f3e4a2f409673ccf6d8dc25ba295f70,no_edit_found,
MB-36c08ba67e70,sha256:36c08ba67e708c0741d2a9bd91d3644c76273166a355709c971446fc45fa7a9c,edited,unchanged
MB-36c15039e009,sha256:36c15039e00969b5e8aee8553c6ca52d8f26212434dafe496efa3e59b6f810c4,no_edit_found,
MB-36c2dc337026,sha256:36c2dc3370264d38c65888090eac811307e4c2d44289cad6894ce7ef39fba542,no_edit_found,
MB-36c30d55d97c,sha256:36c30d55d97cb1d85b62579080429d7d4bf14918509232da4d7895c80a305fff,no_edit_found,
MB-36c3412f200b,sha256:36c3412f200b96ca71666ad26d980bc58967e4e159786d9a2baaca69b73b80d8,no_edit_found,
MB-36c593698abc,sha256:36c593698abc715121bf535e3ae550467f7f3104e42727eb554789c607c94865,no_edit_found,
MB-36ca4c58ceb4,sha256:36ca4c58ceb4b9e1c80e0f1bf5a41cbefc8ee02636283e4aeea47db69b7d0856,no_edit_found,
MB-36d36e8a1fff,sha256:36d36e8a1fff4d8b379228f1071bb2134edebe0f55f11856606e801bb8a314f4,no_edit_found,
MB-36d99dbb038f,sha256:36d99dbb038f12553b1d5a592eed2a24786496256ee4d4e051859a5744627a13,no_edit_found,
MB-36dc718f2e7b,sha256:36dc718f2e7b3c05461b997eee35ab98c8f6b90f1c5f7df03e084b741b8197f6,no_edit_found,
MB-36e384684958,sha256:36e384684958474667a771afa032f87d05215344247aa9ac587fd60cb203dbbc,no_edit_found,
MB-36efc30c8459,sha256:36efc30c84593dd1935003f72080d59b6bdd17e171db189789d27c174d90172f,edited,unchanged
MB-36f91c6c8ae4,sha256:36f91c6c8ae4ffbc56916ea901b008d732eff9bc94209ee3071a00b948c47310,no_edit_found,
MB-36faae808726,sha256:36faae808726e3486e86461d105f1ee76d6f434aad7750c3eb9b9fa68c75e623,edited,unchanged
MB-3700d5576c43,sha256:3700d5576c4381208ae5660d76e49afa9e107afba17c28aa7e35f0b742badeab,no_edit_found,
MB-3720d7de07ee,sha256:3720d7de07ee470348923166e45d909e82b0d3320c80579718b8311b5a180d2a,no_edit_found,
MB-37262aa54d5b,sha256:37262aa54d5b9fa14e19537b7d7797e464423f910257f241f2461dcfe5ebb834,no_edit_found,
MB-372980d8e2a3,sha256:372980d8e2a30c2754c0666d2e279e641af2f62ad97c5a87492ca11e30a2345d,no_edit_found,
MB-372ebc583001,sha256:372ebc583001ae1a40fdfb5c11f26569898452d943528d4487f65b8c2e4dfa4d,no_edit_found,
MB-37321b56b3fe,sha256:37321b56b3fef9ccce8edfef60056ac0f16adf1fce15c3645d761c8373247e55,no_edit_found,
MB-3734d32a0d8e,sha256:3734d32a0d8ed50788e73695bbdc362dda9b4d82f98af82d61cc9b676f32407a,no_edit_found,
MB-373ba3c961c5,sha256:373ba3c961c58c6818364d2c1587f9d86868a57c586556a80c8215ccac214b4c,no_edit_found,
MB-374d7bce9672,sha256:374d7bce967235300d0fab59797b108e1af8243028c3207790d92e04586f400e,no_edit_found,
MB-374dfbcc9ee9,sha256:374dfbcc9ee92f097b293f1ca49f0054f364ba88d629bd84345a1a4f3b85d3cd,no_edit_found,
MB-3750be80f92e,sha256:3750be80f92e237001f3fc0ee8cfb32e9013946670a78c466e6ad95ff961cdca,no_edit_found,
MB-37523f3846f6,sha256:37523f3846f63fb2d28ee749b048fee8eb1d4e6f0f6a770b8e1289232188fb3e,no_edit_found,
MB-37528fd1d74c,sha256:37528fd1d74cfd2bd3d1c11f2085ce6000095891a43dfdc726f426735ad766b4,edited,unchanged
MB-375736f9a7a4,sha256:375736f9a7a4ebb6209ca5701d331d62d5e8775b88101045936cd86897a280ba,no_edit_found,
MB-375d50d032c9,sha256:375d50d032c9ad0000407e0f3faa7d31f0eb394e420ac55258e27cadecb15f76,no_edit_found,
MB-3768559dc1df,sha256:3768559dc1dfac0ce38db166ee6760aa76034bcb6dde276a12316dc468dc9e5a,no_edit_found,
MB-3775fb903cca,sha256:3775fb903cca588df2126b6e7d04c1cd69f23fa8798fb3aeb79df26fb8616e0b,no_edit_found,
MB-3776d0570da2,sha256:3776d0570da2a45b5633b47d13f977dd42720453353dde176b04f7cdf2d0443f,no_edit_found,
MB-377867685ace,sha256:377867685ace97adf0f1768e3b27c2143d6820ad209ecd701b0abaa4efd4485e,no_edit_found,
MB-378086fae609,sha256:378086fae609bec856556a8406083cac7831d79535d3fac009005cced3a1a861,no_edit_found,
MB-37990035933c,sha256:37990035933c0a2241c0ada41ec521a109ce036699d50ac2d23aa39c9d6c35b7,no_edit_found,
MB-37a421b3023b,sha256:37a421b3023bcefcb283c30db3090e356f41a15d65c42cea5ef7ced64fd99077,no_edit_found,
MB-37a4558d19c8,sha256:37a4558d19c8a9a0e9a540c0295f9d0853b34c693fdc973dc9a465b0a2780d4b,no_edit_found,
MB-37a5a4e345a1,sha256:37a5a4e345a164032cf50bd03e3b23fa00ec82777254fb9cb7607d408b63415e,no_edit_found,
MB-37acbea37382,sha256:37acbea373825aeed564dfaecfd3d21342a2554efd4c712411a93aefb16977a2,no_edit_found,
MB-37adc7f1c53c,sha256:37adc7f1c53cef95717f6c95a625580549afbbdcfe98d7fef30b7de02258a3b6,no_edit_found,
MB-37b1fe663e23,sha256:37b1fe663e23f4e7e6195fe1e2739e28848a38ebf29aa823d454cb0fcecd0f52,no_edit_found,
MB-37c7e232f65e,sha256:37c7e232f65e6ae9b484baececa6933b68f2bebd6736bd59a27c121a3a130da9,no_edit_found,
MB-37c943df2de5,sha256:37c943df2de542101749e92f98c4a380106f2a389ee649aa2514607d299cd39f,no_edit_found,
MB-37dad8f4d952,sha256:37dad8f4d952c1eba56c229623de5ba2330c78fdac0a29308c629169572c9af7,no_edit_found,
MB-37de4773f527,sha256:37de4773f527f889d0368295ad55603675098e551ccb11f1f986dd800abb506b,no_edit_found,
MB-37ed1c24755a,sha256:37ed1c24755aa4e7d80d4dd63292275c7720830cb6be68b11fcc27cbca016ddf,no_edit_found,
MB-37f3d5eb86f6,sha256:37f3d5eb86f6f927c7c9b5e7f76afda0855e76cb761439266898690f9a34e42a,no_edit_found,
MB-3805182c02de,sha256:3805182c02de395859f3b2a23035e1b547eff02e71fbad502b6ccb6d3970f164,no_edit_found,
MB-380b4828a3dc,sha256:380b4828a3dcf7d9144ed3149f8934c92bce3058a9d6e880a5d588caaab19758,no_edit_found,
MB-380f09ff4754,sha256:380f09ff47542d3e16fa91863ec0b85822072d8235c63143c0b3b8d1deae911c,no_edit_found,
MB-3819f6ffe9ec,sha256:3819f6ffe9ec8d37e34459203140c719e0a5ba1f8bcbc1d62ba13382c109e223,no_edit_found,
MB-381dad65587e,sha256:381dad65587e10d16e54b27a1a5f1754585b6896a106856d476ba54fed40456c,edited,invalid
MB-381f991f9697,sha256:381f991f969733f5267c22cad5185b8609a5b73d74ca9bf6725558bebc72fd50,no_edit_found,
MB-38209900b8ef,sha256:38209900b8ef35db84d71b5397e79e9fa1059c8d68bed4e48cb6674f6c6ea951,no_edit_found,
MB-3824add2d984,sha256:3824add2d9846d0d247f016fcc6256c2c98ac78b75fe6889e6cfa9e7c42962c7,no_edit_found,
MB-382f05930a1d,sha256:382f05930a1db4e784c5553f696c3bd36f37729228e20667abfb522f7a3b86e7,no_edit_found,
MB-38358691e5c4,sha256:38358691e5c480bd724979cd7c23f10b8b419606fb6d9b31c205057235512086,no_edit_found,
MB-3838e8fc6f42,sha256:3838e8fc6f424f3e410f1b4c15c3044894f96202ffaeb324013382eaf3720466,no_edit_found,
MB-3838faec083b,sha256:3838faec083b744606a04a6669449eff1fc67650ec5b52a76a9ee881778a716e,no_edit_found,
MB-3843b218a5dc,sha256:3843b218a5dcbc8e11d643686e9ea4aa78a7d6d74122e2d2af452fff59b7deae,no_edit_found,
MB-385b68ae4c47,sha256:385b68ae4c47c23a5029e25e335c984da520585bab3a9ebc1298a92d8dd3f360,no_edit_found,
MB-385b724fe9db,sha256:385b724fe9db294da2f79d40b1eb5c63e3b68f3e5b26ef9c7f7dadc83ce5c30d,edited,unchanged
MB-3862aacbb983,sha256:3862aacbb9837badb13e505f0063a457bf03cdf179dc6eb6827476b319d01cec,no_edit_found,
MB-386437bf7e51,sha256:386437bf7e51374d2c3cf53369304532144d92e07b77269329ffeab3cd6a38ff,no_edit_found,
MB-3876535a48fa,sha256:3876535a48fa59337c06921645a0b0782518e9060747afd2e7e179919c0d20bc,no_edit_found,
MB-387994be55c9,sha256:387994be55c90253a5d79a6dfa81df712a8bd8abb71a26668da3c37dea24b2e3,no_edit_found,
MB-388a7616b1ab,sha256:388a7616b1abdf47a24a4ae0e99205ee3fdf384409b6c0d857854534b9c7981a,no_edit_found,
MB-388d9b747473,sha256:388d9b747473d4442be3db7b579fd7a8307c9bc99aa07024512336ab8b666783,no_edit_found,
MB-3894d23b7b86,sha256:3894d23b7b864031563d0c99d4e7881d8dddb0dc5a1883cbe4c9b6d3cc9ed2c6,no_edit_found,
MB-38a0de02f795,sha256:38a0de02f795745f00d31e3493f5add5a3f773ea82c1d17b7372e9277cb96c2f,no_edit_found,
MB-38a558115e36,sha256:38a558115e36e95696ecf35488c74d77912a8ba3364ca169b904335fe41175ed,no_edit_found,
MB-38ade8d41827,sha256:38ade8d4182727b0c4ff034b1939ef588d2b680713e1225c6c0f008aa1cf7cba,no_edit_found,
MB-38ba5f029dbd,sha256:38ba5f029dbd76b783df3ca9ebe07027ec552082a9a2dc9a53045cdd192e4d21,no_edit_found,
MB-38ba65971a92,sha256:38ba65971a922041d636534d9f090b275c0b73ea1539a5dd0d4e260b2adb0913,no_edit_found,
MB-38bd7de9b1e9,sha256:38bd7de9b1e9d7cd7cb980a2c7cca1af5af53dc0f67141a07f762fdab148ce02,no_edit_found,
MB-38c667d0b59e,sha256:38c667d0b59ee32e194855d7f26a598b53b83dbe99975b7b9b7392f3c453b0ba,no_edit_found,
MB-38cf7bc177d8,sha256:38cf7bc177d8f878a5e1e59a5bc532c755de804cbb75889eebadb7d03a874a25,no_edit_found,
MB-38d7a8c68a41,sha256:38d7a8c68a41a938cfe72a081e25075c9529db66f59e28b71bf288b404db95c7,no_edit_found,
MB-38e0ed2c52ef,sha256:38e0ed2c52ef4c8e0fad139c336d46bb8aba917dda0f8421a59144d168c1fd6d,edited,invalid
MB-38e2c656dbf5,sha256:38e2c656dbf58a4d9c3dfbdce0ec0b05932bee2261fb1b6ead98d68957baf2d0,no_edit_found,
MB-38ed3a26e061,sha256:38ed3a26e0614c8b1dc27b569e2315443c354656aca0512c8dfb7552b587b284,no_edit_found,
MB-38ef474f0cab,sha256:38ef474f0cabd6033500004e18c44fb6cdb9b5de1b401ec9f3376a922774ab19,no_edit_found,
MB-38fb7f9d64b9,sha256:38fb7f9d64b9c7bcf0e8e9b183b9e2393665095bb4bc769c1208de409d44713e,no_edit_found,
MB-38ffd719a0e7,sha256:38ffd719a0e7e89bb9dcc7119fa89e99880eca31d5a86fa66854daef10977d11,no_edit_found,
MB-3906a8b106a5,sha256:3906a8b106a59ee5bf81008dcdee71bf64e0e4818735dca5e1a7788f6cdb7b93,no_edit_found,
MB-39083daa90bd,sha256:39083daa90bdee7ba214047d2bd969b2d8971c559ecc58b4b09b28a0e00dfee6,no_edit_found,
MB-390dc35dd1d0,sha256:390dc35dd1d05549c2059447a286d16637eaf12538262981e4dc3b7ccd56956b,no_edit_found,
MB-391cc414cbaa,sha256:391cc414cbaa2092ba62769dcee6ddc8772f33ed52f7d8eb2695b64c8eddc560,no_edit_found,
MB-392031413b8f,sha256:392031413b8f71a4bf5e7c2c1e9a3329c0e09fee87d5668449706e813f20c5f0,no_edit_found,
MB-39203b3dde0e,sha256:39203b3dde0eec98a01af54cdd3e65d717d5e45fea91b6c56773965db6d08310,no_edit_found,
MB-392382c40080,sha256:392382c400809abec86bc9c591980e86e208ab4f30c5d6f77adf82bd2d0860c2,no_edit_found,
MB-3927c472dfab,sha256:3927c472dfabcb0dc34b68299b79abc134a5610dc9f658da7f53eeaa025d47b6,no_edit_found,
MB-392a3360bac4,sha256:392a3360bac439bb77ac44f1ae9f54c1ede81e8580d7fcc715081523ac46f82b,no_edit_found,
MB-3930a74e1c54,sha256:3930a74e1c544436e1a5588cb60a9e17514bb2e12210b57f1caa87e2fecb5e35,no_edit_found,
MB-393452fd9d02,sha256:393452fd9d0213e634cb76226980fe449fc12d761ca338dfbac44745b9d8ee8a,no_edit_found,
MB-393b0a16596c,sha256:393b0a16596c5362cedc2d7b00c9c70e61cc3bb275640a2f348e2f0486bb47d2,no_edit_found,
MB-393b88fcfc4b,sha256:393b88fcfc4b282044584c05ca461aeae1a84d711ef63cf5a92ebcd423e62c68,no_edit_found,
MB-393fa5af971b,sha256:393fa5af971b85abab82d967b746d39c8b643037f470a55bc06801598ac5e734,no_edit_found,
MB-393fe2f6ef52,sha256:393fe2f6ef52a528dc02738b6f84239f8148f98818a3594971b54e1b9fd51111,edited,unresolved
MB-39439304b0c1,sha256:39439304b0c1bf0feb855bacec6b9289c9dd0de8b52d59a7f60bd7bbcf97ff2e,no_edit_found,
MB-3946c20dcc8b,sha256:3946c20dcc8b2f00dc9471907bc47927a8a109bbf70429e22557a94276ece2dc,no_edit_found,
MB-394745b0e18f,sha256:394745b0e18fec0fe52abc6af880e0730abf970f8037249adde4cf84cbbd1408,no_edit_found,
MB-394ba20d3ddf,sha256:394ba20d3ddfc9c0502cfb585a3fe6ad623392d248e88734a954b56327a5fb71,no_edit_found,
MB-3953657278b9,sha256:3953657278b959022cc01224aba153cacfa78ae37604a3547da4e3d914558e96,no_edit_found,
MB-395a65e1a3bb,sha256:395a65e1a3bb2b169e469691aa002b4b897ba8305384f8d063a15c22f5970258,no_edit_found,
MB-395e96d4d1a3,sha256:395e96d4d1a37902a79bc2d694d38ecd062693c7c1a72b52eff4021ed0268be3,edited,unchanged
MB-395f85d39213,sha256:395f85d3921380e93fd0c322e28b5e62a94e833fb6c2f7b54573e8cb2b1dfbe3,no_edit_found,
MB-395f946f2d11,sha256:395f946f2d11df30fdf03e91bf7356657819a73ab2887bf6a8f71190cb0d6a5c,no_edit_found,
MB-3967705a2db2,sha256:3967705a2db223cd4a6098b94dbfef7eb80b6ddcd4d4a9f9e1d85cbb606514fb,no_edit_found,
MB-396a4d169011,sha256:396a4d1690111b7bc91012faa8393ebab8628d8dd72fd5d27e5c6c371506f66e,no_edit_found,
MB-398195282545,sha256:3981952825459fe5f4c0f75b7a3e1621f3035a76fe74c0da563db1430dff4eda,no_edit_found,
MB-3981b2ece1c1,sha256:3981b2ece1c167ddbfd232b0865bc922d81adeff36499ba2971d2505a0b45963,no_edit_found,
MB-3985446a5316,sha256:3985446a5316c8cc10e95d6beba70a62593a56306ef59d6354ca8048175dba9a,no_edit_found,
MB-398a4d668212,sha256:398a4d6682128c8469cdbc1a53128467e1c5662e15ea18be87b6639ba99d2879,no_edit_found,
MB-398b9a00a6d8,sha256:398b9a00a6d84bc0a9ea33855145f07a0e46d9c4db047f57eed9c8511ee9b0dd,no_edit_found,
MB-3992a1a487ee,sha256:3992a1a487ee5d50bba77c37edbc774e1b99581445d036c752cf2180c707621c,no_edit_found,
MB-3998c7c459dd,sha256:3998c7c459dd8bc52c3dcdd5cf49fbf3c399ada1204b2f1f3893a8124af7229a,no_edit_found,
MB-399d9de2c4bc,sha256:399d9de2c4bc41ef379824b395b96f26f0b552112d37636a6d15c4bc716918fb,no_edit_found,
MB-39a35dde469b,sha256:39a35dde469bc1a69f38f3cd5b462e13d2e9606128ec24724a874102e86d4bb1,edited,unresolved
MB-39ad0c4d7c1c,sha256:39ad0c4d7c1c8911e9c4a1fd00936bee307b12a69cd152456a5c59432685900e,no_edit_found,
MB-39b3e6759846,sha256:39b3e6759846ab0a6dc49b5a3ca2bf4b78068504d7c99effcb4192dc99852d10,no_edit_found,
MB-39ba7043edac,sha256:39ba7043edacadd2833e3f9af607171a728a6bde23174cea9223742109d9f794,no_edit_found,
MB-39c6a89d317d,sha256:39c6a89d317db596ae41dccbf19df8a0ec5bf7d3f833a15ad1b1164d40cd703b,no_edit_found,
MB-39df6572d25d,sha256:39df6572d25db57a618bcdda8acebb5005715131d6f3d1ab7233f8e644f257ea,no_edit_found,
MB-39dfa9bb1f34,sha256:39dfa9bb1f342192497829af720a7296f66848a18c81f073a0436084dd0a0093,no_edit_found,
MB-39ea46682e02,sha256:39ea46682e0247533ab8900ac6f3e1143007ee17dc4e2d9e587dd64b215e2073,no_edit_found,
MB-39ecf5fc17d0,sha256:39ecf5fc17d084b775343b1016ef366ea846028cf8432a0295219f80d1fc5ead,no_edit_found,
MB-39f18e282371,sha256:39f18e2823714d21f63cf84724bd7839db5e4561e99e19c7f8d7819a8a514ddd,no_edit_found,
MB-39f5ad29d299,sha256:39f5ad29d299a81dece68a7386d70e389c563627c97208170193bc2f53c2f237,no_edit_found,
MB-39f97f9dd8f4,sha256:39f97f9dd8f4e386c2fcc121733855e5788c011490766dc5cc09091897c42096,no_edit_found,
MB-39faa9376ed0,sha256:39faa9376ed002f0c0142f8cecfcd4afb945fc5d39e77ac431b2c79624f32bfd,no_edit_found,
MB-3a0b05d6b9f8,sha256:3a0b05d6b9f8918723d52bca8620104da504a1f78076f623b776b28c254f655f,no_edit_found,
MB-3a0e8bafc431,sha256:3a0e8bafc4313b25e4dac40ce0a683f7eed938bc3636f422ec8619a6bd127907,no_edit_found,
MB-3a1009a52703,sha256:3a1009a5270360ca7740dcfe2d9cb02acfc67bd4e4e4202e33fa6b64d3c86207,no_edit_found,
MB-3a154454b0f3,sha256:3a154454b0f380d4dd7108eb04f0637b4f6d5bab264adb348cf15c04d590a49b,no_edit_found,
MB-3a15e741d2b5,sha256:3a15e741d2b51a01147eb24b6b4304ae17bcf520a91e6405b874415b0e47ef5b,no_edit_found,
MB-3a1d7dde02a9,sha256:3a1d7dde02a9711600b6822aea0362cdcfb52bc72a8942960580be49d792cf5a,no_edit_found,
MB-3a1f110835a5,sha256:3a1f110835a5358b8198b98f3ceab80c692ba9cc219e4913d842768c21a753e3,no_edit_found,
MB-3a2052490e1a,sha256:3a2052490e1aaeb73f01307f0fd91009489fcdb045adf60d7e8c894ea1765de5,no_edit_found,
MB-3a2348c5ac9c,sha256:3a2348c5ac9ce0d8fc5cae1236dc1d84c32dd3c706244fea08cbf64d6595cd61,no_edit_found,
MB-3a2478f39f69,sha256:3a2478f39f697b2eef1873c2f994b980bf5db2bd4d535348e793d87a95d2499d,no_edit_found,
MB-3a2c4b72e52f,sha256:3a2c4b72e52fda3af2f1c3e9b758ca41f3dddc56c95693fa78e1e6f8f5f5bb54,no_edit_found,
MB-3a32e59a19b7,sha256:3a32e59a19b76466f7e93c480b03871316c54cfe434b539a5696d38830466f16,no_edit_found,
MB-3a3f010d8c82,sha256:3a3f010d8c826a25c774881db0b67d6a1a4e95fd1777f21c40aeac1d27fcd041,no_edit_found,
MB-3a42c791881e,sha256:3a42c791881e8baab3a811a450c06ea71b8046fb55a5fcbfd4606c4cecdd2530,no_edit_found,
MB-3a441c23746a,sha256:3a441c23746a7e96d890aa6f63380d7603f35279e30234e21acd017fad233888,no_edit_found,
MB-3a47a917b2e1,sha256:3a47a917b2e11eeac794a26281fc23859bbe6cfe596f798733238ab9bdcfc4c9,no_edit_found,
MB-3a47d852b517,sha256:3a47d852b51746001326f92f49b32c1e0361864aa03ef9f1cafaf1e10eeedde8,no_edit_found,
MB-3a48dff3b607,sha256:3a48dff3b607e8641337c12ac63af72fbbfdffb02943a7253357e1e588d86b5a,no_edit_found,
MB-3a4d55d1c9d6,sha256:3a4d55d1c9d63ff6ded42aefe01bdc0675fd7e136f5763ac44c85d9b41f0b1f5,no_edit_found,
MB-3a5f4e694975,sha256:3a5f4e694975d1b5cbaee71a3fd66e3611ed141530c1be1d35c695be856b1d0a,no_edit_found,
MB-3a629dcb2d69,sha256:3a629dcb2d6925f0064a5e33751adef66088c94403f2e4f6b9110f6bccd6faa7,no_edit_found,
MB-3a74e31658c3,sha256:3a74e31658c38407f818f72dee8386fd39980cdf9bd47e888c5dd7101a332823,no_edit_found,
MB-3a79f515271f,sha256:3a79f515271fdfbe98fe8b55190de3ebfe0c9d05c1f7e74737ce5419a4e7697a,no_edit_found,
MB-3a8df7502593,sha256:3a8df750259344875d610b77ea1a504db915ebc4b2b46cebe56faf259a1ec31c,no_edit_found,
MB-3a93cefc08c6,sha256:3a93cefc08c6d60cfe88ccc8f3c9538b133b26f9fd3fb3e15c6c5ceda990ab65,no_edit_found,
MB-3a9bde7c5dfa,sha256:3a9bde7c5dfacaa66e6a8f6d64088c9272c06c5b749be469631870d8774f16d9,no_edit_found,
MB-3aac7c131580,sha256:3aac7c131580ba950d2f7b8fe458db61e21ccd479f171436442f0c1015e150bf,no_edit_found,
MB-3ab4d29aa7a4,sha256:3ab4d29aa7a4fd011546575b31f41421d9ebc92e362423723220fc2f19e7cd16,no_edit_found,
MB-3ab791e0c37c,sha256:3ab791e0c37c35d30da71e8ebbfa3f78b3a32495eea0116063340534c6e2e50c,no_edit_found,
MB-3abd422e5021,sha256:3abd422e502137789c6788ae4da4ec1cd9e31bddf25700fac7fe4fc10e235b47,no_edit_found,
MB-3abeb1d638fe,sha256:3abeb1d638fe3c820d4dd057494e2f53c7cbe18ed9d3d36b4d7073dc891d8141,no_edit_found,
MB-3ac2bbb2685c,sha256:3ac2bbb2685c9f8379e7d8741775f1d378e790755dc1f2358419c53c5c684f1c,no_edit_found,
MB-3ac90a5be49a,sha256:3ac90a5be49aff6a338dea228ec3a0accf8ff77f0d0ed339a38f74a86e126147,no_edit_found,
MB-3ac922f52c99,sha256:3ac922f52c993880d66f3315d754b671e95bfcc6794f3f33d16240507fa08a82,edited,change
MB-3aced9709d77,sha256:3aced9709d772140293ba961ae1abe42a515ba425071f61f29d774922250eca1,no_edit_found,
MB-3adaba7319a7,sha256:3adaba7319a7e4bca0f3f93661c1ca867ad974fbe6f8d300ee54c7d32c8e3a29,no_edit_found,
MB-3adc3bd2dd43,sha256:3adc3bd2dd4383c8a3a0d3eb9cb1c6597a0c978a474f50ba32efc6e3b594c407,no_edit_found,
MB-3ade0ab4b9cd,sha256:3ade0ab4b9cd5d1995e9af2ca9f033a55b2a55da6ea59a80d05598cb766b6e0a,no_edit_found,
MB-3ae9d7f7060b,sha256:3ae9d7f7060bb4740fa48b6e9ff443205235e19989686f35ecb8c73d0478682f,no_edit_found,
MB-3ae9ed9e9b20,sha256:3ae9ed9e9b209ec96b6b1d198633889cd8e3d68f8c0754c683155cd2c6ec64ca,no_edit_found,
MB-3aea66ad2185,sha256:3aea66ad2185a5f11301c6c1d559d36d55cf8f2b92f9a3d1ec7709235135a0ce,no_edit_found,
MB-3aef89c61a13,sha256:3aef89c61a1399bd1f100391fd816fb5c1c69d531345b2453d7da888472d45e6,no_edit_found,
MB-3af0134afad6,sha256:3af0134afad6ca51f39327aba196557f7b606561cc342b71f96cf10dc81e811c,no_edit_found,
MB-3af015d63753,sha256:3af015d6375355e93d7d03612653736e68bf064c366fd00a5fd11b45e87e87a6,no_edit_found,
MB-3b036cad43f1,sha256:3b036cad43f1c6a3e9244aeb816e7974a739b38017ee0341dac8d702f07c2680,no_edit_found,
MB-3b06fe1c3dc4,sha256:3b06fe1c3dc466f377d9c8329cd3c73e452cb8add914df27ba8d2eb71b054d70,no_edit_found,
MB-3b0a69941c4f,sha256:3b0a69941c4fc4d26e58fcf7dccf662485ab8e6bb5bace7d660480688d54ed15,no_edit_found,
MB-3b10a4103142,sha256:3b10a4103142a5991ce96ebab274ebf8d37c472bee45ee73f354f979653e106e,no_edit_found,
MB-3b16dc836963,sha256:3b16dc8369636a38128c1b70181d821d01b22781269733f1295f67d89eb1ee55,no_edit_found,
MB-3b19272b1b07,sha256:3b19272b1b07ae7a2042f349f077b75a9f123993d20cc704e90f9aea8323205c,no_edit_found,
MB-3b1a187ecf05,sha256:3b1a187ecf059edff138f79aec7b879bf68b017b95fe51c0902589096b93900d,no_edit_found,
MB-3b1b16884605,sha256:3b1b168846058d23747c247ccf03abe2a47d0681650d9ed00015ca3e9c137cb0,no_edit_found,
MB-3b1c219ae969,sha256:3b1c219ae969822436139281663ffe4666716c8ed9e4f50e763a4dfaa6d2f8ab,no_edit_found,
MB-3b1ed229beac,sha256:3b1ed229beacfb7e4571de706acb1e6a13e6dd5bc2f240f717a916b9f426feab,no_edit_found,
MB-3b2869926695,sha256:3b2869926695ed3e773e5dde45043e5bc1fba83d76222cd3b906743ea985ad2f,no_edit_found,
MB-3b363c540d25,sha256:3b363c540d2532dcdf61b159dae37c2471bdbbafe58e6a192b2b87127d20c471,no_edit_found,
MB-3b408a9ff7ba,sha256:3b408a9ff7ba0f35da87de9a8e2a4474be7cd143962e98ca41197ecda112c23c,no_edit_found,
MB-3b58bbdcd0b1,sha256:3b58bbdcd0b1453dfdcef62a10b3f1ead247ec84dfb41899197d40eb88615c8f,no_edit_found,
MB-3b591b0b5a48,sha256:3b591b0b5a487c6f9bb0a3b89811ba9503471cc44986f7551d01ffff3c5fb679,no_edit_found,
MB-3b5f01abcec7,sha256:3b5f01abcec7b1d037170f2b029c9eb79e8c8e16c54015da020fac8ffb71a7e9,no_edit_found,
MB-3b6102ecbfcf,sha256:3b6102ecbfcf90e12cd50d94900f489615bf35da53fafb28b00c5526d8783d43,no_edit_found,
MB-3b6cdb77287a,sha256:3b6cdb77287ac8671c6a1693ea9001996bed7d76d74e390fae55516f5070c7ec,no_edit_found,
MB-3b6f7e71f8ec,sha256:3b6f7e71f8ecd2d523083f7695b327c528199683fef62a70f9889ef64996b619,no_edit_found,
MB-3b7a9c90585a,sha256:3b7a9c90585a886d78ee11526843178d5cde877856b29bd328bb8cf5e91b233d,no_edit_found,
MB-3b8ad900237c,sha256:3b8ad900237c8a806e571e4da614f95d62a906d194f5bc6fe6f1d4004716b124,no_edit_found,
MB-3b8f903b3b09,sha256:3b8f903b3b09ef2aa9082e96c00d9fb2d3e81d055b1dd48110b7c59c872ca62c,no_edit_found,
MB-3b9123546fe0,sha256:3b9123546fe0895a664b4f01e75160a566629e32668d083398470c6e183ae9f4,no_edit_found,
MB-3b9479c925fb,sha256:3b9479c925fbbbe0ed6743036248d860ed93850614792517678bd26969d6d8cd,no_edit_found,
MB-3bad83c075f3,sha256:3bad83c075f30954b0158b485ce60edf4c5681391bd35990b58b0d0930644b07,no_edit_found,
MB-3bb4ac0c69d4,sha256:3bb4ac0c69d4e6c5774cd9692520bd90d3a968799d39b762b817ab6c3e6eac81,no_edit_found,
MB-3bbbbf5e9278,sha256:3bbbbf5e9278edcf6590fd65aa984af5e1b4ba943584aad6cba3dd87c3e826c9,no_edit_found,
MB-3bcb116e199b,sha256:3bcb116e199b839c8921066135af0448b72f31ad9924ccc295259f1be5439a37,no_edit_found,
MB-3bd0a4e1380d,sha256:3bd0a4e1380d3cd3fcc4b942a48de08a28d6a63d9b88cd11357bd953d978a9a6,no_edit_found,
MB-3be8030e0d88,sha256:3be8030e0d884a827abc14724b913cebb56d5bd22668da350dff3636da1fca93,no_edit_found,
MB-3bf15a79ad5c,sha256:3bf15a79ad5c1839b6e26473c17b9b8cd9cda4aa13263056fd7859a69d62b505,no_edit_found,
MB-3bf200fe778a,sha256:3bf200fe778a6e3052990505f514e231664adde9c27c1cb22c4722d5dfae36bb,no_edit_found,
MB-3bf2ab572f06,sha256:3bf2ab572f06514cb7d0f030b696264d953d6a2e21f4928d858081cbc1d3d94f,no_edit_found,
MB-3bf61c31c781,sha256:3bf61c31c781dc5c8cdc36b56e4b5edbb5f631a3a1ae8b9ef3159d4798776232,no_edit_found,
MB-3bff99b87885,sha256:3bff99b87885dd02544cc17c5a4f0984572023b5d1665326adec9d450f8e1f87,no_edit_found,
MB-3c14ac937419,sha256:3c14ac93741972a7ce776abf6fd5bf43ddfb76f655e7ce03d95fddeba27da770,no_edit_found,
MB-3c1ae017e131,sha256:3c1ae017e13199c9f59c3bfdcd1c3ae6a74706dbf67313f0e7b3832a4d6c0a51,no_edit_found,
MB-3c1e32b1319c,sha256:3c1e32b1319ce930f056a8cb9fe8f44b63e216fffc381ae1b40af60b5d4dce42,no_edit_found,
MB-3c1f51426805,sha256:3c1f5142680576072d6c1171f02d6913e2c464df12b04b0bfd5e047c63b8d76a,no_edit_found,
MB-3c20c5e597b9,sha256:3c20c5e597b9261c164635c80cfa6df7c0d491e93b3a27599b441682e996c239,no_edit_found,
MB-3c3739390685,sha256:3c3739390685764568e85d99d7d114df4de50605b6c257eb3f52fdd622143ef3,no_edit_found,
MB-3c39c7e3a3b4,sha256:3c39c7e3a3b4b92d4ea9fcf09d1ca4196117ccf91b55411af51d5893f71b0558,no_edit_found,
MB-3c3b4cb06766,sha256:3c3b4cb067664e219777879c26ec57d2a532da9309dcd1aa2d3e36537a4a5ddc,no_edit_found,
MB-3c4a435d6131,sha256:3c4a435d6131b1a3fa874d97e86db27746875b8ce46b14e2d78270765756bce8,edited,unchanged
MB-3c4f4e10e967,sha256:3c4f4e10e967f00a38ab4b58689c3a23503a92a771ee5e96b2dc7944072dba60,edited,unchanged
MB-3c5680076b6f,sha256:3c5680076b6f6e79f34d2ca0f7f8fa8dc3308e7f99d09ee1beec4752ac9165df,no_edit_found,
MB-3c63691bb21b,sha256:3c63691bb21b5f36482c3db2d6feac96b77434cb015c9d35ce8f2f1afd794691,no_edit_found,
MB-3c64ec089f51,sha256:3c64ec089f5184cc86a91b02cc207962db4c7ede71492a5a32d4f0b598b14825,no_edit_found,
MB-3c665a37a78e,sha256:3c665a37a78e65d6a8ab1f43cc20c4ec0e941ef8dbd797c4291cd264b8ed579c,no_edit_found,
MB-3c6d13e7ed58,sha256:3c6d13e7ed588b43ca4512f09f3b0ee10bf021e1c248b14c6694cd1e42c8bddd,no_edit_found,
MB-3c72180be0be,sha256:3c72180be0beb93eb543cb31b98e904636198d23af516ed53c394a6d36fba79e,no_edit_found,
MB-3c738a852ed4,sha256:3c738a852ed4e360fcb85378b441c1385d3dd1041744501e9025772f39edc1f8,no_edit_found,
MB-3c76daf00b91,sha256:3c76daf00b915e9cfa1e0c6abd2c6309b8074c7454e115b856b39677062d4fef,no_edit_found,
MB-3c7783060fe0,sha256:3c7783060fe02579df813d5094b74090dd74d2390e3f32baa3c125f588569f53,no_edit_found,
MB-3c7b524ead04,sha256:3c7b524ead045809b5777688edbe02280fa7daa437b9cc682f5c69c217e506bf,edited,unchanged
MB-3c7fbf867f9c,sha256:3c7fbf867f9c00491459280815e2b447bf4528dc4cff0c7034b25ac4b5425c1f,no_edit_found,
MB-3c849999b5ce,sha256:3c849999b5ce4c5f767d8fd755fb1058ffd103d288f2ef707740019a88867191,no_edit_found,
MB-3c8ee25cdc14,sha256:3c8ee25cdc14fb00fa1639a8cfa3ba63886f6d9688ffab5ec8f88c8bea7852ea,no_edit_found,
MB-3c8f8a013f74,sha256:3c8f8a013f7413873b96a6c82c1760ee0b128ebea2c2b6e8d83a734e8cc819a0,no_edit_found,
MB-3c8fb2b5c3c2,sha256:3c8fb2b5c3c21041aa18ef09bc741403591c5f0c63cc58fcf11b709306edb8e1,no_edit_found,
MB-3c94aa792dac,sha256:3c94aa792dac6ede7cda489eba4c67019e45d72d8cc70cb8bb3f3836a4fd17bd,no_edit_found,
MB-3c9779992b98,sha256:3c9779992b98b84f596db435c441b7d3153caf1fd1b4353088755da46bacf36c,no_edit_found,
MB-3ca5653574cf,sha256:3ca5653574cfcb2d201cc79c76d5c6225a2a0ce20909a498c08e84b59eb2f77a,no_edit_found,
MB-3cb51dcc4ab8,sha256:3cb51dcc4ab8793dc616c22cf7c186a9df51f4d4413ccc3cdeb0d5048406c7f6,no_edit_found,
MB-3cbe603f382d,sha256:3cbe603f382d3152e1c2651999c2b668a72c3b11880066328a530f690b3a8f74,edited,unchanged
MB-3cc03456bf4e,sha256:3cc03456bf4ee27c481a826d176fd20c11df8a2304e403afc705ae25ffd8d6b5,edited,unchanged
MB-3cc036073e89,sha256:3cc036073e891cd192ec81abfbe08c5853a7bc7078dd60c60571df2cc4412889,no_edit_found,
MB-3cc62c489c74,sha256:3cc62c489c74b393c1f6065b499d99e63191488d45d98ea926cb0d4d634495ad,no_edit_found,
MB-3cd0220746be,sha256:3cd0220746be101336614c03a733694cd4d3bb3095fb3bb94844a9c4998997cc,no_edit_found,
MB-3cd3ebbec02c,sha256:3cd3ebbec02cb03027cb872817341f83018f22de81d091635aed9a1ae1074cfa,no_edit_found,
MB-3ce7fc8f6c61,sha256:3ce7fc8f6c616f0817f30bdfea84eb766d0030dc2255f23b61eb95caf75bd726,edited,unchanged
MB-3cf89efe21e4,sha256:3cf89efe21e470f207c2e458566dc2954e3d26642244e07c3512fbd55978612d,no_edit_found,
MB-3d04eff6e2bc,sha256:3d04eff6e2bcf0f523ea047b5180c75132cad5dea13b0c206fe77c47f0a5b366,no_edit_found,
MB-3d0eea48b770,sha256:3d0eea48b7704000c23daae207db46d5068e6af9a0a3992f16f597daadcd1632,no_edit_found,
MB-3d1b01dc6f11,sha256:3d1b01dc6f1195720f3759c356ebbc340ebc03760d3c0067f736e0b4ff8d717b,no_edit_found,
MB-3d2a9d2ef070,sha256:3d2a9d2ef0702c9921e2c19f1f185315fa5e5846ddf926b4f843fa3d1af969a4,no_edit_found,
MB-3d2cfc325b90,sha256:3d2cfc325b9002dd33ae51d83eeb7206a90b9694541908e5f150fb16ed9749d4,no_edit_found,
MB-3d35ebc06381,sha256:3d35ebc06381dac159a7bf58fecd53f58010e8bab30743f753a6c6025d8bf6e3,no_edit_found,
MB-3d378f687fc4,sha256:3d378f687fc4de7a1f440a712275ffbceb2dfc1a4491fe60a8a9019c1254efac,no_edit_found,
MB-3d3b613646ea,sha256:3d3b613646ea4a348c7fb33cb6cc8dae0a30a56b325389d9046cede4cb4938b3,no_edit_found,
MB-3d3c04496679,sha256:3d3c04496679c83bc9bb5151d954896e395a33e3a003249d4d8f658af53027dd,no_edit_found,
MB-3d4ddcaf5fc7,sha256:3d4ddcaf5fc768187bbf558ad2f05c2ba2854d4c033a23510e7daa5f2a36ab92,no_edit_found,
MB-3d5ecef555cd,sha256:3d5ecef555cd10c2030636aa6872cd79a000dfc45712affa7198b22f8faef923,no_edit_found,
MB-3d617aebb8cc,sha256:3d617aebb8ccdfc387d299f35cada7ba61afb5e2a5a889bd35f14be2af386811,no_edit_found,
MB-3d667b8b42d0,sha256:3d667b8b42d06534ff8f2e25ec10a4112b3a63357169d92219df048926eeec6a,no_edit_found,
MB-3d74b00ecc24,sha256:3d74b00ecc24e12500cb8616f65ddd3f5e184d44375b64d0b85d3c1b3606d381,no_edit_found,
MB-3d882746f278,sha256:3d882746f278a97fcde4979384043e539e82fb12be4935b7c7d74c49eb2694f5,no_edit_found,
MB-3d8f3fb0b91c,sha256:3d8f3fb0b91c852d486263d3130be773db095889ec43c1216b5d0b41755d060e,no_edit_found,
MB-3d938919bcf8,sha256:3d938919bcf853aca1afc4eed5681de350453abeaecb078605937a1d899702ae,no_edit_found,
MB-3d94eba22623,sha256:3d94eba22623b8fa42e80f5c350292d828120a8e0b4034066449d01dc81b91f3,no_edit_found,
MB-3daf074b2834,sha256:3daf074b2834790ba4318e0d42aa349ce0edc053882bdfdf903a363c289fd3cb,no_edit_found,
MB-3db3a2565142,sha256:3db3a2565142a64325ccd118d49b811b0c0c7b81da4958a903f7be1a3205c131,edited,unchanged
MB-3db6d0362345,sha256:3db6d036234559e6bc954821082f23872e39048db9b95065fc9b921e25c242da,no_edit_found,
MB-3dbe5143135e,sha256:3dbe5143135e3f42a348c8999f1d5a6c8261b8b0117216fdd231c32dc9a96030,no_edit_found,
MB-3dc673b33191,sha256:3dc673b33191b4d3139cb6c7eda04afec00d457f43b6c3f3407b707a03d081ad,no_edit_found,
MB-3dcc180c6bba,sha256:3dcc180c6bbafa26c4899fd103b15cd8855644db2cd374617e3a4a37e0ce4de5,no_edit_found,
MB-3dcfcaadc14a,sha256:3dcfcaadc14aabc7fad23169c11daaada4392cb4c58326ca4c88da7e4b34d905,no_edit_found,
MB-3dd8620f1467,sha256:3dd8620f146718ad33dd0a2dbe3d3aa6c3fd786f3659c4d2ab0b320e55ed7c59,no_edit_found,
MB-3ddbb07927ef,sha256:3ddbb07927ef1d505c555fcc561504e630aacda2f16dcd48dad824b2f0228947,no_edit_found,
MB-3de3462c8cd3,sha256:3de3462c8cd32f637b109eca9278a1239edead9c51a54998177a8d5af9a85ef0,no_edit_found,
MB-3de686487e2d,sha256:3de686487e2deb5cc18ea564025428026ea559da9133435e41d682633a81c85d,no_edit_found,
MB-3df707ec3c0c,sha256:3df707ec3c0c3af2aeef99f858b22c32b7d4f3d9df7bd5d15d6173bc8e1b9eb7,no_edit_found,
MB-3dfc1d984759,sha256:3dfc1d9847590dc107a7b4f32887195e411a20af774da5e1795600fb049c72e3,no_edit_found,
MB-3e029b66a365,sha256:3e029b66a365f56c458f564ced29153d264a9bfabe3ad4307e2b004385a2f6ed,no_edit_found,
MB-3e07984cc2d8,sha256:3e07984cc2d84a8047dc9504c8d0a2e253448f2875df739c8c81f0f57b4f0e5f,no_edit_found,
MB-3e0d81ee1702,sha256:3e0d81ee170202d6fbcf23c37eabbf4b2af95fc5fb317c92544e527915fb7579,no_edit_found,
MB-3e13960cd4fa,sha256:3e13960cd4fa89371dedf21d357a1160301fa8b3a0823207d9372d93a9281ca1,no_edit_found,
MB-3e15b5484ab8,sha256:3e15b5484ab85d6864cf971a02ffa405d129668c64d1a793d609d67daa622fdd,no_edit_found,
MB-3e1e04edb7c0,sha256:3e1e04edb7c023ab2617db67f6a1cf867385f445bf15fd238cdf45750c6b62cb,no_edit_found,
MB-3e236465e59f,sha256:3e236465e59ff5d765f8321fd4c9764791f64ad4c6d33fce7ca8edccf0dc3392,edited,unchanged
MB-3e4960218517,sha256:3e496021851792a76383e5001b0d6dfaf6d697e26dfe45cf179d4d1bde229873,edited,change
MB-3e50c8b5093b,sha256:3e50c8b5093bbd3c956dd2f86ae1d7858c95623bf11b5880f3e77f14e3f24768,edited,unresolved
MB-3e53202f8aaa,sha256:3e53202f8aaac92a6289807e90faa44da6f7e5e1de0fbab3dabdeb5f2bece989,no_edit_found,
MB-3e535a41d327,sha256:3e535a41d327bad3494c08ea1359e5dca5828869c0e23171d01bccf63d93fc4b,no_edit_found,
MB-3e5c5f2e313b,sha256:3e5c5f2e313b1dd34a8a9ff2494662bed0e7b4d10db09e128497088d34b1505a,no_edit_found,
MB-3e7d141eee57,sha256:3e7d141eee579d699f9179df311126b46ed72bb8a8645e61991cf7a6b75403a8,no_edit_found,
MB-3e99c7e26483,sha256:3e99c7e264837e5b4caa25893f70f016f2b24d8b04605332ac33ded9b47d80d4,no_edit_found,
MB-3e9a5c512caa,sha256:3e9a5c512caaaf2a04e3d7e557f3d7c210ea2acf232455f8aa211d59f45c6b85,no_edit_found,
MB-3ea06b9fa313,sha256:3ea06b9fa313004161962b0ac9f1a8280ce1249c9f7db644e35171c0bab85d3c,no_edit_found,
MB-3eb22f405f8f,sha256:3eb22f405f8faeb4124591de5543d173c54f8c4baa128726dbce4af5365f1be2,edited,unchanged
MB-3eb2b3bb2d80,sha256:3eb2b3bb2d80be305d3bc15fb13d74d1350c44b660a7d7888dfa1a0ee7ba6499,no_edit_found,
MB-3eb5b66448ca,sha256:3eb5b66448ca28da9a26641f8165b9263d96e7057e5702f438024ee556c0bce4,no_edit_found,
MB-3ec245623b87,sha256:3ec245623b87eb8f0214b6c27563b06dddbd9dfb1a209646a245bda3020a7c74,no_edit_found,
MB-3ec24889fa96,sha256:3ec24889fa9649f22e548e64fca8f889a9bf81e047b93339752e4193857ce29a,no_edit_found,
MB-3ec6cf1e7f44,sha256:3ec6cf1e7f4439488a3d1c21c642fd4e35664f9878dad1e53bec3cdfe034c49b,no_edit_found,
MB-3ed6c2a7d2d9,sha256:3ed6c2a7d2d9c99e273a93fa5499326b52a01808e1a35b6ecf58738e83e68d4a,no_edit_found,
MB-3ed81a645c69,sha256:3ed81a645c69089b0901c444bacedc3957c2591457b99e4289c34a5392fb56a2,no_edit_found,
MB-3edaea49703f,sha256:3edaea49703f2c9d191b44474a5b1e5781d50f7f8ee701af8f37771d9647d5ac,no_edit_found,
MB-3eddb8d0648c,sha256:3eddb8d0648c09cad9d8a028cd20cabe8f8681bb64c8c60b676b25dc3d894147,no_edit_found,
MB-3ee00a578bb1,sha256:3ee00a578bb1e60b24e97a11e7acb7fd1c03e3ce97700a7e21eea3a1abfcd06f,no_edit_found,
MB-3ee8709f3c66,sha256:3ee8709f3c663aa4c215e0fddc3e8ae9eab695cf1c36bb1940590bba71e09783,no_edit_found,
MB-3ef95a8ccef3,sha256:3ef95a8ccef39bb2e2e21087972cd952da3f48f7dbe8c82e101e951068d1617a,no_edit_found,
MB-3efc1f3ee9fe,sha256:3efc1f3ee9fe3481de7b6a37400bfcfbe27399eba6539b60dd8575a09936bb5e,no_edit_found,
MB-3f07d3e353f8,sha256:3f07d3e353f88cc069badec585018e5ddec2952c164242ca902235759017d5b0,no_edit_found,
MB-3f0e04f019a7,sha256:3f0e04f019a70eb3072691aa65b19271abec51ffce83c9a2fdcc6ce087b78fa3,no_edit_found,
MB-3f0f9e499fec,sha256:3f0f9e499fec107966eac0d3a9670a615d8ab41fe540d65dfedd69ba338794a6,no_edit_found,
MB-3f11b40b1eaa,sha256:3f11b40b1eaa49b61977ff9839aa3720fe9d635d817dcbdcc8bea483fad2fe13,no_edit_found,
MB-3f1212c8c590,sha256:3f1212c8c590c71b980deaf315c541a8f299206fec4b9cb853f2f416cb917a9b,no_edit_found,
MB-3f22a132c8ee,sha256:3f22a132c8eed80ddcc6015c88bae019f11913b9c93392194aa1095aed6adb65,no_edit_found,
MB-3f2581b9a8f7,sha256:3f2581b9a8f7741ee6bc7dbc3724fe65864c3749dfcf2146886654ab941fa870,no_edit_found,
MB-3f31f4cb3528,sha256:3f31f4cb352851e3ccb73b304d8dc4aaa3c2e926a7b9b238532714efdc73b2c2,no_edit_found,
MB-3f3a42e5b037,sha256:3f3a42e5b0370e7d06fbf8b2c1befa1b92e6f0efd4a5e92c3cee834f835c081e,no_edit_found,
MB-3f3d2eaa01f3,sha256:3f3d2eaa01f3c4a9f6c4cc578fa8f80a278724c79d24f43235fc5e8777997ce8,no_edit_found,
MB-3f4a1a5f9af5,sha256:3f4a1a5f9af5ad314d676b75c52195edc3777d171c9a3052d0b4c3dfdbc8b025,no_edit_found,
MB-3f5e7c49b6fa,sha256:3f5e7c49b6fa33a4946c4378f78133d35a982a1e4f72796da1e37fa79e0318cb,no_edit_found,
MB-3f6546cf6f43,sha256:3f6546cf6f4330c351677d323b9b633e8a2bc5a603b33b443c3ce95e33023a99,no_edit_found,
MB-3f695c6cb41e,sha256:3f695c6cb41e0ba70ecbad9b9dc2d07cfda1fed693e7ee2feeb492c451f7d9bb,no_edit_found,
MB-3f6e0d916fc6,sha256:3f6e0d916fc6d14340a734feab65b998609ea0382f1fba13bb3b47c43340a559,no_edit_found,
MB-3f716fef8f78,sha256:3f716fef8f78751ea4060cfb5b22e1dfe8a48a30aae4015bccc60e89810a0935,no_edit_found,
MB-3f7466348da3,sha256:3f7466348da3fc8584c9f8bfcf0158bfb8d464d9edb7e5974379837aa27f3411,no_edit_found,
MB-3f7553d03e59,sha256:3f7553d03e59a317d675a0d721c171001d5456a7ecc5d862aeab4db9cd654767,no_edit_found,
MB-3f7a4eb7ffbb,sha256:3f7a4eb7ffbb39e14dcf2e3b57155798154b238b39c9a8e5c585d2cba6af2445,no_edit_found,
MB-3f81fcc98262,sha256:3f81fcc98262e87ee0db841975e3808b143511c8d0a38b0da368752ea2866ce2,no_edit_found,
MB-3f83e93ec96c,sha256:3f83e93ec96c84af4e123217f6084a94233f9fc98fd10085b866b978769c4957,no_edit_found,
MB-3f94b6530973,sha256:3f94b65309734e6e75267e7e3158463b6b31b697d97e7c2d739ced955cb36777,no_edit_found,
MB-3fa569342692,sha256:3fa569342692c62076d9072bb4bc4e9ac5c87115cba1d7bf6231ee9b65f95bf5,no_edit_found,
MB-3fac150b4815,sha256:3fac150b4815820ac088900f7af65d4fb718ca21c4b7fdc2fc4100177798f1b3,no_edit_found,
MB-3fbc615f52c6,sha256:3fbc615f52c64ce9f8df7d1b773f45de938cb3bfee0ea6855606afd84c8519e2,no_edit_found,
MB-3fbd4f6d5197,sha256:3fbd4f6d519704150457c7733507286accf936c58499167ea62e09158aaf025a,no_edit_found,
MB-3fbe2fcc3b64,sha256:3fbe2fcc3b64a01c82d2bc806f2dfa87db2a3cef335eeeafb070e04672c2b810,no_edit_found,
MB-3fce54e079ba,sha256:3fce54e079ba7a8025176b995a3fdf03da9b4588e48823361e173031a40d17bb,no_edit_found,
MB-3fd2083d7e03,sha256:3fd2083d7e037f9f28b60603c4c1419154accccddeee7a22d017428181c6909a,no_edit_found,
MB-3fd3af2722ee,sha256:3fd3af2722ee95b5560292c173f88d1a4887d6bc526c391985382d140ce3a3fc,no_edit_found,
MB-3fe005029540,sha256:3fe005029540aaa8645f597bb0f4d26e5d7426916465ef2d42d853ed23818908,no_edit_found,
MB-3fe2134aaf94,sha256:3fe2134aaf94bf10d360afc601ad47d4720ff0be545248d835a0a4a2640b50dd,no_edit_found,
MB-3fe3050fb3a5,sha256:3fe3050fb3a5a94bf8f00b503b5173278386682803831c6b964ac6f44c1b4984,no_edit_found,
MB-3ff261541ffa,sha256:3ff261541ffab54b27775b21ad7e3e512eafade8b48393b98df94f74d6b2df21,no_edit_found,
MB-3ff7cd45e58d,sha256:3ff7cd45e58db52cb7664ccc468d3b762f909b6238fc530ad439f29876095704,no_edit_found,
MB-3ffd8b090716,sha256:3ffd8b09071658b1a2b58b842a83fc77f5b1083965d61d1e2bda1811b220e5ec,no_edit_found,
MB-400520c646b4,sha256:400520c646b4bfca25d8e304eec8d988c809a8d783dc67485714d6b9ca73faa5,no_edit_found,
MB-401e432037d9,sha256:401e432037d98f1eb0bbcbb5acc826a889d2491b0e0d1b0adb6a8a8d19b84233,no_edit_found,
MB-4024af2dacc3,sha256:4024af2dacc33c6fcf76e5acfaba6afaa6a33e23cac02cf341755d6015cc39bb,no_edit_found,
MB-403555dead36,sha256:403555dead36b54c8db2f24a7b2a2b781c1cb0f166f23cde2550f2a8d1870b6a,no_edit_found,
MB-40366425f26c,sha256:40366425f26c6478181ff59bcfde85f72b8c12f1414895168401addfce9892f5,no_edit_found,
MB-403743679d36,sha256:403743679d364dede94ec32d96eb6c619d2143e13aca378bf97323a243af1994,edited,change
MB-403b5f557201,sha256:403b5f55720199dedfc4d932c74cc68510f0d4914d623536377f6e97f289d8be,no_edit_found,
MB-403bc73aaf76,sha256:403bc73aaf7690b663518902a01c616fd6af944ca04d1922f16b49eb5b7d43f7,no_edit_found,
MB-403d03ecb671,sha256:403d03ecb671ae11d7dfb846dcd5251e61e5dc79f89d622fbc5eb28e7f6c9663,no_edit_found,
MB-40416b34aee0,sha256:40416b34aee0acee7350e3eff1ff887f810e8adbd3101b77cc120ad58a4969a0,no_edit_found,
MB-405ea3f658cf,sha256:405ea3f658cf1a317be1e6c639c1ef484bd779f66cf6f5571caa01d472ae89ba,no_edit_found,
MB-4061408e2bce,sha256:4061408e2bceacf95b3a9b0899f1d6bed527545730c3d78c24fb5b4f967bffba,no_edit_found,
MB-406605e73471,sha256:406605e734714615f0010dec408d3f91d2cbf2d78d3468d33c97c00efb0f141d,no_edit_found,
MB-40718b96a33c,sha256:40718b96a33c29121952c20bcae564925211ba1d1c0b3245c4d86475106bdcd5,no_edit_found,
MB-407b39376a49,sha256:407b39376a49710bc3384202d2c0842b20b607e6ebf25b5acff99efd7aa7e2bd,no_edit_found,
MB-409035ef5dcd,sha256:409035ef5dcd28d14e6cfb11b8ca56274b8c3efa55ef28dd55a8a7b8202d602d,no_edit_found,
MB-40b1a755f8e7,sha256:40b1a755f8e7c2520848d039a9262a807b2415a6feff60bbbcadd6894d639775,no_edit_found,
MB-40b566709d06,sha256:40b566709d06da000e6e3b0eb55939e66fdcf4a6ff9c2f80b4cd23a0a5528a5e,no_edit_found,
MB-40bcb44d2e5f,sha256:40bcb44d2e5fbad0caf83a94079024b080d8f268f23f5f0bd26e5d7f621501ab,no_edit_found,
MB-40bcb457d0a5,sha256:40bcb457d0a54a083590fb9e9dfc790a8f0b74d5c4b012e39ff51f93d6b63a86,no_edit_found,
MB-40c3493c25fc,sha256:40c3493c25fc6da7c45bf8357e50df0aaf9c460bdc2e40c3b8f98e50bd55325d,no_edit_found,
MB-40c903ef038a,sha256:40c903ef038a97a48ac05f955756c9373e115bba01a254e42c48dcc110c8b858,no_edit_found,
MB-40cd16431aae,sha256:40cd16431aae6564e2a51201ec196c7c47dc3e8cef3955218b1854d93e9084e9,no_edit_found,
MB-40d0284c8985,sha256:40d0284c8985378354866b7921ad4ba8bbb5d6c84816ec7d0eb29f0cfac97677,no_edit_found,
MB-40dda7706490,sha256:40dda770649013ad1ada6ee6e94b2368841917cc22e0c1a0c8525313b20a536c,no_edit_found,
MB-40e2cb8553dc,sha256:40e2cb8553dc281ecf22861920ec89f30006fd3a792c9e2ae588b616b9707bf4,no_edit_found,
MB-40e99dd76aea,sha256:40e99dd76aeaf0d3ca51062b61bb2eb1c034163079e661f593d62d595e1a3afc,no_edit_found,
MB-40ea4370401e,sha256:40ea4370401e9115cf4308cba61d799f76387de7dab65b83bd57b7da36fcf907,no_edit_found,
MB-40eae3b80173,sha256:40eae3b80173b805a5458c507c55ee427b05bdc667a61aa1d44be5f5f28b1d55,no_edit_found,
MB-40eb71a4947b,sha256:40eb71a4947b3373af3414e61a180e923d7c598269c4ab732b68168911e3b272,no_edit_found,
MB-40ef6e802cde,sha256:40ef6e802cdef5dba4051ae01be6233e373c710140563572ac7f1f499303894b,no_edit_found,
MB-40f421003bde,sha256:40f421003bded35e7403df5297ed70bd4304446c387b1d9a8c6c9808e3e828f1,edited,unchanged
MB-40f5725f7fa5,sha256:40f5725f7fa5613093b812102fe0b3f23f039d09aa8e7e04f97c5521b9090366,no_edit_found,
MB-40f74a35d31b,sha256:40f74a35d31bb16af852417aa1ad2df5f4b9fce6168878c79eea3dee6d7e7908,no_edit_found,
MB-40f9c4677321,sha256:40f9c4677321c6283dd521863e8f772edb8a4db66b79601679c6f59d5838af6a,no_edit_found,
MB-41060f7ea096,sha256:41060f7ea09615b134789a16ece6987e174c71fe1c22190c95ccb015cc9bd2ef,no_edit_found,
MB-411aca24f351,sha256:411aca24f35112af5b343e07e485c57a696883062265c770359a20f898f06a1a,no_edit_found,
MB-411e3b7f3779,sha256:411e3b7f3779f01579ad6e134fe43c0be8ceb6111e57aa9117fff5b07519acd6,no_edit_found,
MB-412282b6f2c1,sha256:412282b6f2c179bdf57c14df58024ca5338261a41d1ed093e3d03aa6cad84943,edited,unchanged
MB-412968028156,sha256:412968028156aa3473c030720c84d6be3282bd5d403502c12a78acb58483f0f3,no_edit_found,
MB-412e79faa50d,sha256:412e79faa50d8ec3e100bae5ef31e74864735e31d637e3ed2e0a9877458ef9ed,no_edit_found,
MB-41373eb9e09e,sha256:41373eb9e09e06175ba7b3db1873e2bb34608b963ab2c013e953ffa7d9f67dbc,no_edit_found,
MB-41498ecec397,sha256:41498ecec39744ec6edee9d12bd202d094f9a46c9fb218ff3d6c60fda365bb5d,no_edit_found,
MB-416a6d0174e0,sha256:416a6d0174e042cfa8e7b674d0f93df359fb887869267df22be4430981ede2fc,no_edit_found,
MB-416cc225ee0c,sha256:416cc225ee0ca003e0579d6d1d3695980e2fe5660f67861f1ecf3baa5c6a2bd3,no_edit_found,
MB-4176752983db,sha256:4176752983dbea2ff63e8f6bbc6ad21ffd12a4095edbf4e10c86589fcf5f78c9,no_edit_found,
MB-417b1dc262b9,sha256:417b1dc262b9203f97fbfad9a373d5acf8d7b981cad96290bca73fe5580c43fb,no_edit_found,
MB-4183f87860a9,sha256:4183f87860a9b55a6785e7132a05206119d1aa41c20ef5fd1be1aaefcf5626df,no_edit_found,
MB-41840937c646,sha256:41840937c646fad0524d613741bccad23e158ddb6cd83e4c537d0ff38bd16077,no_edit_found,
MB-418d1c99de18,sha256:418d1c99de184ddfbc6fc5deda1bb63bad35b4f437e7482bf8981ff5f5ac740d,no_edit_found,
MB-41901d09a66b,sha256:41901d09a66b188097067d293b7d3cb113d6f712e442833943ef67b623bd4899,no_edit_found,
MB-419d2b77cb0f,sha256:419d2b77cb0f9b6ea83d546e9562cada0c2cef3a5ed1fecf627534f061dce751,no_edit_found,
MB-41aadd606e81,sha256:41aadd606e8179555a6468cce2d053d4877468b01f9ba0a01e630e10d1dcf187,no_edit_found,
MB-41b789c2f11c,sha256:41b789c2f11c8f093128017ae9ece0c9dbe20cc0505686a25522d3c28aa6623c,no_edit_found,
MB-41d571b1ed27,sha256:41d571b1ed2786d92b2802f59382f0d815f6dcebd0c55af9fca7496db97a4d85,no_edit_found,
MB-41e3daad6f07,sha256:41e3daad6f074345947e013f7eb8430abf20000febaee11ff8a8a69f744bf001,no_edit_found,
MB-41e654c99231,sha256:41e654c9923134435aeb36e85fbde2eed4fee218cd7ac44f45f1de951e6c0bcc,no_edit_found,
MB-41e6ca068b25,sha256:41e6ca068b258617bdde5d92fde98e34e14b24ea71b5240d668ef8ce503c1336,no_edit_found,
MB-41e74e671ba2,sha256:41e74e671ba25826896dbf74c54c49124aa7036b5ba0d2dae7295f324e8a766a,no_edit_found,
MB-41eadd7c9f1d,sha256:41eadd7c9f1d08539ee0598f3159203b36124cb0ff2cbce096d9991a53baf0af,edited,unchanged
MB-41f28c9b3191,sha256:41f28c9b3191a03734768d604dfbb3a044add1da26481639c8303798b8cfe884,no_edit_found,
MB-41f56888e394,sha256:41f56888e39475ec31de936051c80f2f287eeac5a8e44997e9b4e250bb19d769,no_edit_found,
MB-41f84c73ed0b,sha256:41f84c73ed0bf271479930b577d7013cd143481ee24454d257722ed0b9c85ad3,edited,unchanged
MB-41fe22d38ed4,sha256:41fe22d38ed4ff21bbab4e9d1f1d47cfc779acb7741acc4f36bbeaab26bbe22d,no_edit_found,
MB-42017780fbc5,sha256:42017780fbc521593c4c36c389cc90464cc02cb7e3bcfbaf4b4555b6db7acf3e,no_edit_found,
MB-4203328ba89e,sha256:4203328ba89e6db3ab69b273fc80992e9afbf085b2c6c934e1a01f613359375f,no_edit_found,
MB-4205793fba50,sha256:4205793fba504f7fce8cdf90200b25134d320330b07ce931bfd19a83ab831e6e,no_edit_found,
MB-4206daaf77a8,sha256:4206daaf77a832c229790b3fa1944aec1ff37114476cb270a34ecd7f89f8b87a,no_edit_found,
MB-420b3b1bcf44,sha256:420b3b1bcf44f00967312561a0d73099886b214d7b5c2d35dd5a82b81fe8f265,no_edit_found,
MB-42106f0091d6,sha256:42106f0091d68e2597fb1e58dc903c49a1dcc7f974d549094842bab9009453cd,no_edit_found,
MB-42185d92bae4,sha256:42185d92bae4a5cc4ed93b6ebffc72564eb9a31deeb4a2d82b5e0c8dd0fc9927,no_edit_found,
MB-422082a2ecd0,sha256:422082a2ecd0764fbaaf5836ff247b1fde9958b9287ffd5d30cbd7da1e7a4621,no_edit_found,
MB-42255b549bbd,sha256:42255b549bbd0b76becf098c12fd6c0d191e87e303e8bfcf67d810b89d90e009,no_edit_found,
MB-422bf112fe95,sha256:422bf112fe9548f302ab67bdacda5b23025a06ac44760332a2785f3644a81170,no_edit_found,
MB-422c7ec746bd,sha256:422c7ec746bd77345d835580f9fc760ce4504f8ba83cc09d619b6f5cbb85f702,no_edit_found,
MB-4236c078a9ab,sha256:4236c078a9abd0378e1e543fca8d3dea1cd9d8915fc9d597010770bd1aa5c161,no_edit_found,
MB-424223fd18dc,sha256:424223fd18dc9007e8f3faf99eae4e48509a4a1581f1ccbec56e44f2abab1081,no_edit_found,
MB-4244a41cb15b,sha256:4244a41cb15bbd00ae61a1f0f9c8238a4d2307a981c36b0122612abbdf3e9285,edited,invalid
MB-424afa583b0e,sha256:424afa583b0e27257d4bade29442d92b722fe17a094621a0643b5886c18e1307,no_edit_found,
MB-424d56ae19a2,sha256:424d56ae19a202b26a6e969bb95402194e199190b92cb55cb6e73dbad9e0d845,no_edit_found,
MB-424f80414b7e,sha256:424f80414b7ea21982d8d059470e18a53959dd625259f40c5758b9ff858583a7,no_edit_found,
MB-42697089960d,sha256:42697089960d9121f71de6b6b39d31cd6434bb7200387568c877c9316025c005,no_edit_found,
MB-426a591d6f79,sha256:426a591d6f7932ba57eebebc3a6404bb6dadb26a0205619f16c3e88943575642,no_edit_found,
MB-427b31da3f0c,sha256:427b31da3f0c5ddeae0d81e0f0d4e20eacd1322b6e5f0a7f5dba093ac4e88fef,no_edit_found,
MB-4283be57b880,sha256:4283be57b880c87f4652136900c9c492992ba35251c6ca3e4e9b0b8582457a94,no_edit_found,
MB-428787741ca6,sha256:428787741ca67b44f6b47be8f7ecd6b53ab2fe0670a41acb032e6ea93e9d13de,no_edit_found,
MB-4288555bf166,sha256:4288555bf1665ea49673861d82833d25cd10e34b58fa4a452038c667a797090a,no_edit_found,
MB-428c18f2a31e,sha256:428c18f2a31edb825ea493bcbd595af9e2a6672fbcaaa354423429e7042aec94,no_edit_found,
MB-428d2480f705,sha256:428d2480f7050cbe434bbb26c0f409c5ba4deb6bf1910cc6c46d48c1e8469304,no_edit_found,
MB-428e8350f9a8,sha256:428e8350f9a8d01e8be8c645ecf56e068d1e58c6964ea444713e9d0389bc8eaa,no_edit_found,
MB-4291f48746a4,sha256:4291f48746a4011ec78e4408113383143835ba70cbc30be9c9dc097dcd2acad2,no_edit_found,
MB-429c504b41af,sha256:429c504b41afa1a14f328b8bbe56480099f272525d7fd4aec486aa7e45640061,no_edit_found,
MB-429ffd0fc455,sha256:429ffd0fc4552eb1a6fd5bba649af988f694fb5c21daff40fd9c1703c22ee98d,no_edit_found,
MB-42a730acddee,sha256:42a730acddee2378dfdbf598f42324d1ec3529f00b32518a24da35960c0aea26,no_edit_found,
MB-42b0ec7de673,sha256:42b0ec7de673a7eea5b29664cef806fc08a6e58be0ace1b4a3d4022db6526707,no_edit_found,
MB-42b5c86c66a2,sha256:42b5c86c66a2bc9bbd3b84054eecad3b92e318392198038a63235a363881fec5,no_edit_found,
MB-42bcbbaa0718,sha256:42bcbbaa0718a2f19e57486d7847273f2f5563c1374f44a570bc00b9768148d8,no_edit_found,
MB-42bd3361ac14,sha256:42bd3361ac14b092c1ce93e51e1afdc0a5ec40d9c6cea5250733569bf8afd59e,no_edit_found,
MB-42c462672d15,sha256:42c462672d1543781f27208e79ef89cac0eb2b7658a11444961432a4dd6b64dc,no_edit_found,
MB-42c82a7cd2ea,sha256:42c82a7cd2eae6d5e62c4a4c7853e03fa1e50d5fc548eb19d4649ce0796ce07a,no_edit_found,
MB-42c8f4fc7ee8,sha256:42c8f4fc7ee80cd3faf51f41ca8b2d7e4467dc82eceb518b25dc2ccb5f626ac3,no_edit_found,
MB-42d32d1bd39c,sha256:42d32d1bd39c8d9c7463bdb7a4d384a12e51ec0592672504563f1b23529c97d6,no_edit_found,
MB-42d737c6a36d,sha256:42d737c6a36dc3f9a0d7f5ae824d007fa85b4c3c678199359a65908e9c628680,no_edit_found,
MB-42d7c062b043,sha256:42d7c062b043580fc77cd0ad420a5a2b2dbd04643eaa21153c2fe08e51295dbc,no_edit_found,
MB-42da9af3700d,sha256:42da9af3700daa08844bd0fd200c528adb61f118e9a7fc934f7ffc848ea8ddd3,no_edit_found,
MB-42e115a77f67,sha256:42e115a77f6749bdf3f3f6eab0d5aa04da958c9b8566ebb564fc2283adf1b5e8,no_edit_found,
MB-42f6f5c3e0ca,sha256:42f6f5c3e0ca5fce894509d72686824dfbdac3407e5fe741f8d3e31c0b42d87e,no_edit_found,
MB-42f86a7171c1,sha256:42f86a7171c138a882f2fef393330cb169628575932c0e0c9131504645b60b63,no_edit_found,
MB-42fe325bb700,sha256:42fe325bb700ba78343380bd08ae4705c31cc8e1bd4823cd891c59de56b5281d,no_edit_found,
MB-4307e85146e5,sha256:4307e85146e5206a1f8fc8ba6bb9c8a6185bf6dc12d983dd898c5301df625967,no_edit_found,
MB-4308f5f35706,sha256:4308f5f357061e77a9188ec5ca85b51c378cfeff658abb6b70f6ddcfa00c5058,no_edit_found,
MB-430b555ec6ef,sha256:430b555ec6ef4d0ef410e1d3ea989f20234b63f32f169a6748c0a8527e5455eb,no_edit_found,
MB-431d40383017,sha256:431d40383017019a007d9acbad807696ef60025942ec9d848a4d488fb42d3f39,no_edit_found,
MB-4320ec1363c7,sha256:4320ec1363c7cee5ecbe8e04c720ebb5920c3d974d4e0b55ed72f4fd668fd4cc,no_edit_found,
MB-4322d80325f7,sha256:4322d80325f7a6f40958a43fcf173ad50735e2d010a082131bbb967cd20df942,no_edit_found,
MB-432b2e8db4ac,sha256:432b2e8db4acdd0c9f92fd0532e8263a80aaa4a56ea4c7a980d2d269ca77ef07,no_edit_found,
MB-433630ddf950,sha256:433630ddf9500b428af801ef9ab95a92371bc261e722b6cec04e708b948198df,no_edit_found,
MB-433a44932d8f,sha256:433a44932d8facc4922d8a23814c08ee3907f60478dc8776b07f1994718c8816,no_edit_found,
MB-433bde98556f,sha256:433bde98556feed3d772611f53443985d1184001cd2a9bdd786f535cca6783a5,no_edit_found,
MB-4340ff039502,sha256:4340ff039502382920112af301f49d339beb248ca8f3eef4ca31c13bdd06fd5f,no_edit_found,
MB-435121aaf13c,sha256:435121aaf13cd571b879a31ddfe438d8fcc5d01b851baacba5cd09f5955e571a,no_edit_found,
MB-435217247e41,sha256:435217247e41268b150ae78ff5517e8504deed2c138ea03fc21515df72f78529,no_edit_found,
MB-435957ee38a9,sha256:435957ee38a9b0119d704ea842599b65156d51306bfa450ac4380fc51771adb8,no_edit_found,
MB-435fbcba3f8c,sha256:435fbcba3f8c4246a675e4dbba34794a4f2dd89f1b86adc6a54f5e514ab20c19,no_edit_found,
MB-4368c28f04e7,sha256:4368c28f04e7769794b7494f59ded58e088026f63af5b265339667c1b5d576ab,no_edit_found,
MB-4372bb773aef,sha256:4372bb773aef390fde0786642b1b498112641cb23ff7cdd3248c229ad56526a9,no_edit_found,
MB-43785ff68375,sha256:43785ff68375579d64e222d3990527e753eace6908120fc4c526f318522ef33f,no_edit_found,
MB-4391e1eef81b,sha256:4391e1eef81b2ca0bbf6f1ececd853d84a090323dfb4a8ad055eb46cd90f973c,no_edit_found,
MB-439514372af2,sha256:439514372af2a97d804416fdb41ae4252b65de1ddb6255a9513d6cc343e1cc80,no_edit_found,
MB-439bd420ed26,sha256:439bd420ed26cb4d41d9bc5a20267a17ec45d4f33b3863bbec3eaf44356b45c4,no_edit_found,
MB-43a531bcb814,sha256:43a531bcb8140a2fc959efa32e45ef3ea6941e0deaeead5a64cc13c5b3d189b9,no_edit_found,
MB-43a600b1ac75,sha256:43a600b1ac75cc71646f2be577c1ee5eec540f38c9a6d1b28b3f06f666ce5ff9,no_edit_found,
MB-43a6f812da0a,sha256:43a6f812da0a468d31e5d2120b8d8e5fc072cc6e800eb03a4eb7d0900888d1ab,no_edit_found,
MB-43b0fce81fc9,sha256:43b0fce81fc9a9be46776ef3923dc57a33546a699d210199eeac603727b07c40,no_edit_found,
MB-43c160e6fe40,sha256:43c160e6fe404c1e6f866fd62bda65aa63e5849b26d54238139736d14fe506df,no_edit_found,
MB-43c466891245,sha256:43c4668912453d4dd43e477020da22c998bfcff4ca2c4dfeadf264075707d71e,no_edit_found,
MB-43c4c46d57d5,sha256:43c4c46d57d57902e4a386dd6017895941e2ffa8ecdeab2f2996c267880342aa,no_edit_found,
MB-43c715b3dd71,sha256:43c715b3dd71cc58b2328855d65c5cb2d62b3144773d011d015f0ddb4b340eb6,edited,unchanged
MB-43ce5ea15dbe,sha256:43ce5ea15dbe999b63bf7246d04feaac2d5c86c3df40c5db1bcb69b59c22aaf2,no_edit_found,
MB-43e10042048e,sha256:43e10042048e91f6b3633b4b9285d22dae28700bdaddf7978eb4619be2d347fb,edited,unchanged
MB-43e80a0a1481,sha256:43e80a0a14817daf15d76fc42c35e448d4eef6044caa8a1bdd7c12d3687d3585,no_edit_found,
MB-43ef6a911ab2,sha256:43ef6a911ab29aca9fd98d82b83518769050234159eb556b7146c0b8ce0538f1,no_edit_found,
MB-43f31654e871,sha256:43f31654e8719258811d79d778a189c170581a57e4206bcc2266280b8f1a3457,no_edit_found,
MB-43f8a601ccb2,sha256:43f8a601ccb2b1c72eaae65603fdc00bac3119bc668c3b5b2bf1a7dcb779d538,no_edit_found,
MB-43fd91d3d0e9,sha256:43fd91d3d0e9d4184b1117688aff0d443adb8972e4bb23054af91ac062a7740e,edited,unchanged
MB-43fdd62e749d,sha256:43fdd62e749d3b7af6d65ec1a11628904be23e58f5a75f83aa049c1cc2186f52,no_edit_found,
MB-4414d25dc2d6,sha256:4414d25dc2d6347445f02f60cdb2274727f3d3f39516d506eb404103b4e2ba8d,no_edit_found,
MB-4418a56daffd,sha256:4418a56daffda6d448ac1bffac7fa17474de23408f1f5d0b01cd8f8f2c74a31e,no_edit_found,
MB-441930d5fed7,sha256:441930d5fed7197829651d9789397f4f96dd6ecbd3165069b04fe0d3979f05b1,no_edit_found,
MB-441cfe129281,sha256:441cfe129281c904f058f3a8dbd45d093dc1b7b27c0486d851d22adc84613a85,no_edit_found,
MB-44253d86c573,sha256:44253d86c5730d5fa8d3de23b4ca6a5536af9cad3292b09d17ff3b7be4989680,no_edit_found,
MB-44285d7fdcd2,sha256:44285d7fdcd265c037e5f6805fb412ca694fcd5e95156d3d07590279ed0c5f9a,no_edit_found,
MB-442a8a74aaed,sha256:442a8a74aaede7440f34523891d29f1f045ba2fa30b4ec81efc894163c892f4d,no_edit_found,
MB-44366ea07d4f,sha256:44366ea07d4f8ba111470988d140defad8c864cc54c9df0624907320041f5fff,no_edit_found,
MB-4436891bfcdc,sha256:4436891bfcdccd7299670d9d1d07c3b7cf21f5158668a30a52c587ef5346bbb9,no_edit_found,
MB-443b462b5abc,sha256:443b462b5abc4e98ac8566fb0bd1e093453a047e831e8e3064e6d31715e629d7,no_edit_found,
MB-4444924d3993,sha256:4444924d3993b1619fdea8458957eb43fa5cd868092f880950791ab372101096,no_edit_found,
MB-444b0ff70e5e,sha256:444b0ff70e5ed1961c22daaa70bc095c08e9af1f1ad82cad0d8486186e2b1c7f,no_edit_found,
MB-4454dd7db2bb,sha256:4454dd7db2bb07dc8247f42933dacd16fdc16bd017e5a8fba31ed4ffcba84cd1,no_edit_found,
MB-4476e6c407b9,sha256:4476e6c407b927b405caec7230dc0a09443f0f2831a4c04e795cba5c43d2aeaf,no_edit_found,
MB-4478bf1ac552,sha256:4478bf1ac55263eddbb40aa40948553536e2dd63b66b387630bfd0d43dd4b50d,edited,unchanged
MB-4478d2fff381,sha256:4478d2fff381bf1c9ef18acc3a5b65728ae5fb624f19305e254a7976063ca390,no_edit_found,
MB-4484d48cdf2b,sha256:4484d48cdf2b2f8721e9043d6bf1198518155d164d9850930ff0ce8a062b7476,no_edit_found,
MB-4486600f8ff0,sha256:4486600f8ff06c06c8668d1f9cbac10dcc8e64b174336c0905c3eb03a64ccd02,edited,unchanged
MB-44879ebe1faf,sha256:44879ebe1faf9cb7a014f7dac6ddad01923e0c13c8c26baf5c6a38ceea08ea9c,no_edit_found,
MB-448949b9c8a1,sha256:448949b9c8a10fa55c811e09bcc000406beb066d38f7fd9cb55b72acd791c58b,no_edit_found,
MB-448dde245b92,sha256:448dde245b92611d8ed923ddd622ae0c0a8ec7a19d9a5252b4075c2217796b6f,no_edit_found,
MB-449372f8953f,sha256:449372f8953f57c1e36d3793b7a51d65d226b65037995efbdcc39ef6e7f5b32d,no_edit_found,
MB-44955529b176,sha256:44955529b1765ea279bf9c3bdbc97015bde65048be3cd8caeb42556de0d059c6,no_edit_found,
MB-449e8356a881,sha256:449e8356a88118d113d3689f619000c29a948ab61e9ec70af9354f56b01e7078,no_edit_found,
MB-44a450ce9541,sha256:44a450ce9541b62790e2f92c215d07e357b246510c453f0d016d250366fd3da3,no_edit_found,
MB-44a9101d5a1f,sha256:44a9101d5a1f64950b962da132858690f765c0fed5d5ed402e69cd6e2d4a72ee,no_edit_found,
MB-44ba8375f338,sha256:44ba8375f338e93c65731b7274acf967406aeec4e534c44f113c90f4124e6b09,no_edit_found,
MB-44c0bb6839b9,sha256:44c0bb6839b9cd84fb77062191a83ef52e0b53e3c08efc04383f9bad23d66dc2,no_edit_found,
MB-44c9c4a8d37c,sha256:44c9c4a8d37c7c139db7aed4bf9e5a33317df5434714a64b82d7b644a962fb48,no_edit_found,
MB-44ca0265012c,sha256:44ca0265012c9c07c10eb3cbe2622177511bc1b8cb2541f64ee8b985a419843f,no_edit_found,
MB-44cc925db3f6,sha256:44cc925db3f6eeb557f790c73414e2fbe9df699a774d21b3bf3df55cf585614b,no_edit_found,
MB-44d854818cfb,sha256:44d854818cfbe0e31aab8808f8648dd17203fde9eda23c5e27f56c6e0e7cac6d,no_edit_found,
MB-44dbc069c1c7,sha256:44dbc069c1c71f93bf3700599ed3f91e7a294bd142ac7238d094d51a642ca176,no_edit_found,
MB-44e601176954,sha256:44e601176954544dbfcb6bc3fc210f1fc9d30e1a6da873adf434ac6ff70a149c,no_edit_found,
MB-44ee519cd289,sha256:44ee519cd289822da4a78b09757a9bca39ffc6bc335030a80078f9650406d471,no_edit_found,
MB-44f8d90d8e08,sha256:44f8d90d8e08f364a0fd2a9b428121db842cb4c75e9c0ba24174c868fcd2a55d,no_edit_found,
MB-44fe7bf6dcea,sha256:44fe7bf6dcea85b6655e3d7cb43c9f9acc844d68324a232a9c64484d5edfee0d,no_edit_found,
MB-450431110fd2,sha256:450431110fd25b1b66c255cb354d3abf46feb499678cc423a0ac47c22488d6f1,no_edit_found,
MB-45069ba1c860,sha256:45069ba1c86061fbbec4be6ecbee9cb952c23894e06d56eecb2954cde9edb8e0,no_edit_found,
MB-450c3d19e2f3,sha256:450c3d19e2f3bc9dee30eb0e09faf31b7f0e6275eacd7466bc1371acaabf3d81,no_edit_found,
MB-4517458dc360,sha256:4517458dc3606225e359c416dda8008fa397cc809db0faa922328581d23b2571,edited,invalid
MB-4520d9813d01,sha256:4520d9813d0146acbe12c53b8d139e763c4a10e188c76588f7430da361814572,no_edit_found,
MB-454710a2e548,sha256:454710a2e548a74c2a5a054188f042b8f546e48bd17fc89043ebfac0297a9d1a,no_edit_found,
MB-454ae2c8f066,sha256:454ae2c8f066e61c12afb5eab7bb5b29f845e9413735c4252171ce2cefe3fa2e,no_edit_found,
MB-454d493d87f4,sha256:454d493d87f48d423772d7d6d2cb5afa4e6264557274b46264d5f8c9ec8728be,no_edit_found,
MB-454d9fd2ae44,sha256:454d9fd2ae44a36647b911ef4c61d3e60f9d163520d8d08038d4ff8c81efa97d,no_edit_found,
MB-4552bd5d9aa1,sha256:4552bd5d9aa1eaa220c767dd9331911f50adb675735dfdf7fca74ea76dc49745,no_edit_found,
MB-45537c6cc947,sha256:45537c6cc947def2c2a2c93c7415c32664a7f2ad570ed64f072ba05a5264f50b,no_edit_found,
MB-45550747e108,sha256:45550747e108057cbd1db36ab0b9a76ce2889a2ddf4f0be9eda00e9a1583b7e1,no_edit_found,
MB-45552005eff1,sha256:45552005eff140f5bba3aec2cc906b8fd2bbb0c9fafc18fb468dcaf8499c9b19,no_edit_found,
MB-45569970c8a3,sha256:45569970c8a33ad3aeb1c2d288e7cdee4b1a99fa466150d5fdf02e0e26aaa6ea,no_edit_found,
MB-455913a9aa43,sha256:455913a9aa43fbf3373cb27999c7ace08fe976c096b9df948501238d23f969a4,no_edit_found,
MB-455bec1bb62d,sha256:455bec1bb62d1af97ff7f7427e0f354d8613b4b2c2ab84da9b2decb6ebcb7f80,no_edit_found,
MB-45625703c49b,sha256:45625703c49b50964193114f719384cb991fd0d4a3e6385dba516c912f1ad81c,no_edit_found,
MB-45638f2e5579,sha256:45638f2e557963fc2a9eecd74a7e6e732ce2386ee6ccab93b8e87f75f63d2548,no_edit_found,
MB-457478c5867b,sha256:457478c5867b07ea1accac41ced04baff3328e991389582559b2be9f34610221,no_edit_found,
MB-4580e5fa8649,sha256:4580e5fa8649ae02d03c5535eac498f0515625575cfc3b0878d2122080210119,no_edit_found,
MB-458153ac25f3,sha256:458153ac25f3f166ea354f23239d6f809cf8b5ffa809a7efd28b36b1425358c9,no_edit_found,
MB-4582549b33ab,sha256:4582549b33ab1a3d69d1a692493381b0de88b19ecb57dbd87d00a455d780356c,no_edit_found,
MB-4584a49844f8,sha256:4584a49844f86dae61dd9587468e1794a7bc2acba12c7e5b7b86188ac9701819,no_edit_found,
MB-4586a5332d82,sha256:4586a5332d8213ba6778302681315d58f3f3be3bc4ace2fea80c18178da4970a,no_edit_found,
MB-458f8c281539,sha256:458f8c2815399fc595ed93105dec38ca012f8359e4e1b04d6919646d450950f2,no_edit_found,
MB-4590b26b9cc6,sha256:4590b26b9cc652bebaf6ebec64adb6c9293dd11ae2ce20191e0c53d4faa8f1d5,no_edit_found,
MB-459bf0d9933c,sha256:459bf0d9933c1f44b1700ccc9f7830c933e04f3040987a97da2d0aab263d3f68,no_edit_found,
MB-459fbfb5a639,sha256:459fbfb5a6397be8c0ce411620a8c57a38f676f2350f4935579755e827d5f276,no_edit_found,
MB-45a7570805cb,sha256:45a7570805cb163eb44a6319b82c4afed4f4d77723c519fe15074a649d2e8335,no_edit_found,
MB-45ac68cb6cd5,sha256:45ac68cb6cd55536d4fac368700585545f7c7fb3d459158858064607f1cf8421,no_edit_found,
MB-45af9aa7f403,sha256:45af9aa7f4037bb85a3633d848143c856da4cb6564403db777c2e897ba519228,no_edit_found,
MB-45afbb13843a,sha256:45afbb13843a1ea307abbd6f8b1822f63f880d9732c4cc251013b477231d8837,no_edit_found,
MB-45c2be0b94ba,sha256:45c2be0b94ba037f7da0a57719955f27defb7847bb283f05bab37ef89a1ddd8d,no_edit_found,
MB-45cd72315267,sha256:45cd72315267245e5ae00a0589a1c8365a0a9b67ea969f060725cbb3e0388716,edited,unchanged
MB-45d4dfe596b2,sha256:45d4dfe596b2efed34395c1ea5816e2cf329d7e2a0bd2fb8e2b56934503d544c,no_edit_found,
MB-45e0c29f0c70,sha256:45e0c29f0c70c4801a934dc5b5fe1cff7b01daeefb350f924b90aa28a5346230,no_edit_found,
MB-45e5891f23a8,sha256:45e5891f23a8f9c58393891fa0173b6969816c26e97e5b66fe01f1971cf306f3,no_edit_found,
MB-45ee22488e8f,sha256:45ee22488e8f73af1dd0dbb881ee4c57f13b735a9f89649f8c2e4c39f6b65c93,edited,unchanged
MB-45f809c85234,sha256:45f809c852348819439802415a8ee95b96a10b1431e4a93de6bc7daeb117b8e0,no_edit_found,
MB-45fa59dd56c6,sha256:45fa59dd56c67f63d2608890fe24759c3fe73973445991ed4c11efb7e59e233a,no_edit_found,
MB-46046e0cda38,sha256:46046e0cda3843812c0c438038c21e06af7c2d67a3c0144e59685b17d34d02df,no_edit_found,
MB-46084d12f7d4,sha256:46084d12f7d48c763215d70ed16d4cf012d28f42dbf5810b6a282d76fc6d8269,no_edit_found,
MB-460ca77d4e6d,sha256:460ca77d4e6dc00240d4324984a4f976f0b61b2c9d643d3081021ba088112c5b,no_edit_found,
MB-4615f15dc4a9,sha256:4615f15dc4a9a2d589adc5e30f6b61044417bdba3ab4a876549fc11416596da6,no_edit_found,
MB-461ba076a839,sha256:461ba076a839f9568522291f5d67e9da4ab61466756fa3ffa36572e2a48069eb,no_edit_found,
MB-462321500808,sha256:46232150080835d51090334490091097f78bf83e84ad37f7afd99a64eec3ce83,no_edit_found,
MB-462cebc1fe01,sha256:462cebc1fe01ae52e70d5803962b34a57c0ab0b6bb429a49e48aa7408671d093,no_edit_found,
MB-462fefc71a37,sha256:462fefc71a3757803de85648dc32cd66b281fc1e680801751857ece11afc8a27,no_edit_found,
MB-4631721382f2,sha256:4631721382f2ce809da9925d6447583fa389fd23b966a13491129cd4dcfb37aa,no_edit_found,
MB-4640046bf45a,sha256:4640046bf45a4f23e072f571a47fc7b53121255acba598d7e1a108c5f76694ab,no_edit_found,
MB-4650e2442718,sha256:4650e24427184cd213fa609291cefc7cec7775c821de83f1df793d9f26fe6f7c,no_edit_found,
MB-465a0eab1bce,sha256:465a0eab1bce3c205b7302d634aceac135373a11259a9151db2cb83820523e52,no_edit_found,
MB-466360bef155,sha256:466360bef155f3db97e1ad593ff21e52f167aaf8b4db263e26380aeab4364fa0,no_edit_found,
MB-466c02ed3790,sha256:466c02ed37904910bfd8f8a71bcd8ac980a8b891d034df080ef061a13fb2f3e5,no_edit_found,
MB-466e25988414,sha256:466e25988414dcae533a67ec2179796c0e9a63e3c62b171826d1be0d83cc1b96,no_edit_found,
MB-469129f0b538,sha256:469129f0b538192bb4ca6dc02e8085246e97de65b405170978838b75ad2f8150,no_edit_found,
MB-4693a5fa74dc,sha256:4693a5fa74dc13b3b03df3cc5f3ec902687fffcd0469f7ca6e1c6cf8643186fb,no_edit_found,
MB-4696cef56d47,sha256:4696cef56d47c6275fc6a1749649827db995c4d5e095e6ad57994e1368e2af71,no_edit_found,
MB-469c3331dfa6,sha256:469c3331dfa6e7b146cf42e21aa22e32eac8c6d760217c2bd232bf1f8f8116f6,no_edit_found,
MB-469f2be5d40e,sha256:469f2be5d40e243ede00ee8045f83da1112a27ea7a00234ec34be0f7bf56a11b,no_edit_found,
MB-469fd7b82119,sha256:469fd7b82119c142182004b777e1d0df57dd98a9d61b1b2d6bba2b452562f134,no_edit_found,
MB-46aaaa8042f1,sha256:46aaaa8042f1937d56aa7946a4209a406a6cfa2a16094a95cb0f23003e1c2b8c,edited,change
MB-46aaf715bdb8,sha256:46aaf715bdb865fb3347695202d086f46d6aedd29fbe1faed0a4eb584cd8bba6,no_edit_found,
MB-46ad74a60986,sha256:46ad74a6098610bd8940a426dd485e8dd67f204b6776376063fdaa21bf997577,edited,invalid
MB-46add55bad5a,sha256:46add55bad5a947d0cdaad50b5ace986ce1d8febfacca994cfd2e900ae5e9fb0,no_edit_found,
MB-46b1604e6225,sha256:46b1604e6225abae55fe180cd0bbb6a884452536c52c54c80e6bdef8dca5ffa2,no_edit_found,
MB-46b1e2166077,sha256:46b1e2166077a2b31710a4423ac94d83227280eb92f2aa25830f51be04111166,no_edit_found,
MB-46b4bbe45dfd,sha256:46b4bbe45dfddb7d9c44aaca4dfe7c66c80aaf28da83f7d9c13b1fd084017ed1,no_edit_found,
MB-46daf2cb370f,sha256:46daf2cb370f0e9c5c0b8db3e413489197de34abb1a3aad5f6486dfc676d8262,no_edit_found,
MB-46db22b755cd,sha256:46db22b755cdf123e2a48d0ff497754534f5d57fa99b9e4fd5b50cedede9243b,no_edit_found,
MB-46dd518e3d63,sha256:46dd518e3d63b1d7478d84c548bc64f4e4c3f0f67fdaabca8f4af1464f1ab3ba,edited,unchanged
MB-46dd7349ad42,sha256:46dd7349ad42016548266b20172c9803901a828faeebef6a4cc4875c2780bd7a,no_edit_found,
MB-46e2247983ba,sha256:46e2247983ba96530601ef402bb70a161501b56b652466db74de9b59a3c54d3a,no_edit_found,
MB-46eb5c5dfac3,sha256:46eb5c5dfac3a4e5bc67c7ba4d4dab99b4abd60df881dbd6a70540acf9975339,edited,change
MB-46f29a955b6a,sha256:46f29a955b6afca916c98645d46936d1b0bc4c66f8d7d8b5b6ffcd17cba6c056,edited,change
MB-46f549399383,sha256:46f549399383124f28d1631b2a3d800eb25b0fa9a307c6af8f3373e7a940f2d7,no_edit_found,
MB-46ff2f8856d6,sha256:46ff2f8856d6a5a66ad33a1dd6cba135c7e9734c5d518ce3f2f9e2ec923e97dd,no_edit_found,
MB-47028ecab5f2,sha256:47028ecab5f241f2fb08977841d9beb7f5734f1adbd42b4939dd167903df563f,no_edit_found,
MB-47099eb4ac62,sha256:47099eb4ac6225ecb79e33a43b1af87cb23369d3e81c490c795e89aa4532d876,no_edit_found,
MB-470a48fc453b,sha256:470a48fc453b7c1ba61adc9b08a40faa91dbdcc6e6f1b1355a3cd605f276418d,edited,unresolved
MB-471954f5f310,sha256:471954f5f3105738e169182d340c68be6f10e17e07e9781f92b983827326ea34,no_edit_found,
MB-471d5fc9aa35,sha256:471d5fc9aa35e2fea4c64effea0acea41c25277626d078a748ad7cd97ff6206f,no_edit_found,
MB-471ddd4fafa4,sha256:471ddd4fafa4d107c43fcbf58dfb0715732b8a5484b8c6cf880d8175b17c08ed,no_edit_found,
MB-471e36dc3721,sha256:471e36dc37219b962ffd8af03825ba7f0d4171abaa6de541a07724b6ed599e01,no_edit_found,
MB-4726d0775a9c,sha256:4726d0775a9cf156972a4c4abd4190f846e580c2cbd349d834d3527a7b06ed11,no_edit_found,
MB-472a83e0a18b,sha256:472a83e0a18bf9003fb96dacfd9ac0329f7a9cd90aa9f457f1800b2c704fc9fb,no_edit_found,
MB-4731fb9d2165,sha256:4731fb9d2165c017b1e76ae8dabcf6f2ea3f7ce2c4c1abcc266d8d11125297ad,no_edit_found,
MB-474aadc63356,sha256:474aadc63356c37e888d6748327f85d4cba93b6811a4bce63ec9f0c073593624,edited,change
MB-475669a9ca36,sha256:475669a9ca366853ce526de9aaa14ed3d1eb12858e75a1fd93c19c548e6a03db,no_edit_found,
MB-475696d5a621,sha256:475696d5a621e66cf65c275a4dd65b45b663cf7a0fef9f33aacc5e14d28c43e5,no_edit_found,
MB-476464e8dfed,sha256:476464e8dfed366be7461818bf85770ae2cc009b46e5dcb1ba192f6d7d16626d,edited,change
MB-476b242535a6,sha256:476b242535a65e51ed77ad04b3fcfd9adc34445e1486476fe89c7e9e6970d771,no_edit_found,
MB-47735ac3f71d,sha256:47735ac3f71da2677b95934b3442ad84f67155685b102e2bbc3edf7a035fe461,edited,unchanged
MB-477e3e771079,sha256:477e3e7710790b38ba89143aa84627d510509c949bda19c75bbe9fe9972dc9af,no_edit_found,
MB-4797fa7a194e,sha256:4797fa7a194ef33a025e31965a1cccd0a12ba75a8f67d49462629647a9fbb710,no_edit_found,
MB-479a48225e6e,sha256:479a48225e6e325c2f8b559ee75d8ff9836f75e8e22ddebba6676b660dd66d0f,no_edit_found,
MB-479b6950c604,sha256:479b6950c604188a62f9db2c5dc9fd36c271c246fd5be0ceb83490c937b78ee5,no_edit_found,
MB-47a18c9bf68b,sha256:47a18c9bf68b6192200c1f1dcce56105cef2948350cd94b342e32c58719b92c4,no_edit_found,
MB-47b05ec64466,sha256:47b05ec64466d0537f4960afc856a9b2d87a10455b9e54e22d7751c2ef15ee7a,no_edit_found,
MB-47b0d5df3641,sha256:47b0d5df3641c618def759998edda61c774b8cf00333e20febbf2524b1b4b660,no_edit_found,
MB-47b0e911a5e6,sha256:47b0e911a5e684db5273114774565d22e174d4444dccea87e594452db5ecc5af,no_edit_found,
MB-47b2b872bf93,sha256:47b2b872bf938249797c7cc3c7827b97fbeca4e18347b61d2b7a6a1b18055b93,no_edit_found,
MB-47b3cc3c0720,sha256:47b3cc3c0720e92f45d324c948b70b46104dc9c6d0c05cf82b516af8dcb6d793,no_edit_found,
MB-47c597572d4b,sha256:47c597572d4b9f3e4fb42f40a6ab11effee2409ad286135821791415ddd33915,no_edit_found,
MB-47ce05c4f83e,sha256:47ce05c4f83e09767d0ce1a1ad035e114281e81a54a97a2e658ee44a6f7a8f20,no_edit_found,
MB-47de1508e348,sha256:47de1508e3489873e6d28cb0a41575a9900c272394db964e71111ba35df7b13c,no_edit_found,
MB-47e9e0bcd883,sha256:47e9e0bcd883acab1fc175798b19016af329c525546c65b4916ffebe2017d211,no_edit_found,
MB-47f701182229,sha256:47f701182229d9ee6c7939ea4d5033cf3cac2c69dc80ca1f0b820bd143c9b0e6,no_edit_found,
MB-47ff4bbad8bf,sha256:47ff4bbad8bf8613b540d40e2a1e4545aafcce5b82c3dad929ca9a0f16a30ac1,no_edit_found,
MB-481ad0844035,sha256:481ad08440355cae1b80858e83fba21b777232b4e32ef5129434db9bcac63371,no_edit_found,
MB-4829b5d4bc5d,sha256:4829b5d4bc5dba4119c50b916356532130b9289fe843033eed591b0d55bb432c,no_edit_found,
MB-4829d143877e,sha256:4829d143877e89ad4f3186e0a3e1720bcd7b05df6451d034c066c60685df2e6c,no_edit_found,
MB-48311ae6e60e,sha256:48311ae6e60e35fcdf1a2d09c5c3b5efa89e67d264f50e9dbfe138dbe703274e,no_edit_found,
MB-4839e44826ed,sha256:4839e44826edcf76420a5e227dff9a72944e3af040344594798291ca46ed0a7c,no_edit_found,
MB-484868dbc4db,sha256:484868dbc4dbe904af878cb27e7c2cca560c52ad437d0515cb0bd1d19ca7424c,no_edit_found,
MB-485272125657,sha256:4852721256578451c5c316158ca3a61e9c1392ff933dfe70b9948f4104f56ae2,no_edit_found,
MB-48551373301c,sha256:48551373301c502b54e0c879d5561fa428282cf4ab45b327546f1111611d5766,edited,invalid
MB-485c8fea991a,sha256:485c8fea991a029c3313ff39f077c3060152046fc9eb5a03159a9ae68e428bc9,no_edit_found,
MB-485f96e5bbf3,sha256:485f96e5bbf312e9192e995e46b574519e961ae451cc8cc18671f6ae58baec6d,no_edit_found,
MB-486562233774,sha256:48656223377479ca2156b56ea89a505098430c1e426d79de1397ed7ff0d307c2,no_edit_found,
MB-486aa7f8bf1b,sha256:486aa7f8bf1bc7d62c48bfa085ae65b19b4ae5f8ed972a1c11308274d88d29c6,no_edit_found,
MB-48724dc8f9a7,sha256:48724dc8f9a7a1fb5912e5831554f33a8fe0760508df860641d376a5cee78481,no_edit_found,
MB-48748d85de4d,sha256:48748d85de4d61080cec688e724c35f2fc1b347c8e67f8f3748d37a8eb7e3f54,no_edit_found,
MB-4880f82d9f62,sha256:4880f82d9f62896613404164fa4ebd160fbce23d67ef046ed3e90115e0900a64,no_edit_found,
MB-4884130dbac9,sha256:4884130dbac92250094482182d30c7ab4498edfa02bddafced32fc896a706dde,no_edit_found,
MB-488418b022c2,sha256:488418b022c26f35aad979cc955e2da749e8f4bbe3e2e7148d8d46c62108b2c9,no_edit_found,
MB-48895d2b86cf,sha256:48895d2b86cfbbc400abcbec274e602fc55068e90e3320f052b8ad924f23c5d3,no_edit_found,
MB-4892e8290bc0,sha256:4892e8290bc0aa3ef13fdf1304bca9a8ad0b5363c6bf56c5551bd452f7340f0e,no_edit_found,
MB-4893c5b44f99,sha256:4893c5b44f9993049e98277c0565cc500345f7c657f245b05c8a046cdee5a9c1,no_edit_found,
MB-48967e093a7e,sha256:48967e093a7e3cc6edf2e9d26e211d919ddac35b0b73669323c8a732e72649a5,no_edit_found,
MB-4898cab566b8,sha256:4898cab566b8087fdb9d656fcf40b812aede4a8927af860ba0f23704b300f276,no_edit_found,
MB-489e13ece9e7,sha256:489e13ece9e735d4939e47cb5f214f903b3b86b7fe7ad68a75e9746c6c00db35,no_edit_found,
MB-48a82e519a91,sha256:48a82e519a91b9b455ea09f981cea5e64aec691a1cbb77226fd2c6de85deaaeb,no_edit_found,
MB-48ab8e505a54,sha256:48ab8e505a54c82e64858bb86aa8a4dfb533ac0b466afebe3c98639073ee2ff1,no_edit_found,
MB-48b9cba6a517,sha256:48b9cba6a517825ad31ccaa7d1688eb0eea77c6a385d0735a045b9c381a39f6e,no_edit_found,
MB-48cd2d7e739a,sha256:48cd2d7e739a2c217fd64545c4dfd593cfe2dcf80aa95b61eaf35bed71cacad6,no_edit_found,
MB-48dbeb6e3f1c,sha256:48dbeb6e3f1cd57f1f9969432a174ea52b8a3cb40493246aac6dc5c5759899de,no_edit_found,
MB-48ed8b614fa7,sha256:48ed8b614fa70413a2c2f2354d87b63d6a6f6f57048123e595affc8b0a46f9ec,no_edit_found,
MB-48f2a4e63049,sha256:48f2a4e630499f5bbaef34c5a94899b964781989efb1432e0234c58aecf60a9e,no_edit_found,
MB-48f34b0a8325,sha256:48f34b0a8325dad801e8203e3d751a595c1164d87f0c258b008ac74cb0ed5a98,no_edit_found,
MB-48f4f3eb4431,sha256:48f4f3eb4431de4b0bbb65af89e089c7c75d1887c3bb996589b72fbe6aff428c,no_edit_found,
MB-48f8e36c9de9,sha256:48f8e36c9de9fab2effa03181fcc247aa8adeca43c3192ea5675e5176e25b32e,no_edit_found,
MB-48fbdc00a5d5,sha256:48fbdc00a5d5893ead0f0015ad6b18555e4a2f3fdb23e32929b2d0fc8d15f63c,edited,change
MB-49044a06ef05,sha256:49044a06ef0544da422979ab76cf3efe0c460435badc271851297d0c1ec0cc1c,no_edit_found,
MB-49052e3a8fd8,sha256:49052e3a8fd80965c2c3aec529a080b7c51e64311130af1e2797b322b9bdea1b,no_edit_found,
MB-490c742380c9,sha256:490c742380c9a55da271c4895784efd6d7b04c25656563846b76979620524c96,no_edit_found,
MB-490d54dfaadc,sha256:490d54dfaadc900a225a5c3488e5ad76755c87ba73234199b3bff229fe429c40,edited,unchanged
MB-4914abc00d56,sha256:4914abc00d569b2a36da4362e3955b42cf31cadae39cf5eff99393cd2ed55327,no_edit_found,
MB-491ab2028dd7,sha256:491ab2028dd773eb96fd2403913246a295cb962c5d0bc8b3ebfe9a6201d6e3af,edited,unchanged
MB-491e1a2822f0,sha256:491e1a2822f09d98ca7400e9e18f10e438d48c8e17997ed11f7caa3ba9c78cfb,no_edit_found,
MB-4921fa2c2449,sha256:4921fa2c2449a929a005548c51b8e157cdfc58da8b697c378c0f89632304acf3,no_edit_found,
MB-492cdc5cf8ed,sha256:492cdc5cf8ed7546d48c21c2f026c3aa9e3abbd3a94d533740cadb795484f73e,no_edit_found,
MB-49379ffca509,sha256:49379ffca50967318c90be6b37d4c1b838916ec9800b0da5b25a04b6265be3e5,no_edit_found,
MB-493dba87c3e4,sha256:493dba87c3e42b1542b43fc6090eefe702849a527784a963f4ca53fef57b3b02,no_edit_found,
MB-49401761375d,sha256:49401761375dad99efa85ab11586d5a99eb8e6b0d44871def451a620af3d3aba,no_edit_found,
MB-494261d0e246,sha256:494261d0e246c5ed65f8afc7fce7972706832ba17cb42171d6fcafd49bb027f5,no_edit_found,
MB-494fbb670992,sha256:494fbb67099210f7ea92b32f285cec4868f9f4102b4ff45f8a8b491491d58d8a,no_edit_found,
MB-49578cbdc5b1,sha256:49578cbdc5b14c9098dbadef34e6afa1b2c034f22cec1d9fabbff00eb9098edf,edited,invalid
MB-4958c77270f8,sha256:4958c77270f85e34870e62369c11fa1d8beb325d272df32a5776c49e93fef937,no_edit_found,
MB-495def2ef8e1,sha256:495def2ef8e1cfee16ee03878c8426c1204d1095103635f8a5a0c99585ab3483,no_edit_found,
MB-495ea9465e01,sha256:495ea9465e013679497456528947911329ec80eef4a1729a452899c53d4c0f43,no_edit_found,
MB-495f719fc89d,sha256:495f719fc89da94b35ae5455f4b37bf17e4fe6a0c971844208429ef3086c5865,no_edit_found,
MB-4961ae7f9f16,sha256:4961ae7f9f16868a772b540486a791367ee64335e612c34ae84d7f8fc1ef7e2a,edited,unchanged
MB-49633290f7cc,sha256:49633290f7cceda8f6919f329f54dccff142cdf19f0b7060cab99662186acf88,no_edit_found,
MB-4964e81cfbe0,sha256:4964e81cfbe02369c027a5fa14b4bfc0deaf07bc4178032e9f5addaed6fbb8c4,no_edit_found,
MB-496662612882,sha256:496662612882085ff81ce1e9e02cf54aaa27c6b82d905fbd8269f2bfbac4d887,no_edit_found,
MB-496a8010f89c,sha256:496a8010f89c9be70766e0c93eb7f68a3d46d64d28571dd8fb03c014e0ca229f,no_edit_found,
MB-4970af77e9c7,sha256:4970af77e9c746cb9ef05d4805d47e661a128f5d37e609a55f228dbc6f07f01e,no_edit_found,
MB-497156ff6d89,sha256:497156ff6d894380620eec470feee36beaac23001dee9209f85d0afa95136e36,no_edit_found,
MB-4974a3e7478b,sha256:4974a3e7478bc53ed115405a496accb0b100b77f7c545fae17fddeb930f80935,no_edit_found,
MB-4978705fc4a0,sha256:4978705fc4a04e31e5906d1b2986b479729812eef5af3c3fb2bf2449af49678c,no_edit_found,
MB-497bfbda10c6,sha256:497bfbda10c63179ffb963d307ddca5e836732d7ef0550665dd47f8ccb6f5933,no_edit_found,
MB-498733d6eee7,sha256:498733d6eee7584c7c4c084fce41fcad1b149bb03abed3b18305203c8bd95c21,no_edit_found,
MB-49889c94a026,sha256:49889c94a02680b0733f8f77acfe72d04b7cdcf2d56d8ce6e68b38397e71e941,no_edit_found,
MB-49a154045f29,sha256:49a154045f298ae77055bf27de5e4dcd310e4602beea5dc4487522082d18f78d,no_edit_found,
MB-49a3dbd0e774,sha256:49a3dbd0e77426d5b0912e294a6091b1635f32e28424538f0a3e959aafda118c,no_edit_found,
MB-49a7411d6ce1,sha256:49a7411d6ce1a2fbb83877fa81e1dcee09f424c6aa31249922a3571bd0fa3c0b,no_edit_found,
MB-49adb379a5f2,sha256:49adb379a5f276a76215524a5040ff58a2f8b1ee29af2623a5b31b2eaf9d78f9,no_edit_found,
MB-49ba6918ea92,sha256:49ba6918ea92f78c0222895ceddf67e1a30af276847ccca2dd22bb35f80074f5,no_edit_found,
MB-49c2a6ec7cef,sha256:49c2a6ec7cef0a17e9deadeee5e178bbb1f09e868894c26d9d1ebd64e326eb57,no_edit_found,
MB-49d2f04e2ff1,sha256:49d2f04e2ff1968a232831de4d15e7e51f6c15cd9b799bfa2660e946960dbcf8,no_edit_found,
MB-49db2f4c9d57,sha256:49db2f4c9d57dd520a26dc21a29f9eb8aa0be0dd267ada43648ef0cf7d151dc2,no_edit_found,
MB-49f163b81c51,sha256:49f163b81c51e5e3d9fe86397fc650e09dbfb18abd8ca6b78c2f8b93eac9b9e6,no_edit_found,
MB-49f163f052ad,sha256:49f163f052ad2bef23d7b6cefec399ced5c51d4cce124378caa0b8c3c60874d5,edited,change
MB-49f27d902152,sha256:49f27d9021529e250c3f41b923fb0e52a6b8efd3b9346bb3d99388bd2c0792e0,edited,change
MB-49f5ff3f8f16,sha256:49f5ff3f8f1600c2ca873b316d20b8136f74a2084d62e1c8868d99db90ceca0c,no_edit_found,
MB-49f9cbe7ccc0,sha256:49f9cbe7ccc01ee186ae32606eda1f2463ade48619f76071e04cc04a88e02cb2,no_edit_found,
MB-4a004e9f9b6e,sha256:4a004e9f9b6ed7bed007173998b619943832463d74ab887741e66254ec0da7dc,no_edit_found,
MB-4a018f3907c7,sha256:4a018f3907c74d1f07415f90f68d7e4924ab5c8ac586c6bc5a6dad7328b0458d,no_edit_found,
MB-4a0938868f52,sha256:4a0938868f521d26371df041c4c386860211843ee0ecc28fb93ba6ae5288db66,no_edit_found,
MB-4a1ca4e80782,sha256:4a1ca4e80782742a3ba5d666ef16c9893910feb0735f7add5e4f9c86df912636,no_edit_found,
MB-4a1d84241b2e,sha256:4a1d84241b2ee0acbbe353a16f05bdd8ed941d804cf190150314864c7603e406,no_edit_found,
MB-4a267e98c99a,sha256:4a267e98c99aa5114f0c28a62939ff78963f631e60c906674f034b65c8561cca,edited,unchanged
MB-4a349318ff7a,sha256:4a349318ff7a6a55224d528d32b5582c8bd9376e15b231c467cb16628ac69f1e,no_edit_found,
MB-4a422b6c5940,sha256:4a422b6c5940f854ed6017d086ea640231821eb60c0f4d74c7017dcb67287a8f,no_edit_found,
MB-4a425a35b49b,sha256:4a425a35b49bff7eccfd85ad43554f85fab35e5cf1e1da2a2dc7e23b5c6dca72,no_edit_found,
MB-4a4bce5a94c4,sha256:4a4bce5a94c431ce5d172e0cf5d22bf91ed92d7c259445b6ab63271ea4d51051,no_edit_found,
MB-4a528b621703,sha256:4a528b6217039ecb895e2cdce0c7fa967e0370f5807f1cea5a2f9efa7d6121ae,no_edit_found,
MB-4a537c287d23,sha256:4a537c287d2380b752141e628878b98897de91fb5553e68c43095cde651c873a,no_edit_found,
MB-4a582b0c4cdd,sha256:4a582b0c4cddef396bf213861e99e5c1107df520d4245950d581e0432bfb6185,edited,invalid
MB-4a5f1f3041f7,sha256:4a5f1f3041f71403b07b398a381e53d3246a3b851de08985797df4fc9168ce94,no_edit_found,
MB-4a5f74686800,sha256:4a5f7468680074f07f88cac570e08f0f8d387faeff0400028ed773ecf991bb3d,no_edit_found,
MB-4a68399985eb,sha256:4a68399985ebfbc5dae5bd23ac3822f484ed4261c886c36de7c4ac016d91ffe9,no_edit_found,
MB-4a6d4f2e0b63,sha256:4a6d4f2e0b631e00e25974a59c6a8f22793961ad63bbc9f6be5843a0442930ae,no_edit_found,
MB-4a6ec21bf581,sha256:4a6ec21bf58168a925ff565c19c455e47d8bb4410c77f63ad6d4ff0de1a6cf0f,no_edit_found,
MB-4a78a1e7419b,sha256:4a78a1e7419ba88ebd92b7d1c56ee2f1be6c662e02fb8ae8df24adae55ce9362,no_edit_found,
MB-4a7f73ce15f1,sha256:4a7f73ce15f1748b3bd2cbbf0adfa61c2eb4770b90004fdc2c36296ee956f6a6,no_edit_found,
MB-4a84a53ecfa7,sha256:4a84a53ecfa738b4f9ffd1d33ec01bed3f012b75b25e7ce19c0533c4828206d8,no_edit_found,
MB-4a87dba0044f,sha256:4a87dba0044f849d4534b2ea4f5271b5961f0395b427bc2364cb22ef160ca87f,no_edit_found,
MB-4aa0999fe88f,sha256:4aa0999fe88f37ada4902969dddd42b64d4175570cb3c5d12fd16acc37f9ab3f,no_edit_found,
MB-4aa3cdcda757,sha256:4aa3cdcda75724817c80cc7738ff2137dc5087b8eb440ad8a6556305a2bbec27,no_edit_found,
MB-4aa5c5a7c619,sha256:4aa5c5a7c619b078c8ef62557cd4a652830677a2649f030bf07688b228ddcb71,no_edit_found,
MB-4ab412ab27b9,sha256:4ab412ab27b9dfcf969a7bc8f209d033197a6d39d506a65ad4ea05b43087c4dd,no_edit_found,
MB-4ab9c1551d52,sha256:4ab9c1551d52408586321b119526001e8ce14efdd67be80f5a5b29cc0d2c5a4b,no_edit_found,
MB-4abdf2f18654,sha256:4abdf2f18654356c061489bf951773129302c84762bdd3e85b186e4111731367,no_edit_found,
MB-4ac3bf18c6d7,sha256:4ac3bf18c6d7d478a23f7d65c5b9af32bee1958770738a61e54692f515218521,no_edit_found,
MB-4acc82e9c918,sha256:4acc82e9c91875b7b83dac2ab11c4db636f6b68b70c6c438c5be80a2883eba02,no_edit_found,
MB-4acd0a314f5c,sha256:4acd0a314f5c3b7cfa47448b751508326a50c151f5c840de6000a46069e68a55,edited,unchanged
MB-4acf269dc70a,sha256:4acf269dc70a40894eade641d21334c4faedf4242c422cabfa295c699afc6c90,no_edit_found,
MB-4add566c476a,sha256:4add566c476a010022caf2d0f3085ac8944b47412771e6a74dcb559b8c721099,no_edit_found,
MB-4ae73d288587,sha256:4ae73d28858731582ff94de6c3b1e7938c4974bcf45f53bc0c43805a1fe4ecb5,no_edit_found,
MB-4afbe040d57c,sha256:4afbe040d57c53ee69135268ee990bd2150a6c60bc23500a58cf3529b1df28d2,no_edit_found,
MB-4afdc2c76bcb,sha256:4afdc2c76bcbccf8457f179bfb6c6a72a313f0769ad2858a60f0a3b91c17439d,edited,unresolved
MB-4b030d310dc3,sha256:4b030d310dc395dccf357f2c5a76c0d326c5bf724c7385e0d8886bb2b4870b42,no_edit_found,
MB-4b034c83727b,sha256:4b034c83727b8c31eb5f3f97133f63664281bff4f78ff48c5016e38320ace44c,no_edit_found,
MB-4b070c5e2dfc,sha256:4b070c5e2dfc37484271025c968cf47bd02a07d087370783a57769c53185113c,no_edit_found,
MB-4b093fb8990c,sha256:4b093fb8990cf91295d16c7a544164244d57643d8ad35bf63f934ffe784cd6e4,no_edit_found,
MB-4b0c45e4989d,sha256:4b0c45e4989d8fe000c4169f3af26f6e4911c3cc7cdc52accc15f52f920e704a,edited,invalid
MB-4b0ebaf468b5,sha256:4b0ebaf468b5a5b11f5a32747c9a0290b16c4ffa0d8d51546061d44740431cee,no_edit_found,
MB-4b15eeac3716,sha256:4b15eeac3716b18b9739d33802d0cb19e6e78c2156a80a01bf667555a80aeaa9,no_edit_found,
MB-4b2b66c7e04d,sha256:4b2b66c7e04d64ff2c34ce9d5cc16fe0b804e6e920bfe5ee5589ec127be4fdbf,no_edit_found,
MB-4b317b812f54,sha256:4b317b812f5480f9ba4c143ecf28dea295b5764b88378e19076b074fb1ad3096,no_edit_found,
MB-4b31b49e907e,sha256:4b31b49e907eb4d802c9c044634f666f486ca622c8973d1f252501da49e31b85,no_edit_found,
MB-4b35075f2664,sha256:4b35075f2664e36f2953e2271564b38ce6ffcaa0a20cd5a03315b587f1572ad5,no_edit_found,
MB-4b3620473d78,sha256:4b3620473d78bca454ae115207be93be60f5f25896ac84710ad6fb9f51267de7,no_edit_found,
MB-4b38aace60fb,sha256:4b38aace60fb295aa09825b1b5337e67320262ebc6bc453df899df9d247402ee,no_edit_found,
MB-4b3c053b3468,sha256:4b3c053b3468b68c0dea7b87ac6b91d5198e957f17cab38b7c4a068af3c7cb9f,edited,unchanged
MB-4b42fa679e5b,sha256:4b42fa679e5b105ff960904abcb18e8044209c8ae686f1d6aeb044dd4f549826,no_edit_found,
MB-4b5617437602,sha256:4b5617437602b836cff98f9ecb77ddbf00dd8a11f738cd4568f06619bcc8c2fd,no_edit_found,
MB-4b5ef1a50a43,sha256:4b5ef1a50a43e565772e7aa1593510dc9aee95a352b96cf29a392d3e755bcece,no_edit_found,
MB-4b6355736a83,sha256:4b6355736a83a1b89e2f13d57cfe77fc52dd3f09c5f281f522a3db4ef07865a7,no_edit_found,
MB-4b6ed0cd879f,sha256:4b6ed0cd879f04880a437b14c857d9479368bb44158a02211e15c4c41f0cf788,no_edit_found,
MB-4b73caf1a327,sha256:4b73caf1a327efc59f350c10605d35af024f3200e10687c9f46a79880362e895,no_edit_found,
MB-4b87d69bb46a,sha256:4b87d69bb46ad25456052027d71462828bd3ca6afbfee50c3a5cfeb614c7469a,no_edit_found,
MB-4b8e1c0c4141,sha256:4b8e1c0c4141d65651c9ef3bb0830a437bd0719c8074710abb645fc74304d0f0,no_edit_found,
MB-4b8f7f8ae159,sha256:4b8f7f8ae1592d891755ab261a580c1d19456b9c80c7a9bec872b3bc6db8b31e,no_edit_found,
MB-4b9603ffb011,sha256:4b9603ffb0110a42ebba5cecad25c166d4880dd8351fc4cad01774dcedaf814a,no_edit_found,
MB-4b9c22f06567,sha256:4b9c22f0656713551a0e35efa48a595755f5f9154787760394c82618ae7f9534,no_edit_found,
MB-4badf3e0c2b1,sha256:4badf3e0c2b1549fbcc84f69c039c7c2a1192a34e6ef01e39000fc04e318ec31,no_edit_found,
MB-4baedb46a6a7,sha256:4baedb46a6a70290d506410deb3c898ee12cac89aaf74d1ab40ce2afb89696a4,no_edit_found,
MB-4bb12dc9d058,sha256:4bb12dc9d058e47278416ee1562a2ab98b795cf474183d57fdb68a229ef03f78,no_edit_found,
MB-4bb448f8e864,sha256:4bb448f8e864286ab0fc1b8be1855a08600c0c1bd1230fd927f418324cd4a63b,no_edit_found,
MB-4bbdd6c90780,sha256:4bbdd6c907804a44668a829a56651982cc02553425e21e68891aa6ba5f8b8881,no_edit_found,
MB-4bd1176e1d19,sha256:4bd1176e1d195c58cfee5ad44a1a1ece11d6d9d9368b61154b44781496bff602,edited,unchanged
MB-4be234171765,sha256:4be234171765e1b893fe1ed8e30df5a7a467ecc84668c478473ccdbd9252def1,no_edit_found,
MB-4bfd1ef63887,sha256:4bfd1ef63887ae41790f85c872a3e6c4f6b69e7b95135f85e1022437112d1cef,no_edit_found,
MB-4c05e5d9435a,sha256:4c05e5d9435aa34c1b4190ef123cc9c8fa8e44ac98fa4192f43ad0c14c9593e4,no_edit_found,
MB-4c0bd8fed16b,sha256:4c0bd8fed16bac75b766d6e0dfd26365b03e1958a9bebb48c19de4a2f462e536,edited,unchanged
MB-4c0d18026e59,sha256:4c0d18026e59bb57b762a415b4398417f08a95593090c1dab2b471b6d42e678d,no_edit_found,
MB-4c16312438f0,sha256:4c16312438f06652eaf041d3461648e2d10c6bb42318880b25d96bbc95d8bb29,no_edit_found,
MB-4c1ef6f31350,sha256:4c1ef6f313506dfdcafb069aead223d3ee07509eadcc0a977eaf45cc3f83a526,no_edit_found,
MB-4c27de093b1d,sha256:4c27de093b1db316c4a49ef84580eb78e2f2773445cdad30fb4ee7ad8ea2d463,no_edit_found,
MB-4c290317fc58,sha256:4c290317fc589e84347dd7a9459ef6c057f2e4b37f5388faf3b60bdc89d56d33,no_edit_found,
MB-4c36688d87b9,sha256:4c36688d87b95e0925c49ca69eb2423ae616f8d2d3d54c79b26e1793be48fc41,no_edit_found,
MB-4c3db649e32f,sha256:4c3db649e32fae110b94d924a2d089e09ea8660b2fecb39affbe9ca43d14c37a,edited,invalid
MB-4c457683e75a,sha256:4c457683e75a00fe63f34831ea816952e329f9421c2000c0a1d7729ba414dbd3,no_edit_found,
MB-4c51bc42f0c9,sha256:4c51bc42f0c934ca50e8007e579f36f3a92e6b5bf20c4d0ed803e8a6e2741340,no_edit_found,
MB-4c53e47d6358,sha256:4c53e47d6358a94131baaea44cabf9b00115f53613559d78ce8f9a12987f605f,no_edit_found,
MB-4c5c4f09191b,sha256:4c5c4f09191b3fe49e3f5f24e7ed2bd4c0774d3d84e8eafd979a59bfc13e753b,no_edit_found,
MB-4c60f899637a,sha256:4c60f899637a9fd4bf80a3d397ec9abf0e7910e519449130b0d55a7926c80e4d,no_edit_found,
MB-4c6b9d3adb5c,sha256:4c6b9d3adb5c5aab5f234563f8880223eebe1b097e8d95683138527a6c228b25,no_edit_found,
MB-4c74de634874,sha256:4c74de634874afccb327cd14629f6157553d8ecfe5a945f264d7571a9d5c3dce,no_edit_found,
MB-4c7ea9381d69,sha256:4c7ea9381d69374e77234f40ee88080cdf6fb269114738eb718ed18a398b13d0,no_edit_found,
MB-4c7fd01550af,sha256:4c7fd01550afc4a8a8c4109951de92fd88e139a6389da67d39c05addf504f211,no_edit_found,
MB-4c806e25d08d,sha256:4c806e25d08d8e5815ed9e926be04a01983b8d4d1809ddd4e9a227b6a3f2d830,edited,invalid
MB-4c92592e10c0,sha256:4c92592e10c0bcad1d79591ad4cabeee3d3aa5d4d4cbdc04aff86116bfd9ba7b,no_edit_found,
MB-4ca7674e4235,sha256:4ca7674e4235dcd0667820fdaa19f7461a33f8bf6d10e1a9054e50d55f878332,no_edit_found,
MB-4caa76dc1a90,sha256:4caa76dc1a903946276f9fcd7b92185cbad816e8186bcda1b36527d9e1595ec6,no_edit_found,
MB-4cada6911fcc,sha256:4cada6911fcc671367f3805b1a783cb03ef2fad1fd45f6174a5132f8d2abf400,no_edit_found,
MB-4cb35ca46039,sha256:4cb35ca46039cbde069d86fdcfbc54c555c4aebc2e0c4430c0288e50687c9149,edited,invalid
MB-4cc1bd2b6995,sha256:4cc1bd2b69952dbe058e967de8268307a3158c3da36c4588dc450fcfb0dc533a,no_edit_found,
MB-4ce9ca22c187,sha256:4ce9ca22c187bc739850f471498a5c7afe1072fef8355b843a7d18dd2fd32111,no_edit_found,
MB-4ce9d45ef482,sha256:4ce9d45ef4829e81ddb03905eb26e2e754b89cff0fdf72069ef7699e51ec68b4,no_edit_found,
MB-4cef7808d903,sha256:4cef7808d9039db472bfd7cdf739da9a3632c58848b948755099b8b9a80a6dc3,no_edit_found,
MB-4cef9a00218f,sha256:4cef9a00218f1413bdfed505422df435caf4697347294bbf9dab4af8513586a9,no_edit_found,
MB-4cf7c24b566b,sha256:4cf7c24b566ba86a278c79827a64ec2905ecf6df405b278e3aa0b95ea9f4d7b5,no_edit_found,
MB-4d0a563396d8,sha256:4d0a563396d8843567075850fb0262e8a9c962f3a0f979c3cf22d5b305f8d253,no_edit_found,
MB-4d191612b832,sha256:4d191612b832c5477e22777b26865b1329dc9b8ffccaacb4baa737cffe526c42,no_edit_found,
MB-4d19b324ec8a,sha256:4d19b324ec8a844e203e674bb4786f7e113f9981bba734c2a4c5aedb4dca76e1,no_edit_found,
MB-4d1cc90258d0,sha256:4d1cc90258d066fd533a5b448954d42e7185ae0b5526e8b3ce5862407a9b5ef4,no_edit_found,
MB-4d2363412722,sha256:4d2363412722b88a99c47d9f41b19e2d38bf120a7736df36b8634159088a6611,no_edit_found,
MB-4d28437892fb,sha256:4d28437892fbc699976e4bf97b9119b383069265647049411aa743a6963a2358,no_edit_found,
MB-4d296b8a251d,sha256:4d296b8a251da7882d7aee63085fa00e708adb359b8623784b4f0330da92d2e9,no_edit_found,
MB-4d2abcab5112,sha256:4d2abcab51124d74100c8ceb662f94a141b8df7d68e2f619488d224f3f0faad8,edited,invalid
MB-4d2c31dfe57b,sha256:4d2c31dfe57bec799648eb8d79abd1a0d01d7db15cf889e21c67a79f93080fff,no_edit_found,
MB-4d3693595a5d,sha256:4d3693595a5d449f4df36f954b02bcf76b7b282d482bfef7ba6917840777f419,no_edit_found,
MB-4d6f803a2d85,sha256:4d6f803a2d8504ad68b5b8ccba7bda2bdf6399cc12d966e865cc71e956e70552,no_edit_found,
MB-4d75fd853a65,sha256:4d75fd853a65329a7e0abd3dcd1f5fbea46684f10e7ce28b6dd2ac0c5357fa6b,no_edit_found,
MB-4d82fdecf46b,sha256:4d82fdecf46b6d20992ff1032032d982014af57edab68df597a83976f93330ed,no_edit_found,
MB-4d8459a2b4a0,sha256:4d8459a2b4a0fc950c7523143dc9978f33fbae9452f109fd2e712c970f0fcb61,no_edit_found,
MB-4d87ed5cdf33,sha256:4d87ed5cdf3313b5074bbca5c6c0e610706bfac7dc92523a0a965d6ac2ef9024,no_edit_found,
MB-4d8dba2422c2,sha256:4d8dba2422c26cd376340eeec2a7169f0f6033f8f6627bfdc2a471896d5c998b,no_edit_found,
MB-4d8f262f824b,sha256:4d8f262f824bd9e859fd3decd4da1264a1e0dd2272be87286bd8c50e0fa1c2d1,no_edit_found,
MB-4d9e0a0e9c80,sha256:4d9e0a0e9c8040866999eb4ec8f17b6727dd132ad92236c5d8d3e018550433af,no_edit_found,
MB-4da3f8696875,sha256:4da3f8696875c593c71a81f86ff3b8d21b59ae1c206dc4f297244af64bcbb1e9,no_edit_found,
MB-4da40ac0930f,sha256:4da40ac0930fb1fd57e2126ae3cb135e36b599e9e722d3bc137b3bf94d99b479,no_edit_found,
MB-4da546bc8fac,sha256:4da546bc8face026a989b9c1fd5608fe3b9cb594797cdf89ab9b777b232cfd9e,edited,unchanged
MB-4dac6ee86ff8,sha256:4dac6ee86ff8ed0780d6e2792ca6f6f789aafb3c4791c338ffc96512a220daee,no_edit_found,
MB-4dad2a08b085,sha256:4dad2a08b0850ea1a470ff03ddc36408676b3e7e40832a050b7ea73682d9c4cd,no_edit_found,
MB-4dc1a265a6aa,sha256:4dc1a265a6aadae1367909401c6eb225f5f5a68578e55fb97e397cccc8786574,no_edit_found,
MB-4dc3080f79ce,sha256:4dc3080f79ce32f8cc851bf2b35d7b0d17593ee65379693ddc0f68444f40a613,no_edit_found,
MB-4dc31c3ab875,sha256:4dc31c3ab875a3ec74592831e07515836695c7df0a6e2030ea75cd786030a31f,no_edit_found,
MB-4dc491cef6da,sha256:4dc491cef6da11d6d0720b1fd4c4de5b6fa8a1de36c49ec9f28bd825960412a2,no_edit_found,
MB-4dd8dec3ea04,sha256:4dd8dec3ea041ef610ff2517cd2a45617faff374423865c5f3b2b54dd27a9572,no_edit_found,
MB-4dd95112ba9e,sha256:4dd95112ba9ed225d16afb11390a11fe5708ce7a8309a70e1b957f7dc811af3e,no_edit_found,
MB-4de212e113d7,sha256:4de212e113d71b6846cae033cd6905aa8a16d9d7fe5ee5d445958b97a7a60539,no_edit_found,
MB-4de31909491a,sha256:4de31909491a46cc6892a7e70fb1301e12d2668321e852857da74df029d584ec,no_edit_found,
MB-4de55a00da08,sha256:4de55a00da08b081ea7edafa4e69da450a9c2bf23c9db61b5098df113e662b40,no_edit_found,
MB-4de8f5ae78ab,sha256:4de8f5ae78ab65fc92debed6ee50497d03042f79ca13b9a53a0ec742e991a1a7,no_edit_found,
MB-4df773537e68,sha256:4df773537e68d2304de989ecccb5dd15995bdd5135c1ff40a474caef43043607,no_edit_found,
MB-4df77b305e29,sha256:4df77b305e294dee4da3a920a67da92c7e480d33b97ce4cc0be1db0aef8ec60f,no_edit_found,
MB-4e080187e1b9,sha256:4e080187e1b91476e31857a961465a781d3e3d354effc79460ff5a5c3a526dad,no_edit_found,
MB-4e10db438439,sha256:4e10db438439dcd6eb03d5d1a38059ad0b8fbb0c7b50bafaf7883de9b43a32a5,no_edit_found,
MB-4e1e73fac85f,sha256:4e1e73fac85f4a86df563c912d7c8ce4a61fadadbd09988063a04e34211183a1,no_edit_found,
MB-4e28b45ab5b6,sha256:4e28b45ab5b612be40165a1934e467a0d743656c3087bb6855389487223f05d2,no_edit_found,
MB-4e3a922dfb13,sha256:4e3a922dfb139886928c8c52d6a49114548ef298ac4758012024079be7933929,no_edit_found,
MB-4e52092eab3e,sha256:4e52092eab3e05678d20d4a6f6d6d6519f4cce128a3b95320177e6b39d6ae370,no_edit_found,
MB-4e577b6ad10b,sha256:4e577b6ad10bcf194114ba51e904f8a071338115c37a68c554dc2b1b0297a184,no_edit_found,
MB-4e624a628cf7,sha256:4e624a628cf757320926f7e972e8dbea2c5f957ae4b5b8e920a9eef17acf461d,no_edit_found,
MB-4e63afb1ea50,sha256:4e63afb1ea506076aaa65f5861b4601c794403aae9a38740117ece38ddf1951d,no_edit_found,
MB-4e6491c1ce9e,sha256:4e6491c1ce9e40bef0b44f76b3c43c886c1bc11dd9b0250eb12e682012767188,no_edit_found,
MB-4e675e883e74,sha256:4e675e883e74594679a69b649c9340ffb378b61b22da96912726c90eb9b2ce7e,no_edit_found,
MB-4e6e8d5752f1,sha256:4e6e8d5752f1da71b60489372fc97548be7fc1510295225e9025fa52d4e7a09a,edited,unchanged
MB-4e70321aeeea,sha256:4e70321aeeeab491669d58a87214284619d39aea6c4f71896ba1c365fec81f4c,no_edit_found,
MB-4e8425b050d5,sha256:4e8425b050d52033a4b40f73538fb0635cd25e33c12cd053ad88f2d40bb2469d,no_edit_found,
MB-4e8c9bc6c28f,sha256:4e8c9bc6c28fbd729c0e40cf85c6851cce84e5a6fde697bd1834949cd45b479a,no_edit_found,
MB-4e9275d1669a,sha256:4e9275d1669aecdaebc06c77e3c3d38b4f6c6911ac8acd3b5f944e03c3980ea5,no_edit_found,
MB-4e98ccbf6647,sha256:4e98ccbf6647932b979d2c91139b09497674c81bfa21da530f41ea96b3092661,no_edit_found,
MB-4ea1bc2290ca,sha256:4ea1bc2290ca619d0b176b825c0c81f98298d6d1d2988e1e6748aec686f3aa84,no_edit_found,
MB-4ea44ad03297,sha256:4ea44ad03297a4a6fbb02117de42e06fd7600442a8df981c2284c6857b78b661,no_edit_found,
MB-4ea575199d40,sha256:4ea575199d40753f468b593c707c0147122e2ed6aaa2512dce29b39b8ad1706e,edited,invalid
MB-4eae349726a7,sha256:4eae349726a7febd754fdaa8f7e5cf1c8367cee11fa9baf36992488a45fd6527,no_edit_found,
MB-4ebcc79f4fb9,sha256:4ebcc79f4fb9e6be207bce4694bfac44de91155b0a43e7c974ec94b41ed1fded,no_edit_found,
MB-4ec10024bbca,sha256:4ec10024bbca9200394367532bdcf50a15ede16ef85d5248a033170b473d20f7,no_edit_found,
MB-4ec1175c8d56,sha256:4ec1175c8d5631f58db7ef516c5ccf56545375515cb240ced9b0c9209ca1cd6c,no_edit_found,
MB-4ec67faf5b08,sha256:4ec67faf5b08896adab4ee50f88958f3307a9e5a232ea6d4bdd0a87ac7572009,no_edit_found,
MB-4ed2f0570944,sha256:4ed2f0570944e3468589a092bddf31429fad0b319d7565ee36148bb89d2b96dd,no_edit_found,
MB-4ed3969252c3,sha256:4ed3969252c33bbd573a7b0b56cc0e79daa3a7f8f2d86e50036d6dbeba08a84a,no_edit_found,
MB-4edb2dd4b9d3,sha256:4edb2dd4b9d32e434371f7f1e84ae10133064bcd9f3f425d71617e17caad5f90,no_edit_found,
MB-4edcbf77a48d,sha256:4edcbf77a48df1097e6eb27137d8c8478e3f8e490c28e5c99ad3dab01cc63435,no_edit_found,
MB-4ee20b9076e6,sha256:4ee20b9076e64b7cb03bdea60859eef6dcb65a1bf71da6d5cc5c18b7e05c726d,no_edit_found,
MB-4ee332ab8c66,sha256:4ee332ab8c660d4f7271889a70f0a5e15c3c81221834c19b61fb473505335bd4,no_edit_found,
MB-4eedd710d61b,sha256:4eedd710d61b91bc406766b273bcb2de58ab7101231df1734fdefb52159fb752,no_edit_found,
MB-4ef36806d9b0,sha256:4ef36806d9b0ad062c786ba777204196c84a6b55e2f7f5e07387f2e0b14f1c13,no_edit_found,
MB-4efb2c298ea4,sha256:4efb2c298ea4d1d1f81126dd04bae57c46acec2592752a2ba0b87c265d99e31e,no_edit_found,
MB-4efc7f72cf7d,sha256:4efc7f72cf7d82e922b53dd4445d22c2f299aafc962d9702c0c0b95ee1d424ee,edited,unchanged
MB-4efccb96b5a2,sha256:4efccb96b5a2da339372b4fef9e2c3bf8c99070d2839c520151f830f84c9f568,no_edit_found,
MB-4f040e66cb74,sha256:4f040e66cb747f6e9366f3f72da42c51539383caf967922c801fab20e329841c,no_edit_found,
MB-4f0cb40f7f56,sha256:4f0cb40f7f569408a3491c3f781196db3ebd6867f113b6419f05510294cec10c,no_edit_found,
MB-4f0f310815dc,sha256:4f0f310815dc1386916689a6cf5f8edb8a8991e400f53585ad1f36fa25255646,no_edit_found,
MB-4f1327a8ed05,sha256:4f1327a8ed05c4d6c1408bc189795504019cbc4a3455c30c897d821381edf8b9,no_edit_found,
MB-4f1d2d816a24,sha256:4f1d2d816a248b2acbd1df9af9008811b017897a044ce2658b445d2389dc03a0,no_edit_found,
MB-4f1dbc34b7f1,sha256:4f1dbc34b7f1809812fe8c0d92ee30b88060f727cd511567ca7bd520411d36d0,no_edit_found,
MB-4f35c0389fa1,sha256:4f35c0389fa106139810c6fe6d4741a8dc64aa4f463939498e7f53eb8eeebfe2,no_edit_found,
MB-4f3bd1496c61,sha256:4f3bd1496c6105fd473e8da06a0274bf02ee33224840be16a4edd9662c0643a4,no_edit_found,
MB-4f4266947094,sha256:4f42669470949cc559efaec9e39abc2dff43bb074e094d8b20235913ab51428d,no_edit_found,
MB-4f47d28a882a,sha256:4f47d28a882aade838f174a0125590dbb40334e38dc9504163ea2f52b7d1edd7,no_edit_found,
MB-4f4c4ffeacb7,sha256:4f4c4ffeacb7dede7f18db264fd4796485707f7981defdad36ff0b91d35fc9ae,no_edit_found,
MB-4f501aea6e9b,sha256:4f501aea6e9b373fe60ef3945bdef18c59b27e4b9403231ad155a9b65204c472,no_edit_found,
MB-4f5bbb06c837,sha256:4f5bbb06c837a9aae9a6782d100dd9f4753945b2e22bf2522a63d560eeed2258,no_edit_found,
MB-4f5e231e8657,sha256:4f5e231e8657d985630933fccaab7a9d12c6b4571d4a8df9afe47d8e7cb77ed7,no_edit_found,
MB-4f64f308f541,sha256:4f64f308f5414895eb80af97a8c6d4228253ef644aaa93ae9ff097916d3cefa8,no_edit_found,
MB-4f7645895792,sha256:4f7645895792d6106ceeedd1564cd7bc6e37a89ebe7a6ca8e3b0276950df6933,no_edit_found,
MB-4f764a534373,sha256:4f764a5343733aff614c8da144eae79dada5d126202b23ae03582f3909076ce8,edited,unchanged
MB-4f78a9b38310,sha256:4f78a9b383108ddef8fceb34e713c877858d537002bc08612922064c11569c04,no_edit_found,
MB-4f7953d70315,sha256:4f7953d703152d48f6088e24fc6e425e94733653c81980cdf73f5c4fbd7cab3e,no_edit_found,
MB-4f7a7649a691,sha256:4f7a7649a6918669167ffe509cc776a58f63d568249488a09729b2de207d1b9f,no_edit_found,
MB-4f7eefff323b,sha256:4f7eefff323b5babd9aa1ebb51a0e5fefeb604fa8f3c173a188c220bbd933833,no_edit_found,
MB-4f8b402e9a53,sha256:4f8b402e9a5393672d147b768d4d99484b913d175d1dc33f00da0cd1ef24d23c,no_edit_found,
MB-4f961f2fb5d4,sha256:4f961f2fb5d40faa5fe4f6800fd0941d050ed6cbc0e084f7fd475a1cb6cac5ad,no_edit_found,
MB-4f9ca4d60f67,sha256:4f9ca4d60f67154ecb816326404e292dd7de3446558098e7e7007d872f7c2c25,no_edit_found,
MB-4f9f8857eb7d,sha256:4f9f8857eb7dc49e7b70ce7232d51dbd8030a1ff6d9f4f959d0ae23efb65936a,no_edit_found,
MB-4fa4b1413dc4,sha256:4fa4b1413dc4c53ee05a93729f1656116cc58db1a89fbe06c82a7d9b30d3c71a,edited,unchanged
MB-4fb516ca83aa,sha256:4fb516ca83aa618376bb17e65ea3f48e2e6bc299c7818634a320477f273f5778,no_edit_found,
MB-4fb5b732459d,sha256:4fb5b732459d8231262da123f831a58a36a54739eed76a836b39f2b71e364de8,no_edit_found,
MB-4fb7997b473b,sha256:4fb7997b473b17d5debb5936010822eb26351544b82aba75859fba078dc004ae,no_edit_found,
MB-4fbd87a9ecff,sha256:4fbd87a9ecff404fb5348d51d45ed89dae30efa0cd03eaab36069b3604df4439,no_edit_found,
MB-4fc73d9beebe,sha256:4fc73d9beebedd7616e506918b72690622bc19da3c3492aeab7d6ec6c2251692,no_edit_found,
MB-4fd45cc5b1e9,sha256:4fd45cc5b1e94a37286ae03321733dc33ad4f6c4fced1dcfe69d39e33e9e01c8,no_edit_found,
MB-4fd6e8d4c642,sha256:4fd6e8d4c642ed5b36118fd8f044923a8f107d29ebcb12fdd2d0c0793a48e1bc,no_edit_found,
MB-4fd8264754e5,sha256:4fd8264754e5e7f9b6178cb79737180ea1e6cda8d4c94af19c35f697292bb128,no_edit_found,
MB-4fdcab61229f,sha256:4fdcab61229f31230e338667eef3b014e7da793235e4ed3c16432201d1e13e92,no_edit_found,
MB-4fe36e9cb60f,sha256:4fe36e9cb60fe3775aaed68f5c813490efe4a5a9fa9e856b66f93e768da1b111,no_edit_found,
MB-4fea8cb3e52e,sha256:4fea8cb3e52e6c267ea8fe29cdad0254f1ca3e0ce693df64f871f8cf1ac4712c,no_edit_found,
MB-4febac6bd9e3,sha256:4febac6bd9e36da09802c71cb2c467dfff58e823bb98d5a55e309ccbd3096f65,no_edit_found,
MB-4feda4c74448,sha256:4feda4c74448f064aa61efd97267c9a7a0ca863632546e9a469b53f3d75f0ce1,no_edit_found,
MB-4ff53f52b6f3,sha256:4ff53f52b6f39f9497fdfa2deda454b004204c7b7854acf7cf52b716e5f8770f,no_edit_found,
MB-5004be656bfc,sha256:5004be656bfc5d0bb9730fe62924c176121b9eb9c6a727bcd18bb425633f0532,no_edit_found,
MB-500507d4130f,sha256:500507d4130f8a2a1ee848c4997e0c7af32a65f65b1b08aaee0fa697c77a9382,no_edit_found,
MB-501a1fd09ac0,sha256:501a1fd09ac0270a29f91876f995b04af494c2390d2c2555d7ec918d6d500bc2,no_edit_found,
MB-5026edf3b207,sha256:5026edf3b20743bcf0cc620910d19e1fea6a11175f5f6b2249a0c9998931ba7b,no_edit_found,
MB-502bcefc56e8,sha256:502bcefc56e875ed3724efc2fd75d7909d1c26b79a2a4dc1415a1dca459d4b1e,no_edit_found,
MB-502cf36b855d,sha256:502cf36b855d10f7249b094264e9ae3fb2b94c0f6f05c26777e08d8da51c198c,no_edit_found,
MB-503a790a200b,sha256:503a790a200bb3cf047f7fc6412fc8b0ee546cebaa84a8a23bd10d36860b1dd7,no_edit_found,
MB-504cf8955f95,sha256:504cf8955f958a5735005bd1730a540461a715a5a11636e7d16f27ab959676c7,edited,invalid
MB-505412172fe3,sha256:505412172fe3804d94bb155c2c25843855c3b7fd6b5012ff15f024c488bad3d2,no_edit_found,
MB-505501b6f8bc,sha256:505501b6f8bcc1d423070b61af7457262856c11b6c836bf580a7ef9b4b0ebda8,no_edit_found,
MB-5057d94b559d,sha256:5057d94b559d57cb453e2a10d7b542d85310772daf60ccd333de5157bd40efc5,no_edit_found,
MB-5059cca8ccf6,sha256:5059cca8ccf61acc82b8a359b977868e34bfc7aa637eef8c71fccfc75a429566,no_edit_found,
MB-505afdcf6bf5,sha256:505afdcf6bf52453fffab746b626a96ac3c0ea42158a250780743fa9a43367b2,no_edit_found,
MB-50628a00b631,sha256:50628a00b6310d13a0d3bc290eda7117d7e4bd88b28ea790535b3964b402a120,no_edit_found,
MB-50654e492ad9,sha256:50654e492ad90eb141e4eebc985b948adf6d300365951e15078413ccc27b69c5,no_edit_found,
MB-5065ec5c9350,sha256:5065ec5c935010f520cdcafaa7e9279f488ca19c6b120d25c0aa147413ecc1ab,no_edit_found,
MB-5067e09dac52,sha256:5067e09dac52039e15259c588a7c082576daabf65e18b93c765ae4edb756ae39,no_edit_found,
MB-50792a00ce5f,sha256:50792a00ce5f77d951652fe1d4b0bbfbceca7bc7b7bfab1cac65999b6ce90cb4,no_edit_found,
MB-507ccbbfbbea,sha256:507ccbbfbbea0f129462c4cd0d58c6515c0429f4556d11ca319ee0afb6f4d9c6,no_edit_found,
MB-508013e0331d,sha256:508013e0331de1fd648c2e8c5e56044b5d956baad69b57efc307cf10188f5f4b,no_edit_found,
MB-5087d43332d2,sha256:5087d43332d2249e0aa1a6a59464826d4637f00bbb1f94b20dff946431e004e1,no_edit_found,
MB-508ddc02fafd,sha256:508ddc02fafdea836fbcf2745cdce732b173f37ec6a96684aff2cb5764bfd209,no_edit_found,
MB-50995a816b27,sha256:50995a816b27e6b9ce9ecb808bac222b81da748f29963bb451a348fbd7388eef,no_edit_found,
MB-50a41b06a900,sha256:50a41b06a900b64832af545add8671ee05855255bf05a90a1f81cc92dda5481c,no_edit_found,
MB-50a67643b1f5,sha256:50a67643b1f5f1c1f7772defa257ba14416618f47283b657d135d82de1966a92,no_edit_found,
MB-50b9e4db925d,sha256:50b9e4db925d584a514ac9123ff467ab5eb16d63640994438598a6c3fd7a4663,no_edit_found,
MB-50b9f035b2c1,sha256:50b9f035b2c1b06666037ea5a90eb019264504f6918d3f6585fdc994e2d04145,no_edit_found,
MB-50bb39d11fcf,sha256:50bb39d11fcf8a463c148f0590cb3ba2739b4b264601b34efad94ce4b814e93b,no_edit_found,
MB-50c0f9c2b8de,sha256:50c0f9c2b8de7c7af5e1e4e9b6a8652c5979652d24ea03ebef6434b6860c7741,no_edit_found,
MB-50c59874b310,sha256:50c59874b310233cd2a5549a1e089eb928c6cb70c692377034ce94960077d4ff,edited,change
MB-50cbf0222c5a,sha256:50cbf0222c5aaa13d8937b1591313ad39f03f88eb4779b394f646f73a91d3e04,no_edit_found,
MB-50d3cfbc464c,sha256:50d3cfbc464cedc761c5fd96454578c16791ce479ed268ff17e48fd2466414ce,no_edit_found,
MB-50d541198eb1,sha256:50d541198eb1d61d7f0345f3bcbc8e4297cdbbeca7ca06ec18f90bba1de2d41c,no_edit_found,
MB-50df3eb92aa8,sha256:50df3eb92aa8dfd167306ec0a00a40625db122e3f0f7cacdcbfe648ee8a2ff8c,no_edit_found,
MB-50e2b2938889,sha256:50e2b29388893026b98bb4af3ce537718404180d9d1a73ea6d71f27bd41321db,no_edit_found,
MB-50edbcaba5fc,sha256:50edbcaba5fca0e0ff078d8edb0f19377f0675705edd13c15a92b5a0919d2f08,edited,unchanged
MB-50fbf0ea31dc,sha256:50fbf0ea31dcb5f2229ee7e4c79eecc90c26cf136e4184cc938ebc88be352a5f,no_edit_found,
MB-51080f399c83,sha256:51080f399c833acfbc83d78150f703b5481bafedc0a35c5bb2b79959c3ced743,no_edit_found,
MB-5110a2f05ce6,sha256:5110a2f05ce64337deb6342c773378a2f8e0ab0668ce48abf5b43710f4837cb6,no_edit_found,
MB-5111c12eb9fd,sha256:5111c12eb9fdde84639f5ae239b7dc5095b8f933625eb739fb3629aa1ff40537,no_edit_found,
MB-5118018f5215,sha256:5118018f5215af7238708c4d4025b7ab9219954e3eff023f85d65a0a937e8df1,no_edit_found,
MB-511dc51e86d6,sha256:511dc51e86d66c0581a3b66f3e2a534ffc1b7d5a9d26d48c08b79a787bdf838a,no_edit_found,
MB-512026c9efda,sha256:512026c9efda451497629aba16f75ec1d30014751939a2832120599a0deabed3,no_edit_found,
MB-51220615e39c,sha256:51220615e39c3a1f2987d3aef778cb6a21122bd432600de1fc825905be4dbd03,no_edit_found,
MB-51263bc88802,sha256:51263bc888025bfda1a7d50229d5b2bace349021447c3d63ce476d9aa220e3a8,no_edit_found,
MB-5129e3ec32d9,sha256:5129e3ec32d9c51f9f7867b36722d2290b178bdd0ec924dfb563145b87037f03,no_edit_found,
MB-51315068454d,sha256:51315068454d2dd02a17ce29dc7f5c1618f0384dabe37ec1ae22e72498d2380c,no_edit_found,
MB-5138069a7b0b,sha256:5138069a7b0b4fd86b16a123ae405f5b535eb64eadcdce259758b7b3617ef5be,edited,unchanged
MB-51490e9bed13,sha256:51490e9bed13af379386bcd6ee62661a8940d06df03a3d4f30122dca252e4d8d,no_edit_found,
MB-514b3e6f790b,sha256:514b3e6f790b4b5b5bba62b402fffd3d3fbd14c0fe49e1b9b1e75f4c250cb39b,no_edit_found,
MB-514ce90135ea,sha256:514ce90135ea71046f4ee2c6878025d240318d913ba4774d135571b29d9c137b,no_edit_found,
MB-515ec1e846ff,sha256:515ec1e846ffc245e75a277873cf473bbbcf99210db36e5d79b885f3ab878015,no_edit_found,
MB-516033cc7abb,sha256:516033cc7abb2031a1f7c95395b903157247018a1bf1d7c632a8329493d05472,no_edit_found,
MB-516512dbb1d4,sha256:516512dbb1d41e6c41e636d0fcdf1d8401a4cb323aa8ff7cd3d74ecf83bfcf32,no_edit_found,
MB-516c24f3f449,sha256:516c24f3f4494e33a2dc2428a9c79df29150659ac33dbd2823d73278afefdd8c,no_edit_found,
MB-516c4216847b,sha256:516c4216847be0dff5d8901b4ef6bbcebc7b823f7a440d3dc52df5a6b43a05be,no_edit_found,
MB-5174299563d9,sha256:5174299563d9218e214467a066dbd255ab845c3fc708def2028ce1efa7a5821d,no_edit_found,
MB-5175745b2e8a,sha256:5175745b2e8ab88753af99612dacf823899c4d2c3a6921f71149d20d49bca117,no_edit_found,
MB-517c8df5e005,sha256:517c8df5e005dbcb6ea5d000fa660a98ef8700b1034cb5c8011edd2e5fffa842,no_edit_found,
MB-5192caa9fc0d,sha256:5192caa9fc0d06a0eb838f68558358ff269de422343afd6ce6c80e6692c68a34,no_edit_found,
MB-51939a778466,sha256:51939a778466c9fb922098679df8c9f8b5990444ed48949f184db968e0642e9c,no_edit_found,
MB-519c350cf4a2,sha256:519c350cf4a2b189e846c4aaae525f9520e9032c710fc3f28549255fe516fc47,no_edit_found,
MB-519ddcfc7e8b,sha256:519ddcfc7e8b46b698818b31bfd94c2c6487aa45ec58a2cae55fd3d16d84a3e1,no_edit_found,
MB-519ed0f9f751,sha256:519ed0f9f7510402359a91c9a784c49a5c6325d3ed68d5422bc7ca6b841504b3,no_edit_found,
MB-51a875cc3958,sha256:51a875cc3958b6bb11811b42df15ce00ef00527b13631c421287916e24e5e2fd,no_edit_found,
MB-51a9a4d06e1b,sha256:51a9a4d06e1b246c196f852ff880565f525adc85465761be7c39320f39d554f4,no_edit_found,
MB-51a9eab86632,sha256:51a9eab86632a6ef9aa0baf1c3eeb7ceebc5f340202545bc3a299ecf4b1096a9,no_edit_found,
MB-51d164e74836,sha256:51d164e748361e983cbb654ebda0962ff7cf17e46eaf6ab27ff60cf091dfefb9,no_edit_found,
MB-51d6e7132e97,sha256:51d6e7132e9704173f3fc77ff3e0899ff536d759db142ab82e90046e31d8c429,no_edit_found,
MB-51dc3fb62a63,sha256:51dc3fb62a636c881cef7293b47c3ee938f74ddce7bf39be05e58544b32a66e2,no_edit_found,
MB-51e9a9609d1a,sha256:51e9a9609d1ac9f4a86dd6d9772c6f6184bef88eefbfc15bc6c6f0bee0c07651,no_edit_found,
MB-52026c7c21cb,sha256:52026c7c21cb17596c45526f55877788451d4e74fb5209d634967d9ca25c110a,no_edit_found,
MB-520e9fe8ab02,sha256:520e9fe8ab02929b0a5d1939e40193cf505de20daed7f7a5b1549e9c6f2f750d,no_edit_found,
MB-521c335642a3,sha256:521c335642a34ddca9d4cb3717bb09d9038c8d3364176d29a0831b36f29f61c4,no_edit_found,
MB-521cb455e8a6,sha256:521cb455e8a641d1de62cece82a77a8912982822753fdb694f85b2438bfe0b4c,no_edit_found,
MB-521ecb4ef6a4,sha256:521ecb4ef6a4139b9040f4322f06c0d8a2fb0f12ee8817d6bf94e3e3fda52362,no_edit_found,
MB-5229e02717a0,sha256:5229e02717a02e73e8d071afdfe408304462f1ed6b6b086af3ec7e2a51856db7,no_edit_found,
MB-522c1b877858,sha256:522c1b877858ea28723f3bb8934db692d4aaab73b549f4494d47df6346528a49,no_edit_found,
MB-522c67c73a74,sha256:522c67c73a743d620b4dd95d3f8c926abcc5264241744e64853bdbf9849dfe99,no_edit_found,
MB-5232e9879de2,sha256:5232e9879de283ec88ea6ac9402f06e5231005bb07921c63d40272b7e645dd54,no_edit_found,
MB-52493da5c035,sha256:52493da5c035210bb179fce951fa7698343b693629d3642337ddfb01b19d1367,no_edit_found,
MB-524e9a690d11,sha256:524e9a690d11934078b37d58a91fb625a9f9877021c577e36109415badcca45b,no_edit_found,
MB-52606413340b,sha256:52606413340b468bbb791998522a9b432f2c6f51ef962bed164c9b91b7a531a2,no_edit_found,
MB-52677a2a95a5,sha256:52677a2a95a5b576529e24bd318ec5e939eb4b3d9e7e7a72bd874a0a40f84095,no_edit_found,
MB-526c624dc6b8,sha256:526c624dc6b8104bdc28e459a59892db39db82849e8873323e90b35a650576de,no_edit_found,
MB-526db4ca3029,sha256:526db4ca30299170b3c6d36c861fbc1f790a51695fb3e9fe44a0796810fbea41,no_edit_found,
MB-526ed999bca2,sha256:526ed999bca27b6a901460e166aa911f22b6cf4a6a9603c3c62e7c2ac36ee328,no_edit_found,
MB-5274790f3bd1,sha256:5274790f3bd19322627ff3b6e4d9039cb4c975067cc43a5a1f3e0346c47f10e5,no_edit_found,
MB-5274bd477267,sha256:5274bd4772679ec020750a0a9a4b14104a16bde977ab256680d771a8ce932d3d,no_edit_found,
MB-5284f256b146,sha256:5284f256b1469ddc75e1bef5604ea8b5fd9b49a528312c3dfd40a9ccee33c111,no_edit_found,
MB-5288f8d5d8fc,sha256:5288f8d5d8fcc2dfd7378fe0761a373dc055d5c3834c8785f1810a7906692f9f,no_edit_found,
MB-528a4d84f9d2,sha256:528a4d84f9d29ae8da2a3c0bd2a16e622a6e02db0ad14d9132d65772fdd8f41d,no_edit_found,
MB-528da42d9296,sha256:528da42d9296c19abd6a2ae59f06bfd1caaf0e5519c5d9bc11402966a4446fd4,no_edit_found,
MB-52916e974662,sha256:52916e974662e0e8f27d7a13324406e8e037642afe2c6e02dfd777a29941e2d3,no_edit_found,
MB-5292d87b9004,sha256:5292d87b9004138667e0d7947c7d76e6e294e45adce47ae9a63c1d9178d3893b,no_edit_found,
MB-529b074c2a1c,sha256:529b074c2a1ca2fe3ed85f7e4cfe58d61e6aed4fc652d04fd47058972c29e584,no_edit_found,
MB-529f27c5c88d,sha256:529f27c5c88d5ec2eaf2656bded77a4d6b9848ed0d6b8c9a18b173381c059214,edited,invalid
MB-52a4ba7e52f0,sha256:52a4ba7e52f09db906e4979b507f77fb8d615f1d02d63da439ddd5ef7a2c0f72,no_edit_found,
MB-52ac772dd526,sha256:52ac772dd526803408dd148a65e533a221783431feb5537a28981f54de300bf6,no_edit_found,
MB-52b78253786c,sha256:52b78253786c87b508a12efdf55afcec2081b41aafce5eef2ebc47cab87c2938,no_edit_found,
MB-52bc11f70fa9,sha256:52bc11f70fa94df7948c281d6345dca026b4cddfca11b1c0b8ad0bee65fa43a8,no_edit_found,
MB-52c0f400e5b7,sha256:52c0f400e5b730183f1345ecbb81aa6792cd66187e7102a2b355f405bc3b8dd8,edited,invalid
MB-52c130f8bdde,sha256:52c130f8bdde183c5f22a002d6f23367b217c4b6d744604ed9b779d86a71839f,no_edit_found,
MB-52c223dd2f68,sha256:52c223dd2f68dd5783fe5e3e1fc3d311314d220e6c283bc224f4a9ffb0387606,no_edit_found,
MB-52d5327fc90e,sha256:52d5327fc90e633e42d6e090b6cc35808a8dc7b38e23173f7ac0a0a3ecd3c800,no_edit_found,
MB-52dce4ad77c2,sha256:52dce4ad77c2a8b355fd23e8f085533fe99eb5e0c9d2f1c94cdd2c51093b6d78,edited,unchanged
MB-52de5237a94f,sha256:52de5237a94fae03ac135a9229b82f2097f746d32728fb5b2664f34214f30790,no_edit_found,
MB-52e20d4c489a,sha256:52e20d4c489accb7eaa05b1f5e507c063646ea87f3157199bedace555daa6576,edited,unchanged
MB-52f2b5244398,sha256:52f2b5244398c2edbbb49c623f767b8d23012f9acb43192717eff652e2c8eeee,no_edit_found,
MB-52f669aacebf,sha256:52f669aacebf000e10a2561e65b6c278378bc6ee440abcc78fdb4e3569cdd789,no_edit_found,
MB-53009f48b46a,sha256:53009f48b46af48ee1e51f932ebc33223c2c5985ae71bd5ee22d64d6630b85b5,edited,invalid
MB-5319bf46c6ac,sha256:5319bf46c6ace422384c1c00a05243a1dee249f0134e2146eb9a3d7c984938a7,no_edit_found,
MB-531f49cd4e20,sha256:531f49cd4e2048bd717130e4778adb128b11decfacd17555593811410a0ce24f,no_edit_found,
MB-532d9f79d776,sha256:532d9f79d776e754d55e897eb125fff4429ecdd37e0d3690d48dbf695cec980d,no_edit_found,
MB-534f85ead46f,sha256:534f85ead46f54642fae1217975cf369b36892697de89887e83da76c13af5c5c,no_edit_found,
MB-534fc91e9f2b,sha256:534fc91e9f2b49997bf2b21d619412fe03e1e99e2d7e5490257699bd69e35a92,no_edit_found,
MB-535265a6323b,sha256:535265a6323b3cf808556d12268b9db048ab9404a1795fad35ec56c3c6efd6e0,no_edit_found,
MB-535b05428653,sha256:535b054286539f8ee6d33e425651f95b7258c839ba05e44a9743b3795ceb84ee,no_edit_found,
MB-535f4e3154b2,sha256:535f4e3154b2c40f263fc51e15821341b8cd887cd9564819e71e59511b451225,no_edit_found,
MB-53671934435a,sha256:53671934435aae4eead8009f09e457894fd6449bd0ce94b4a3fabb01c01b96e5,edited,unchanged
MB-53692849267f,sha256:53692849267f04f392b9ab720b74a735460620eef4306e473c21639766546bf3,no_edit_found,
MB-536aab5956a4,sha256:536aab5956a442e3d783696b41ab5119654d9583d5a58fcba69d5a1f1e4d1ea2,no_edit_found,
MB-537bab457ea0,sha256:537bab457ea0ec2f7e7ca04eee4e191764f9f260fbf61181d59aed3c6daa17a2,no_edit_found,
MB-537d489783b7,sha256:537d489783b7702cd730bcc650b28f57b4ec2661718ac3ed0ce48358632c73cc,no_edit_found,
MB-538476df99da,sha256:538476df99daf7c46a1d4590feca4f32bcb91a89e2101fe5ef16f30042d1b8f0,no_edit_found,
MB-538658e897fa,sha256:538658e897fad845d24f85f9290ee0adab536838fd751715ad3f1ffa2e4473d8,no_edit_found,
MB-538a02158230,sha256:538a02158230322da67934c72e601f391bf1577423a6877667f2dbc4216c5cae,no_edit_found,
MB-53971db19024,sha256:53971db1902485d198bac18298b4af1347b248da5bdca51c0c4fed8679dbf45d,no_edit_found,
MB-53a5a5267fba,sha256:53a5a5267fba9159478646813a0feec18dd9fcfe139f78dde6917bd91ff5f26e,no_edit_found,
MB-53ad26d39c64,sha256:53ad26d39c64e3d69ff77373ce156eae606424166b80a60bd698b668c6c63567,no_edit_found,
MB-53b1b7e481a3,sha256:53b1b7e481a3acfcd0efe3b0ed69cc2e13902518d289dd197ef42571ccae2413,no_edit_found,
MB-53b210d6e053,sha256:53b210d6e053cc62b0c807903cdeab6f5f9422dfa48a42a2105ef77d289b54c0,no_edit_found,
MB-53bb14850d77,sha256:53bb14850d77d633557710f5786dcd2a65883a1c97c9110f4d595b6f856d7826,no_edit_found,
MB-53bddaccdcb5,sha256:53bddaccdcb5432c920e76dd7fde5c13edf43fe0d9d760de4a569dd5363ac3d0,edited,invalid
MB-53c7977e0fb9,sha256:53c7977e0fb9829973c3d3e9f455c91f23166b327f21d4ec554636aa79be5108,no_edit_found,
MB-53cafaa5ac8f,sha256:53cafaa5ac8fbd0afa82d183be74659e50370bd40b7b0e73397f407205a555e1,no_edit_found,
MB-53f3af870178,sha256:53f3af8701788dc5abb59a079ee0697fccba229ffef021772280dc4fa1d5893f,no_edit_found,
MB-5406a07024cb,sha256:5406a07024cbd2552f8ff97c8ada365bbfd4c5702329449dc7bc3b5ffdbc0fcc,no_edit_found,
MB-5409e0d34ad4,sha256:5409e0d34ad4128bc92da91757e1e6bf8d238da7a19fc68165c1a143a6d2a5c8,no_edit_found,
MB-540f5aee09e7,sha256:540f5aee09e7a5740db68028aea32fc3489408bf4fadca883a8ce94e13690379,no_edit_found,
MB-54117655a9bf,sha256:54117655a9bfd6bc631672252fb0cee212467a78db795ef52d07a15ad4633af9,no_edit_found,
MB-5412ee399faa,sha256:5412ee399faa3aced7213af59815e40373036868373ab3e3c2b83050aa55123d,no_edit_found,
MB-541b298a152d,sha256:541b298a152d91f7e344fdfd68121211554985fe32a071ca3888987903b7a0e6,edited,unchanged
MB-541e59d363fc,sha256:541e59d363fc49ba9929005d8f7168bf2fc7662833e8d6178db8a3f3d388dbd4,no_edit_found,
MB-541ebfd5381b,sha256:541ebfd5381bd35d0f892f944bb9ab288fa52787eba0da763984190eee03dbbd,no_edit_found,
MB-5423e4d5a127,sha256:5423e4d5a127995a86730b5ced1ac0c9e63417c025fa83de703c447c2e2d306b,no_edit_found,
MB-544749dbbf78,sha256:544749dbbf78c728b81918553dc42b128cd8c5cb31bb50a3ea0d6e40965ed351,no_edit_found,
MB-544b333a37da,sha256:544b333a37dab17f2b90c7d205c7064012892cc0af79c4307ec63bd5d93d8255,no_edit_found,
MB-544e7e335c1a,sha256:544e7e335c1a985d9f11976ddddafb9725bbdfa658b3f33df2c6c6cfb3318c48,no_edit_found,
MB-5450d7cc5a4a,sha256:5450d7cc5a4a0736116822f2a3d6b3f81e04d8235388b48d17820f0322bf6137,no_edit_found,
MB-54536ddbbc2a,sha256:54536ddbbc2a46310dde6774b0ba485d08733dee47d14bb39df5e72cd58a08d6,no_edit_found,
MB-545cfb00a7e1,sha256:545cfb00a7e10ea9394b50b7b6c30cbdc3ea69c2916ccd628550487634a9fa10,no_edit_found,
MB-5470cc0f8cfa,sha256:5470cc0f8cfaf7328e2e02118c5e952ee84fa4dae2ad60f18514203eefbf49be,no_edit_found,
MB-547e5a92006d,sha256:547e5a92006dcc282304df9aba874d4aba9c453dee6e6c3e444fa8ebb5d4fea5,no_edit_found,
MB-549d06fef363,sha256:549d06fef363f3c66744b1528c9331f0efc7f1d2e9e9f25f3085887046bc6e72,no_edit_found,
MB-549e7dadee86,sha256:549e7dadee86f24064ae9e4d014231cb1bf77631441636913c8cab7bdea341c9,edited,unchanged
MB-54a14bf98ebf,sha256:54a14bf98ebf5ebf880e6484b4dea6881644a05af7116a313f0697a0e5e413eb,no_edit_found,
MB-54a19ab9692a,sha256:54a19ab9692abf4f4890f153b38471bca3da6685757fdc614a6c634fb3947305,no_edit_found,
MB-54ad7cee8a1b,sha256:54ad7cee8a1b3b451f29e66affb9e4deeccfe35f3c115b31b8c5610c322d7394,no_edit_found,
MB-54b8b9acc9fb,sha256:54b8b9acc9fbd6b1bb202b444e3384ca8a72900e1cb7a0c4ce7771a357c7b6c9,no_edit_found,
MB-54bd79784163,sha256:54bd79784163f63cbf1a4cf3b7494c3437175e9e172126cedf2cd08ab768ce6f,no_edit_found,
MB-54dffd4bc7f0,sha256:54dffd4bc7f02611e9d57309e0afcf9e09909cf2669213fc295b604e399924c6,no_edit_found,
MB-54e0302a127b,sha256:54e0302a127b93efbf33e24a960b20b00c2e197b70f36d42bf6037842d71338b,no_edit_found,
MB-54ed3c9585c8,sha256:54ed3c9585c80d86ea056fdcf1a0b562ed047ab9c03763c1e3e522bac26c2245,no_edit_found,
MB-54f8955e04ea,sha256:54f8955e04ea3f25bddb07094d699162c9b81b75664ba4a50155521ffd827fb5,edited,invalid
MB-550a08a2666e,sha256:550a08a2666ea2ecec1775aad6613c5d21e6e04b6dbb81a10a72d700061bbbb8,no_edit_found,
MB-550c0a673bff,sha256:550c0a673bffbe81ae39acd38bdc14b20222de0f0e3ca78c57f54cbdab1329c0,no_edit_found,
MB-550c39263b7e,sha256:550c39263b7eec572b7cae2b7880cfc7d7be93d02793479e931d5e702c28d555,no_edit_found,
MB-55139c573bb2,sha256:55139c573bb25991c0b9146c12dc9e419329b60f6579130c01b35eb447b89ee1,no_edit_found,
MB-55199e1ed988,sha256:55199e1ed9888498494f0bca3899d032cda6a71427f47e5e16246bc3a0362d63,no_edit_found,
MB-551d3e2a0460,sha256:551d3e2a0460ec11cd94c37cc648610a2e62b0b8499e97f386c3bf085e22ef4b,no_edit_found,
MB-5522bc232cd8,sha256:5522bc232cd8bbd6c8c1f0b9584e752f730389024993e9a70a4c18012413bad0,no_edit_found,
MB-5527d68e759e,sha256:5527d68e759ead4964481186d884edd76fe58c0106c76ad6319237310243c97a,no_edit_found,
MB-5529296d6a06,sha256:5529296d6a06ede13c68eca08be701b973d4b380b3e0ba902519e2b4fc70baef,no_edit_found,
MB-5529b96da442,sha256:5529b96da44207aad12acd8fb1875762709aa986b58951b90345268c7e6eaea9,no_edit_found,
MB-552eb9d9fb62,sha256:552eb9d9fb62579b5c38c54b2cb9a2a7707a07d029e6a097e162a81d9456bed3,no_edit_found,
MB-553fd75b07c2,sha256:553fd75b07c23d04090e6e63ef49602272c7b492adc413110b73523fafec8588,no_edit_found,
MB-553ff63a0c12,sha256:553ff63a0c12e3d23ef108047fda141fe8843278ae6f0015d5b14c89c4d66e25,no_edit_found,
MB-555f3af0864a,sha256:555f3af0864a1a88c6605728c4f866639da8321145a57a94474d5d181f2cae97,no_edit_found,
MB-5560f1b8bbde,sha256:5560f1b8bbdec596d9a6e27a973211ef128508a8300655c1e757593ca4690b5a,no_edit_found,
MB-5564cf26ecca,sha256:5564cf26eccacbb9f84521066c9ec078a3b7829124c62ba086271d33c01a52b0,no_edit_found,
MB-556d8d0b9a35,sha256:556d8d0b9a351dd55576974231479c6f1bd6eac6d477d51326ca9ec1d945b6fc,no_edit_found,
MB-55712abf8f0c,sha256:55712abf8f0cd0b01280af0a2e1d127cc0af057c6cfe45acdb3a317041209b1b,no_edit_found,
MB-55766522ac98,sha256:55766522ac981322f3dab052c71e3818be87561226765b79a4a9924852f566a8,no_edit_found,
MB-5579feb01356,sha256:5579feb0135646be66691305c44fe53c1da3f492589f2a1e360b0ed4cdfa1143,no_edit_found,
MB-55958947a91f,sha256:55958947a91fbd975dfe251802c6f7c05e59e57e86e413f0e49965252d9f47bd,no_edit_found,
MB-559aada436d8,sha256:559aada436d88341d4edb33301fdeb9ad0b1ed61b4c146590d7de2cffa4273c2,no_edit_found,
MB-559f8ca88710,sha256:559f8ca8871089afe5ecf3f8f28d5056873cfae7eda815da7238936301628576,no_edit_found,
MB-55a29a8d7142,sha256:55a29a8d7142d902391827ac99724be315405da715366fed8f13b4279aad8784,no_edit_found,
MB-55ae744b45b5,sha256:55ae744b45b5a8a876cef541fed7d30980783a2dd41d431c46bb82a6c55c9db0,no_edit_found,
MB-55b0f4f9e0fc,sha256:55b0f4f9e0fc27d2f24c828d00ff49bc60bffb26095c3c9bb71ff6e26798c50f,no_edit_found,
MB-55b9f1074b93,sha256:55b9f1074b937b04df9b27e6b9925c2905a2fe349a441a2c7e80a922f5355eae,no_edit_found,
MB-55bbfdb43c03,sha256:55bbfdb43c03fdb7ed2ba99c4d68134f959cb4ad6a236d96dd41374dd0c5a7b3,no_edit_found,
MB-55bed7a41061,sha256:55bed7a4106103f6402ea6ff1ffc34e927a14d2f3f31668874e4c2fe6fb64e72,no_edit_found,
MB-55ca86611ee9,sha256:55ca86611ee9fdf356425a5450868bc41297e27814953c29f9dd4825624303d3,no_edit_found,
MB-55d0f20b9703,sha256:55d0f20b97030830ef77a4ec4b31fbe8066c2f0b2589dcb368b0256b5b7974aa,edited,unchanged
MB-55d10c682aa4,sha256:55d10c682aa4bb95a1fa7a914496b72158ce3fb3f1464ad897db31a90493fb81,no_edit_found,
MB-55d46f782070,sha256:55d46f7820703bbec9e0d1f1ecb062ba0f6c4bce726658b7de9d43a5b340fb02,no_edit_found,
MB-55d5eb4cea2c,sha256:55d5eb4cea2c001125d6288d109ba627766c8d53950471f740cb13d1a61a2f84,no_edit_found,
MB-55e00e013ecb,sha256:55e00e013ecb3b0500482a646c3ca375ce9c0eb587905215233221735957f8d4,no_edit_found,
MB-55f89b40ac5a,sha256:55f89b40ac5afefc798c134cddb43c4a9272aae7b5c09e927d9c40d34cc93ced,no_edit_found,
MB-55fc61a7a9ac,sha256:55fc61a7a9ace9d82101cbf91a249af5fbccda3a56e021a26bf7fe22352a1658,no_edit_found,
MB-55ffa06c8538,sha256:55ffa06c8538b30cfeccf45e4598849fa3c336f06331a801d300db1cf1463834,no_edit_found,
MB-5602bf102e66,sha256:5602bf102e66236f0cfd56a4f1339dd6cc7d45ab8991d176a11b34c70f023596,edited,invalid
MB-560517a51387,sha256:560517a51387ad1de359c9341a87687950c46ba5dd0e75a1e58dc9f630f51d52,no_edit_found,
MB-561191cfc2b1,sha256:561191cfc2b102b899a35b77e571bab54d12c071b76fe7c118c32290946aed25,no_edit_found,
MB-5616b51c9825,sha256:5616b51c982535c66fe807ca2c0306e30bd2a3d212fb4fdaefbb04dded28fffd,no_edit_found,
MB-5619bfdc811e,sha256:5619bfdc811e739c37e445707430f8b02a52f4fbcaaf9db944bd2646297dd3f3,no_edit_found,
MB-56261338db11,sha256:56261338db115cb38f82aaffad97127e2ccaa6ffc2b33795a7978f2b9d977f4e,no_edit_found,
MB-562bb6f069ab,sha256:562bb6f069ab6eeb91dcf72152b06d96df6080082153b806fe107dd083805407,no_edit_found,
MB-562d00e68349,sha256:562d00e683493ca159f78efd1e5d3d2d676b0eca717c537db81db13c86f1fe88,no_edit_found,
MB-5634e98ec4e1,sha256:5634e98ec4e11526ce7c73e54684146a991f44b9fca00a2ab0dc818eb1a5b332,no_edit_found,
MB-563b89b82586,sha256:563b89b82586b1569adc3d8f6a5828468df8e74156420b812427e6615be2dba5,edited,change
MB-564102a61d49,sha256:564102a61d497522d11652df3247e92b4d3b6f6e90c3899f4c35bbf97df1a50f,no_edit_found,
MB-564b8c7fecc3,sha256:564b8c7fecc38089e5b355e30d9bcfbc0a7ebe5570251adf0d16a279e7900908,no_edit_found,
MB-56517eb07bd2,sha256:56517eb07bd2ee30161a1487b3a3ad58dafe5a9d0eabd1cfbc8d3783d2137f55,no_edit_found,
MB-5651c227e629,sha256:5651c227e629db1c9b08dab9ea47e19ec5ef16c90891308392fd4ed857b2d793,no_edit_found,
MB-5669e5afca4c,sha256:5669e5afca4cf4b6b0777e5c9e49b3f7d38fe399acc2c71d7f395989faddbe98,no_edit_found,
MB-567433c355ee,sha256:567433c355eec6aa82ef5c3e8c8d97a4ac5f1c19702af7138a247fcc63fb7676,no_edit_found,
MB-56786abd4792,sha256:56786abd47929367f4fa30b4200cc2c2607bd11ca09633c0b84bec36ff55fb4c,no_edit_found,
MB-56957941bcee,sha256:56957941bcee7c51a16de9519aa8b7b24bcff63333707bbfda0515dded7f6946,no_edit_found,
MB-56a3c7b5612d,sha256:56a3c7b5612d72e995648347b7f63f3b2ff33105b88de72bbc618246404916c4,no_edit_found,
MB-56a7829d3e5b,sha256:56a7829d3e5ba07d349930ec82f7529d430d907c398c2096e133285d315078af,edited,unchanged
MB-56b00624ddab,sha256:56b00624ddab147b9899bfb437457edd1c3a7b7c69728b209c6335918d66a1e8,no_edit_found,
MB-56b609d79376,sha256:56b609d7937627154c5a10a3967ab93b69be03ec4121be720a99883044769370,no_edit_found,
MB-56b7faa1bff8,sha256:56b7faa1bff8e4cac98536f615d8028355132fbc6b72b55ba472604fdea443ab,no_edit_found,
MB-56ba7c929eef,sha256:56ba7c929eef4e80efa3e8fdf0ce7bb3213729e0aeff26211be4166c19463da1,no_edit_found,
MB-56be224745e9,sha256:56be224745e93cf5c2ae6ec563208c825aece6a26d5c1e0d276e0e6cb2e57487,no_edit_found,
MB-56bf86cdd2fb,sha256:56bf86cdd2fb46bba5568430fe35680de8c919d8af6cfccf4aea21b01ddbc5a3,no_edit_found,
MB-56c284cd75ff,sha256:56c284cd75ffac2b6c429695894bc8b0357e5827e0ce920183242324dc806cd9,edited,invalid
MB-56c9f0551548,sha256:56c9f05515489cecadc7e55a38cd11bd6d45ed0afd2a84451638ca0afb38e374,no_edit_found,
MB-56d0c46ae31a,sha256:56d0c46ae31a8ba065d45b38f4cab40d1923d3d58731e27a382cb19c2844b1dd,no_edit_found,
MB-56d8901e70d2,sha256:56d8901e70d2811167e393ab418973aa70aea4d8b4553aecbe86213a44710362,no_edit_found,
MB-56e2efee0ae4,sha256:56e2efee0ae451fdaf6d0d5811de5d9e89b8c47ab191e4ad470ddc98890b139c,no_edit_found,
MB-56eb32b06c5f,sha256:56eb32b06c5fd2aca8046c736486c047fc6c5bcf51d19fd145f5029d4c6a1188,no_edit_found,
MB-56ed7ca2a55f,sha256:56ed7ca2a55f7efe2105b9de36445341db290ab3554dd9c647b0959b43b1aa64,no_edit_found,
MB-5709ae0d260d,sha256:5709ae0d260dbf5880de62727cd5a1b1a3665fd800b8ec43864bd1cbe87e7c2d,no_edit_found,
MB-570ce4720e5f,sha256:570ce4720e5f9df8d4388752407500c4f0ef8850c01a46e244beb79d861ca966,no_edit_found,
MB-5715c381fd81,sha256:5715c381fd8137c77a751e1b5a0da68e4f1d1e211e4b03356701ea840cb72303,no_edit_found,
MB-57171e40eafe,sha256:57171e40eafe8bf9fb989f5011a4f3b3f6a6c66e83b712502042f5f595cf7987,no_edit_found,
MB-571906d4a4f2,sha256:571906d4a4f21141031a14f20691dae969180178d97cfb0b15d718b27da587f7,no_edit_found,
MB-572204097552,sha256:5722040975526a66edc6ed58eed1c0c7fe4e53d2e6463706d1b89fafb15bb46a,no_edit_found,
MB-572374e52dc7,sha256:572374e52dc7521c180a04478acfb13b6c1418354335031d4e9eb47f6d23f380,edited,invalid
MB-572502f1fc89,sha256:572502f1fc89f980336d7797987cf52f6520d9ccdb8d2a28bf9a2a2fa9646c46,no_edit_found,
MB-572da2efcaed,sha256:572da2efcaedee9e6a17f4d890dc6c0888a9544765da7db7bfad19dafcbf6691,no_edit_found,
MB-572e7136fc29,sha256:572e7136fc299a2a56e70cbe75a263e16837eebaf7233064eef10e35d0e88601,no_edit_found,
MB-5734bb551a9e,sha256:5734bb551a9e32f039a4424a2c9b98e711d186f07e9338765ffe8193c43f2b7a,no_edit_found,
MB-574951651311,sha256:574951651311b9a94d9dc094c7878b8737601bb5d861c53d7c3bfb94f8851a9b,no_edit_found,
MB-57631f9f1ac0,sha256:57631f9f1ac0ad9b80cf20002964b1af5bf4c2f449f9898ec298c44d68d72eef,no_edit_found,
MB-5768388d85d2,sha256:5768388d85d204bfd752f03c04cdef9910ddae09598f4dd4cc7f8e52f09e9f06,no_edit_found,
MB-576c88dbd695,sha256:576c88dbd695967284a58bf9b4256afdffeb9b68e70c01d71f6e3ed22228e387,no_edit_found,
MB-5797bbeaa7d8,sha256:5797bbeaa7d863cdcff4124c45dfc278135eb46ab8b91de8f3ce66c53ae29993,no_edit_found,
MB-57a42b94217b,sha256:57a42b94217bc31c4a6f7c75861a616a0e17340438fffd0cd58b7f9a6aaf21de,no_edit_found,
MB-57aa9347abda,sha256:57aa9347abda19ee82175918f61ab50a29c70e7a2698fc127ca6f23f6fc65ed5,no_edit_found,
MB-57b086e6ed2a,sha256:57b086e6ed2a0be55096c13e48e925aad0ddea972a9b33f0f3d3f7d3a0423524,no_edit_found,
MB-57b414f57cee,sha256:57b414f57ceee28bd57e49795c1e95f76ba8094256d6aa931b93e56d40b5fc4e,no_edit_found,
MB-57b68a69f935,sha256:57b68a69f93588baae665f174a19f5c8855bffcff9b4b0761a16010f0dde6f94,no_edit_found,
MB-57c5c32f4530,sha256:57c5c32f4530ff3b585d266951d2ccb4452f37c9bf94d9b73032023ecadc016e,no_edit_found,
MB-57c8351ced25,sha256:57c8351ced25aa89d7a7472289aa9e0cfaeed69998d289ea004cdfdd8b904a5d,no_edit_found,
MB-57ce67084cd1,sha256:57ce67084cd1dd53320740d84e1d783fa4f55ed7a13db0b9634c7e95460f15e2,no_edit_found,
MB-57d8a7bebcdc,sha256:57d8a7bebcdcc11625ad04c34f84caea654e7ded7a6eff2d4d608668a55a5904,edited,change
MB-57d8ef62439a,sha256:57d8ef62439a2d88c1f99b17047c572886e4cab417822c9558b3d6139506304a,no_edit_found,
MB-57ef8a2499aa,sha256:57ef8a2499aa9c9c7bfbfe71014de5e5c63748b55b1f062d51dc311c7ac708c9,edited,unchanged
MB-5801b099f7e3,sha256:5801b099f7e32ef54edb3e7c7288e7a2d7e919cc2d68efc349ac36245c04be0e,no_edit_found,
MB-580b2eab79a8,sha256:580b2eab79a8efacb1d1b9f9009859ae7e8ad95e01c5facc3f7fadf28edfa99e,edited,change
MB-580d5c55cf02,sha256:580d5c55cf023942243c8714cc4f116b46469ffea4faf0268ac42df0d8e3dc00,no_edit_found,
MB-580d5f6103c1,sha256:580d5f6103c17c505c3cf270d128746b9c927a85d6a5b1082662a43acf5d4f8a,no_edit_found,
MB-580e6c34a922,sha256:580e6c34a922f59a90599bc57de8abe9b3083a128060be5f4d3e02693eeea917,no_edit_found,
MB-58134dc66ad6,sha256:58134dc66ad6ba70dc3ffaf375b93e5b4e0443c0d61c3473ea0a537802f7048c,no_edit_found,
MB-581b8aebcfdb,sha256:581b8aebcfdb22a36b231804e3f67711f2662988463ab28c924e435951a4d8b2,no_edit_found,
MB-582c3ff93be7,sha256:582c3ff93be7bd07b75be209bc27d31e79c3a548f3dad84b0f9082d0669ed2a4,edited,invalid
MB-5833753cec8b,sha256:5833753cec8b2c188128c281b26dfad08a36eed4e6e9d6a5015475bad787faae,no_edit_found,
MB-5857b2d2c1df,sha256:5857b2d2c1df1251902b614127fd3b24e2c58762ac39a9bd26086e1f59d0785b,no_edit_found,
MB-58678ea0c68a,sha256:58678ea0c68acd1d873cce5679c9e945c60b58c3306b86426b0b0f232f18d525,no_edit_found,
MB-58819c46d285,sha256:58819c46d285244443fbfe35c5f8088181f58e02f68c16c9c7d653404085bf0d,no_edit_found,
MB-588d83c5e3d4,sha256:588d83c5e3d4cf1234ce9e8a4609157b8185c65a6e6c8559526b45c480322e86,no_edit_found,
MB-58935646d8b9,sha256:58935646d8b975ed0e666750de93ea268da5d56287a2dd5f0b2a30a428b687db,no_edit_found,
MB-589d4c8836f5,sha256:589d4c8836f580aed3ee47a58e05e4ed84f1e49f45222a227a4b1c12b9be4a52,no_edit_found,
MB-58a7a279b609,sha256:58a7a279b6091c9d90cf773a33db7f2ab42ceac6175ace73def12d96cb2dc85a,no_edit_found,
MB-58aab63f89f1,sha256:58aab63f89f1e152d17448cdd478a0ec871b86cb50c1f2b402e3cdc0299bfac7,no_edit_found,
MB-58ae657201ca,sha256:58ae657201ca806f5b1485f70232cb47cb471a1e76d5b3beb9aa6b460f1d86ba,no_edit_found,
MB-58b004d3e045,sha256:58b004d3e04533b4f7d7e0ef9c1ba10282f3136744ed71dff8fd68cbf2053c13,edited,unchanged
MB-58cf528e782c,sha256:58cf528e782cfe2c93d09665678c63e4206a6fb5eef1716c3e6b566be6303563,no_edit_found,
MB-58d0599f849a,sha256:58d0599f849a3252aa14b88bdf47ff3152a9647a07ac8c779d885c5db2afc69f,no_edit_found,
MB-58d1a4b4be5e,sha256:58d1a4b4be5e626d2e03cefe268ada5b13d15e0c006fbb3fff74312752b79964,no_edit_found,
MB-58d4d0de17e9,sha256:58d4d0de17e928931bb5e064cda7b035413d5ba528463ae717fcc162d9892429,no_edit_found,
MB-58d85cdb62a2,sha256:58d85cdb62a28049a18bcc900e6debe0a0607e8160bc9cb78c8cc3409f3d1246,no_edit_found,
MB-58e2d4d4b51e,sha256:58e2d4d4b51e0ce8f7c84fd52a0ceac99ac357a833efb7171b2a915efcb5b094,no_edit_found,
MB-58f0634d44f8,sha256:58f0634d44f818eeae6c8060bd0bd723c79030616fe2ea3e02a81281d8ce088b,no_edit_found,
MB-58f225d8b879,sha256:58f225d8b879d52b3db74b6d18a603b1317154969d28957752d322343635c1a0,no_edit_found,
MB-58f9bc709c16,sha256:58f9bc709c16eda8fc05909bf42b8c7fa21cdd81ec9bfbccf43b89f37ab723e3,no_edit_found,
MB-59073060bef0,sha256:59073060bef045481208b25ca4f4e6e6808815a23ec2062cde9d675b6bad963b,no_edit_found,
MB-59085bfb287f,sha256:59085bfb287ff8a426b6f628e1a5805dfe1a646ac11d2abf2e8200d59c4c934f,no_edit_found,
MB-59087299da09,sha256:59087299da09f78f8b9e11ce4744783588cbdf6acb6c76c043777644c53387e4,no_edit_found,
MB-590d6a92520a,sha256:590d6a92520aeecefaa11b91ce8a3c01b9596c651c956641d7ae7d1ffc894fb2,no_edit_found,
MB-59156f1f8922,sha256:59156f1f8922d1cb77dcf4538fb2f82a6aaa10d7083f1c0e7275500ba919ecec,no_edit_found,
MB-591de16b2893,sha256:591de16b2893a764e42178ac2f4ae2176166ae8ed33223dedd4848188fc0f1aa,no_edit_found,
MB-591ec210c172,sha256:591ec210c17299c02fccb07feb22bbdeca4887bdf1b223cd27e37128f6bfe314,no_edit_found,
MB-5921bfb8bbc8,sha256:5921bfb8bbc88d641a04d14bd258de9c80edd41fcaa7c6e5a42ca752a68105cf,no_edit_found,
MB-5926ae5f98dd,sha256:5926ae5f98dd6e18584cdbd93d3e102394e5e0e21e8dab044cdaee12d728cb3a,no_edit_found,
MB-592a63f768e7,sha256:592a63f768e761ae623f8cf02275deb25304853a6c9ccf5f00af26b6c0f10fa4,no_edit_found,
MB-593341d0307c,sha256:593341d0307cc27447f934bc4230874b1c938d98d4d932c31b81120db296d6f8,no_edit_found,
MB-59367d9e92f4,sha256:59367d9e92f41e79b0b3603d101b6aef41f3165b38b76f7884495d3a3b17451b,no_edit_found,
MB-5936d9cd11ec,sha256:5936d9cd11ec671f5359a6f3dddd343b8d703b7bd818bb619fa2906bfacd8991,no_edit_found,
MB-5940e96a2600,sha256:5940e96a26008c7b10db32e52b66bafd6f7115d5310ad555c68f026a7b3d97a9,edited,unchanged
MB-595153a33376,sha256:595153a33376c297b2b04a861926990f8619bb105da703648aebeb2572bfaa86,no_edit_found,
MB-595511d95206,sha256:595511d95206b86035c29b4c6891143be30ce646d495badaf87f31dd4f70db8a,no_edit_found,
MB-5958df853de4,sha256:5958df853de429dc5fd6a8246dd8c535a2c4cdaf4acc6428b7e39144af75e26b,no_edit_found,
MB-595cc7c41766,sha256:595cc7c41766daafa857733c30e291241a1a0eb95b927f8e1fc553b26b8d5cee,no_edit_found,
MB-596763cdeabc,sha256:596763cdeabc0dc044afd4ad6866b1b5b9a61a04ec4705a95b459b9bd03b9a6d,no_edit_found,
MB-597693bbf3f0,sha256:597693bbf3f06edf49a749d82d40fb9e8bce2ac2c21d28437fd6358fce8d5d16,no_edit_found,
MB-597aba2a5faa,sha256:597aba2a5faabfcec5b115a224d8b558c65cd8c3f8670f315faacbccd7903a94,no_edit_found,
MB-5985cdc35a8a,sha256:5985cdc35a8ad70fd54469fe86a1d8436fbd45d90833e29b5ec09e593ce31767,edited,change
MB-599c40299a05,sha256:599c40299a050fc3065e9e5d93527eafbea432dba652259218e41e802f118217,edited,unresolved
MB-59a05d3d1634,sha256:59a05d3d1634a4a628979b746d92b88e6ad9602f1e7f7a3ce591a8748768c1cd,no_edit_found,
MB-59a0f2bd4b8c,sha256:59a0f2bd4b8ce0e12aac6d6e58f4429f32d3e39146d4ec8eeb01a61122e20838,no_edit_found,
MB-59b26fa9e6fe,sha256:59b26fa9e6fe85f742f6f18156318215f0c8286ed402ff0c3bd5c350638cb88f,no_edit_found,
MB-59b7a1ca0d25,sha256:59b7a1ca0d2518a8e5bc574f9e1db542005d6f979d2825fe5fee1aaec0d13395,no_edit_found,
MB-59bb1fa1c2a1,sha256:59bb1fa1c2a14326641d7e51aa4b46b23836bd07d5176bd831403f31c1cccd47,no_edit_found,
MB-59c467b87db8,sha256:59c467b87db8283f12f2907a0cf976e1b7773d5fbaa24da260fb16233b67f16d,no_edit_found,
MB-59c7aafe6094,sha256:59c7aafe60945820269b42ce651fc555cf1a942cc7d7edc8805b92828edf789b,no_edit_found,
MB-59c9e015ddbc,sha256:59c9e015ddbc8499d9eefb16e4e5b3fc8375076e6e02e7127df8666d80f7e0bf,no_edit_found,
MB-59d4224fda70,sha256:59d4224fda7064231c83f8a1ec3e3855bbed3006f22381cefacfbf2e4381d03e,no_edit_found,
MB-59da2ce3b3ea,sha256:59da2ce3b3eaaf483c241f23b70a997e4d1e8b91d9596f0c4cb3a0814e1f46f6,no_edit_found,
MB-59e2fc9904c1,sha256:59e2fc9904c1367556c716804b92761d9b12558e2fdbcdf896373beeebf27ddc,no_edit_found,
MB-5a06d1e3bb51,sha256:5a06d1e3bb51256518c1b5d20cf8776be565b5813c256596dc9ac73d4dce6f6e,no_edit_found,
MB-5a0d2965bf21,sha256:5a0d2965bf21ac38254876bb4557ffb0c74013b7846201f2945741916add700b,no_edit_found,
MB-5a0fc6577203,sha256:5a0fc657720365d6ffa400ce32b5d0650de3451d411a9134d6b960bb746731f5,no_edit_found,
MB-5a21a3a7349c,sha256:5a21a3a7349cdc7b3ddd6b4d98f67384e9391aa2afd3f8344a427ea71bf648bd,no_edit_found,
MB-5a3947b4f5a5,sha256:5a3947b4f5a544e3f6e085732b2315b53f0d88a32a6987f9c8a68a0f9049c64f,no_edit_found,
MB-5a3be0de031e,sha256:5a3be0de031e497d0cc07c4c9f05c2bdb1838dbcf898ce60a281ee60066f21a5,no_edit_found,
MB-5a4927e545f9,sha256:5a4927e545f949a8f8ab8ff192659011b1bd59187aef82836ae431350530e82b,no_edit_found,
MB-5a4ac8de22d3,sha256:5a4ac8de22d35a9425d25cfea195db591a77ac43c9709fd6ea346c35ba728700,no_edit_found,
MB-5a4d09788d30,sha256:5a4d09788d30b40e38469815b0e4774f1a5ac1d0749872842dabf4af4a419ead,no_edit_found,
MB-5a544bda754f,sha256:5a544bda754f47e2c474b24e2a528b18012d7d3ebecd3ed2e01c5c56166ad5c0,no_edit_found,
MB-5a549ccb7fcb,sha256:5a549ccb7fcbf3dd52b57b51be2725ca5d73d5f6cf0914d0416e5e564c800e41,no_edit_found,
MB-5a64b5d11368,sha256:5a64b5d11368a8793eb6f55c9947ab25b7441c22c32618f6d4215b244beaa81b,edited,change
MB-5a6c7bdc732c,sha256:5a6c7bdc732cc0fe5c1797a88da0ff89f8b46179b8fad6708038422f93483d2d,no_edit_found,
MB-5a71d1cd1a79,sha256:5a71d1cd1a79e475a3f9599f428dea8d18e0ca57895e513ea65073ca26fc475d,no_edit_found,
MB-5a7eeda48c1d,sha256:5a7eeda48c1dec4ca543fe40586c735085515b15dc4ff5e5b719361dbf1bb227,no_edit_found,
MB-5a9b946d64b9,sha256:5a9b946d64b9c7c73d1dab6da9e8a09c7aff348ed8b91e5c20d5bf7eddeadc10,no_edit_found,
MB-5a9f30c48054,sha256:5a9f30c4805482751d31181c9081062c7432a13c36543a9a4a5710934ed1f12b,no_edit_found,
MB-5aab6d38db18,sha256:5aab6d38db184948aa959113a3cffc5b1e6748fb72ef6955e6dc9c4e6ca1276b,no_edit_found,
MB-5ab8d85ce1bd,sha256:5ab8d85ce1bdb4e0d869a2b2d648f728e7f8c68baeb35f033da0d192801b2b55,no_edit_found,
MB-5ac36e7c264b,sha256:5ac36e7c264b62d730ef6a49f1598d49c1e883884200cfd34c2ac93b6966e431,no_edit_found,
MB-5acc00982672,sha256:5acc009826725d648c301d424ff16d92933d51868dd2979747867f039f64d8fc,no_edit_found,
MB-5acc5deff0fd,sha256:5acc5deff0fdedacaafbf38d7243c9d1fa313c4593aa652baed5f5dd98fab4d3,no_edit_found,
MB-5ad8ed3a15d9,sha256:5ad8ed3a15d947ccfb300573adfab9b8ea79b9228dbece1aff296403e618caf6,no_edit_found,
MB-5add6d069b3e,sha256:5add6d069b3e00d914b246b7c54aebdac79917df9b40d576e21fea32e8808060,no_edit_found,
MB-5ae8848e7927,sha256:5ae8848e79271882e76ca2692a030eb20410fa98ca5970c342546bc90e5c5db5,no_edit_found,
MB-5af316c68bc9,sha256:5af316c68bc9e6484594f3245fe025c3f78581d25b8bf75f308557b6465f6108,no_edit_found,
MB-5af8caf0f63e,sha256:5af8caf0f63e48a48c1239b1857b6e6abaaf81b431ad64205d2a8eaee863c34f,no_edit_found,
MB-5b1200d8fef0,sha256:5b1200d8fef067bf8656c4999e5f455407e90d0163246dc1899f3ef39ef61143,no_edit_found,
MB-5b2669a91e04,sha256:5b2669a91e04408d5cb15054269fbbf1ff7b4528982dfdbd701ed378656b880e,no_edit_found,
MB-5b2b88830178,sha256:5b2b8883017890d33960d75065d1de7b9d8e422203d9c74437cf264ec753a035,no_edit_found,
MB-5b43a1c74304,sha256:5b43a1c74304e122c1ba6dadf1dcebc895265e4ab61b540166dc5565c89d22e2,no_edit_found,
MB-5b490c1a16d8,sha256:5b490c1a16d8f0d683923f5f703c754792a979f22cf4d7addb055b7096233063,no_edit_found,
MB-5b5195bc8ef2,sha256:5b5195bc8ef252089327174a094278985eb2bb3530abb09c9e38cd95f9871a3b,edited,unchanged
MB-5b57235482ea,sha256:5b57235482ea3065e0731cbd54af05b40d3ac03e9368031c8e5c599341e3aa16,no_edit_found,
MB-5b5a464e779e,sha256:5b5a464e779e9a48268204a5320f7284f7cd8cd1b3edeb6f2d4906e113cbea92,edited,unchanged
MB-5b62e2b536ee,sha256:5b62e2b536ee2fa0de48fdfe1f27578fd4e46790ab0a2eda100c14e23fa18002,no_edit_found,
MB-5b765a223723,sha256:5b765a22372379dbf4a904177662864e12af23f14843869379cab430ea2a44ca,no_edit_found,
MB-5b785add1ba3,sha256:5b785add1ba355ddb55b60a13f265fefde3c203477536ca584a06240789d0638,no_edit_found,
MB-5b8d10310754,sha256:5b8d103107546ec42eace06d925852d016690bc01fb9077c6ef42a744e846095,no_edit_found,
MB-5b97a0433be9,sha256:5b97a0433be91e94bfc57edfa86d873040f8ee1dcfcf2024aa76ae9a0fe9d23f,no_edit_found,
MB-5b998a2594c6,sha256:5b998a2594c6bcdbe907c0719d52833e14e9f002c1da9f1d086e6bab9187bcd2,no_edit_found,
MB-5b9c195ad6fd,sha256:5b9c195ad6fd9aeafa6d4d7973bb72bcd8b25b32d83056fed9b143494541c154,no_edit_found,
MB-5baa7bd9abfc,sha256:5baa7bd9abfc7b105b3770f18cbfe24f8e691e3beb87d69df06ef180dce8dff2,no_edit_found,
MB-5babe94c5392,sha256:5babe94c5392fe487bc7d95a5c3f8f820b88fe7859f005091703ca322c7f62a7,no_edit_found,
MB-5baeb933f31e,sha256:5baeb933f31eda36c3324c65ee677674d307f7674676d4369310286d2a6fc1a1,no_edit_found,
MB-5bd8c607f91b,sha256:5bd8c607f91b5e2d9e9e7709bbefba95ec7bb3e1abb3af33a7317c801c62ba32,no_edit_found,
MB-5bdfef8dad68,sha256:5bdfef8dad6853a6478ba021320d25c06d595f61610c5715ab092901328f922b,no_edit_found,
MB-5be8059d7bba,sha256:5be8059d7bba9bbce5503fa1d880204a9e076388a4cd4e6264717ddcd21dfaba,no_edit_found,
MB-5bf21e98f1d4,sha256:5bf21e98f1d47f5fb63894f5d221b2442c502b998a7bf48e40a6da4b41945101,edited,unchanged
MB-5bf7c7fd3c1c,sha256:5bf7c7fd3c1c37b8eb8b68ab3d65a44b6288dcbd0dbb311219bfad5de88576c2,no_edit_found,
MB-5bf8738fa067,sha256:5bf8738fa067ddbe01d47b4f8c138552d292a2b64903ba23c7fad55b7135fdff,no_edit_found,
MB-5bf8f4906f8e,sha256:5bf8f4906f8e4de1d2c1e93c6438eb9dd4341a6ce4c1192865dcd4a9fb631e90,no_edit_found,
MB-5bfb370dba41,sha256:5bfb370dba41f0c2f63508af2608640ec35d7e5469db02ad61cf8a894c08d72c,no_edit_found,
MB-5bfc04162911,sha256:5bfc04162911531d55eb0372dcac1b3813d5420d7f8384d06ea0bb79418a3278,no_edit_found,
MB-5bfed19ce734,sha256:5bfed19ce7348ac4bc83867571c3811ab9abc97a9bafc6db5c8de0e02a7065c4,no_edit_found,
MB-5c0ba26e3756,sha256:5c0ba26e375600d8386718350d7a587e1fd41d69284fe0744a305cbb99f84817,no_edit_found,
MB-5c1d93c3e080,sha256:5c1d93c3e08005c247ce1d04d7798edc45e9af56cc71a5bec741ef838dc8b7af,no_edit_found,
MB-5c2c950eb034,sha256:5c2c950eb034c8a219b5c6b36040a8d6262ce375102b15efae6d40aba8a0d8d7,no_edit_found,
MB-5c2dd8a9de01,sha256:5c2dd8a9de01b56123073e8525379c4e11b086be5d61ea1295b4512915231afa,no_edit_found,
MB-5c5e0ea93eb5,sha256:5c5e0ea93eb53a79e7b5a2fd92340d6b2d1d9973f33fddf885bd8124bdf03aad,no_edit_found,
MB-5c67e53f127d,sha256:5c67e53f127d0631d21d11b6c8b302574cf24f23d317e391d88045fb9ef9d36c,no_edit_found,
MB-5c80688049bc,sha256:5c80688049bc937c87797aa4129352b12fb9d2c6badb7b983e23de6123843d59,no_edit_found,
MB-5c858b931b0e,sha256:5c858b931b0ed878d472da45040d6acda58257ce203280f75b1aa9ff02c1caa7,no_edit_found,
MB-5c88d11c7906,sha256:5c88d11c7906a66150a085b08c8d92d7651733599c7b6759c431bb575bc1b71a,no_edit_found,
MB-5c924e697315,sha256:5c924e697315a59387ddce19e7deb0d15bd92fc4c254241523f53de33ca0c884,edited,invalid
MB-5ca873e463aa,sha256:5ca873e463aabec97d827eff621f76a7d17842b432cbeef35dc9aeb846ee5133,no_edit_found,
MB-5caa7e1a1550,sha256:5caa7e1a1550feaba74ba31750998ba3a80e9da4962572fe20c068bfbe407d63,no_edit_found,
MB-5cab10d7e82b,sha256:5cab10d7e82bd97cd7b18929e40ae36a372fa9c52721a888cac6019b6eb5cd5f,no_edit_found,
MB-5cafbcb38239,sha256:5cafbcb3823944b06e6cf6e2b5aa9fe31dc634007ba199511780fd6de8db1dab,no_edit_found,
MB-5cb38432f681,sha256:5cb38432f6817bf7d0ef87012e09ead12f81323d9812d1e64a540f7b58e901f3,no_edit_found,
MB-5cbdf3b778bb,sha256:5cbdf3b778bb0c59f1278de31fe1e9f35917d3a33af401b50609ad997baac26e,edited,invalid
MB-5cc23a203493,sha256:5cc23a203493795342861664789035cfd95138f6fe1ffb9cd3fdd04cbcf40382,no_edit_found,
MB-5cc5649db063,sha256:5cc5649db0639fefb9d41ff9d956febd01ee3d10f8a0b21e8edcc7e859b6e227,no_edit_found,
MB-5cccac129c8b,sha256:5cccac129c8bc1c949461ad19b5bd5b1e44689b4cb0d35c7253a8ddec2750d51,no_edit_found,
MB-5cd36b486fca,sha256:5cd36b486fca435490abbf962d0788477a0084ea06a60344c814d700837f36d1,no_edit_found,
MB-5cd8ad777d51,sha256:5cd8ad777d51756baa82d3d307d8f7a4fb969cc227510b5c0f4a4def0da28ff3,no_edit_found,
MB-5cdb07122ba2,sha256:5cdb07122ba20d0e94d2ff77e71652ec070f739cb82da027246c000e7ee9b8d1,no_edit_found,
MB-5ce3c57aaf2c,sha256:5ce3c57aaf2c2154be2bd480bd847e6fbdbbbab4133d46f73a0e1b80ae7c4d14,no_edit_found,
MB-5ce77c70cd09,sha256:5ce77c70cd09f00a1123cb00e0b780d2387378d4b4025eb509d5e3ef78386f50,no_edit_found,
MB-5ceaf9bb21d7,sha256:5ceaf9bb21d7ea1f0a034219ae49ad4b58a10b4a591e6c2eecd73444c254db79,no_edit_found,
MB-5cec36dcdc65,sha256:5cec36dcdc6514b46163071e30f6e59ecdab1fa81e9646d39a3977daca6dcc2d,no_edit_found,
MB-5cf075291a34,sha256:5cf075291a34eeb99fa58d97ad3cdfe3925f9d00ce2a883802e10f59d3cebffa,no_edit_found,
MB-5cf7ee22b7ba,sha256:5cf7ee22b7baeb87ecce8ac9d51655894e94eb015785685a6169f8337cd5b9c1,no_edit_found,
MB-5d02f3e959e4,sha256:5d02f3e959e44c2ac506a7f37583554a865b0f5a6f45fc16730766e36c026fdb,no_edit_found,
MB-5d0ca1c1c065,sha256:5d0ca1c1c065e436f56d7bd3115c9cce7f0038032130135dfc055bfdc6248a34,no_edit_found,
MB-5d275ea7bf58,sha256:5d275ea7bf58ae5c55389aaab87c0c2572b74db78f9e487d2cf67814c8657dab,edited,unchanged
MB-5d42c6fa16cd,sha256:5d42c6fa16cdca6c9fc97fd0d929f587a2eb4de449ed88666166aebda5e46484,no_edit_found,
MB-5d44f9c969ab,sha256:5d44f9c969ab53da2fbd50e3327ac265a916663e1c3457040e4fd5f80788ea0a,no_edit_found,
MB-5d4fe90dbbb8,sha256:5d4fe90dbbb8bb2f9256654145e914b2103b45e1514c69f51e88524cda676a3c,no_edit_found,
MB-5d612c39c5de,sha256:5d612c39c5de9961d233faf5a4985c2d7cbbfd74433c1149b89be7e5508ba39a,edited,unresolved
MB-5d68c77154bc,sha256:5d68c77154bc7d3e956f36f8710cf2a4121807f697598bd8cba5677fc93ee066,no_edit_found,
MB-5d72c5971118,sha256:5d72c5971118bc9675a2217bace9ae2cca6404aa777948a3e8bec1adb7b5787b,no_edit_found,
MB-5d874e235e80,sha256:5d874e235e80f8a0d9da821afddb13a9cad5ee8fb40590a7a44ecbf982e54a2c,no_edit_found,
MB-5d878024c32c,sha256:5d878024c32c7f33843e8dc21eddf3b2609cd350ee8d25b29bcd254c9f607b17,edited,invalid
MB-5d8785181304,sha256:5d878518130457ae32b1905f4cfe494a12830a207be18ae3a1ab548074862469,no_edit_found,
MB-5d89085d31b9,sha256:5d89085d31b9e3584994aca23b839c0e212b6ddcd861a67685aa421616c182ed,no_edit_found,
MB-5d8c68cf8a9a,sha256:5d8c68cf8a9aa8c0d7658005263e99399c88618b99efb5f3da693b5beaeaa409,no_edit_found,
MB-5dad41ca80a7,sha256:5dad41ca80a724e35a77fae55fc17768187543d9c5e9cc73306d8a21cc5fc6bd,no_edit_found,
MB-5db2cf803032,sha256:5db2cf803032657ddb06a17333ae603d66acaefdca791a92a88f98f8b1447ff2,no_edit_found,
MB-5dc00ca82f9d,sha256:5dc00ca82f9d86a86298c105bd3e267755e28eed8b2859610a5ed3a5f328bbfc,no_edit_found,
MB-5dc7d367f5ee,sha256:5dc7d367f5eec2ac2a678e77a7f474b6eb9e83d8321097dfb0d5a16a99360e7f,no_edit_found,
MB-5ddb92dbb442,sha256:5ddb92dbb442151bc7462c4d875225d6bbf4a788f38b4dc74e0d247db01c397f,no_edit_found,
MB-5ddc87a3c121,sha256:5ddc87a3c12158d3a4e4f2bb2679b9aebb06620e14a69ddfc2f928cb13553597,no_edit_found,
MB-5ddffaec599d,sha256:5ddffaec599d87032a40b1288bcda4e10c184a002ea4a82791e4a012e6eeea26,no_edit_found,
MB-5defb2cfb1b5,sha256:5defb2cfb1b540315968e80d4e45a5a335f67e44be5497776e16bcbbe940aa91,no_edit_found,
MB-5dfe711f6965,sha256:5dfe711f69657675c6c821bc1011e5d7fcce86304ce0c8795a84ebff275f5235,no_edit_found,
MB-5e0d187df862,sha256:5e0d187df8627e46dbcd58b6d07376ff89750062072ef2d937a24a8b6083d5e6,no_edit_found,
MB-5e15c7d7b720,sha256:5e15c7d7b720b2657a26639b2e53e5d144c75b165189f1814ffa4e8e5f99bd1a,no_edit_found,
MB-5e2aa0b2e95e,sha256:5e2aa0b2e95ecb28151bb28bc919a77892c35598f79faf2ef6d00efb897e6a24,no_edit_found,
MB-5e2bce4ddc72,sha256:5e2bce4ddc72cacfdfc2fc8b202457c73262f75a353b20bda1642f7391dc9101,no_edit_found,
MB-5e30c5b1718e,sha256:5e30c5b1718e62893bced3f175be5bd0b4c87c28ed9c64b4129044450c712006,no_edit_found,
MB-5e31fc8d752d,sha256:5e31fc8d752d8e0f00527215be3d28483843e7bd789d01334c3dac5b67c31423,no_edit_found,
MB-5e3c1249d058,sha256:5e3c1249d058d5cf8706eb448b2ea59cb12c39029d2da23677aee842539bd73d,no_edit_found,
MB-5e3f568e309d,sha256:5e3f568e309d256dde31d91c16fee32a071e5ba7989b0623458d6fc95f74f4c4,no_edit_found,
MB-5e471f4fd98c,sha256:5e471f4fd98ca7ef52609253b85907266a7d02e113e39bab68863262a8e915f0,no_edit_found,
MB-5e6054d1a6c0,sha256:5e6054d1a6c01c344976239ec0c1fdf8cf946ad178a7908a46d1ff204de49716,no_edit_found,
MB-5e655b93068b,sha256:5e655b93068bb86295bda9bfb8269282f3b5b17bf51f76122b9f318cf02dfc0e,no_edit_found,
MB-5e65b083d675,sha256:5e65b083d6758790259584c3a349ea46f31fa5e059606b3a2d3619af3a93f26d,no_edit_found,
MB-5e68721776b4,sha256:5e68721776b4e56fcbc86324ba5f28529dda323753748bed0a61724c9e5a23bf,no_edit_found,
MB-5e6d410bc93b,sha256:5e6d410bc93bbd197de2900c26807c800d3ba6e3796263316ffdf9d11d2ba760,no_edit_found,
MB-5e6e565f90f1,sha256:5e6e565f90f1a5dfadd7e2d7d45cac683be570e7c4385027f6f1ae737f02b577,no_edit_found,
MB-5e7876a80322,sha256:5e7876a8032232b708ec06d65941ae0a854818429f12167313a2e1aeca5299ea,no_edit_found,
MB-5e7aa74ab673,sha256:5e7aa74ab673aa080783e880ff3b7910a5aca7037e3a53ffdc31a53c6ae6bf6c,no_edit_found,
MB-5e8d0129a294,sha256:5e8d0129a294d138c27c3ac27060d5cefeb1e52cc3f2ab80392b372a4a6813dd,no_edit_found,
MB-5e9203e5f155,sha256:5e9203e5f155edf344f3f601663ee41e449417e49747e288d0841bca20c09db1,no_edit_found,
MB-5e95077d91ee,sha256:5e95077d91ee28b4159d7c8d7a34472248eb872619f8942b7c1e7d7e8165fafe,edited,invalid
MB-5e95f71e3497,sha256:5e95f71e34975649a2db00b4c2e2d093cf3a558ebbbc1da2fa2e839e437955e4,no_edit_found,
MB-5e9663665219,sha256:5e9663665219d94434a2330f433c658dd52e14638a440dc3891de869d5fb839f,no_edit_found,
MB-5e9a418c1a62,sha256:5e9a418c1a6217e688a3431e9a06c9afe30fe03cdce55331e2a9c4c48393a2f3,no_edit_found,
MB-5eadb2ac4997,sha256:5eadb2ac49973f80a9c24220b96b1f7615d5dbd6e06603c69e76769428eb6fc5,no_edit_found,
MB-5eb1935e2ffc,sha256:5eb1935e2ffc5e2b583b092ed746d281b68e48c0363946ba4254b8baf31ec4fe,no_edit_found,
MB-5ec240102f3b,sha256:5ec240102f3bfef56d4a691de69f20251b0ccd8f7bcfec5014b62d789ce3ef40,no_edit_found,
MB-5ec5f3aa9cc6,sha256:5ec5f3aa9cc6c37c817aafcaa9e3688e8503fe02016dc2fa38ffec3c9c01dfe8,no_edit_found,
MB-5ec69fa5aaa9,sha256:5ec69fa5aaa990e31b3486027dd63294118023666a67b497439562d675128508,no_edit_found,
MB-5eca10c2df49,sha256:5eca10c2df49b5148543226c058f74c9a4fb923c4130a317e813d565677259bd,no_edit_found,
MB-5ecd1d59bbfb,sha256:5ecd1d59bbfb1fe0317e7d4cae12b1c631805123d51f57d4869800af2d21cede,no_edit_found,
MB-5ecf2be60fca,sha256:5ecf2be60fca6c31085378e483cc6dbcc898627fc85817388fd575dfa22c796e,no_edit_found,
MB-5ed1f8e7416d,sha256:5ed1f8e7416def3ae1ba55bc38c0bc8bd53125d67743eb1ce5f7d5b3835b8b5e,no_edit_found,
MB-5ed65f38d5e3,sha256:5ed65f38d5e3ae1587fd52f2324c941e69ea7e59c54275f6217542d9e13ad8d5,no_edit_found,
MB-5eeadc274200,sha256:5eeadc2742008f726f067aa328d18c2a485aab7e15019a80b432ed8c44dee67f,no_edit_found,
MB-5eed45be3590,sha256:5eed45be35906fd6c4034a4ef6946262ba063fe911fdbc140a8cdb517e3c78d8,no_edit_found,
MB-5efc5b559936,sha256:5efc5b559936be2ebe056102866260dbb4358c2edabf1cdc84ec5f1fba8b69df,no_edit_found,
MB-5f077acef20b,sha256:5f077acef20b5101d38fc6c5a2141e1fb9542b708210a80364e3a693d37ed662,no_edit_found,
MB-5f0f573f9aed,sha256:5f0f573f9aeded5a16b3b6bc9c1bb9ea0e8e2db250b5b85cd3fbe6003c8f1685,no_edit_found,
MB-5f110b556bc4,sha256:5f110b556bc4d42ae526567e2d0cca7d98cf867b9a6449793a5b0de3af4b5f42,edited,invalid
MB-5f18fec61e27,sha256:5f18fec61e27948f49281c829f6f2f723545022d6e0bbcbbb12d9cb3ea7fcc80,no_edit_found,
MB-5f1f6f3c1807,sha256:5f1f6f3c180790eb8b88089372a9fa4b98d2f2234bf6702b24d201b7b04fd1bf,no_edit_found,
MB-5f3b12ca21b4,sha256:5f3b12ca21b4d34fa321cf3df41b349dedf2b1c1f3fff172ed5414f61196038a,no_edit_found,
MB-5f3e8692c455,sha256:5f3e8692c45571fb76ebd7e0c27088e0d0fd46b2cb3257d262e86b97de8d1a02,no_edit_found,
MB-5f3f71a4a9c1,sha256:5f3f71a4a9c141de441fe67d6ddb014e45b7b377ecddefc5469e7c769f3e871d,no_edit_found,
MB-5f427aed2f82,sha256:5f427aed2f826bfd36df5ae4ec946e947a948bc80eb7751bd86976d3ecb5909a,no_edit_found,
MB-5f46078c6415,sha256:5f46078c6415cd5bb45b65db51e8ee79f761bd9a41a0cc1cb8f40e1240414fd1,no_edit_found,
MB-5f4712856ed8,sha256:5f4712856ed803cc6253f29141bdeff1f760ab1b1853649c01f94ed1d5b489b6,no_edit_found,
MB-5f5bd61f64b5,sha256:5f5bd61f64b5aa1499523962c1d339b2776b4ba432a48198f29590baffcc4354,no_edit_found,
MB-5f5cb1ebc7da,sha256:5f5cb1ebc7da0021dacd1d33597a9848c055716653f2cbf79d692b97fa7acfe1,no_edit_found,
MB-5f6110e70c4a,sha256:5f6110e70c4a8d39fb6e3c8f48b558e454bf35a38d297f524341d23ef8832a62,no_edit_found,
MB-5f647b12291f,sha256:5f647b12291fff52483838dac7ace1c62f4b53d87fac8b5bcbed6bd8b4b08184,no_edit_found,
MB-5f825988205e,sha256:5f825988205e14e0461ba5634f8938eb299a5f0a29bec75657f51b386344cf89,no_edit_found,
MB-5f85c091897f,sha256:5f85c091897fe605de18746743313531448b0064d1c27d059e352bf2d92c5f6e,no_edit_found,
MB-5f990555e5f7,sha256:5f990555e5f7f2684c470f0e04a708a33a5be5a402dce28b4d374996d423e2f7,edited,unchanged
MB-5fa9357d6040,sha256:5fa9357d60400e8b7187751d376538273b5fa16550b59cab48deb09b56fa39e8,no_edit_found,
MB-5facdbd62c58,sha256:5facdbd62c58c5e34ef34b63e161626f27e380e34a8f98da1754b130154604f2,edited,change
MB-5fbb70657286,sha256:5fbb706572864a5118e3f2d63818c7c4538675137e6d000d51cbe4e97bf49572,no_edit_found,
MB-5fc60c9166b7,sha256:5fc60c9166b7bd76718b0335ac8a22ab73f593bc2ba28c71c9def1008ca99322,no_edit_found,
MB-5fd07f59648d,sha256:5fd07f59648d59981d8279e1674e71f328588d5161ae6b899b1b59f67465b641,no_edit_found,
MB-5fd4a44d744e,sha256:5fd4a44d744eeb8f3802b71beb059260f919d41cad3d5eae783358bcd2c74e66,no_edit_found,
MB-5fd7c3dbf9a4,sha256:5fd7c3dbf9a4c14f3c56cb3e875ff565927e541fd3b83c00c8e5ffb731f0f72d,no_edit_found,
MB-5fde526edef5,sha256:5fde526edef5ddb5836208d8f56493a9c4b7cfb4559c008ce60995b6d98f9752,no_edit_found,
MB-5fe8dd766fb6,sha256:5fe8dd766fb653662808650d552ed63ce8a0a52e524bcbb648fb0d7fc86db0c7,no_edit_found,
MB-5ff8245e0713,sha256:5ff8245e07131d213d6a167ba1541f018494ece4fb5c86d6b6d5e2e48dcd1261,no_edit_found,
MB-5ff967ffba49,sha256:5ff967ffba4924723eb89c751ad75a3bba8c50226f78fcd377ca08902a0b6167,no_edit_found,
MB-5ff9bf8b846c,sha256:5ff9bf8b846c2ab9da31e47ce5ee747dfc15ecf2378c39e7424d0964d0fbd812,no_edit_found,
MB-5ffab1a50a30,sha256:5ffab1a50a3077da1862eaf8f5ebea0d5c81fb25947603c5eaff8f88a5e1e414,no_edit_found,
MB-5ffbbe438dc8,sha256:5ffbbe438dc8551b1d5fa5a388538ff0458ed55ce0523b9d5522b82eae5f2c9e,no_edit_found,
MB-5ffcfe494ff3,sha256:5ffcfe494ff327b00d4018392a046c5ee25883c4c0f2c01c86e669e010e3dab2,no_edit_found,
MB-6010a450b24a,sha256:6010a450b24a59f28a18fe26511e8f77b71e02104a491291d13bb0d1d6edb878,no_edit_found,
MB-60128638d171,sha256:60128638d171ca1a2d644d4af547dc7e1dedb5bb662ddfe28ba34df0ab2a28e7,no_edit_found,
MB-6015887be09d,sha256:6015887be09defaa4f94364b300817403e5f6ae326396c4de1eb794cc0379f45,no_edit_found,
MB-6019b7ec3d7e,sha256:6019b7ec3d7ecabf990a30ed073146e34998d2f5887316bbda35940f7c34851a,no_edit_found,
MB-601fbc16d9f3,sha256:601fbc16d9f3e27e39b811c359d6c6cce62947dd58c6b90afe02ae5da4be6179,no_edit_found,
MB-6023dd40cbb1,sha256:6023dd40cbb1a5263f3874aa6b23fe856b5b3b22de8b51e80e72f299286f9d17,no_edit_found,
MB-6024780b5bb6,sha256:6024780b5bb6a441537b68bd1b48d1bf7758d09530bcbda6de896525eef8f717,no_edit_found,
MB-60298eb563b2,sha256:60298eb563b2c238edbc842d955f987d6069fc6fe0c51e1b084b580c76e85b9d,edited,unchanged
MB-6029d61422cc,sha256:6029d61422cc646805544ac7977c52b055464ee8c253d694ea63c28612b89a42,no_edit_found,
MB-602a7d3e8147,sha256:602a7d3e81477fce422145388abdd585eb8390affe87c695c7143f7da0b37733,edited,unchanged
MB-602b2b240cac,sha256:602b2b240cacd412d373b14ea36f10ff90102f7d9092a4f428e9493b379c9eb0,no_edit_found,
MB-602daeba17ba,sha256:602daeba17ba15eb97ea706728b44dd582282a490e4f3013ce9a670758baa13e,no_edit_found,
MB-60331caeb6ff,sha256:60331caeb6ff4f505d0277f09f6446b15e333e551dbc98c1d2303fc1b451ed2f,no_edit_found,
MB-603bb9564588,sha256:603bb9564588df2c99207610c2637efaffc1b386207cc5b278cb1f89fb568342,edited,unchanged
MB-603be7e21128,sha256:603be7e2112889b00de38c9e116232e9e2c6ce027343b975ce7063bc47c52c13,no_edit_found,
MB-603c7f0828d1,sha256:603c7f0828d1b43d11fe32862c1ca1c96d73fbbbe6327f80a92101d2bc757529,no_edit_found,
MB-6058ceb63bcc,sha256:6058ceb63bccf210c4283553432760ede914a3f1bd17e538e69597951272b1ea,no_edit_found,
MB-60779e3daf8c,sha256:60779e3daf8cb242d1550f23fa9f274566eeb6d5c14b3831cded656ad3ff348b,no_edit_found,
MB-607873a61673,sha256:607873a61673841964539ac350aceb36651378de92d222c956d3ab00fcf0a52d,no_edit_found,
MB-607b7ceb2077,sha256:607b7ceb20778d28dd48f6cdbacf569b8a49a4a61fad7b3190303631aceeef30,no_edit_found,
MB-608286914d8f,sha256:608286914d8fef9e2fd4cc36c4537aebe2542fab650c3e430ef77a772fc7d4eb,no_edit_found,
MB-608592980e01,sha256:608592980e0118a0edc7e79c5708aba39f55f271ff3806ec45cbf7f9606a9720,no_edit_found,
MB-60a695428647,sha256:60a695428647065f93dd2ebe24ce845a0212520b860f7bf26afd555534a7009d,no_edit_found,
MB-60b4bc870cbb,sha256:60b4bc870cbb21fbfed03f851fe3379631c2c2c96ba94f1a4c841be1c85059d5,no_edit_found,
MB-60c351a755dc,sha256:60c351a755dc8afd2b214dc62c73d90c870ded108b3caa7687046ba1742f1f85,no_edit_found,
MB-60c505899342,sha256:60c505899342e3856a1a30edc638cb88cab394878534a4adb1ef30f7596edd34,no_edit_found,
MB-60d1dacdafbf,sha256:60d1dacdafbf31db413000ee4bbdf37314bb0017deb8d56fe03a7b50bd2686da,no_edit_found,
MB-60d20e31b1a6,sha256:60d20e31b1a64d0cd2fe0d5905628b349f5b04b35fcaf5c29e13d23c8060d2b0,no_edit_found,
MB-60da6bf5e251,sha256:60da6bf5e2516e0ff153c934ec031b985e0cb7dcf84834a9eb91ea250babf477,no_edit_found,
MB-60e0e36e1528,sha256:60e0e36e15289c9327db162cb881ec1055ce8ea4800a09c4371b50b90e061bbe,no_edit_found,
MB-60f11fce4f2c,sha256:60f11fce4f2c908e46a3f9a2072d02e7385b49249b5ed863cad5dfc00ad97f8a,edited,unchanged
MB-60f728ecd916,sha256:60f728ecd9166ed0a4141e7d449a040d7d6bd4a0f1ec67198c50ea3043146f8c,no_edit_found,
MB-610a8445c0b8,sha256:610a8445c0b84c67292d63517c12c8be77bc3a10fe8675ba767f3b6784616cfc,no_edit_found,
MB-610b5af79c85,sha256:610b5af79c85bb55795b7fb2330bf6732d4cf7be7f9fa6e97e9384bcb1c6d31c,edited,change
MB-61232bde8c88,sha256:61232bde8c8822316697f45462b42b84a5638be950300a158f95177030daee65,edited,unchanged
MB-61267801c804,sha256:61267801c804bb53920c4c625ab3f53a9522deac4525eee3d3ed434dbe9efb4d,no_edit_found,
MB-612fbb8eeb4c,sha256:612fbb8eeb4c935f1a877c1dfa3ca3f9033c635f8a5e8bce414e654e9ccff414,no_edit_found,
MB-613207fae2fe,sha256:613207fae2fed9653810eda38b8611114a9c2f92c0575d6e918495c87d28acff,no_edit_found,
MB-613bc370cc9c,sha256:613bc370cc9cbb56086d7060d25d00433cbcd4b1047b4b92a1b66d6680a29cee,no_edit_found,
MB-61475bf76837,sha256:61475bf768374d7ec85a186e58ff8f83da7407dd5bd9bbbd33ba760327e1c2d9,no_edit_found,
MB-6149c9d75528,sha256:6149c9d75528158b355e99714c307238adc3c678305310a15fdc9c1b60981a8c,no_edit_found,
MB-614a1faef8ae,sha256:614a1faef8aecb5fa1b43761c18ccbf944f9062ae193278d986e00510871998b,no_edit_found,
MB-615118d0de2c,sha256:615118d0de2ca1da44292303de810f6571bc1f48e829903832e003a7e58256d8,no_edit_found,
MB-6153780b7f36,sha256:6153780b7f36c9f1a00af785f9310a5f0f70ae412296e5cd2d45ccc1e67c87d7,no_edit_found,
MB-6157bc9af3ab,sha256:6157bc9af3ab8f6c0a53ccb5c31f68f60e2827f498e272670d9f5607372d5ba1,no_edit_found,
MB-615a49bb7e6d,sha256:615a49bb7e6de980dd6cac8285dfe2deab0c70428b510adfa07613171b9f2d9c,no_edit_found,
MB-6163bbf44b44,sha256:6163bbf44b442171463e08ab23f3e75c6383aab885ff2765255f129a3880661b,no_edit_found,
MB-61671e4c853b,sha256:61671e4c853b95effae325a48e006b3651d8a1cb8db1e624e739b21a1c3070a3,no_edit_found,
MB-61759d6b85d6,sha256:61759d6b85d6487ad8e026f04ce017c2b0e4b90f503d874844ea213b81fa4f22,edited,invalid
MB-61834a8fb732,sha256:61834a8fb732fee27dbf0858a7b31cea4ffbc85768e96617201994fcaee70bd5,no_edit_found,
MB-6192b7f241cf,sha256:6192b7f241cff3f082f7d77b68990035fbaf83a27543428df9b02a09557fe1a2,no_edit_found,
MB-6193682dbc79,sha256:6193682dbc794399576cb9c406af325ebc79b10fbdf011cdc83592318c0a6dbe,no_edit_found,
MB-61a8022d2ec7,sha256:61a8022d2ec7ecea7326bd503ddb1daafcfc9d1262e9db42f3cacbe8233859d8,no_edit_found,
MB-61bed3e3283b,sha256:61bed3e3283b5539869e32e802d1f01a74c4f098867dc9aa11a45fbb78d9602f,no_edit_found,
MB-61c3c7c19bb2,sha256:61c3c7c19bb24db35d7cdbdc2278288091ddb4514e82ef74b0877d661f93834e,edited,unchanged
MB-61cef6902846,sha256:61cef6902846e027acbdde49cb886d6b00645ae213faa3c92c8c1ea93563be16,no_edit_found,
MB-61d46a06c0cc,sha256:61d46a06c0cc70d2d2d8f8fa72dc25ca93ca8c0585a7a4863ff0a237942e7e53,no_edit_found,
MB-61d54d444477,sha256:61d54d44447775574cbfb78f29ac48590a1abdef6424d91fe1d2154556a7b146,no_edit_found,
MB-61dba26b4e1f,sha256:61dba26b4e1f9503ee23460e22521e60d1b78a9327faffa486d1bcb2b0b08fdf,no_edit_found,
MB-61dfbfdd30de,sha256:61dfbfdd30de4fa0a928f1fe0b744b61e021c33ec6b8d8bc56b0be85a5db7326,no_edit_found,
MB-61e2c84f978b,sha256:61e2c84f978be887b79c51a799ab8fdad4d6e4160fb6b0cb29444a6a29063af0,no_edit_found,
MB-61f636ec96d7,sha256:61f636ec96d7ce7217fbaefb548c71944270f578c27ecb7838a8782edf5494e3,no_edit_found,
MB-61faa7fdf494,sha256:61faa7fdf49435df3c9d7efdc0f88188d70a4b881781508a3e657a3d3fd499df,no_edit_found,
MB-620dc649ebd7,sha256:620dc649ebd78afd787cd18bd637a29ac515b1b68754c82f24a60ab2fc3c85d0,no_edit_found,
MB-62111b8526e1,sha256:62111b8526e1e723f9e286779ec03b14a00005f32de890a4124f51c28dc653c5,no_edit_found,
MB-622d2ffbe922,sha256:622d2ffbe92245765af4ccc54358136a624f386b46e882f006d150765d74aa3a,no_edit_found,
MB-62418a575ae4,sha256:62418a575ae41b4a346de45ff31de1907b38c11486c7f1f935b4cdce69ade078,edited,unchanged
MB-625333110ed7,sha256:625333110ed72d130ebc61dc39c03e61a373e0e4d4afcf530ff0a7ed92ee1daf,no_edit_found,
MB-625d8f750da6,sha256:625d8f750da67ccccf0afba4f882095faeb2ab45e5c6ca712052ff2d978aa99d,no_edit_found,
MB-6266550808f1,sha256:6266550808f1b5b182765d2dfe879631b0de4f77e32274c936d1bbb55b0b93ff,edited,invalid
MB-626676f6e56f,sha256:626676f6e56ff9c8fb99017189a0139567ec3d018bcc38e29ccf51d5dd16239d,no_edit_found,
MB-627948402703,sha256:627948402703e857cfeef2fe663533f11cda95b57e930ceb0f09e9532c2b906a,no_edit_found,
MB-627968fb88ea,sha256:627968fb88ea1adb50431c9a8b5f06f5c4960983952b6e0cdd62d35f18a52fc5,no_edit_found,
MB-627a517bde17,sha256:627a517bde170500426c10ed17ef092a2271d490403560af02c39ccb44e7f1df,no_edit_found,
MB-627fbd93afbb,sha256:627fbd93afbb559d0fef146c02589a9569f1756683f6d8ca91436c11e44efac7,no_edit_found,
MB-62827c2b23b3,sha256:62827c2b23b37f2ad66346a4157aca0f9fdc968c12dd1d1e6989a88c1ef686da,no_edit_found,
MB-6289ea0cc79f,sha256:6289ea0cc79f70e5d73a80ad506fafc5a30bb185db74f1c672ff4b2d45a017b3,no_edit_found,
MB-628bf619107e,sha256:628bf619107e90cfafe44ffe04c8ef75737b820f73a0e1de0d743ebf08284ee8,no_edit_found,
MB-628e0a4aa0ae,sha256:628e0a4aa0aec3c043cc1ad8daa63d59fef76afae5d4003980ca7ea0265259ec,no_edit_found,
MB-62987884c85c,sha256:62987884c85c2edc5b6d8d214167412a1000c8251c22a9f428235a9042245a6f,no_edit_found,
MB-629c4f620b3a,sha256:629c4f620b3a35c85eb3f2ec9e05a42a1f1918c307969b808defe9d42b24d907,no_edit_found,
MB-629c986916f0,sha256:629c986916f03eba3e99df014b59b6239463a0c4e27f258af93a81b3c224f10a,no_edit_found,
MB-629cfc29b733,sha256:629cfc29b7338f50e34c2103cbd9019206ba1b2720dec84b3c22a48284be0409,no_edit_found,
MB-629e95e8d7d1,sha256:629e95e8d7d1412230abce0ffe9465107a035434e368fc46330eba3dd35c8916,no_edit_found,
MB-62a0a721010c,sha256:62a0a721010c97f8a9c004040672f88d5abcac0200ae66456025018e00a7ab1a,edited,change
MB-62af9247b2f5,sha256:62af9247b2f57872fefbc92c473d2b07a57064c248c6ec5ee6c57b8a42ca58e6,no_edit_found,
MB-62bd19d6e515,sha256:62bd19d6e515aa40031dc7baf3f644e20ce14f94ae4570ae2603b58bafc0029e,no_edit_found,
MB-62c2aadc13ac,sha256:62c2aadc13acfb38b1d05cf4a349712448c3ec6ac94f4ce215d52e5adc2c5494,no_edit_found,
MB-62c49b660350,sha256:62c49b66035023551d9859ad11f5d8329f3306d43033468dd791d65a758c5ed3,no_edit_found,
MB-62cd6172e625,sha256:62cd6172e6253d1edbd19741a8a33738f02fc14c9cba8dbb94260ddc39ce93f3,no_edit_found,
MB-62cefd10246c,sha256:62cefd10246cc46d7968fda13177f5c0f6a445ed704d33e795a22a47a763f615,no_edit_found,
MB-62d2df9bedca,sha256:62d2df9bedca4185d9f4c3e21af99ee5383a4cd9ccd88dd29812a268b4da8f6d,edited,change
MB-62d6f2395563,sha256:62d6f2395563ecd15a8707d3d46a2cfb502a581769921f1e6d92262ed64f0469,no_edit_found,
MB-62d70a090103,sha256:62d70a090103d4338914f07bd08d5d25e20e812bb4b5e7f84cbb1c02eb99a6d3,no_edit_found,
MB-62d954b2dad3,sha256:62d954b2dad3eb94eab87ec3f08930ac4588c615735afbc46b1dd4c98872872a,edited,change
MB-62e1a9dac0e2,sha256:62e1a9dac0e223c977693d0c7f2e9fbdcb1fdad0198d073d0afc128494078d6f,no_edit_found,
MB-62e226be07eb,sha256:62e226be07eb9e30501b64e261b0cb6f7e009fdd54df0b9280fecdd75d98b766,no_edit_found,
MB-62e72aa0895d,sha256:62e72aa0895d82f8d2bf9ab7aa8f05a5e4b261354e829863370d694da992ceb2,no_edit_found,
MB-62fcd8ba6c30,sha256:62fcd8ba6c3044efb0c4b52b54a4460ad738095bddf002479b3300c55110bab8,no_edit_found,
MB-63048e004680,sha256:63048e004680b145e43cd3d815cf3b193df4ded8a7da9782eece3c4efcba30d0,no_edit_found,
MB-6304d1de7272,sha256:6304d1de7272dae16f3df65c86d849dfbeee1866c09111728449d9d9c0d939c1,no_edit_found,
MB-6308188cc992,sha256:6308188cc992423c5dd2238fde567873c2e9f8beadfcd146da0f8a6a893554b9,no_edit_found,
MB-6308c7b20e79,sha256:6308c7b20e79b517fc72518f365f9fbcf7c59f44032f4be2618c9fb2c5673ca8,no_edit_found,
MB-630b2f7edd39,sha256:630b2f7edd3994125fbafdd07e6e6a87f68256bfa2532f285a85d6844b97c2af,no_edit_found,
MB-630eaebc2156,sha256:630eaebc2156f53a58affdb76f9de9a7eb1805d31468091a11f136a46c234da7,no_edit_found,
MB-631ee177cc34,sha256:631ee177cc348299c15237e656230a365412a94ae2dfe0db30df48977e9042e3,no_edit_found,
MB-635e7c160f53,sha256:635e7c160f53f2a0225cdf99a02ac1c9c95e48bf8f1a45c2485a4c90bd46c975,no_edit_found,
MB-6374b0a00b75,sha256:6374b0a00b75b6eceeda551a9140d94d71141a3c152506f270ebed51bd944665,no_edit_found,
MB-637bf1449a22,sha256:637bf1449a22fa17666c69ac103d8307022161d24369ebea5b968023e2f316c5,no_edit_found,
MB-638354cb002b,sha256:638354cb002bc3bdaf90ea50e4bcfec4b7f3f251912fedd8caf748bae473198c,no_edit_found,
MB-6392719ec5fc,sha256:6392719ec5fc76428750bba25e6ed8f9106c0b327b131e36656e23cb51b3fd32,no_edit_found,
MB-63a8681d46e1,sha256:63a8681d46e1210eb3fec452319f67b9ee855216487c7dd177903f634bfb925a,no_edit_found,
MB-63ae96e17f66,sha256:63ae96e17f6609fac445fcf784de917c1f2746cc9e7f14a644afc2b1bcbb2888,no_edit_found,
MB-63b169bf62f2,sha256:63b169bf62f21be9ea3679b899829af80253d9ab0d992e95ed05b55f23961364,no_edit_found,
MB-63bbbf88afa0,sha256:63bbbf88afa0fee45447a39b2976dc41b62b34810fe4581f2ce44a8fea067e8c,no_edit_found,
MB-63bf6872e01e,sha256:63bf6872e01e4e67a43c6b447568adc179b152999ac974a7dc3152fba7f029e8,no_edit_found,
MB-63c131b3c719,sha256:63c131b3c7194534120649831c4188061ca35c4c2af23dab9b57324e79b98388,no_edit_found,
MB-63c4a25a5b78,sha256:63c4a25a5b780875d5a89e966a8cf0d5f1955cbd9c69999f5f9b4fdd473e81e1,no_edit_found,
MB-63c7f37ecbc9,sha256:63c7f37ecbc900a525cae3c21ca91e93f955ae226c12828f0f141bfd3bc57cf4,edited,change
MB-63c85c8743a8,sha256:63c85c8743a834170c1eed17ff44f0dd67cae44699e53591eb9eb9e9f8c7fc6e,no_edit_found,
MB-63cb51614048,sha256:63cb51614048ce1807817718adc7bc8c82d52fc70390bc2983cc52ce20864386,no_edit_found,
MB-63eb02919e37,sha256:63eb02919e3736e66946cf8f3fa3a2a44beed1d33778a243f611eec4f1ef743c,no_edit_found,
MB-63edebc47aa4,sha256:63edebc47aa4f9647a299e9941924761eb151d8134b2f8f21deebe9b72c4271e,no_edit_found,
MB-63ef5bec01b9,sha256:63ef5bec01b97c80cb63052986a46308e2c9fa79c43dd30d53416d9470915e3d,no_edit_found,
MB-63fc55600611,sha256:63fc556006118d206bac61b8d7077b54d9478cd6cedeae32598098b45f9c4e36,no_edit_found,
MB-63fd68b83ac2,sha256:63fd68b83ac26b61c46af6400bb8d81f6e2c3e49b18c5009dd805278fd5a3ab3,no_edit_found,
MB-6402a886649b,sha256:6402a886649b5fba43766970747575681f0c448431147b324454bc8efc3aee50,no_edit_found,
MB-640ae40881a2,sha256:640ae40881a2f7112970440b505479ca22b0b5fff622d312cb2639337520b6c1,no_edit_found,
MB-640bcbdaf397,sha256:640bcbdaf39711db7d898111452501f05419240d459c3d4842667454f3a63c68,no_edit_found,
MB-640febe4d768,sha256:640febe4d768405ca862b230de165ba11489a3b1898321f5cb9e3d07967005d9,no_edit_found,
MB-642061a1ec78,sha256:642061a1ec78c2169ecb47b9a3a3ac7c9e8203f06f271bedfe2716569a00bcb6,edited,unchanged
MB-6427699b0496,sha256:6427699b0496fac0097fc76ce1661bec61c5a51caf15dac7a5c9e4d916c7c454,no_edit_found,
MB-642f361ff3a8,sha256:642f361ff3a830b877a516c1e96b25aea93b5724d4b5ecc36105861dc93ac2bc,no_edit_found,
MB-6435ae09368e,sha256:6435ae09368e86bb7f8609709937c55db7d960284156a163687d36d9e3b0eef3,no_edit_found,
MB-643e352c01f6,sha256:643e352c01f62f7f07d7addd05ae7b6bf1658c042519f5b998fc5a81ef482168,no_edit_found,
MB-644b58bb758b,sha256:644b58bb758bef2fba0bc0e0518273606d9801c35349972dc7e7b819618dc956,no_edit_found,
MB-644dc12a0f4f,sha256:644dc12a0f4f3da3b5a5e009bbefa7b4d8a60820ed0527728fa1f4ac278d2b7e,no_edit_found,
MB-644e6b92ee07,sha256:644e6b92ee077480af3bd42001100c2d370ab6bbd0222370816e3bad5987c6e9,edited,invalid
MB-6453387f1edb,sha256:6453387f1edb22339b4182a26c73d05044a1b4b627a3da7f27fdbed958cedd27,no_edit_found,
MB-645d5fcb51ca,sha256:645d5fcb51ca109dc7216b4a20875deaa294b3290cca3f899751e40d86c983ac,no_edit_found,
MB-6466c545cf19,sha256:6466c545cf19c916c0a96682440f5a77a31f0e3e01a1dbf209b84a47ec18be3c,no_edit_found,
MB-646b529bc4b9,sha256:646b529bc4b9a2b0ff54fe890b37421a0670b4ea38cea7df6f8e18aa7f0c20d7,no_edit_found,
MB-64805b3d05c0,sha256:64805b3d05c0f3715948df65a4bee95334068f9a7505e9a416dc20318a58479a,no_edit_found,
MB-6482be93ad40,sha256:6482be93ad4056f2041fd8a53c49b57bbb6f04c7e5ccefc6eb2aa523b11c8666,edited,change
MB-64830065284b,sha256:64830065284b502d4b2117e3465097c3b3d2f2413963d44e5561cf92f7bf4e2d,no_edit_found,
MB-648302792612,sha256:6483027926123192306d81a175cfe5eab4b8efe30eea226bcc26a546861eeeb1,no_edit_found,
MB-64852831c849,sha256:64852831c849f0f02f9ff4d8083ef0e78b284b1a1a2e10a44375f9d338176cfd,no_edit_found,
MB-64911795d05c,sha256:64911795d05c883995faabd89fda03920a9b127bc2002ad2681372fa3d3171e8,no_edit_found,
MB-6493d33082f8,sha256:6493d33082f8cf3b6b3801832e6cfec816da4465bc3b29107b637f24047ddab5,no_edit_found,
MB-6494a3cebd81,sha256:6494a3cebd815ff04671805e35cc67c685b7e2846b6ac259019aca4c56695712,no_edit_found,
MB-64a1c0619999,sha256:64a1c0619999609d85f0d653b6cee65ef447f2a723494db3bc01928347219645,no_edit_found,
MB-64ab442a5ba6,sha256:64ab442a5ba67b32fd829a28e1a0df734f6a4b956441930db2b7a7268468a66a,edited,change
MB-64b781bee2cb,sha256:64b781bee2cbcb1ce43d9006dc899d36a2b96f0bc74b381448fcce24d2ab0dd9,no_edit_found,
MB-64baa00cfaf9,sha256:64baa00cfaf94946fc9cb7163aa0b6bd1d480e526f8ef193faff234495e4a05c,no_edit_found,
MB-64bdd7c19219,sha256:64bdd7c1921996b5a3f7454137ec727cd1ef4109b23f13ef5650f43fd1d57993,no_edit_found,
MB-64c1a4e8d9e1,sha256:64c1a4e8d9e14d6a52034df7fcff95de3fa8479f94af209f71e192e2cc6e8349,no_edit_found,
MB-64c3a8b40ae2,sha256:64c3a8b40ae21b7bad23cfea4f04cf7e4f3669b25556e54c21ece5fd6023561f,no_edit_found,
MB-64c71027efe8,sha256:64c71027efe82179ffd49205e74e66a3d2f4d997469be164404c6a880eaa0a33,no_edit_found,
MB-64c714be302a,sha256:64c714be302a515235dff6484221d012a38211211584183debbf2ac9cdf3b528,no_edit_found,
MB-64c97fadb438,sha256:64c97fadb43826f5bb6ce22b8c430103e845ea2bfbf4b7b13c633678112befcb,no_edit_found,
MB-64ddebc0b4c0,sha256:64ddebc0b4c037bc17f533df6d1f370edb233445c8e929d147b795e150c23895,no_edit_found,
MB-64ef1a29a827,sha256:64ef1a29a82765b3b538e5191198cf75cc89603ba4d858d83c0f2a3238f44275,no_edit_found,
MB-64f5e52322d8,sha256:64f5e52322d8113b4de0f6dd65e9e0e959dba08619a29029b45bca6716415733,no_edit_found,
MB-64f64c8be0b1,sha256:64f64c8be0b1ee815fc67ee5d62d5360a7ab2ddf2971cf6ffd13e7ee01681e2a,edited,unchanged
MB-6502b40d971c,sha256:6502b40d971c455591ad104aa6252ece928733bd69cd16756fe2c4347264329c,no_edit_found,
MB-650d1a7e637a,sha256:650d1a7e637a41f578942e2d05a3b6143582fa5bdf472737d1e39ffb4a3c938b,no_edit_found,
MB-65135316911e,sha256:65135316911e8642937d4a4e367d7c7c8ece81119462ae05e7f998df90886d10,no_edit_found,
MB-6513ee392d78,sha256:6513ee392d7896fd19403a4bcfd3e05771b4c8b1e92e8e19d8b921f51473085f,no_edit_found,
MB-65246f3f60af,sha256:65246f3f60afef38e652986b76ca32084fb90d6475ffff3363c74152ff9d3e61,no_edit_found,
MB-6527a843cb31,sha256:6527a843cb319417467c49ec4ac68e25d09182ba2dfc68e551b962b13dd1aeb3,no_edit_found,
MB-65420cd5f560,sha256:65420cd5f560442ec6371df12b8e5658aeff8bc9ee5d9b36fb2fdee5b6313603,no_edit_found,
MB-6542bb37e43d,sha256:6542bb37e43d0570392c81e98ce8cf35f36bc49ae72e21fe327c6930b24a3b24,no_edit_found,
MB-6547783f731b,sha256:6547783f731b6a9d66affe6d2fe312eb2d414d41471db61d54fd85fa7799bb99,no_edit_found,
MB-654a3cd95f84,sha256:654a3cd95f84c89632346290f62b73a84933e914940eb202e1ddf30434ccb759,no_edit_found,
MB-654c0dd09c93,sha256:654c0dd09c934b119ef2a9a8f7c76a9fe038b58ccf1e8a43cf41eb02c95fdc98,no_edit_found,
MB-6563a3b91502,sha256:6563a3b91502cde2489d96750fa45e61215d3be2ca7871632528b06af92b8cad,edited,unchanged
MB-656bfc207e2c,sha256:656bfc207e2c54b2da3c3e0efe1f9db8a995e9484a10cac7b4235f1f70166850,no_edit_found,
MB-656c3b44d347,sha256:656c3b44d34798412ce37edb37bc64a6f10181990bf6473ec389103ae92deee4,no_edit_found,
MB-65810c49c510,sha256:65810c49c5101356a6b818777607e08ecbcccb7bc2fe1e6acbc08915138db990,no_edit_found,
MB-6588eff75882,sha256:6588eff75882b597f4c757bf122b44bd16c86b26b7231712288fa0936fc4a52a,no_edit_found,
MB-6591795f7f82,sha256:6591795f7f82cc663aa2ad7e496a18a8c54aa747f44e5183c291b8779658b4c6,no_edit_found,
MB-6592eed13f41,sha256:6592eed13f413aae7f8a148bc3d8102663f9befb1ed3748ab68297fbcfa8f105,no_edit_found,
MB-65934ff9cc56,sha256:65934ff9cc5604e7aecb5bac10f2dd2180a518ad882809f3e3dd7a1e7064416d,edited,invalid
MB-65a06c8f3e43,sha256:65a06c8f3e43802783aa8af9f1b29473e1dd71130c58d57b7552cadd740a3721,no_edit_found,
MB-65a53846902a,sha256:65a53846902ae5736161073fd7c97fe452545a03d997d93a0f5d7f6987f6ced2,no_edit_found,
MB-65d62066be33,sha256:65d62066be33acd986432c066ecaaaf13cad77289ff83e968bb7b14faddf7bcb,edited,invalid
MB-65dd3dd85300,sha256:65dd3dd853005e6659f9a37a3ff2cc7f00ec59ee3d960ba5ae97387818851e08,no_edit_found,
MB-65e104c15c1f,sha256:65e104c15c1f63cb01e6e9a554d5382a216a8fce4cbef945ed2c8c0803b76ce8,no_edit_found,
MB-65e1eabc9196,sha256:65e1eabc9196f84ea7bacdb9edd8643f33d946744b5b7bf623338b32566b9166,no_edit_found,
MB-65ef17131942,sha256:65ef17131942254d4e383456b0f6232e5abc3efd950160e0e4c01211f664b728,no_edit_found,
MB-65fb21b8253f,sha256:65fb21b8253f65c0f671787b442e29d49a386557337ec9544b6eb113e13e2f53,no_edit_found,
MB-65fb9d191af6,sha256:65fb9d191af603b079dcdf7a372ed32664694389cc2d8a0a7bb0ece821f7f711,no_edit_found,
MB-65fcd28a3a62,sha256:65fcd28a3a62a4624b78a2b1ec8040b062e3430fde3ecf8f1a482fba00ff9ed9,no_edit_found,
MB-660a5b88e8aa,sha256:660a5b88e8aaca7b77920a20bb9248eccc6ee620a24bbe502dea433cfcc1ab24,no_edit_found,
MB-66167eba6663,sha256:66167eba666348bccaaf46766f238a10a10070b18e4824298ba12800397598f7,no_edit_found,
MB-66189536a47e,sha256:66189536a47ee8dc74e2f3e0ee20d0714a7c3e577e11ae976325c4e1a3283a02,no_edit_found,
MB-6623115f626a,sha256:6623115f626a34907270cf04afeee8da270a373822df6d7cd740b2f4a8dcf76c,no_edit_found,
MB-66248fd3f8bd,sha256:66248fd3f8bd6c82c22b41f514cb74e18ecee3db19960d1c32c874edc6dbad1a,no_edit_found,
MB-662579acfe3f,sha256:662579acfe3f36407e0a27355cc0ea07689dff4c2f51a5d10337c7193034353a,no_edit_found,
MB-6631d60598d1,sha256:6631d60598d1c246dc7177beb87df7e9a81ebdd455229be9605fb34b394eb0da,no_edit_found,
MB-6634049e3202,sha256:6634049e3202c416de8647246f2daed31aa2a9f2dc9fd79c5f08e135a4398d4d,no_edit_found,
MB-6639cc87cf88,sha256:6639cc87cf882f91280b91a407ebc6b2164df7a7defe7403fda7b6714525e146,no_edit_found,
MB-6653c4d2609c,sha256:6653c4d2609c210bd65f2a5b3d5faa36d98882848da4f94822b7a18b7d26a13d,no_edit_found,
MB-665dd090a3d3,sha256:665dd090a3d3a083ec16ceb3239c96d25f93d8e3559f02666376857107f8a29a,no_edit_found,
MB-66699ffd47db,sha256:66699ffd47db804e60cafd9843c7ec890594061810fa5b6b89869e40b1d15c58,edited,unchanged
MB-666fe2cc1f28,sha256:666fe2cc1f284054da8aef913f07d9fda59fc646e18504527ddba2cdf5b61481,no_edit_found,
MB-66754dba74f9,sha256:66754dba74f97cc2a3253e552683f675590ffe5f4c7f97de7142b058c69879fc,no_edit_found,
MB-66774a31edc7,sha256:66774a31edc72c76576408705123bbdc011e63f2dd668699dfd118bb9d10e813,no_edit_found,
MB-6677c892acaf,sha256:6677c892acaf3561bb7b166fe536734bbbe394cfe90306b65c04bc4649a6311f,no_edit_found,
MB-667905fa1cf9,sha256:667905fa1cf9818e359966579224c42df87a6bd83fedf85465878186c3af81f1,no_edit_found,
MB-6681a6189a06,sha256:6681a6189a06c2a2bd5c58b71e4657751747c79e9f9fa6cd9491b724c4f4468f,no_edit_found,
MB-6697503196a5,sha256:6697503196a50346e163a0c5375f2e32b45a1d730a6d93dd71a707c97958de61,no_edit_found,
MB-6698925d432f,sha256:6698925d432fd10932babad69fcd29dbb78a5deb251cb76e593b0d82ef853984,no_edit_found,
MB-669b6a4e2e56,sha256:669b6a4e2e56582107afc8cce77b52dfa19d7dc2b9d0f9b7bf86ff80e10246b8,no_edit_found,
MB-66a1dbf4b7ca,sha256:66a1dbf4b7ca1e0b0df1e553864289f244f7c26b14eb013a2ec69c447aeaee2d,no_edit_found,
MB-66a1dd1c5f6b,sha256:66a1dd1c5f6b8ae40d58a521ec31199c8854ffddacbf509333de42668c5e6f5e,no_edit_found,
MB-66a23db36b44,sha256:66a23db36b44638230718d642052e2849d2b301b878ade7bddd6fe80b6b6d97c,no_edit_found,
MB-66c1c7448204,sha256:66c1c7448204b5f8da62cb60dace8b3d019e80bd43fb744089195ecf28799d03,no_edit_found,
MB-66c6dc501624,sha256:66c6dc501624a6e90f0b3490b2ba88050f028585a4bb6bf3b4b59e5f4f156d2d,no_edit_found,
MB-66cf19eb416a,sha256:66cf19eb416aefb80fbed136a582fdbe510dd2870dd95c5fba244f58dcae1617,no_edit_found,
MB-66d8c6e05f19,sha256:66d8c6e05f19df7c4517a56ddcf66e4b4cf108c95d42f5c1ecfd96bda78d6fa6,no_edit_found,
MB-66d9cb57662b,sha256:66d9cb57662b385c656e6d37c5ad6563a8e744905c33b69b7086f1202a407b12,edited,unchanged
MB-66e0d6ca85ed,sha256:66e0d6ca85ed93a25996088b334c46f0216bb812174d46b62cee50aae8d49089,no_edit_found,
MB-66eea1085c57,sha256:66eea1085c57832d066508e64f837949a59c7f0b85ea4cbae682f1c4dc3c4b07,no_edit_found,
MB-66ef59e0b3e2,sha256:66ef59e0b3e242ee8aa10e59f7b806239a6709e54e0e20acedcd862e35bb9ec1,no_edit_found,
MB-66f50c774b21,sha256:66f50c774b21abd3a28374532dca286c1e0f27f7db20bca70d9496f3a4afb75b,no_edit_found,
MB-66f7641b1671,sha256:66f7641b1671cfcad4d656da0a90139d4ef55f675c0cd1140e710eba936ce55c,no_edit_found,
MB-66fc02cba343,sha256:66fc02cba343b8eec1224338686d8902c2c5044ee6f8e9fda7ec9b3b7f2ead05,edited,unchanged
MB-67047ebed251,sha256:67047ebed251ed65f2025906597dc42a77e697f52eb460d6b02fe5ee7f2ef762,no_edit_found,
MB-670aac8e68c1,sha256:670aac8e68c114e69e3cc9f3a6c380849a11bd713429ab884313dae277193849,no_edit_found,
MB-6726401ae3a2,sha256:6726401ae3a29d80ec6d2e359287f0c47f6376df94fd5d5433ebb06d4f528ae9,no_edit_found,
MB-672d6dcd22d9,sha256:672d6dcd22d94201ed8d4e66905ffed8dbefb2f7168d491ba1f03c01b42b20c8,no_edit_found,
MB-6731afbbf25a,sha256:6731afbbf25a79aa2c3e1f076291225a153ffcfafe5ad58407d46e1b2fe41812,no_edit_found,
MB-67342008e46d,sha256:67342008e46dff9e51c0d051f300e275c5107f80a8587a0f3718c1488b0b50e7,no_edit_found,
MB-67407034883a,sha256:67407034883a4ec53b949936c5ec0fec9063b997e54e93df3782832a53e77689,no_edit_found,
MB-6745009337d4,sha256:6745009337d48d8580980a22f98c75a638eb304211f580a067c81d69427433cf,no_edit_found,
MB-675b8c86fcbc,sha256:675b8c86fcbc7fbc2076beba07e0f70b19a116b916422e52770cdafa8e704cc4,no_edit_found,
MB-675deb7f669b,sha256:675deb7f669b5bcd3117e63e76b63f5d47ef9d0bcff426ab1d4a9a4ba3de8d30,no_edit_found,
MB-675efc6474a1,sha256:675efc6474a1f1225e58408e7c56a8408933f58f2748f068c5dd9a910ac9af78,no_edit_found,
MB-6761a496bdc2,sha256:6761a496bdc20e0c846943ad926f3156cf1c64c18db384f27f26751378ddc7d4,no_edit_found,
MB-676d9b2df8ab,sha256:676d9b2df8ab5211d93e230875d0eda6df11dca409323021e83a26b38525b0ef,no_edit_found,
MB-677078f41ca7,sha256:677078f41ca7ef6fa30921bf53739844fe167113977871f74dc1a51498f6c669,no_edit_found,
MB-678295ec33bb,sha256:678295ec33bbc6bd9c2a6ca6791bb746f772778f756f61b404a6232fd20170d5,no_edit_found,
MB-678535799c12,sha256:678535799c12f50a027863b9f5d747e66562faab2811ecd16c40e0594ddb3e05,edited,invalid
MB-6785cfc1f2df,sha256:6785cfc1f2df95bd9e8d1f875ed2c86d884e9ce23744b11555b24b06d29611d3,no_edit_found,
MB-6787dd279b97,sha256:6787dd279b97397e68c9e4027000f19f8b093813cb5ed2024161694e9951562a,no_edit_found,
MB-6795daeed5a9,sha256:6795daeed5a9787f18b12b41d3f9ad73cec009e553abce4a5b54c24eda259e14,no_edit_found,
MB-67aadbd77289,sha256:67aadbd77289de414835952be32ec29464f043c6068e13bebe8674711c18b2ed,no_edit_found,
MB-67bdb646db85,sha256:67bdb646db85d50a4fff2ee060aa75fa689861bba39d5ee944208d1223ff0da7,no_edit_found,
MB-67c9b1ec3fb3,sha256:67c9b1ec3fb3c7eee920d90cbde6a4a22eee0567cd2d766220ce7331a652881b,no_edit_found,
MB-67d3b4d83ad8,sha256:67d3b4d83ad8e08403752dd483f220d5379ec4cb0401707bee3a889fbcf6bd3b,edited,change
MB-67e63708c9ce,sha256:67e63708c9ced28a641eba6ee0db674e16f33c114fd25849190781fc7ce3f33c,no_edit_found,
MB-67e83cfa81b9,sha256:67e83cfa81b921dc587d6e8aad53e89a8549c2a7197e4836619e6830b6006467,no_edit_found,
MB-67e86c0f5727,sha256:67e86c0f57279bf947d2bffc0f0e05739c4c6a066ff65b04e45d9f446a0bf9b5,no_edit_found,
MB-67ef70399d19,sha256:67ef70399d1921d7264742d62fd64a9cda574a1468115af404c745b5bdea64d4,no_edit_found,
MB-67fe0ac95ccc,sha256:67fe0ac95cccaa84182b6b7a9ab60c226e6de99dbc705ae4251c6edf5f3f3bac,no_edit_found,
MB-6804a2544848,sha256:6804a2544848b6e8d9d838d6e7e56a578916b282eed1a2280ebd1153909dbf8c,no_edit_found,
MB-6812c28b4d40,sha256:6812c28b4d40313dc73f9b8b3ce5819a06c59fc0260f936ab09b0d4f1368e0fa,no_edit_found,
MB-681c91ca42ed,sha256:681c91ca42ed19b8d89b4f34cbd9446a223a0a342dea2024367cd52ed6786fba,no_edit_found,
MB-681dae02fa21,sha256:681dae02fa21d6ef1cc8ce15cf15e48f36f859df4693965619135780731fcd0b,edited,invalid
MB-682990e01ea7,sha256:682990e01ea7785b583cac17e4828f5f661e33e840e287c6432cf1f01bf57b46,no_edit_found,
MB-682e192bf043,sha256:682e192bf0434df69840acb79470bb3d61781ab28c863f717c85c0f4e845b603,no_edit_found,
MB-683b28e10fa5,sha256:683b28e10fa56638326d82a4e26123f6dcbce3db17cf2746a281c700da5bc9b2,no_edit_found,
MB-6840f78aa4d6,sha256:6840f78aa4d6aacd3d2233e7ae7507d08e9d135a82c78e21c3d52822b2cdc243,no_edit_found,
MB-68425ec3559c,sha256:68425ec3559c38dc4a53b4f7563406c366deb6704ea5a42797f74e6aced4b947,no_edit_found,
MB-6843135afc69,sha256:6843135afc6924f87861204ba4ee1af5520400f9c47f193aa21841ae5fa508df,no_edit_found,
MB-68474c91ac79,sha256:68474c91ac79d09339cc7384025bab7c8c48f8a729b569ed5075641c5d5c6fa5,no_edit_found,
MB-685bd7cc864a,sha256:685bd7cc864a591e900180165304b35a82eacf7ad548c2bac04a63b2509353e7,no_edit_found,
MB-685d012bf03c,sha256:685d012bf03c3c572616c0309cb15aef1ea14cb8506c71a1cd5b864fa10d75f8,no_edit_found,
MB-686352f672e4,sha256:686352f672e4b9f9389ccb2bb6db8e2a3c53adc3112d78a0109b563d4309cfad,no_edit_found,
MB-686692b95ef9,sha256:686692b95ef90e12bd3f7a46153b579f6d561ed3927578333b8fa039fa375ca4,no_edit_found,
MB-6870a1f17e61,sha256:6870a1f17e61fd616ae08c2ac48c341b13e7ea932a71aedd87bb70155cb9a7e3,edited,unchanged
MB-6879a5002f29,sha256:6879a5002f295d0bd95f324af741c9a599db201d4447247ad98601cb6c8543a2,no_edit_found,
MB-687c0fe21e73,sha256:687c0fe21e7350312e7a61969581ce4a71f35dfd4d42d31cd99dec32915195da,no_edit_found,
MB-687c28df076b,sha256:687c28df076b603776ebd996644ed01a0a9151056c4e3021bb252ffd4185c50d,no_edit_found,
MB-688f6478917f,sha256:688f6478917f61f77338f938ff2188796e92aa0735dbba05e772d811228d670e,no_edit_found,
MB-6890d52caa52,sha256:6890d52caa52bb4c8afe6aeb2a8352b8c86fc0440108733e4049066b620339a0,no_edit_found,
MB-6895eaa29d07,sha256:6895eaa29d07074c320184f14229afa1d0277ed796458dc5ecd4f0d2788aa452,no_edit_found,
MB-68966dd78ece,sha256:68966dd78ece8fb50ea0f024672c7abea06631b6dee15f7524c8548fa207d7f6,edited,unchanged
MB-68ad5f53fa7e,sha256:68ad5f53fa7e183f2c2e917eeb6d9da0a18a776f5f88020ea41f2e405041f32a,no_edit_found,
MB-68b81b8dfed7,sha256:68b81b8dfed70e4856b1eca8ede28662ecc47636e18a1ed43079c067dc0a54d1,no_edit_found,
MB-68ba78a17523,sha256:68ba78a17523c70132761b2abdd7dff8d159d6c38fbfa7402c551a69978dd625,no_edit_found,
MB-68c659f2c546,sha256:68c659f2c546645d425760e1e6d4d4b36ef195087031e09ca9040103be270ea3,edited,unchanged
MB-68ca79e66b0b,sha256:68ca79e66b0b809c5321d00a612d4d4e850f3f2e3dd788717dbdaa5a004ea0e6,no_edit_found,
MB-68d7d63f871e,sha256:68d7d63f871e5618bd0253e1011ce112946f05f242318cca199ac4d2cadb6088,no_edit_found,
MB-68d9455e46ef,sha256:68d9455e46ef86e2ef865660f03a7d2677f45ae558842dcda261be5fd1d58f83,no_edit_found,
MB-68dd44ba5bd2,sha256:68dd44ba5bd2c86e82f92590df28779a89a7afb5186e02f5275262cce6cf8a36,no_edit_found,
MB-68df1817d4cc,sha256:68df1817d4ccea06aed3628bec77f1b6071c214ab468f7b02641d095d6e0dfa6,no_edit_found,
MB-68e66641cb04,sha256:68e66641cb04d6f0d2123fc1a035e5c9445e1e6d4de5d51b4b964e589f82dd7c,no_edit_found,
MB-68ef7bf37a4d,sha256:68ef7bf37a4dd7cd34afd12666de42ac8e7c3538a7d99023851f942532a604ac,no_edit_found,
MB-68efc93459af,sha256:68efc93459af1fa927ec5fd23842eb6942c815e1f1c13b8e8132bc31db90129b,no_edit_found,
MB-68f0877cd98f,sha256:68f0877cd98f9f06f4ba3c195575fc983a7d0160181ed37dd989f327d5c5f8b3,no_edit_found,
MB-68f1b548db26,sha256:68f1b548db2650a3996c9e49abc79aa6160187ade9e48fcbc7956246ae84011e,no_edit_found,
MB-68f6cfcd5059,sha256:68f6cfcd505984c44be7931ee9a3621a6f44581fdbca04248e4c301a143d868b,no_edit_found,
MB-68fbd9e5b3ea,sha256:68fbd9e5b3ea756efd2baac5bdd150d4a6d6ba1cefafa4d2b4cc6ed6e92e74cc,no_edit_found,
MB-690781924016,sha256:690781924016d02e43fa851ab18704ee17c21190c7293752d003e300896a34c5,no_edit_found,
MB-690dcfebc7b1,sha256:690dcfebc7b1ae97124ab49086ae6a494d45d895e42b625ea934289449079858,no_edit_found,
MB-69104e776cf4,sha256:69104e776cf4a08cafa6baed207d3a2379c02a83a4c2fe637f667c3fce6f6b88,no_edit_found,
MB-6912e00c6ef5,sha256:6912e00c6ef5dd2358b545d69a7cacd03067c32c1bc1c50c6caf8a95cf4b4638,no_edit_found,
MB-69170d082838,sha256:69170d08283883cc5b5112e1fb395eadbcbb49acbd635c158bf4058d60d1aed5,no_edit_found,
MB-691775e0d544,sha256:691775e0d544f098ccc8ecdbebcb4a706e774bcf69355220dd1068cc1ea7e369,no_edit_found,
MB-691815a50645,sha256:691815a50645719769336cef5f5cef6d32373a8c8b313a58081105e3eb46d7b3,no_edit_found,
MB-691f59e8a8ac,sha256:691f59e8a8ac868c459ea2d2cc7e9b541268ae80b2522c8be56161e8e8b22186,no_edit_found,
MB-692068fff3be,sha256:692068fff3be8862ce7231b1639df558a58c52c31c40f17d0080e9e5315fe5c0,edited,invalid
MB-69222ba7ef29,sha256:69222ba7ef29504e12a433a7405916390912f2cc0fc6d117482f641a229a5174,no_edit_found,
MB-692ab6f87ecb,sha256:692ab6f87ecb5ff9eeca0c961750149b77b69ccd70ee88815e66c90083a2e845,no_edit_found,
MB-69472932a2e0,sha256:69472932a2e008337ea944c38866a51b259e498d84cc341d0929e0043cd13ee9,no_edit_found,
MB-694768c396e7,sha256:694768c396e7df232ceb969d68a1c631e7b8b9bf1d800d45b02d1b42529636dd,edited,unchanged
MB-69480328df7a,sha256:69480328df7a26208acc68f54222e903d6dbf29d1ac1cd432fbe03cf88935495,no_edit_found,
MB-69577f0f6992,sha256:69577f0f6992fcdc89ebb5dc02bfbdff4ea380896100b7d23f25dc034403cf61,no_edit_found,
MB-69658b552df9,sha256:69658b552df955257d3a06047f52867b8f4b5c7efa37a14e35d244d763b1c816,no_edit_found,
MB-696a08c1d4ee,sha256:696a08c1d4ee76871c15b2ff71d696c96585b13da29518ea8c98a4f74f179f1e,no_edit_found,
MB-696d9cfca261,sha256:696d9cfca261b441fab8f1c54ba992347331e746bd0b7d880302a1a51c322964,no_edit_found,
MB-69755466695f,sha256:69755466695fbe8512c5bea5350daee0f862336473428d125d67cd74c96d2569,no_edit_found,
MB-69792808af66,sha256:69792808af6657dc573757777a6df2491e3e61b7885ef2745211419891b6ba1a,no_edit_found,
MB-697c527053c9,sha256:697c527053c98ab64607ab70dbcffe106fa952f63f0225b62594e27929f93d29,no_edit_found,
MB-698405269873,sha256:698405269873f5f7d54126f2c2bfeb9040a21a5d7105904c8e21a6610c2b33ca,no_edit_found,
MB-699d2363440b,sha256:699d2363440b2b4aa6d16591e9614274a7a96466be024137e26ad132b21f4a56,no_edit_found,
MB-69ab3a42ee80,sha256:69ab3a42ee804190cb6361c02fd5fb79eb96a8d5b7f524d2f260e9623fd86b52,no_edit_found,
MB-69b09725ab19,sha256:69b09725ab19531e795674a8e7d38076b9524792c84ddc67ad703e50f69bfda3,no_edit_found,
MB-69b6f1905390,sha256:69b6f1905390d4f63fa5cd071e44f12c3562295f57ddb4e2c9320406ed583694,no_edit_found,
MB-69b7435731d5,sha256:69b7435731d51ff6cc3fa81237af3d0c3d2567d90fa8a48127d6872489c18f56,no_edit_found,
MB-69b902c5b348,sha256:69b902c5b348a5ba0bc5500ad92777a717cc0405912d67e23ee1db4dff00b291,no_edit_found,
MB-69bd7bccc94d,sha256:69bd7bccc94d759a76df3c782f718caae3d7827ac3be6614aee409f8c950e182,no_edit_found,
MB-69bd904b6655,sha256:69bd904b6655ef9aecc38c998b10dd50e9de179911a32a0b88672c02028c25c4,no_edit_found,
MB-69d1ce06254b,sha256:69d1ce06254b2faeec8b00f6aafd0be3218a59d2634f5276e86dd12934adbd3d,edited,invalid
MB-69df2a0cd214,sha256:69df2a0cd21423e35d043e5c5dcf886e0bd5ba4db883face9cc19769a37715b9,no_edit_found,
MB-69e23d5efd7e,sha256:69e23d5efd7e55625a40718ae1b2533810ae8f8b08de653fd767b62bde6ee644,no_edit_found,
MB-69e3f789c167,sha256:69e3f789c167e9826fcde8f378b5856bd6973b838e0bd48c7acf3a49792c1019,edited,invalid
MB-69e8dbd989fe,sha256:69e8dbd989fe242b544d5369c5808347aab4547435e131014cacabfb8b894630,no_edit_found,
MB-69eebdd55f0d,sha256:69eebdd55f0d94fe001a2302a642e274a43e1d9f75c9dec7817aa32d25e592c6,no_edit_found,
MB-69fa0a78c949,sha256:69fa0a78c94995fe5cb842da3572295ae8df536c74147decae83dafb4e310de3,no_edit_found,
MB-69fd73d97d91,sha256:69fd73d97d91a758ca4a50ab79ab5508e9bb0b20a8a67782620c0763846f4245,no_edit_found,
MB-6a028f780201,sha256:6a028f780201c3dbb93dd2f784369f2ea8245c3eaa9029a56da99422c874da55,no_edit_found,
MB-6a0574a72f8f,sha256:6a0574a72f8fc1bce4fc13a54f0dfc6ee0106e4b54910ff59bc1c439a86e8d56,no_edit_found,
MB-6a10ede48411,sha256:6a10ede484116b5633c375a7d34c59d6eed4a71ab1335f3457353551510606cf,no_edit_found,
MB-6a2b3fc67c6a,sha256:6a2b3fc67c6a8ecd8f34cfb0884dd5b465b435ba9566b164fdeecb0705e46af0,no_edit_found,
MB-6a3f6c54127e,sha256:6a3f6c54127e18df051debd8387ad8b146d0b58837b8b365680eb5cfeaf678ba,no_edit_found,
MB-6a40f47094c4,sha256:6a40f47094c4eb99303337d90de41ead8aad22aff1a991b236f003e76825eeb7,no_edit_found,
MB-6a51560fa4a9,sha256:6a51560fa4a9ff72a431a774692d790fe0ee72cb5ef988acfcf46b9eeabd04cf,no_edit_found,
MB-6a5830a1342e,sha256:6a5830a1342e9e671f401fcb57f3f31a61713ef5af06f582fbd864e1b582c0f0,no_edit_found,
MB-6a58bacf204e,sha256:6a58bacf204e8d8bf1dc0c8be8c22a29762f48b56787620e256c24824f1b1c14,no_edit_found,
MB-6a679b138749,sha256:6a679b13874992b9bf3b64daac3e4e732f138e453b068ab9c39078e5e668ab17,no_edit_found,
MB-6a6b226c7686,sha256:6a6b226c768644ad87da3e53ade021c02f21798c25cde3ba749ba51a35f0cf2f,no_edit_found,
MB-6a72565b3e74,sha256:6a72565b3e74edde165e6ea11fe81d5dde7d3cc34e41381449b058d5d2a84398,edited,change
MB-6a848e33ef8b,sha256:6a848e33ef8b84f3c79df8b8ef46b5c0f485a4896d37fdcbdfb7a403343cf0f3,no_edit_found,
MB-6a84e4c6debe,sha256:6a84e4c6debe71ed39d82d9aa28e9f22b938af5ba7ab8799dff29c3e1feb9447,no_edit_found,
MB-6a8932463c12,sha256:6a8932463c12f55449fa1ef06ae4b167ae5c79aaa92b7272d6b6456f4d931b41,no_edit_found,
MB-6a8c3dee865d,sha256:6a8c3dee865dcf050e5cf5e68477ac4bca2efbd8081de92f5a4cb747743d90be,no_edit_found,
MB-6a926eb10f11,sha256:6a926eb10f11b9e7d69c34e7f7cce8ee3cc90c3e41f55f26e1f446bbf2cc561e,no_edit_found,
MB-6a9a2336770f,sha256:6a9a2336770f3f67c9c3487c56ab49e4e44ec98272a270bfddedc81c45711bf6,no_edit_found,
MB-6aa207969af9,sha256:6aa207969af9e1815eebbf032498d836f3a418f0a09fe66d3f811f6d227db402,no_edit_found,
MB-6aa271a330ad,sha256:6aa271a330ad4958bfde6d014d05ed4e40a05d1c08e19e4a7d6e6a882ffd3ab4,no_edit_found,
MB-6aa32c17c8cc,sha256:6aa32c17c8ccb5630f8436a3308ce541a5458c19808a950b1a7130778be49da5,no_edit_found,
MB-6aab089468af,sha256:6aab089468af36ef3df621900275645aaf2f02df640faf271e4a79227ca27a42,no_edit_found,
MB-6ab0266e35aa,sha256:6ab0266e35aa9f5c29dd3919a007b807357213fa7c45e312633793c7ca6524f1,no_edit_found,
MB-6aba64560990,sha256:6aba64560990c3d5277856de6d2f8717a40986a132c0da8591d80f87979b620d,no_edit_found,
MB-6abaabd8f3a3,sha256:6abaabd8f3a3a0f06c97cbfbfe5329f0cb5df73fe73b030dd968e436cf3c9015,no_edit_found,
MB-6abc69aa2bd0,sha256:6abc69aa2bd0b3a3012e39a729425beb7730600e4b00baa7b4d9c4cf99207145,no_edit_found,
MB-6abd4f8acb08,sha256:6abd4f8acb08d5f140dd6a26dd8a704ead833a607c3b768f59ebda7ee4188d29,no_edit_found,
MB-6ac2a050c130,sha256:6ac2a050c130a81e6d5ccc559fb044ceca793ccc9eb14e11ea1eae0800947744,no_edit_found,
MB-6ac6e9543993,sha256:6ac6e9543993e7656f5a4a78cb34b48af7ba856f0be0ddfaf85adb38e16a1074,no_edit_found,
MB-6ad655065435,sha256:6ad65506543526397d41f668dce25220e6191ad56567df9a8fd57d36885853e3,no_edit_found,
MB-6ad908bc2c06,sha256:6ad908bc2c062150d072b5b0fe399ef37b2f1bf9d6e91b7861992cb018f3e097,no_edit_found,
MB-6ad9e83c686f,sha256:6ad9e83c686f11dc195e3601d0448616a09f1e5ea18a007be52c5d7e217b6e60,no_edit_found,
MB-6aea0d761cfa,sha256:6aea0d761cfae8607b83122c03e616acb09330da9321dde398f8455a571f3ccf,no_edit_found,
MB-6aec801f6f14,sha256:6aec801f6f149a24a30e14de50793f6f406d6ca0065bd6d800a4b0ae7af74a60,no_edit_found,
MB-6af5b2ed53f9,sha256:6af5b2ed53f9a0e9895743594ef1f6f0f6b309690601e6ab7f79f77edb6a183c,no_edit_found,
MB-6af875652079,sha256:6af875652079d2e25bd695e0e4b845d32ddcde08128686c95a684d346fdbe762,no_edit_found,
MB-6af8d04be400,sha256:6af8d04be400351bf3ccce14533e9475b02db37329ac711d038e6626026d3c18,no_edit_found,
MB-6b002c665cef,sha256:6b002c665cef13dd8c01b1ee7f089499bfb4e1f41af852914f9ee1e9d5e2c217,no_edit_found,
MB-6b0193659110,sha256:6b01936591101485f69bf6a4cf421028ecb5ce2fdda40abb41a7d22d8d7050b6,no_edit_found,
MB-6b0bd7b60f7b,sha256:6b0bd7b60f7b1a1f6955ad9b06aa298d562810d27e9c2f460ff0ad104b9acfdd,no_edit_found,
MB-6b0dd37fe363,sha256:6b0dd37fe363e5300f95f2c882ce8d841d220aa1b4aaa42fd993582eae8fbfc3,no_edit_found,
MB-6b1bdde098dd,sha256:6b1bdde098dd099c74f867f5d840f4fd369db8b92f2e776a6f30bb0779c15aaa,no_edit_found,
MB-6b1cf0d9b3be,sha256:6b1cf0d9b3be177f3b61f1a18813dcd03f7e3d43047ca4d08750c5fc58f93c5e,no_edit_found,
MB-6b252737b0f8,sha256:6b252737b0f8270bc155fc8a4995a27c5bc8083c7eda9c58539b789239f2564c,no_edit_found,
MB-6b28bc5ef873,sha256:6b28bc5ef873aa7457efb00a591c87f5a7e6b955d84c9da7ce699a06b7de2463,edited,unchanged
MB-6b302c3e1e67,sha256:6b302c3e1e67ca4f2e2f1ac05f46dcd5017de99dbb9281f81ab76d79568601d2,no_edit_found,
MB-6b30b1b29f8c,sha256:6b30b1b29f8c769aefb3915052c56b1918616b99499e01c7908565da9bd4f145,no_edit_found,
MB-6b40d3b4e134,sha256:6b40d3b4e134aa6c3e54de6474630d864de146fdc89ac45078102f55e4295b96,no_edit_found,
MB-6b40daf4afd3,sha256:6b40daf4afd3682986d1a2eb2edae11932e6c5aa810bfed19e412085daabea78,no_edit_found,
MB-6b429c4b8bda,sha256:6b429c4b8bda8cf7b1d54dbc276e5d9c1225c5d0d585b9585035516fa3a3ef0a,no_edit_found,
MB-6b458da7b0e9,sha256:6b458da7b0e9a347a17896455983e72e79851b81d25c507cc0ac142cc2e4efb3,no_edit_found,
MB-6b46119ee644,sha256:6b46119ee6442a608e8aa7c8bf42fdc79910a808ce4190c17dd1c4c9a305c876,no_edit_found,
MB-6b484fc215b7,sha256:6b484fc215b735ccddf0890479ca50f6cef77c8331ff358c97058fcac0c11fc7,no_edit_found,
MB-6b5049ca53ab,sha256:6b5049ca53abcea4b7a75613d5920438abcd1c0d5909e1744ddfad00e9a643db,no_edit_found,
MB-6b66c59bc6e2,sha256:6b66c59bc6e233d36511a83a63f69d9c8aeb761184035f027ddebf789df88b12,edited,unresolved
MB-6b6a217d7981,sha256:6b6a217d798181ada386472eb5cbabe50a0498d223b175d6774c57f839042238,no_edit_found,
MB-6b716a922c42,sha256:6b716a922c426e67afb8f7fb894fcaa796dea71c63990cc0dfe1c2bbac688d5b,no_edit_found,
MB-6b721d12ff53,sha256:6b721d12ff536b57e06fe6605be84a01ed5fd74dbce20b771e3ac58d6afcb061,no_edit_found,
MB-6b744a97ce11,sha256:6b744a97ce11bc1da84656d6a3228676656e6be88930e386bdec341d832a8c24,no_edit_found,
MB-6b79a510e4c2,sha256:6b79a510e4c24cc93bd8bbdbe58b7e62c0a2a4db6898ecc7504577049897f2df,no_edit_found,
MB-6b80089a1120,sha256:6b80089a112008f050ce47fe701079993dbae746309f79e6322ad0642572567c,no_edit_found,
MB-6b86c2822738,sha256:6b86c282273859ff60c3f06944323012b403a8d771d86770f937e52b7a70c703,no_edit_found,
MB-6b8ed47cb912,sha256:6b8ed47cb912d5f46c0911b013dbff2b13f4cc389a4b7a93c79b57b23c93dd96,no_edit_found,
MB-6b8f9506f42d,sha256:6b8f9506f42d9bf6cf2d65275fa3db79a8ee4256927c76d1b7c5661f35f64e05,no_edit_found,
MB-6b91a4b98cf2,sha256:6b91a4b98cf2d760d3ad7bf339005572aefb89c07f65e4754b05195e3b1f9bcc,no_edit_found,
MB-6b9508d375f6,sha256:6b9508d375f61c12c79dd3e6713b1e26872206e12ac6a3bebc5f9a93b21cd411,no_edit_found,
MB-6b9ae76de81f,sha256:6b9ae76de81ffaaccde87bb0556296ac4e06a458ad2a2802498bcd90302578d3,no_edit_found,
MB-6ba117936258,sha256:6ba1179362586db8f90eb606d4e6b93d5b758cd74988bbea39955713bf8bdee4,no_edit_found,
MB-6ba4e9f9b2d8,sha256:6ba4e9f9b2d829c2691ea9a36037dc0c469e879016e75e4f84e4570a40f719e0,no_edit_found,
MB-6ba5748fbdac,sha256:6ba5748fbdacafb3c9be386fbeb1776c9e2a4614dc8312e57b851ecb5f55c1ac,no_edit_found,
MB-6ba92d28e2e7,sha256:6ba92d28e2e71fffdf2013f5f4f6d2e2aca4bbbbca0c639481bca4fcf0b9c37e,no_edit_found,
MB-6baf5e721fb7,sha256:6baf5e721fb7963a822c1b0315387cc32334421953b73237ae94d40634fa7ae6,no_edit_found,
MB-6bbc139574d5,sha256:6bbc139574d57e0d17440adbbb78cb4057be16f16dabbe37cdcea938bbe452ea,no_edit_found,
MB-6bbd6a501c7e,sha256:6bbd6a501c7ea1ec034a1684dd3fb1393cd1ea72e7e1469da5af65a330e3c48d,no_edit_found,
MB-6bc0737899ed,sha256:6bc0737899ed0c639f62e8390c244dbbfef332fa3bcb8a8cf5b8e44c68f38a7f,no_edit_found,
MB-6bc843ac2ed6,sha256:6bc843ac2ed65523d5cc663916661bbbfe75a29d1e439a0bd308df5a827fbeb6,no_edit_found,
MB-6bcbc22e6552,sha256:6bcbc22e65520aa715f7c6c79eea78fbec7363fb189c56bed02a966b634b0b23,no_edit_found,
MB-6bdc2c8a1f03,sha256:6bdc2c8a1f03733906fa0d278729e3b2269ae17a1ddac401634527bbbd905617,no_edit_found,
MB-6bde324c40fc,sha256:6bde324c40fcffeb1e74cfbe30350205216926b6c43cf70a137c280ad605d431,no_edit_found,
MB-6be011797ba8,sha256:6be011797ba855ed2410adc6b6e1cca9510713c68766a235546568ba29ef7cfb,no_edit_found,
MB-6be121e5b87a,sha256:6be121e5b87ad664caa50673005ab7bb936da56111ecbfb05105cb059ce44e8b,no_edit_found,
MB-6be4b67f561c,sha256:6be4b67f561ca6c60cf4e860acfa4f20d08a06ff438ded8bc579f488d1e4a208,no_edit_found,
MB-6be5b845f4ed,sha256:6be5b845f4ed798b6f96e36e5ea4c8484d79328721576004b0d3470feaddb492,no_edit_found,
MB-6bef1a54cb14,sha256:6bef1a54cb14dda3cc2e038d3d18ab8a4980ff6491e3a76cefda50418b699ea0,no_edit_found,
MB-6bf07c5cf260,sha256:6bf07c5cf2607cf47311492cdb1e1fcd13529aae3854df9fa56910e33535f009,edited,change
MB-6bf29cf3d69f,sha256:6bf29cf3d69f354b71e3927e732f0d8dfc56ac3fb5bcbcbfde1ec2f63af81242,no_edit_found,
MB-6bf88a72045f,sha256:6bf88a72045fade92628ff9471de483a9e23a3a400c79c7a48d4ec1d63e14ff7,no_edit_found,
MB-6bfa99c4b4e7,sha256:6bfa99c4b4e7b8c357453bd71247a09755decf691fb71d90267c404e61533c97,no_edit_found,
MB-6bfd05ff1f24,sha256:6bfd05ff1f2476e7226934fa423c6f9fb6cef5866f611bb2ac49c0f67fd01ddf,no_edit_found,
MB-6c120ebc9757,sha256:6c120ebc9757ec521864aaabb40a5dfbf67583ffc39c758885bb614652054c0b,no_edit_found,
MB-6c28aa06e155,sha256:6c28aa06e1557627e9123383bc8fc22c0b9d57ad5b9c2c58ee3c2fd0a3e8d0ee,no_edit_found,
MB-6c386644f2eb,sha256:6c386644f2ebdb71ec444e03e0ee53893381c48d139f285553e8cb207311c2c6,no_edit_found,
MB-6c3a5494e622,sha256:6c3a5494e62238b1b17731da89963f7c6a8f9118bcc4d7477bcfd048ae15b945,no_edit_found,
MB-6c4cfb7e934f,sha256:6c4cfb7e934fbfde49f82153a28b2b46f1a528e4216fbd6381fa079d27acecd6,edited,invalid
MB-6c4f87286973,sha256:6c4f8728697341c9058dec3d7f42a09afd15b2142a138d58d587efaa8a72ae61,no_edit_found,
MB-6c5854aaaf76,sha256:6c5854aaaf761e805a0c706e42d51ee90190874820cf1af6fd44d33d68b8f6ec,no_edit_found,
MB-6c755242436a,sha256:6c755242436a04a14bfb16ac132bae32cc81c3273a103239ddeb5913999f1c49,no_edit_found,
MB-6c8163405dca,sha256:6c8163405dcad4c8be7cd080b71d2a18f376a99dac5e0c4a9e4b6e68fea79d18,no_edit_found,
MB-6c9ae031571d,sha256:6c9ae031571d352f3d9999d9910b3f49f5415cd29896521cd9d4150e06417272,no_edit_found,
MB-6ca0061aaa8b,sha256:6ca0061aaa8b6493e67282f26c109e95797befe74c972709a115fcf9979fd7bf,no_edit_found,
MB-6ca5be0e4098,sha256:6ca5be0e4098b746490ad45d6bdbb85e58ab516f9b94f3a20401ac090b372285,no_edit_found,
MB-6cb09cb48db6,sha256:6cb09cb48db639043f653b5657ef25d96b00cfafcd8934b57fcb9914eabd46d2,no_edit_found,
MB-6cb22f0efda8,sha256:6cb22f0efda86e016ca504b962f42785277c3333f2b8c619f9a190e943b03a1e,no_edit_found,
MB-6cb722fbf1a4,sha256:6cb722fbf1a4f4eac7d657e4d1c2719a1794d32a3b10a8483ac22f4486ef3bc5,no_edit_found,
MB-6cb9a104feaa,sha256:6cb9a104feaa040f3a95aa7bd047037a59d1cfdb2927a12f8c4d41d6425dde5f,no_edit_found,
MB-6cc4418b4002,sha256:6cc4418b4002dff31dd91f10997fa8c5c108c1b0b8390a92003ac0b5b5d2f276,no_edit_found,
MB-6cc621b1b56b,sha256:6cc621b1b56b8bc8a8842700d96ab974fd262a846c9fdd34f9f811d368d1e7f0,no_edit_found,
MB-6cc895aff4fc,sha256:6cc895aff4fc9dcef7cff0f4b232eee12e61f4f67f38e3bd3625fe6d0f2aba9c,no_edit_found,
MB-6cced0dda5c1,sha256:6cced0dda5c1e141fe5a5d50e43551b6da1edb96bd673b416810e4aca871307a,no_edit_found,
MB-6ccf0b5502bd,sha256:6ccf0b5502bd3a26d6285fd301bf093d42270853b22b1f73d72d24f10b0aa559,no_edit_found,
MB-6cdabaa69063,sha256:6cdabaa69063f69badfb7d2ff7356a437812f0256927e52b3347e6e14adc6327,no_edit_found,
MB-6cebda8bbaa1,sha256:6cebda8bbaa1269fe1458be1d24029f1f6850af76f51650ed04e196840aae055,no_edit_found,
MB-6cef12351355,sha256:6cef1235135564dfe9fdb64789460d035028502b6412ac5da2690442dbee7eeb,no_edit_found,
MB-6cf11b9748f5,sha256:6cf11b9748f530fa723d78243089d10e4f0927a77f1949b7b1892c76a33788db,no_edit_found,
MB-6cf832ed8014,sha256:6cf832ed8014282e7d8a800d1b39401ba32b1577871fcccd1b2232a84f0ffac1,no_edit_found,
MB-6cfb7e0ca270,sha256:6cfb7e0ca27021f748086f56ec424d1f2c377de41d2fbb3118ff43d9969a763d,no_edit_found,
MB-6d019b791c74,sha256:6d019b791c74b3dc1ef19263d45bc34ce190babf20fef2647b0c573b8509f2ea,no_edit_found,
MB-6d01d07f53c1,sha256:6d01d07f53c1abfc0141c89deb1f2f48589fbae977ffef65f9d6029c01f21527,edited,unchanged
MB-6d0394c1fa82,sha256:6d0394c1fa82ed49ebae82e5243d532bbe5310c16a261f9082c25b90c212de1f,no_edit_found,
MB-6d08f8997291,sha256:6d08f8997291435bd3092a32a43966ad497267847f80345eeeb36dde60bf3593,no_edit_found,
MB-6d09f0ec5e8f,sha256:6d09f0ec5e8febf70bfc382b2db045e0e4ceb45f448bd753038e5c46cd4ffa9d,no_edit_found,
MB-6d3a91aed98c,sha256:6d3a91aed98c9a793e5d094ac2e0c2e55166b45f759cb8e00e491033920dd468,no_edit_found,
MB-6d3fbc111263,sha256:6d3fbc11126307d33c18fdb4451f101720027d43f65e203a96e060e5e2db8f3d,no_edit_found,
MB-6d42a403b47a,sha256:6d42a403b47a41b98375c66cdf9d8acbcb0bf58d9dd870ad9a4dc2a9cb2fbbba,no_edit_found,
MB-6d457cdc973c,sha256:6d457cdc973c4deef6ffb6f3973b10363e9b879005d314160753584ad2eb8a50,no_edit_found,
MB-6d47b31b176c,sha256:6d47b31b176cfa20f8623f30cd2326508081748e2b2c9282000c41455e176751,no_edit_found,
MB-6d573ffb7e19,sha256:6d573ffb7e1992ba0193b45b3960c06a24cb89cca111e543fd7aa2ab742eeb69,no_edit_found,
MB-6d6baa0a47d0,sha256:6d6baa0a47d0848e711b2322254fcb9b1b26aec67f2e3c9622c64bca2d12baa0,no_edit_found,
MB-6d6f9fb349f1,sha256:6d6f9fb349f10035ac7d37c0228b837fa128220ef74582b10f2ecfd6ee18d326,edited,invalid
MB-6d72195c45c9,sha256:6d72195c45c9809aad584337d6ea1dad446643b5f5ff54d346493cde8191a430,no_edit_found,
MB-6d7869838a11,sha256:6d7869838a114d18b872c1f26a91d9db769ef538351997c4c3115db4fc607000,no_edit_found,
MB-6d8645734c1f,sha256:6d8645734c1f216d74063078550f63983c4ae00a8138f261abe09a17327743c7,no_edit_found,
MB-6d980b7e1173,sha256:6d980b7e1173d7844ebd2b322488f356920dc29482428be619072922d3949921,no_edit_found,
MB-6d9ad99de130,sha256:6d9ad99de130beb58c19b057e9e2f32b33a137c8ea41370039ad51650ab02a88,no_edit_found,
MB-6da877dffa8f,sha256:6da877dffa8f501306e36100e8a76e943e6591b28f95502dae9c812234d10077,no_edit_found,
MB-6daedb1bf663,sha256:6daedb1bf66339ea1346cfec3e80ae100464a6a24772754051da8aa663bfc357,no_edit_found,
MB-6db217e66614,sha256:6db217e666140e676c3ac90b0c48a67985894d30deb17f6f25b50d6a3bdb0780,no_edit_found,
MB-6dc2e19b35dd,sha256:6dc2e19b35dd6df892584d326b7eaefa0cdcfbba12273936149f531af276fc19,no_edit_found,
MB-6dc647295c4e,sha256:6dc647295c4e22198fc5b48221ebf5f48c14d4e057c773a15606e063cd2d8272,no_edit_found,
MB-6de3aaf4ba18,sha256:6de3aaf4ba18d6e4eeff014b1ad716783201c8493d378e0ea3e5726322822310,no_edit_found,
MB-6def225d23cd,sha256:6def225d23cd16a6a233cdb886c222586ab6ccfe3a316535f27e553610fa86a2,no_edit_found,
MB-6e0c594c179b,sha256:6e0c594c179bb6e262fb3dc68a6673cc289bf1d66963feb5053d562631093a5b,no_edit_found,
MB-6e11529e4ab5,sha256:6e11529e4ab5bda93dedbd819c40e81f728386bc39bc94f293ef19ed421b5689,no_edit_found,
MB-6e144b74e1d5,sha256:6e144b74e1d5ff5fa84ebfec8ccaec8c1fae0d0777e60dc4d4bf50033307db5f,no_edit_found,
MB-6e1de5f49e69,sha256:6e1de5f49e6944c26069011e74d03d17318da65e39f2c155ffd26b3621fe2ddb,no_edit_found,
MB-6e22f2ca78ff,sha256:6e22f2ca78ffb86119af4fb6d42f1548b751c2b6a7fd632a5ad8ad5b3a6d7cbb,no_edit_found,
MB-6e292eff3d92,sha256:6e292eff3d926c5355cb415f4b8a5c443a75f03d48233478ba227711b965c17d,no_edit_found,
MB-6e2f6a4c29e7,sha256:6e2f6a4c29e794dc285ff73c7ab9f9be2ea5ac7c4ad54faa970685ccdaf857c1,no_edit_found,
MB-6e3105128b57,sha256:6e3105128b579e6f7d3ce96ccac32ab06d1ed60431e6433d405106743a3911c1,no_edit_found,
MB-6e3b5cc1e1fa,sha256:6e3b5cc1e1fab392b840b0b0de37e4f82965b85e9d27b68b2882eb39a199169f,no_edit_found,
MB-6e4cebed74b7,sha256:6e4cebed74b7fa0398cf931d72fd44f3e5fde2ddb67740978ebd2d3ad62fce20,no_edit_found,
MB-6e7fe8a6b2fc,sha256:6e7fe8a6b2fc613850fc7f3c56ca3b24d340aa4470d2e03be96938b2b9b3b7e1,no_edit_found,
MB-6e89389bad39,sha256:6e89389bad390899c6581ae854a0760da2bc3317996967be0cd2804755974812,no_edit_found,
MB-6e8d2b0cd2d7,sha256:6e8d2b0cd2d784c736edb1d108bfa7a8c8ee97638739c478605732ee1e3c3d75,edited,unchanged
MB-6e8d9f1e9239,sha256:6e8d9f1e923934dfe06494befbb85eb7fd7006a1df87c9f2630d268c2986a25b,no_edit_found,
MB-6e9732916057,sha256:6e9732916057b69b0c10060629a36b6174a287fc4c10b58c7ee3edc7f9b76057,no_edit_found,
MB-6e9b2e91a45b,sha256:6e9b2e91a45b52de9caa12b4f4e9e2aa86dd7ccb8b1558b06ccbe8e5fcc89bdb,no_edit_found,
MB-6ea9dd56c529,sha256:6ea9dd56c529497ca5ad208d80765350e46e7b67f558b94a5fa9f0caf304ddee,no_edit_found,
MB-6eb4f0ec32f2,sha256:6eb4f0ec32f290d26641650d11b86a3a143326b0c0d790ac3dcc886970bff5d2,edited,unchanged
MB-6eb56198b877,sha256:6eb56198b87782021d9b8589d0abb6ca68c9b7447ed46db56b5fe203398969d8,no_edit_found,
MB-6ebf395408a3,sha256:6ebf395408a3334240c175b986e5abbf5203a4a5a9847ea370175b48db4a3925,no_edit_found,
MB-6ebfea1e52cb,sha256:6ebfea1e52cb67eef0751b89935c409f2656fd410965108aa3177c6fcbe25a02,no_edit_found,
MB-6ecfc56633b2,sha256:6ecfc56633b271a3bb8efa95ecf600eb5336bdbc1eb3b505cbad4f3205755c0e,no_edit_found,
MB-6edc04950a3a,sha256:6edc04950a3add1ea43bc0a6ee5c14c7edde53215102efd863e2b57ba0df1c55,no_edit_found,
MB-6ee3a082f5e7,sha256:6ee3a082f5e7beda904c9a16f662d2ef967569cc1924516ac95108e57fbb131e,no_edit_found,
MB-6ee683b08f46,sha256:6ee683b08f463d0d76b2c1cb08d7ee71c03bbc535cf82dbf534c0941eb217339,no_edit_found,
MB-6ee71b156051,sha256:6ee71b156051bb855f54617c668ea0f72937aec2c3344ce1ea01bc82f005e91c,no_edit_found,
MB-6ee8ae1f426c,sha256:6ee8ae1f426cce3247bb3d6cbbf9628256e744ccc409b040479ebcb86e3a4b7e,no_edit_found,
MB-6ee8e9cc6179,sha256:6ee8e9cc617974da4807774555342272a7e3533dfdbe24535529ec7084900a5f,no_edit_found,
MB-6eec4fd89645,sha256:6eec4fd89645e4890dafceff614a27be6f32f87140c9d574e5ff3006edbd9e08,no_edit_found,
MB-6eed4bdfc788,sha256:6eed4bdfc788cf878a885e7af07614e32eca8889dd9dfc1d374f2c5fbcdb232f,no_edit_found,
MB-6f0709ca9831,sha256:6f0709ca9831f48fc6c27616fe4d8e0c7767ac47449ad7066c87cf9e4d65d9dc,no_edit_found,
MB-6f14a6995a97,sha256:6f14a6995a97f7db4697b82d66cbb9b3b95b6449f248b43339c1bf07976b1caa,no_edit_found,
MB-6f1868453145,sha256:6f1868453145111023dbcdc6c8a32c67d6102592a9f3d6a709478b6b8e32547d,no_edit_found,
MB-6f1aaa6958cd,sha256:6f1aaa6958cd52e01abf71e4ff54c968da602bfc2152aad2b7809e19a530c7e0,no_edit_found,
MB-6f23acea7ab5,sha256:6f23acea7ab50d5c4137d9cfd2f3341ef87f5d932a4870cf07e485f308d4f481,no_edit_found,
MB-6f247f0f86a4,sha256:6f247f0f86a40c5d41f7aec7213388b086e0b9e7cf848e76adda029ffd183bec,edited,unchanged
MB-6f2eab4fe0ad,sha256:6f2eab4fe0ad528cf964680d8801c355feaab269904aaba12f2c943bb3813900,edited,unchanged
MB-6f304733c109,sha256:6f304733c109f3a28b2d2419bb88145464bda27e45589bcdf1a9e8aa6196a36b,no_edit_found,
MB-6f31056eb6ef,sha256:6f31056eb6efe28392083a2949f241d459c22645798ffe2f394ee60ebea7cb7f,no_edit_found,
MB-6f32a0c3c346,sha256:6f32a0c3c346de80fa9f6a7742c04a8fee5e6a32bcdacb10b7bec39ea4ea9817,no_edit_found,
MB-6f3cc27d168e,sha256:6f3cc27d168e64519b0c640e6ad6fbe09f90bfd5fa57751f91ad968e0e4eca62,no_edit_found,
MB-6f40a817b755,sha256:6f40a817b75561d844da5f43d7e3f0a22ada6624157dc85ff7014ad8cf254171,no_edit_found,
MB-6f469966e3bd,sha256:6f469966e3bd769d0c647ca9be097dc55bc593912d00125e4220b2d36b88d5cb,edited,invalid
MB-6f4835f129f9,sha256:6f4835f129f96ef5c4b9c0e922211a9197a2ae4d32f65e8a88561e187188d5b8,no_edit_found,
MB-6f4a33a8fe85,sha256:6f4a33a8fe854fda52c8ac1111467fb3066e2620935cff720eb7ed45f2ab1ad3,no_edit_found,
MB-6f4f00dc8d3f,sha256:6f4f00dc8d3f2e0f2f74918b85fe3ff0c47c3955e75e2270f7d9b5d08193de81,no_edit_found,
MB-6f561e9d0306,sha256:6f561e9d03068369a9980e4f41c604f35b9d22ecb69bdac7f488bc8e885cb3fa,no_edit_found,
MB-6f5688c6fe1b,sha256:6f5688c6fe1b3cdbcd11b76ec1e0e2158b7ca59aa31f335127c50370df74a73a,edited,unchanged
MB-6f56a90bde5a,sha256:6f56a90bde5a12e650a88d2170dab4765b9057682f61a7aab6e28b8d08918de5,edited,unchanged
MB-6f5b4c5d35fb,sha256:6f5b4c5d35fbf45df9139cdaf5041853be5601037b041cd2a29c81f9fd71079b,no_edit_found,
MB-6f687592875a,sha256:6f687592875a143719e7461adb6f7ef8b1042d27efed094eb93d9a8be2c04a02,no_edit_found,
MB-6f6b6b6bda59,sha256:6f6b6b6bda59885acf093ad95d89d414f67e6b5b61518fde70c14503587a9fa6,no_edit_found,
MB-6f7648faf646,sha256:6f7648faf646008490bfe7128cf0b4f4f4ce1bb57c31232fbef07c2f58bad42b,no_edit_found,
MB-6f776bd85601,sha256:6f776bd85601e5de023c645d06df6ff3963d54bbd3fb7d341fa6f699e663b088,no_edit_found,
MB-6f7a94e20f67,sha256:6f7a94e20f672ec1a94a3ae8c4157d48acd3a700c09744eeac2d1f93cafe348e,no_edit_found,
MB-6f80ae08b031,sha256:6f80ae08b0312ec1886a746522de3e90b884fbc9fc309eb02d6cf8043229ad56,no_edit_found,
MB-6f8acac5d097,sha256:6f8acac5d097f61d56acf84f0a186c50beeb9fce756f2a1ec4fbe6ede1d76ecd,no_edit_found,
MB-6f913003e132,sha256:6f913003e132eb391ffd8d7fd1dc19936c0550d32f8d0a22e35051dfceb66e46,no_edit_found,
MB-6f95b22f1edc,sha256:6f95b22f1edc5e2482da7f9e3803d7bbfb9f0a78c858b8f194acd5c64743cb85,no_edit_found,
MB-6f98695728d0,sha256:6f98695728d07615645146d7db2f22f05d5217560d47c854ce6198755e94eeee,no_edit_found,
MB-6f9d982598a0,sha256:6f9d982598a0dd078b3e4591372be20552db715daa685f89c30548617fa0a1b4,no_edit_found,
MB-6fa0f428de35,sha256:6fa0f428de35febf0e6410a9d238589ca9ab0d3be494128d781e2937485a51cd,edited,unchanged
MB-6fa4241910e2,sha256:6fa4241910e21996a2f9064302450e4ab445320859743fbd43e8d4cbb45cbf82,no_edit_found,
MB-6fb055f3dc8c,sha256:6fb055f3dc8c8ec768b87a1da8c39888984e1747464256d060f588dea8c5b98e,no_edit_found,
MB-6fb8ea0af90f,sha256:6fb8ea0af90fdc3458ff2f025ec3c16142224986b8df9a12d0e602773b4e1f46,no_edit_found,
MB-6fbd25eb4f04,sha256:6fbd25eb4f044792f677254f826d457e904de45623f3aaa5ccfa2f88579b0a0f,no_edit_found,
MB-6fc156c0c8ff,sha256:6fc156c0c8fff0376401f693d3e439e6865235eadf6e355794afbf7c51eda683,no_edit_found,
MB-6fc4cbf2394e,sha256:6fc4cbf2394ebbcc52a702c91c8dad399ea6b3b06b84873eb48a64bb029371f6,no_edit_found,
MB-6fd762e0cd48,sha256:6fd762e0cd4868461611e17b8fa998f1953bff036ff987032387e599cf29f157,no_edit_found,
MB-6fe25befdb95,sha256:6fe25befdb9591425f03a792a504cf6c8c10fbfbc57d8607e668e14eeb9299c5,no_edit_found,
MB-6fe6899af4d5,sha256:6fe6899af4d572faf94102cb3bc6d05d76432ab1fd0c79baa178a183a11e8ff8,no_edit_found,
MB-6fe9d64e5970,sha256:6fe9d64e5970eaf0f01ab2ee5decf6371bc2c5d6429e003ccc458e0f67005f08,no_edit_found,
MB-6ff1179904fe,sha256:6ff1179904fe8531bd5d67ddc4c6e31226b1f1870e0a6db423406fb99971300a,no_edit_found,
MB-6ff8aabd3bc6,sha256:6ff8aabd3bc6fc866cf940c34d758fa2d25ade89da5c6ecdb9d30d738145e3a5,no_edit_found,
MB-6fff1389b3d3,sha256:6fff1389b3d33b833c12972547af25ccd14b7d1e857b0b4dbdfb6235125e1ea5,no_edit_found,
MB-7012e3bbd741,sha256:7012e3bbd741484665b01ebd33e9113585dc535f9c59a0f0ae77bf14889202d1,no_edit_found,
MB-7016401eea3f,sha256:7016401eea3fcdad5a39ca08051fcb8a666455d9d2e1783a51d9ff67fe2ef513,no_edit_found,
MB-702c1edff86b,sha256:702c1edff86bae69485e93251f27c717e0e90096ba37945c59eb4ce642cf9302,no_edit_found,
MB-702e475511b2,sha256:702e475511b20587d6fd62e002c58d61113b87bcb64f377cc164ff8c17d6f033,no_edit_found,
MB-703286f269cb,sha256:703286f269cbdc4875f6e6ff053b9a2b4137a1be225985be0427f7b95604fe08,no_edit_found,
MB-703b39693532,sha256:703b3969353296851bd2e0a8516561b730015f2279071f78c3469072e53a4fc5,no_edit_found,
MB-703e9669bd89,sha256:703e9669bd89dd562803407d2ba62141baf03f52f5b5859365df2e5c6653cdb2,no_edit_found,
MB-704094df6f14,sha256:704094df6f14c3cf91f5766a4950cb94ee963791a268cba6142d63da13386452,no_edit_found,
MB-70560997161c,sha256:70560997161c8d8da55fc287abea62769e6a76681df5b8e0ac66a9af806230df,no_edit_found,
MB-7060cad207e9,sha256:7060cad207e991ce943f8956427ab6705fde7c28b4ebb838dfab357ff34642a4,no_edit_found,
MB-706a03060eac,sha256:706a03060eac7b0d9a3796dbd593f2b3d57befa923aa9cbcd2bafb3d610cfb92,no_edit_found,
MB-706a0d7eae09,sha256:706a0d7eae0975179e9c0168ab9f2285866745361656982457a72e5b686f0d74,no_edit_found,
MB-706fdd5787f9,sha256:706fdd5787f911abe5c09ecd8735e7020d5096c493b71b0df2cbcc46fb11b0b3,no_edit_found,
MB-7073687abbf9,sha256:7073687abbf975c67294fddf2cca866a5fbd8665570f42152092f65be48e750b,no_edit_found,
MB-707b06a3c3db,sha256:707b06a3c3db8992c4fa975ae2bf646e8c39841934200b0743e1983bb2dfed3f,no_edit_found,
MB-707fb4883234,sha256:707fb488323469ee83dda439635941cd773c3a6b83c3501a9519a4f8838b26d5,no_edit_found,
MB-70823ba8b66d,sha256:70823ba8b66d063f309aaceb11eaff9b96981d55378d9088cf9fd2c631fe1b31,no_edit_found,
MB-7085d5f6fda0,sha256:7085d5f6fda02e4ab859f8d7b76942e4abb75ab709de3fe13a62738febed3d50,no_edit_found,
MB-70876abc3fa3,sha256:70876abc3fa3ab6a23cd64f86ee02fdc5af7b911b7d9f5458633033867510a4e,no_edit_found,
MB-7092287dbc9b,sha256:7092287dbc9b3bb81719759ac9be0dd9cb1f2fcd5523ebab9aaf94651ca7f868,no_edit_found,
MB-70962887c224,sha256:70962887c2247cf238abba0f78e332ae93eba458d0e57410c35525259f67002e,no_edit_found,
MB-709e726b3e0c,sha256:709e726b3e0c22ad4e3b2c5779ffde0d790b636e5a6d071d32b916425b562dc0,no_edit_found,
MB-70a18163efd1,sha256:70a18163efd12a88f5582acb3c0742ec0664e1602e20bdb0257299d7058edba8,no_edit_found,
MB-70a56266f31a,sha256:70a56266f31a4053419c1c9b413e03748d03bc58e78810dc024db24a0160c872,no_edit_found,
MB-70ab5ccb9d25,sha256:70ab5ccb9d25b34b9b9c5b54edad58f7eb1de4d70316c28aeeeea260b1c6b9a3,no_edit_found,
MB-70acf186db40,sha256:70acf186db400f39524e3a5fe5dbd260619b860aeb68b9637b709afed6ba6631,no_edit_found,
MB-70bf2fce357a,sha256:70bf2fce357aa0b030e6624fc1985f36e9755e8144f2a3db7ebcbae6129c3a19,no_edit_found,
MB-70cc4be559e3,sha256:70cc4be559e3adfe41e81e2c3717ef0eb1d5ec0e982fc24efa12ac1c3497a2c2,no_edit_found,
MB-70d2aa3e12ed,sha256:70d2aa3e12ed74b6b2736b522f5110a0f7eb699186f658200a76c9e87931d2f5,no_edit_found,
MB-70d466404009,sha256:70d46640400997877b7cbe027e5cd9c8ad7764df6fdc999f4e15f6508b1bac69,no_edit_found,
MB-70db411ae4fc,sha256:70db411ae4fc3ce0590580cb21f377abcde1ee2b773d6f4de06c82b253de375a,no_edit_found,
MB-70e0aba37738,sha256:70e0aba37738fb8f4766c1336c89a7751deb557d5c4f1c179fd5ee01b55f3889,no_edit_found,
MB-70efb1155713,sha256:70efb11557134ae36b6c491f4bdcd766932f7218320ba4be3ea741858ad5c903,no_edit_found,
MB-710b5698bb0c,sha256:710b5698bb0cb1428b31a52e4f1db146877863176fda9d9597182424e62c05ad,no_edit_found,
MB-7114512f422a,sha256:7114512f422a09a678fe94ec423c237eb4c477f5e23c5560d3975f001774658d,no_edit_found,
MB-711695c45600,sha256:711695c456006f5bbaadc04b3b2bead843206eda14de4a08e98982e3d05ebec4,edited,invalid
MB-711a88084252,sha256:711a880842521ab6cd07538b6cd47e3f988607dbb3eb8e3bb08361fd6113414a,no_edit_found,
MB-7128e3758110,sha256:7128e3758110d20b4018d8d446fb134c7bbaeae7130e476d1b1bd4a665c6bf4e,no_edit_found,
MB-713629be4f2a,sha256:713629be4f2aff385aa1d17d73429d99241013b3071335496a7e4339b7184d86,no_edit_found,
MB-7138297e82b7,sha256:7138297e82b71be17cc25dad155b510b63a76bc5b3d01ce62fc84c67140671af,no_edit_found,
MB-713a7a760587,sha256:713a7a7605879a0e67db96e142a99d89cde052ce83931ccb73fe73e2f6910130,no_edit_found,
MB-713ce2e212cd,sha256:713ce2e212cdd64e2ab9acd65fcebdb0567b4dd590f2d8859cf880443d91b8fd,no_edit_found,
MB-714761df4ea8,sha256:714761df4ea8703f54a901254227d79ec770881ec7da26b5244371c63fa4230e,no_edit_found,
MB-71561d209697,sha256:71561d209697da53b255a8938bb0e13a81ea78f6083c8ebdfaf778025cc115be,no_edit_found,
MB-715ffcd3959b,sha256:715ffcd3959b006001e25bfbde57e4559092a5a024b9a29b3d3dbfcde1308e6f,edited,unchanged
MB-7168f62938a9,sha256:7168f62938a91480d6c91fe878e5afa7053ef417825b6181e8e3081113abc7e4,no_edit_found,
MB-7171ffee36e4,sha256:7171ffee36e4be03171d7fd1e8b23906bf038763506b58f3fa34a402c3669ae1,edited,unchanged
MB-7177dcc6adee,sha256:7177dcc6adee2aed8ca78c50f7b82ff75999366ab362ec99f023d42f08408ddd,no_edit_found,
MB-717a2371a28b,sha256:717a2371a28b6e2721dec6faccb0e5453a9ce92c2372a91c9508845c4444684f,no_edit_found,
MB-717b07be67db,sha256:717b07be67dbbd7077e343fcf5d48267d72109618f827d15060135cd17c94cbb,no_edit_found,
MB-719c3029be0a,sha256:719c3029be0a532df78323d1c4aac2acc3b485c736dcf47ceb627d1920455c06,no_edit_found,
MB-71a242d082b9,sha256:71a242d082b9dfc795dbe664c0db03c249ae8a78f32b4154dfde87ad537a15d5,no_edit_found,
MB-71a28c980026,sha256:71a28c98002615e22c0ffa9c7747efd45576b9d589261f92b773c920a84fdb70,no_edit_found,
MB-71a6a09e1a64,sha256:71a6a09e1a644efccf0612e0641199bc7e0e5c4810b322f7fbf5bae2d62edf0f,edited,invalid
MB-71bd0f3a39e6,sha256:71bd0f3a39e69e56dfc201b0ea03f167e5b4d998ab85d9e57e3c6b1ba73a7f3f,no_edit_found,
MB-71c30bcdcd00,sha256:71c30bcdcd008d426bd650803878c9e7f71660b1f379ae29ab834a2d224dc1d9,no_edit_found,
MB-71d3bca609b2,sha256:71d3bca609b244409b0b3fc0cb870e129e0d69968c1f0446be3acf8c4cce79fd,no_edit_found,
MB-71d4021150fb,sha256:71d4021150fbee28cc9b16459d0bca342aac5f15a9c3059dede8680ae5333491,edited,unchanged
MB-71db99f9f99a,sha256:71db99f9f99a1050754afbaa5cfb6e185519217e0a5c1b0dc715a15016144123,no_edit_found,
MB-71db9cb337a4,sha256:71db9cb337a40f518f017809d59aa61c08960188f85ba075f66e3345c8764647,edited,change
MB-71ea0cd679f4,sha256:71ea0cd679f468653c3163d49da3f55a6aab44fdcc3316769f481833094d9689,no_edit_found,
MB-71f05370e0a8,sha256:71f05370e0a8eba29c2d0e471d995721c3f49dd2f07b620ca63735d1c4903fa5,no_edit_found,
MB-72060e573a32,sha256:72060e573a32d538b5be6c796d87e5b4551dc10f83f25a39721d912a3cc5ec07,no_edit_found,
MB-720efb922d82,sha256:720efb922d8221dd77b5e46bb9a9fe112e46985d070e26664039651c7744c7ba,no_edit_found,
MB-7210800f15f8,sha256:7210800f15f8266d0d6d5dd7c527e46d43ec7e9773785be5538cdc904f17c698,no_edit_found,
MB-72165cf3bd24,sha256:72165cf3bd246b0ffad579e2b7cf20b802e078b3797b78680b182b811ff874f6,edited,unchanged
MB-721cb0558d76,sha256:721cb0558d76629cad64a4179f4a89e2a2579da43669b109ae6b55d797bd85d8,edited,invalid
MB-721d6a60696e,sha256:721d6a60696eeaf4518cff2d1bb6fd3cec2531f314f7df0dc0a87be3c0a03d7e,no_edit_found,
MB-7220b47d2edb,sha256:7220b47d2edbc6efcbdbc6a8883c93bdb58a183ecd4bd95e2163a4f944568992,no_edit_found,
MB-722b46d63c43,sha256:722b46d63c435f7caeb83ad9047ae96fded7e386d903d82d1c819b53d5f48ab6,no_edit_found,
MB-7231fd8b0856,sha256:7231fd8b08569fb9499c7bbe790e4d5cb4dcb2e5790f1d883dcde8d109086750,no_edit_found,
MB-72427cd8b09f,sha256:72427cd8b09f3c420e8cc80d73a1d2ba0a130ae90252936c741fd05ba9b95a92,no_edit_found,
MB-7248b578eb3e,sha256:7248b578eb3e438e2fcc2e8d0bde1fbe757ca2bd15bc7d2cb3f7ff1285b7e373,no_edit_found,
MB-725f72147146,sha256:725f721471461d106520d7f7431a6b5a971326460af5c97c8656dc25e8b87669,no_edit_found,
MB-7263c01691aa,sha256:7263c01691aa8f4131758727ddd53cb8ee4f9665d749f0520692bd52773f5002,no_edit_found,
MB-7268cd074247,sha256:7268cd074247d4cc216867ae35905dcaeaee500614209f24157d4678d95f72e8,no_edit_found,
MB-7270259965d5,sha256:7270259965d5b746e3dbbd9aff7d58dbcae15e1248e27c1328ab6f2fcbfaf964,no_edit_found,
MB-7275dd8bd88d,sha256:7275dd8bd88d80f3f5292f34297438df7762ff367ad02f69b1dfdebe0c55ded8,no_edit_found,
MB-72809b1bf802,sha256:72809b1bf8024d1259613e622945297ce78dfdafdfe47fc89c25059bafb5d529,no_edit_found,
MB-7280fafd9fa0,sha256:7280fafd9fa0fc35fce56a9c4f837cacbe1a9822aa9452539e4973c29f6a11a1,no_edit_found,
MB-7286e5e3685d,sha256:7286e5e3685dbdebe7636168a82ab75d7d62b89f919896f7cd60f364278c4208,no_edit_found,
MB-72a82af0d6b9,sha256:72a82af0d6b9de836566ac0db6536f8014e1a0d1597b208b1e8498bbcb96eaec,no_edit_found,
MB-72bc505d85f7,sha256:72bc505d85f7d35c7d1e185e1af6823b92b5ad161661fc10719fedbc468482d4,no_edit_found,
MB-72c40eb06a80,sha256:72c40eb06a80e7be40f148ff47e2a5c40bd4f28f72d109f76c1ecd946fcf23ff,no_edit_found,
MB-72c7c8add20e,sha256:72c7c8add20e3eac25a840f76318d55107ed6364ce5f33bc22b05fa6cb6d5e3f,no_edit_found,
MB-72cb7df577c0,sha256:72cb7df577c0fd10d072acb37b8ee129317e24a38e777954a0c3b99927a75341,no_edit_found,
MB-72de0775f1d7,sha256:72de0775f1d75114c839f63568387322162e635db028bdefb344e58f41cbf95c,no_edit_found,
MB-72e2429294b6,sha256:72e2429294b6e6489d100e5b7778b82072c69ce19690e5963d76e68d13df225f,no_edit_found,
MB-72e9f513c542,sha256:72e9f513c542e5edac8556f9f9d442ece8c4a75245c2e0582b7ebd9f4d225fe2,no_edit_found,
MB-72eaf88d35d2,sha256:72eaf88d35d2efe0d640ababe6b855fda87f4bd84bc3a9b41ab3292bb276853e,no_edit_found,
MB-72edff7f3e52,sha256:72edff7f3e5220e955baa42cb2bda9c040b0ef11ebb966234622ca377b5c7755,no_edit_found,
MB-72f411b66b51,sha256:72f411b66b5107583c23e9b1ac723cc04f840ce6b46bcc30372e7f30ca3ad23c,no_edit_found,
MB-72f571844dd7,sha256:72f571844dd7fa47b647789bbc2db3bf21258c8b365b7437103ae17fa55d0f1b,edited,unchanged
MB-72ff0b71f7ac,sha256:72ff0b71f7aced9a3f72f2fd5af0177568f66570bb0b1b54ae79c4934b03b861,edited,unchanged
MB-73036f5883bf,sha256:73036f5883bfe5014f681a142569b7c26ee83362c2aa491f97c4e65fc3eee518,no_edit_found,
MB-73044ac7bcf8,sha256:73044ac7bcf84bd843270abb2d5fdf5c066b12bb67710f387567d2718bfeb760,no_edit_found,
MB-730845a681c0,sha256:730845a681c0d51cc896be88c447552979e17073a67f3c3a51708f7b61a119c7,no_edit_found,
MB-732101858a86,sha256:732101858a86dc887f9046b3b3a0daf0b8b86cc6a7048eb9e4b6a504e74a67a3,no_edit_found,
MB-7328b5d0c117,sha256:7328b5d0c11731cbf4e859eefcd9a697b8cf488b31fc79dfc5a131f37666c6d9,no_edit_found,
MB-7333d2ab5c00,sha256:7333d2ab5c00b1f967b6e60288e30e1fe4584eef81168e1256a2f13335686554,no_edit_found,
MB-73357fff3362,sha256:73357fff33620971c33c173b32f57397e3158e161ef6067a99e5e28df06d5cf5,no_edit_found,
MB-733b19be951e,sha256:733b19be951e720dc723ed40708eb270140d746022ec1897f26414544efaecc5,no_edit_found,
MB-734125dff8be,sha256:734125dff8beab6efd236a600de35946ced1b24ec35449932d1b999713823b5e,no_edit_found,
MB-734647c90f2c,sha256:734647c90f2c1c65ab2a56343bfe6cfd0d4694a38c463a03199d0b9ab7de8829,no_edit_found,
MB-736475d9de2c,sha256:736475d9de2c901c662319b1b25b1c278d8f685ee85a4edd25866031a107f1c6,no_edit_found,
MB-7365f7b33ce0,sha256:7365f7b33ce07300679e22da4491ad9ede5933ff46dbb302dc494f20f246043a,no_edit_found,
MB-736ba7b5223a,sha256:736ba7b5223a972b6047850d813bbdd7821fab228ac6e88670f2b1afbdae1649,no_edit_found,
MB-7375977ac246,sha256:7375977ac24646e3218ea1ba515926630cde9f917e8322aa323f608dfd79f977,no_edit_found,
MB-73814d4f5407,sha256:73814d4f5407d7b142145a80c4d5f6108398013f114925818d144e502459ba83,no_edit_found,
MB-7385a4f5e539,sha256:7385a4f5e5394c9fa14d51a917a5090e79728cbfbd877f2abd07557bf621fc83,no_edit_found,
MB-73ab6ade40a7,sha256:73ab6ade40a7857b76016786d0fac4a438e62985ed77ea75ee24e82593acb693,no_edit_found,
MB-73ad66847f38,sha256:73ad66847f3893e93405b85973b962b12fb468ed722faf4a5a43841b950482cc,no_edit_found,
MB-73b54bba9351,sha256:73b54bba93513adc73df83c3d6adb3ddcf8bfd13154d57d9bd4ac9933482385d,no_edit_found,
MB-73d1b7fde7be,sha256:73d1b7fde7bed1e58b5532fc3a7e5562b194db9d3cada2c226bcb0d6c68115a4,no_edit_found,
MB-73d558be919b,sha256:73d558be919b26bc2f2f1c72d33bf65db4280fafe8ac4d7616273df8ff9e1523,no_edit_found,
MB-73ec9af4bf07,sha256:73ec9af4bf07b396e4bc6bdbef675d3df8e3a1533a6eabf7a89783df76cc029e,no_edit_found,
MB-73ee8f0ae0af,sha256:73ee8f0ae0afb90bf7ab801ab52637323f2447bef93b35b46635a2cf6bb4004a,edited,unchanged
MB-73f2ee0c7dc2,sha256:73f2ee0c7dc26dd4888cde84cd94daea3933b65f538060012870a08cb8352e7f,no_edit_found,
MB-73f9b4d1180e,sha256:73f9b4d1180ec9f8453b684fd177b5a7f352a1645e2bf8ede6716a6da4ed5573,no_edit_found,
MB-7409dc41c076,sha256:7409dc41c07608a3ad5eb6de8f69786a5553ff30a5bde7ea85bf516b3f6a8948,no_edit_found,
MB-740e5120f954,sha256:740e5120f9549b74427842dd51c0fb30fbde3a81cab97d0758cca16865144fd4,no_edit_found,
MB-7414fa3adfa6,sha256:7414fa3adfa6c6514db99aee5daa91416d1acc5a0e1f952b1b8fd9162cddd538,no_edit_found,
MB-742665462e3e,sha256:742665462e3eac378f4a60b0a63fac000f0a8bd68d52200e363a73c7ae2a691d,no_edit_found,
MB-7434a4d9e65b,sha256:7434a4d9e65b3d0101f7cc32228b93962ab0e700a992b1db713951cf5d4ca228,no_edit_found,
MB-7437c443bcd6,sha256:7437c443bcd6dac09b705c28b3bd77d8fb2ed01d41772e8f4045e672fd427da9,no_edit_found,
MB-74396088f66b,sha256:74396088f66b9a8be0480688e276c468fb001dabcdd5d53a84bcf703bfefb050,no_edit_found,
MB-7439e9baf8ae,sha256:7439e9baf8aee32dae7a84b108b7911cab07ca8b12c82b4283c8fb605c53692a,no_edit_found,
MB-7447ed7ab7b0,sha256:7447ed7ab7b0fcde4039e282e6833c3a3ebd031c9304baf5a9a3fd874c503d27,no_edit_found,
MB-7447f5b3c10e,sha256:7447f5b3c10ee28ffc57787e733903ee51a2dd88132e86bedca4549f898631e4,no_edit_found,
MB-745789787c63,sha256:745789787c6324e6f262d378cc795e09f6d29fd966f8bf009a9040c889e5815a,no_edit_found,
MB-74646fb32793,sha256:74646fb327935b468f930a87f759db839f39aeec082ba36b382e3262afd67a6c,no_edit_found,
MB-7467965a3ace,sha256:7467965a3ace6336b77df769d3104051570fd6091afed67fe212bad4479d6156,no_edit_found,
MB-746f1c3b7bd9,sha256:746f1c3b7bd95c51b40cbd6f42dacec9a264d2a540119cabe8b85516221d9288,no_edit_found,
MB-74736fba7d1f,sha256:74736fba7d1f2f6d628e7ccc50c4db2d55a54e72e8f60cb23a2dcca39ee23cce,no_edit_found,
MB-747e6b1363cc,sha256:747e6b1363cc6da3414e821f0adfee899c046c3601897dda6e5d5502a0f38643,no_edit_found,
MB-748481b981d7,sha256:748481b981d7ad0a3ecdf0b44858102f0eaf07d0e020d9352b4a8818f8619503,no_edit_found,
MB-748802616356,sha256:7488026163564bd99683c175856a07bd3e76c80e93eacb830c91293d1dec8b41,edited,unchanged
MB-7488ca6aefe4,sha256:7488ca6aefe4f0286a3ab6b0443b22c39bc8c50185c16c5e63ad2ace912b1233,no_edit_found,
MB-748ce3cac51b,sha256:748ce3cac51b348d18cfaa46adbb23ba20faddf1633b0c6dabcf8af2da91c84d,no_edit_found,
MB-7491f3cb4614,sha256:7491f3cb4614f927c4611db104de8180cd8ac93295938b2b5333883832b4ca6b,no_edit_found,
MB-7495ca8cbc91,sha256:7495ca8cbc915e17e3dcb759c15aecc4ab473c990583977b3e8dc6a2cc363a04,edited,change
MB-749fb836ce51,sha256:749fb836ce51c80cec23b718664a83b1f58c9c0f7e1899df75ac35767c8307d6,no_edit_found,
MB-74a34030ab30,sha256:74a34030ab30b20911c7a94ea7afdd42e4a6ee12ffead7b6edec943bf2df2b12,no_edit_found,
MB-74a3892dcafc,sha256:74a3892dcafcbdab6a32954d78e4ce9dcb7e4d3e418ccdcc6559ecc9b71d5c07,no_edit_found,
MB-74a7d70126e6,sha256:74a7d70126e6fe887d0d8c3fb93f2cc78c01704e9671470ab490b957e3df0ff7,no_edit_found,
MB-74a8a7c1650b,sha256:74a8a7c1650bd9f943adbf278473a7b9da99d4f0928206713f19b41cadbb56c2,no_edit_found,
MB-74b14acf27b6,sha256:74b14acf27b6860c3435801265082e83be22aa7636cb47676b93bb90d5a876ae,no_edit_found,
MB-74b342406ae5,sha256:74b342406ae5523242074ef16257794b64d158d24638d672556cd8a918c39b66,no_edit_found,
MB-74b57a604659,sha256:74b57a60465930adf1a5d7a004486246a33a678a2d471439abe1efa4a6b9e892,no_edit_found,
MB-74ba3cef89a7,sha256:74ba3cef89a7e8e4346f88dfaaaad4434e31ce956adf21563f616a4a7e846c04,no_edit_found,
MB-74c267a24dfb,sha256:74c267a24dfb5e3a96024415b35586b3fec170fa9e00ada5513c0a300082cce8,no_edit_found,
MB-74c8d0ba2ae0,sha256:74c8d0ba2ae01b01dc9688e3280abe109c04efff8f56e8d61bd056acb10b76b2,no_edit_found,
MB-74d2ae138393,sha256:74d2ae138393432409f161ff302d66723d0d6e6ed21b71e440a48c014c470874,no_edit_found,
MB-74d6f9270c79,sha256:74d6f9270c79c180d043068909dbfa8d47344e86ec6bc9d3cc4eb8ee6b8eb19a,no_edit_found,
MB-74e2f00bcb7b,sha256:74e2f00bcb7be10ac4ea0da3e02cda3be8e5ac0ce31b84dbcca22a27550cbd9a,no_edit_found,
MB-74ebd811307e,sha256:74ebd811307e96b76413d4d7989f50b2de902297e39edd0cb5de0de203790598,no_edit_found,
MB-74f3f69ba897,sha256:74f3f69ba897aa9d5088faee5878dc135b7ccc574e88c929a449e7ba83f1943c,no_edit_found,
MB-74f4cb6c3505,sha256:74f4cb6c350583d01827831445d5def3412e4d5b0511ce8030f4f95f0ea36785,no_edit_found,
MB-75107fa48e92,sha256:75107fa48e9251df9957b4166d03609c86615b669807e43b4d7d12b296d73690,no_edit_found,
MB-7519f78c8d1b,sha256:7519f78c8d1bef46acb80d53b7f1286aadd1c7ffab140f0a10539b9295a0417c,no_edit_found,
MB-751c9e083e0d,sha256:751c9e083e0d1dcce1eed0ab87a499c5236321b7e177cb22babf902931b04a90,no_edit_found,
MB-751ef0c625e4,sha256:751ef0c625e42905a3662d73c6ae8256622333d9147984e3fb9a95a544d37e72,no_edit_found,
MB-7523425546ed,sha256:7523425546edf3c9abcb8dfa6735c0df2045f42aeb51697c6ad4d5bb09eeb311,no_edit_found,
MB-752657ede93b,sha256:752657ede93ba3319d24658aea75ce5c169842a899f092fb4968576bf49acb51,no_edit_found,
MB-752c71729f96,sha256:752c71729f96c3b0a44fa91b62ab32bc7a1a896af86a76d8bd15d923345717f0,no_edit_found,
MB-752f9af0d61c,sha256:752f9af0d61cfd580e5c7cde002bf2745b213ce900359255fa5c2b4f94887dfd,edited,unchanged
MB-753c985e49d5,sha256:753c985e49d531d57efb41bbdefe2e93196411efda26a73f5aeb026f9f2f71e0,no_edit_found,
MB-7542218b66aa,sha256:7542218b66aa615346760212b473da5a60e85e8ecbe2a27b2e3a9e53a50c6fc2,no_edit_found,
MB-754ac53a7099,sha256:754ac53a709944f2166f8bbaec0f0be80bcf3ef9d1a7abff0c7f7d16def56832,no_edit_found,
MB-7554e0514177,sha256:7554e05141775d0e175c412682e3ae99a3df2e8b4403c1abf5051d3b3da84ed8,no_edit_found,
MB-755a778efaf5,sha256:755a778efaf5ac7acc24afddc239f932c22132793eaa08421812309513accea5,no_edit_found,
MB-755b316895fd,sha256:755b316895fd2a8491a5a65d9b18eba6d320db5263856d592511b254a021c4df,no_edit_found,
MB-756327f42889,sha256:756327f42889b98be54afdea9b1229ea3d0b9ac4139000da3d622e83e2ac5ed5,edited,change
MB-7581b75e43e1,sha256:7581b75e43e189fa091d450ffa55b1d85140d4b54e0a16f09bbb1329fd4b7ab4,no_edit_found,
MB-75869ca19c22,sha256:75869ca19c22c875db1f454cec337a8b615916b45b76ebfc89ef088a2a687ce3,edited,unchanged
MB-758a957598ab,sha256:758a957598ab66606f440844242341fff6ad9355178b77d7b43da61d4099d8f2,no_edit_found,
MB-759ad7daebdf,sha256:759ad7daebdf07dee0fd84e84971841eeddd545eab936080857cfc1bb8681f11,no_edit_found,
MB-759d8131de32,sha256:759d8131de32249a72e025a8bf803352c7be980abd22d2b2bb8271479f5d3fc5,no_edit_found,
MB-759ec3dfdb54,sha256:759ec3dfdb5451da8b262c25436705ee0856ef3146f2501c5f17b35d331d3eb1,no_edit_found,
MB-75a80847122f,sha256:75a80847122fc8133fd41a53a965c14d9eac2cda6060839e24ed4f64528ea6ea,no_edit_found,
MB-75c2c3c6c900,sha256:75c2c3c6c9002b963b911b423ee4cf147a14d2520ef5ccfbf6225b4618bdb161,no_edit_found,
MB-75c4a6dde48a,sha256:75c4a6dde48acb126ecb4345332e3a22802668f1ec887928017b6211729dfe30,no_edit_found,
MB-75d07887aa0a,sha256:75d07887aa0a6b6a3b0e26bfd02f7274b9237fa5daa2fdc47d175162a34a4f4b,no_edit_found,
MB-75d743a86b7d,sha256:75d743a86b7d4028edce6f82b1c3d99c17ee3bc52976fbe0ac1bdeda0d3d7f58,no_edit_found,
MB-75dcfe5e5cb1,sha256:75dcfe5e5cb17b7f4cddd0a0e2207e273b75bcffb857c11a6857a3af963e78ba,edited,unchanged
MB-75edae861349,sha256:75edae861349d968676dbc0ad7006deb9f5d63c4d3eb9495e4bc32dfe58e28ab,no_edit_found,
MB-75ef37f4a410,sha256:75ef37f4a41031f59a86585621b8f8dc0fcf6d55a48e5c9e919b33be2c3cd711,no_edit_found,
MB-75f1d21e2a7f,sha256:75f1d21e2a7f5ad40215ba82e2d8d6660af86f36bb5685790a56a527a229130d,no_edit_found,
MB-75f691ff0daa,sha256:75f691ff0daaaf0b98625ba7b4a4f4016f8b600da33012a093df5b228e97da0c,no_edit_found,
MB-75fe6e1d96cd,sha256:75fe6e1d96cd56ddf26c691a3f093e7526b0372fc60c1b25d54c538bbb791c70,no_edit_found,
MB-7608778b7c7e,sha256:7608778b7c7e72f64c1fd905ab207e86367bb059be2ecb42807efcaa1cc9fb85,no_edit_found,
MB-760b1337d43f,sha256:760b1337d43fc924a848111bf7e5e2dfa34eaf9152b6ec8d81d3f431138d9fc7,no_edit_found,
MB-76132a5d4c52,sha256:76132a5d4c52a2efbd54dead60e6254b58f1abe62cbc8f14e752d30785d41c7f,no_edit_found,
MB-7615eb430e79,sha256:7615eb430e797c0e56c698d13485a36fcb21913db4834d41ff39e994c06f7efd,no_edit_found,
MB-761aefec93cb,sha256:761aefec93cb3adf525e4bdb13bee36c69c4616418c8520fb4412c06fa9cee30,no_edit_found,
MB-76210dfad427,sha256:76210dfad427e83d82f1c2215c7dc88b0380ee67f5b30b23e98bf69a86a5ec80,no_edit_found,
MB-762a3862d1be,sha256:762a3862d1bee0976a7c1289395b7d8ae1164e05616a115609f507c2bf101a5a,no_edit_found,
MB-762bcf2e32fc,sha256:762bcf2e32fc1a7683cf0e31ff47d7cdff3ed4fb5347d7413bccd8c0e32664c3,no_edit_found,
MB-762c33647105,sha256:762c33647105d8b4159d16cfb308db1089bdbc153070ebf1abe79a699caf01a3,no_edit_found,
MB-762ccdb57d83,sha256:762ccdb57d83e9e2a25686c3dfcc9d88e8cee5926a81991a10a0fd7e5cf53b6d,no_edit_found,
MB-7633de016049,sha256:7633de016049c58425434c6602630ba276450935b34b86d1accc257324b6896a,edited,unchanged
MB-763570d4a440,sha256:763570d4a44012138c704e4f83838d430812e83d9d2d1806283d1eb5bf8e1850,no_edit_found,
MB-7635cebc99eb,sha256:7635cebc99ebbc361767f8ec1f4a8426bb9ed6ed35332d22abfc6decbe1ce1bf,no_edit_found,
MB-7636935c912f,sha256:7636935c912f262a39a586f1571e1a733345ea1d7d6fdb189059f72e71eba94c,edited,unchanged
MB-763756f9c3a9,sha256:763756f9c3a964d39749cc2aca00360e383d55ba7498ded322b5ef2c32e0caa7,no_edit_found,
MB-76383f3a2c44,sha256:76383f3a2c446c1494d810168a1db78bc0137bee8ebba39b91ef92267e1c9d2f,no_edit_found,
MB-763bda058013,sha256:763bda0580135a9c6cb904ea0984b9bd23438166f72786dd32d7544a037e2cd5,no_edit_found,
MB-7644381d98a5,sha256:7644381d98a5040bc968a7584b9ab299b5c8a93aaf2aa5cd43a7e0cf92860fd1,edited,invalid
MB-764cbcd6a8de,sha256:764cbcd6a8de72c72977ba298716029aefea2950ee5d7d7692306f2e6aa8a060,edited,invalid
MB-76504b7800c5,sha256:76504b7800c5d4cf79c3ed6cad93da221c32031270aa79086fbec528bb78f381,no_edit_found,
MB-76532527a861,sha256:76532527a861e55e1b1562e214a3c896d6dee6dd40af4d45b3bac0e293428be0,no_edit_found,
MB-765d0e72a842,sha256:765d0e72a84230ca20cf5ba9b28579b4d517612a6be7cbd162feca11f17bf336,no_edit_found,
MB-7668c2b252b6,sha256:7668c2b252b6f3641f4bcb5c87331a323877a10cc6b2c1a687ac80435c318966,no_edit_found,
MB-768530e58124,sha256:768530e58124e89b42646e89665f9d958dd30d077ea359b9f24d5b5496bfdf44,no_edit_found,
MB-769b6a665353,sha256:769b6a665353ee608179a54dfe000b6f58de96c6efa8a265ba91fc04f716b61f,no_edit_found,
MB-769c4e2bb8d3,sha256:769c4e2bb8d3eeb4f86482b4fa8783c2d2549ab5b7696b0de67bed4c32546b53,no_edit_found,
MB-76a00f6aefce,sha256:76a00f6aefcee93795572ea3a9911f2bb57e388c48b9d2e087dba3789f6b1c60,no_edit_found,
MB-76a028a4b433,sha256:76a028a4b433d1625f64e7dee074c39b502a5a292fe02c2fcca14c0765df8fe9,no_edit_found,
MB-76a3a5ed86ef,sha256:76a3a5ed86ef02912a6df24b9c1abafc95769f3c35f6905428cdce6654478f9a,no_edit_found,
MB-76a41160f0cb,sha256:76a41160f0cb6942bc9327d3a8065ff18d0dd61a2c4fcd193aea3075bfa948d6,no_edit_found,
MB-76aa50c66eb8,sha256:76aa50c66eb8e66e9441fcc6478ebb90fe90fc5fe3adea30d9ade2c5c0dc5931,no_edit_found,
MB-76bc4daad90f,sha256:76bc4daad90f7fff24048084feab3444c12db9dcf68c2e0b5c99ee798e9fa94a,no_edit_found,
MB-76c4c2b885a3,sha256:76c4c2b885a303cfc271cbd1c4b8c850814bf10d0e69e8cb2a069a6197e5b207,no_edit_found,
MB-76c8e9b8b2ef,sha256:76c8e9b8b2ef65f37a5f98e1e14343e81efdebc220ce6cf2959e78189d983263,no_edit_found,
MB-76db47d9fa69,sha256:76db47d9fa6954093f5980ac3adfb066c1fb9b798274a6cec5e49d168fba8213,no_edit_found,
MB-76dcb3f30996,sha256:76dcb3f309963555bd9e086deefbb13085555b8cf252c2cbac3f8c15c9bb4d5e,no_edit_found,
MB-76e6bffb8a12,sha256:76e6bffb8a1227ed38402848451fcf5857cdbf58558ded8d2116047ce53fd243,no_edit_found,
MB-76e7e7552e83,sha256:76e7e7552e83f4402da32260fbd40131b23de84963cf88106d58c024d1cea74f,no_edit_found,
MB-76e9d848757b,sha256:76e9d848757b9312444a55b299bc595430c10a14c5044f250b1ed71e9c6aa761,no_edit_found,
MB-76eea4966e10,sha256:76eea4966e10d13819a911ef0e02f3ada979ca7c8c871d39cbc36d6a1ce8aa98,no_edit_found,
MB-76f1128eef5c,sha256:76f1128eef5c26870dc163327c66ac7f8170a795a69b61d5524186d858086da9,no_edit_found,
MB-76f1d023a24c,sha256:76f1d023a24c6360371544dbfb1ad5061b647af8afcddd25dbb0c4a37f2a358a,no_edit_found,
MB-76f993b5ed3a,sha256:76f993b5ed3ac2344570c85235d1b83628ed8950d0070906fdbc1638e8a327c8,edited,unchanged
MB-770d3adf4ccb,sha256:770d3adf4ccbef097208bbaf5f30565a25d3f1f6e36529e5f2227bc46fca0a4d,no_edit_found,
MB-77157881dd45,sha256:77157881dd45e1fb3f174c3d33a504a25cab8a52515ae1f3dcae4a2b89e9e360,no_edit_found,
MB-77208ae74b4b,sha256:77208ae74b4bd9a9344dce2c7cf0dacc950202e8e1fa11faacac1af877f41302,no_edit_found,
MB-7723d03064b1,sha256:7723d03064b1ac5c3ad0534aae1352b9ec1d506ea3c076df901356fa6fe73df2,no_edit_found,
MB-772a5f243bd5,sha256:772a5f243bd588dbfad61df094d76f9a9cd1b957f2c5ac3904db05e6f115b5cd,no_edit_found,
MB-772c7cbc13e4,sha256:772c7cbc13e4512243878ef37f00ae407e599617ecac55b641b22c499538d46b,no_edit_found,
MB-772e58cf361f,sha256:772e58cf361f6bd48a3de4506b68092cfa75390f718f2156c08d07899cbd653f,no_edit_found,
MB-77350476774d,sha256:77350476774d0f16c40df38e7725b95e86a29b337505395f5891c2b7c373e86b,no_edit_found,
MB-7747ebe0b3f1,sha256:7747ebe0b3f1f304d1ccff0f402a614b493906f552368c22679ff4c20312a5f0,no_edit_found,
MB-7748a29dbb31,sha256:7748a29dbb31512070207ae269744ec6a5eec0ac2de18b0c74cc15d7927d9b91,edited,unchanged
MB-774e781a6957,sha256:774e781a6957bd521ddd8e64b7c52a7af85d2e0000cd313c4a52a6453d44b0fa,no_edit_found,
MB-774f199f9818,sha256:774f199f98184da09d57afae596878ace9960534ec3d4a15a20009d5359d23d6,edited,invalid
MB-7750d52eb2b0,sha256:7750d52eb2b003b2222c00103842fb4b26d619a27ae106eeb6fdf3af584f19f0,edited,invalid
MB-775145cf9f39,sha256:775145cf9f3993d77b6ec71848cc9c7c9cb65b7253b15d4964dd892192cfc173,no_edit_found,
MB-775e8d246315,sha256:775e8d246315db960cc2f1e31e7462350a98ed36b939dccb7cc33543f6ec8a5b,no_edit_found,
MB-776adf845d23,sha256:776adf845d23c90292c6f93d7ed565434052f5ef1127676306c67610ea8da2a9,no_edit_found,
MB-776fd4296302,sha256:776fd42963023fab2025a183289aee28a7160b97700ed2b810123c8a10df2985,no_edit_found,
MB-777449323395,sha256:77744932339583fa7ed3b3db6f80e35c8a828b82f1d01983e678b1c775b80531,edited,unchanged
MB-777803d0f2d0,sha256:777803d0f2d0a87a11236b28c75cd2f2a01de9acde88ad01b1d173fb4fb71951,no_edit_found,
MB-777c97caffa1,sha256:777c97caffa15623bbcde5a1ba49ba6392a9d4da9e6038485a87a49c59c82560,no_edit_found,
MB-7786f704648f,sha256:7786f704648fb4d9036632ee2c110c6832c7f0d0d23cbbeadb9919105dcb5507,no_edit_found,
MB-778731f591c1,sha256:778731f591c1f8f120659c94ae8932102ab4d2244d593a13aeaad04d7fd40ddd,no_edit_found,
MB-7787e2e48e1e,sha256:7787e2e48e1e0529ce14f476b3d340a5ff0d3ce0538ffb5aa9e10133680f2c6b,no_edit_found,
MB-778d9a661026,sha256:778d9a661026f6c2bd708a589b25e0903f7ff2d08354077483a1332c883141dd,no_edit_found,
MB-778ec108ea13,sha256:778ec108ea133c1e980fde7b8d49c19b4d862b1ce99ac0cdbe2f28a163f93ca3,no_edit_found,
MB-77903703e211,sha256:77903703e211a8fea0a27acb88c09a4dd4fe57b59d4011a98ed55191a1d46fc2,no_edit_found,
MB-7796639ceb07,sha256:7796639ceb0760661f3be53e712bad561bcce50878e5c4e5cc3af3bde6505cff,no_edit_found,
MB-779f42c638a8,sha256:779f42c638a8ed1ceec55db8d4f3e5dfec3b10df87e2b1caa6e8eba44db272e2,no_edit_found,
MB-77a5f1e9f29a,sha256:77a5f1e9f29a4a8216c9055eb1283afcea588bca243cec4bf65ba7ae4bc6d9d5,no_edit_found,
MB-77b1c7a461dd,sha256:77b1c7a461dd16725343eeeb3aae2b6c3d9d6029aaaa93d9cf233e1e9a2d72c2,no_edit_found,
MB-77b6ff8cb9e9,sha256:77b6ff8cb9e9a9e9759544886e1c88e84aa550676cf008da9fa76d6377649357,no_edit_found,
MB-77bb00dbe09d,sha256:77bb00dbe09dacbfa52dc5b8bddf8ef2da0ca93565a4dfa73a30c099f32bc5ae,no_edit_found,
MB-77bd8c8a8ed2,sha256:77bd8c8a8ed2d54bf7619cceef3f8c3575699f9fcaca33d31ea603bc49f7435f,no_edit_found,
MB-77be9ab463e6,sha256:77be9ab463e6c08bb7c203eee27d80c3d2c2c3683fed19fe64e37aab1f51a120,edited,invalid
MB-77c0fdfd9ba0,sha256:77c0fdfd9ba0b76c5713fc882543b97f2140c588af10ba8746d0ae7113bdd5a0,no_edit_found,
MB-77c5609e31e2,sha256:77c5609e31e2d360894a8237285269159f7f3d67c2cd14df8e1e22be2ad0bbb5,no_edit_found,
MB-77ca3f4e00a1,sha256:77ca3f4e00a1f0d144bd03e05f1e9efb2da77884af24cd8cf4d09cd5c7fb2fa1,no_edit_found,
MB-77ca830e2194,sha256:77ca830e21945b4e6025d99b9d878b2fcc4ee6a2c9f05646024807ddf3ba7155,edited,invalid
MB-77d5a3754af1,sha256:77d5a3754af16834ad488beb38adc409fd6dc73eed7c66bf687aadf98c6806b9,no_edit_found,
MB-77dfd2aad10f,sha256:77dfd2aad10f93af6169d618b2a830a82b198c58971311f9d75ef818653e533e,no_edit_found,
MB-77e3ea425697,sha256:77e3ea4256971903138b47218fddcf3ea75620bb3be1becd5f66109a325a8d68,no_edit_found,
MB-77ed4c55b3f3,sha256:77ed4c55b3f33dbf8b68db1ced6e5781defa5baf5e333ff2f149942ed54daddc,no_edit_found,
MB-77edd0f43587,sha256:77edd0f4358791ac3e5852331320450f984f859622791d8c5671a8dfcd8b041c,no_edit_found,
MB-77f360b8f610,sha256:77f360b8f6101b8a8d21d3788c245cdcaf7377ec96b4ae63bed73a0b195a19bb,no_edit_found,
MB-77fabd672039,sha256:77fabd67203940ee028087e17db50a77db2c8a9cb36c8e18cbebedfe77857de5,no_edit_found,
MB-77ff3a827ce8,sha256:77ff3a827ce8c09dedac0372198f823f5dcf65418809c1d3ee6beb77c8954df7,edited,unchanged
MB-780f504d2d67,sha256:780f504d2d671ac86b0056f4d541a06e8edded60e47482528f98273352f02e05,no_edit_found,
MB-7816708ebbbc,sha256:7816708ebbbc641fcc96c03942de2c0d4d8ed41de791732acf26b487058091ad,no_edit_found,
MB-782bba622690,sha256:782bba622690de1ac9ac889797e53c07759d8481d2d43548ea82c5a843c2973d,no_edit_found,
MB-78335bb828ac,sha256:78335bb828ac75f1bb95b51e78e81041ccd06eb47468e78d179cc9f3069eba50,no_edit_found,
MB-783443c94761,sha256:783443c94761d48dd52f4ea9c816c7136401c44022678cfbfaf5410296aa46b1,no_edit_found,
MB-783b463f3c76,sha256:783b463f3c76498f10fc172f592391026049ddedaa418b0cb72de717067d0b0c,no_edit_found,
MB-783e0389d215,sha256:783e0389d21509cf8450dfdc8576c99d3ba2137e0fc9a23416e4081172245628,no_edit_found,
MB-783e13d98b39,sha256:783e13d98b39f742ec65b39307f3d98feba2704537ed88c85cbcafb33510217d,no_edit_found,
MB-7841c047c656,sha256:7841c047c656bdb715e4ce322e5f61bdd6a174c7e6d025315fb14c33d8af23ec,no_edit_found,
MB-78550b408169,sha256:78550b4081697854e23817e7a1985c80d4d71413159f55dce9081fe7cefe02a5,no_edit_found,
MB-785a59b827b4,sha256:785a59b827b472f02b21586447ffda53a2c2aa2272726bd08def29256a161979,no_edit_found,
MB-787722e6d2a1,sha256:787722e6d2a14870ebaf87dd7c5ab3df3ab732431e40fc81b8a264e9a07e4c0e,no_edit_found,
MB-7879fbb43846,sha256:7879fbb43846ef83b8196b9516d9762db7870868deaff6fe25c1d60fe48da537,no_edit_found,
MB-787b27005e32,sha256:787b27005e32d4edb0c66ab3e6196ac295b02b87e91b49f8300216f4c321c81e,no_edit_found,
MB-787ddd654227,sha256:787ddd6542279e3fccb58c44d6372e92f5e5410637aa5af2953fa801f3a5c02b,no_edit_found,
MB-78809ae6e97d,sha256:78809ae6e97d930416e0f770ed5946184f3f69d157b71db2349da93725bc1978,no_edit_found,
MB-78839ccfaf42,sha256:78839ccfaf425af4a9746378e507c2ed2dff1584bc2d23860a6334d7b4fd5e0b,no_edit_found,
MB-788a45b1790a,sha256:788a45b1790acffdb43c6c253de00159c938fc1d834c53bbe392276a9aa1fc7b,no_edit_found,
MB-7890bddfe5a5,sha256:7890bddfe5a50695f9217b6b0f4811cd93e099a8981f791dfd8cc2573aecb1de,no_edit_found,
MB-7891caf60028,sha256:7891caf60028b9a57866a67b387b5bc7fd8b4c0ee933d65fd90fe527021b41d0,no_edit_found,
MB-78942fa1d332,sha256:78942fa1d332f07a713cef85e8f993d4787dc56fa43cc27de8e498abfdfb1297,no_edit_found,
MB-789760155693,sha256:7897601556931ea7cc510bf4c92bd7345c9940706c02dc7142cfd223f781a1bc,no_edit_found,
MB-789f1da087b2,sha256:789f1da087b21de15e56911b879bbd7431ab82e5a363e70c5a37213562926e07,no_edit_found,
MB-78aac9e2e8ad,sha256:78aac9e2e8ad8a129523ba5d072ec3fece736b318bcc0601d3292f0bdd4bd3aa,edited,invalid
MB-78b4a1887e91,sha256:78b4a1887e9192cc16df0bed3acb6257ab9d0d5d7a182396397c8efefd6411ad,no_edit_found,
MB-78cbf6d1521f,sha256:78cbf6d1521f7e7135040b42b5b9282a09b10e946dc3989d1b6da48a2f83875f,no_edit_found,
MB-78d0097bad69,sha256:78d0097bad6993dc3348d1c651860507ef84f7e7fd3d58c0a7f54971d7b27a5a,no_edit_found,
MB-78dc310fd29a,sha256:78dc310fd29a6386b684a70f1cac8b146ef31633c5c2bc181340b7162f0980d7,no_edit_found,
MB-78e397830e0e,sha256:78e397830e0e01b7bf1ace62a9a6d2b600892e149226490ac9fbcfe2f501813a,no_edit_found,
MB-78e5bb8ce049,sha256:78e5bb8ce04959982197109bdc5473b38f9a1f8a3c5dae4816a47ca38fb61dcf,no_edit_found,
MB-78e6b12ffc35,sha256:78e6b12ffc35fd996b061f1d8e0e36362df73e1261fa760fe55946bbc9d4ee0b,no_edit_found,
MB-78f472ad492d,sha256:78f472ad492dd3614e5765840123f844df6426b255da87a4572cd38ef7ac57b2,no_edit_found,
MB-78f5ed428777,sha256:78f5ed42877739c93b8527bb842f75f3cfd142941d76a15f870ab312780cbc15,no_edit_found,
MB-790f3462a95d,sha256:790f3462a95d410469a38a8dbe9f56315419eb6fe3a7a0f0f65dfb78f4e9126f,no_edit_found,
MB-79322da5a6a3,sha256:79322da5a6a3793effe106a4c7d79acb42e38866746a118ac7b53a83f65aa4ed,no_edit_found,
MB-7936e39799c2,sha256:7936e39799c2a128edc3801f3faef6762ce6d6fc68029e001de8df5c44dbf479,no_edit_found,
MB-793d12d50827,sha256:793d12d5082713f521486195d7ed42d4b70da027d825ca3dc87a2a087e7677c0,no_edit_found,
MB-793ffa895dfa,sha256:793ffa895dfa6c4dab3ca6a447b3b32b74ce9c737a4b955e235b29b6569d60d9,no_edit_found,
MB-7942e0c38d05,sha256:7942e0c38d0585e8c263d7ef1a5bd832a36edde8fd1825df14c7fc45375fff4e,no_edit_found,
MB-794a59fe93c6,sha256:794a59fe93c6941477c973e0864cd42d4ee395aa6f07b5538db41e29b78d1395,no_edit_found,
MB-794f7a459cae,sha256:794f7a459cae04eb9bdf49d6fdf7e1a1e6bfc72cf4ffc8dfdd9ea241989910ba,no_edit_found,
MB-7969dd4168cd,sha256:7969dd4168cd1c152189e9f92d1a820156f52f5fc8e2729c8b7bbd935982c906,no_edit_found,
MB-7977d06c94ac,sha256:7977d06c94ac6cf25c092f85cc960b8fcd38585ec0b271e31360db710219c018,no_edit_found,
MB-79815bdaa962,sha256:79815bdaa962a509d58ab98ceb3e9ca67c7260a29451713fbe33b877116d5f38,no_edit_found,
MB-799945271724,sha256:799945271724799cac0a7908303f762870ddf866e617c7519c3fdf85e9f8b08e,no_edit_found,
MB-79acba9659a2,sha256:79acba9659a2a4c32af7020481c53914cda6c48872f3ab1276b2fbd1b9f310ab,no_edit_found,
MB-79b226e5a9b8,sha256:79b226e5a9b89c7266129bb52a1b48f650b934e97dd57ab34ccb8fa0b37c9f94,no_edit_found,
MB-79b908383c9c,sha256:79b908383c9c58aa5e2dbeda7b9b45e7b18cec243ff3f6d02ef5d27f0bda6916,no_edit_found,
MB-79be80ec2e28,sha256:79be80ec2e286269cd95d8bc57aad1745e7fc470eb729705af860fc864d101ee,no_edit_found,
MB-79bed1eca91c,sha256:79bed1eca91c8e8f8cca4308a8f75f16e7bc06fbaa91d0762fa4c606227a0526,no_edit_found,
MB-79cd088daac2,sha256:79cd088daac23b6dd79c3375c5a2929f951bc52188f7718a817e273342418303,no_edit_found,
MB-79d8153dc1f7,sha256:79d8153dc1f7da8eba428329345a130856b09586db28dd80d58469b79191736a,no_edit_found,
MB-79dc0f0d5aff,sha256:79dc0f0d5aff1c94e8e1f04c04490e4a4f764c355a71917f799b3fba63cd8f4f,no_edit_found,
MB-79dfbfcc056f,sha256:79dfbfcc056fb0eae89884126e286d076889d50eebc0004dbb790b71fa366cee,no_edit_found,
MB-79e6be36480b,sha256:79e6be36480b0469361e96ecc400defea8ef2790b0291258647902bf41389016,no_edit_found,
MB-79ef536da5d7,sha256:79ef536da5d77ee45b92925a07689628274de242212f9ba8395945c23bcfeca5,no_edit_found,
MB-79fc2922ed55,sha256:79fc2922ed55138ff4679fe4ed37dc95057558622426c749d40191ae040a680c,no_edit_found,
MB-7a009fe4d00f,sha256:7a009fe4d00faf74468c1b0ab9f0770bc4ae24adbb1947caab37bc5c6441c340,no_edit_found,
MB-7a0275a72863,sha256:7a0275a72863db218f28ede885c8f3cb35f026a9a67a357e724f8c41390bb12c,no_edit_found,
MB-7a07cd94e14e,sha256:7a07cd94e14e5d7aa970731a965704b31f85d3e5a83441e07f00dfb9359c5e78,no_edit_found,
MB-7a0b5011ff28,sha256:7a0b5011ff28157eca592a3d57a632c06c258c3489911de0a3782b2a1cf04c22,edited,invalid
MB-7a14c398a74b,sha256:7a14c398a74bd90d6e2068ab741d4fa9a216645bc97700f8d9b4e8aa3e7aa296,no_edit_found,
MB-7a20e038c62a,sha256:7a20e038c62a2847ae85a916e496028f137446462b404cbb761931173593a6ca,no_edit_found,
MB-7a2361f1dea7,sha256:7a2361f1dea7bfe9ba72d621318fb6cd820d3e16adad979d0ea7db32a46069bf,no_edit_found,
MB-7a2a76b1761d,sha256:7a2a76b1761df1e810959bdc4a4de2947edafc7d52873433e103249448744e8c,no_edit_found,
MB-7a2ea171f19f,sha256:7a2ea171f19f118f3e08b969eb965115beb9d40836fd1849de1c3d1de592094b,no_edit_found,
MB-7a43b7c0ed19,sha256:7a43b7c0ed191e170e8a80a58e6556e7263409ff5612ea699a3b77f50abe7175,no_edit_found,
MB-7a4825fef759,sha256:7a4825fef759820713ed131675695c5c76c5d4e9735a8350771ddfb4732517d0,no_edit_found,
MB-7a5261a1a3a9,sha256:7a5261a1a3a946f7eb40ecfeead6f1c4459a4103015f4cb275a3c205b03c6077,edited,invalid
MB-7a52a083a142,sha256:7a52a083a1428fef9a92a2c6fc738928350437b64f367131b67dbcbbb355cb84,no_edit_found,
MB-7a5bac0556bd,sha256:7a5bac0556bdca8c31d5b3da34e14df090d93c606a9522bd5716c2203cff550b,no_edit_found,
MB-7a5d8614bc84,sha256:7a5d8614bc845ecb53cb2219b89bf5e87445d116eb4c8eab9082a2bb5b40d78e,no_edit_found,
MB-7a6530f85eab,sha256:7a6530f85eab540ce12f10d5c544b0448d07074803f7829d2ca5a1dbd23dea7e,no_edit_found,
MB-7a74fbde4d1b,sha256:7a74fbde4d1b96f518394d5f44064eefb5563b1e0cf59cd45c00bc4a3abb0788,no_edit_found,
MB-7a8281e6d050,sha256:7a8281e6d0507e43336ee525aff2f178f41f3bcd253b01c05fa992f56aba56db,no_edit_found,
MB-7a879abe90fd,sha256:7a879abe90fd6251b8a8421937976946e181209d089ee88848e68481871561df,no_edit_found,
MB-7a9a832ecd46,sha256:7a9a832ecd46a4ef08a63f3745a180dff34a781cb5f6d880d93697a9c51ce68b,no_edit_found,
MB-7a9fb7de7bb3,sha256:7a9fb7de7bb383d744b6627def8a2082fd3811a9b0ca4341ab8fa0aa318cd354,no_edit_found,
MB-7aa0defd9afc,sha256:7aa0defd9afcad7204479f9371c45a5146ca6ad4e1c3cffc86734c70ad84114b,no_edit_found,
MB-7ab944d0f337,sha256:7ab944d0f337279ec10a06684ec2dd30dfc2b623bf0ff2b12278844652d3291b,no_edit_found,
MB-7aba250cd43d,sha256:7aba250cd43ddd0251f4f3521a2fe95dafd3be0e12314e210e5b28fd881e73bb,no_edit_found,
MB-7ac1a62962ce,sha256:7ac1a62962ce127f83a280d11c076713f69dc3746562401a69c6147067b185ab,no_edit_found,
MB-7acc18a18aa4,sha256:7acc18a18aa47cd5cea1e19fbca3882669b89756f846e253b04b6a9545715a75,no_edit_found,
MB-7acf3a266307,sha256:7acf3a26630751cb37fd4fa612ab562506720263e51744f991d9aca0a34d7e92,no_edit_found,
MB-7aedb31d638d,sha256:7aedb31d638df81afeb80eb40fc94d9eb20f6eed15a07b7c970f6ecbe77ab8ca,no_edit_found,
MB-7aef7e39c965,sha256:7aef7e39c965e10c2855ac5d17b83c4eea1ffa0f866afa6dfcf2515887086039,no_edit_found,
MB-7af123238470,sha256:7af1232384708045ec2603ba4201b736ea17b6432b813b9c494cc7d045d8ee6d,edited,unchanged
MB-7af15f0e4690,sha256:7af15f0e46903fe85a6ea37ebb9d3dd73bdc554a2f5e2e380bb15c14484c1e0c,no_edit_found,
MB-7afb9275822f,sha256:7afb9275822f4a7a075f8a11e6f50e25180eaa2d321d7d64151bdd1d5cb104b5,no_edit_found,
MB-7aff4127469d,sha256:7aff4127469d53b86705177826e4e285f62dbaea8cc3b1d3a1b1fa7d83afb573,no_edit_found,
MB-7aff452f499f,sha256:7aff452f499f2b2191314f3f12ba21289f81d0cbf5ee85ce41f21287a3565423,no_edit_found,
MB-7b0416703c86,sha256:7b0416703c8694924a9469b0c7032173139f1bb378d08cd498ed20dda9c2cc04,no_edit_found,
MB-7b049b0a2760,sha256:7b049b0a27601001f5ba038e97c7ed4a718fa5e7faac4c59c87227e9beaba865,no_edit_found,
MB-7b1445ec7172,sha256:7b1445ec717273bd93faa7fdb5b2b80e7553d8612168fc2e68ba70b27973bfe2,no_edit_found,
MB-7b199dc90a74,sha256:7b199dc90a745aac969c932ed456de15324e07b389e322c347eb3845c807db4c,no_edit_found,
MB-7b1a8b3a3a81,sha256:7b1a8b3a3a813dd717bc1b4239a94ab431499f770856c2243c3a8d6c47c113a9,no_edit_found,
MB-7b1ede0e60a1,sha256:7b1ede0e60a102126d3cbea46ad33a64614f3e9065333c752ed31c39add92c79,no_edit_found,
MB-7b2392a0400d,sha256:7b2392a0400d843791602fd8cf346f9bb41bd93582e461bc7354469e14defc6a,no_edit_found,
MB-7b3717ad5dea,sha256:7b3717ad5dea770e3866c5ce7c134cc142fefc69772c3904ff4eb66947c8a1cc,no_edit_found,
MB-7b37fdd57c94,sha256:7b37fdd57c94c84811779fbc9d40c313addee9e065fe59c80e25c0cca562efad,no_edit_found,
MB-7b3f0c811b58,sha256:7b3f0c811b5808a824e9116d754413591811975415c0cee0b56f0d97efe0449a,no_edit_found,
MB-7b3f45a65d0e,sha256:7b3f45a65d0e8acc067f9e096b8b220592e60105db1244bc5768b780bd0bab5f,no_edit_found,
MB-7b4909269ccb,sha256:7b4909269ccb2814232a03993302a409fd87665743bc699d0670f041441156e5,no_edit_found,
MB-7b5dd07713d4,sha256:7b5dd07713d44d54492d35c84d0c5539c3af644e94014528e3a72eb1cec424f1,no_edit_found,
MB-7b5f2043ea35,sha256:7b5f2043ea354290798b2308fd6d0d3154e66556f923c33e1e17542b49ec50b3,no_edit_found,
MB-7b6bca991026,sha256:7b6bca9910263746876ebc46ed13832d38192d24d7b975e742a741ce84a78236,no_edit_found,
MB-7b6eae3c2daa,sha256:7b6eae3c2daa00f674414594b2bd4ca8ca993e8f967d907af6f6f047a6305459,no_edit_found,
MB-7b70a39d0c0f,sha256:7b70a39d0c0f1ecedbbac93627d636c1f30ea091a2512959a3b278cf63ac12c9,no_edit_found,
MB-7b72e320e3a3,sha256:7b72e320e3a3ed21e36973acf28f80d627fdac55777d9c206f283aedb67f04e8,no_edit_found,
MB-7b73c8f80cde,sha256:7b73c8f80cde97a17420ee1427ee77103323d865cba33c2d24424b3310bdeca5,no_edit_found,
MB-7b740fdbe9de,sha256:7b740fdbe9dea604ba8152696cf6ae0a381a26fdfe2869d9f7f2c2807c94e666,no_edit_found,
MB-7b77a550f7bf,sha256:7b77a550f7bfd76312c392aa89ee4ab6b97ec8f9b2c9075270b43fd5054fe09f,no_edit_found,
MB-7b863726cbfb,sha256:7b863726cbfb245191636e6535cfb862348cfedc6d1a5f5048ab7afe00239929,no_edit_found,
MB-7b8d37265aba,sha256:7b8d37265abade93e35197d7cca0a74fa4d96844f581158076bee9630ab2dc1d,no_edit_found,
MB-7b8eec5ab62e,sha256:7b8eec5ab62e5ed466fa261d4a516972d160a6d09e643e68cb3ff76d7b8dc159,edited,unresolved
MB-7b98538f3c8c,sha256:7b98538f3c8c29332a5246c1b0f441ecf7c9cfadea62c5a4d30096369715c36e,edited,invalid
MB-7b9ba42729c5,sha256:7b9ba42729c50178c2bf1ffe32775bcd6a3fc559961fc5452bd340da798a6d0c,no_edit_found,
MB-7b9fef00728f,sha256:7b9fef00728ffc84fec4144a9684863af89db68a70b748b0bc0ce15e254b7b72,no_edit_found,
MB-7ba176326d77,sha256:7ba176326d77c42de84b25f4bcba942989af2ce4f4eeccdf6b9373d853ee4022,no_edit_found,
MB-7ba27ede4474,sha256:7ba27ede44749b0601d13d434bcbb99fd12f3cfd7621407a974a71812ca067e3,no_edit_found,
MB-7ba4addc58fc,sha256:7ba4addc58fc39f92d27b85ad10bc0a9b4785973d55c83945d63202b2018b59f,no_edit_found,
MB-7bb2867f8781,sha256:7bb2867f87810c345e7219664521ce6d2035c6a88a68c7be08c2805ac84c6116,no_edit_found,
MB-7bc8035bc604,sha256:7bc8035bc6049a26fa351d2dcd483474c5c2e4e53a0cd8bc2cef8c7da05a6f77,no_edit_found,
MB-7bc9b43b888e,sha256:7bc9b43b888e3f3531dff5a54379c159283f56dd1a4e3ddfb5ee79842814483a,no_edit_found,
MB-7bc9cbf5579d,sha256:7bc9cbf5579d4455ce00eb94324ddbbcae2f154a73b4d45e9af730ca5e617ce7,no_edit_found,
MB-7bd938fcf4e8,sha256:7bd938fcf4e8b364cda22d58ef4f9b2b0c72b979ead8efb69ecc9a90ef58645b,no_edit_found,
MB-7bf23a24e098,sha256:7bf23a24e098b885dba7705301d09756c686a9c21facf3f6517da13a0c41a71f,edited,invalid
MB-7bf9807a6291,sha256:7bf9807a6291b6b7deccce3290626a4b85a7bf35a6458ed07fc608d6679ed601,no_edit_found,
MB-7bfbf7ad5d27,sha256:7bfbf7ad5d27d866e980823df2d670a9a67995304c634a350bea87974682cb16,no_edit_found,
MB-7c01bf9a0240,sha256:7c01bf9a0240be9f6e3125e21e4e285e8f59ed46cb617dabbece36ce3ee43c77,no_edit_found,
MB-7c10316ba015,sha256:7c10316ba015cf76190c5e679c074002e05d2ea88d4a317ad143b7ba7bdd3411,no_edit_found,
MB-7c24856527a0,sha256:7c24856527a081ec985bf7b36ef037ab48504c2f43b482cc3342a440f36233c2,no_edit_found,
MB-7c2c1346778d,sha256:7c2c1346778d0d1eef20b89b4fc5d999e6004dbba4cb1fc391f4e39da073af6e,no_edit_found,
MB-7c2edcd03f02,sha256:7c2edcd03f02887d66ceaf3bcc1dd84f40f80abcd8744b18d2488f3b44330cff,no_edit_found,
MB-7c331aa90dae,sha256:7c331aa90dae906dd51909629a8c50693415b63100753a3f8eca68b00aae1adc,no_edit_found,
MB-7c36b1f70aac,sha256:7c36b1f70aacd069c61e4924503f38734026059b674c03a097bf4a7b924fbe9b,no_edit_found,
MB-7c375b43290c,sha256:7c375b43290c54fb2767aba81e58064877ebde0801753f3389f5ba5f313f7cda,no_edit_found,
MB-7c414f68ed71,sha256:7c414f68ed718dccc6eaea95b58347c5124ccbdb2962a226e3924f7b28a9f58a,no_edit_found,
MB-7c53c8c1a8cf,sha256:7c53c8c1a8cfeda9f2d343f4631de84a8a09ec67446b423a8473f71088acb8b4,no_edit_found,
MB-7c57a484256d,sha256:7c57a484256d47f86ab269293db1bb3624ab5233e5e2686ab357fc7c0c4d1a49,no_edit_found,
MB-7c60ef38452a,sha256:7c60ef38452ae7d9c20ec0bbd4a05b56ee2f8d31102789b3f63202912cb1d63d,no_edit_found,
MB-7c6991d77f37,sha256:7c6991d77f37811b934fccd3ea442d9775f748bf1f980bcc6b8047b03330d892,no_edit_found,
MB-7c6aed087bf5,sha256:7c6aed087bf50edf15b6a52928c5a8125a41232de1e0dcd6bd0bee9e65cacd26,no_edit_found,
MB-7c6f7f029044,sha256:7c6f7f0290448e3202eb04892f56c4fa1d4a7b0bd4facd3fc57be7ba00fa34c4,no_edit_found,
MB-7c73e046e477,sha256:7c73e046e4773d63b21aa002001fb9c0a3d0dbad849e2f7dec6178cbe8d8e266,no_edit_found,
MB-7c8595d5df27,sha256:7c8595d5df27ce8593903396e3a31fd75243633a9434f6f0f83b0f25aad071ae,no_edit_found,
MB-7c96bb09b855,sha256:7c96bb09b85546073d52664716f58a3546cb24ee442d6c1556d1112258dd8e15,no_edit_found,
MB-7c9ea2057667,sha256:7c9ea205766702bab9a7ac7c6d0a5be8ccd6e6b0e4bfb3f5232b56c50bfa2c0b,no_edit_found,
MB-7cb7f54dadec,sha256:7cb7f54dadeceacebaa5a9cb36431ee1c81c35301a2b0c9c4233c999bc010040,no_edit_found,
MB-7cbf58e14b23,sha256:7cbf58e14b239626114896c41af2f3f1972ca86e42c0f7493fadddcfbb02a386,no_edit_found,
MB-7cc85535b2ec,sha256:7cc85535b2ec6310cea533fa8856b299c3227ae011418360100e79bf189de594,no_edit_found,
MB-7cca19e4332e,sha256:7cca19e4332eb6e228627d3ee5ed26d4a8eb31684fe087446cb470fef4a78f43,edited,invalid
MB-7cd1043123b5,sha256:7cd1043123b5b2557bb496378b962d8be792fdde392513250758e74065633f38,no_edit_found,
MB-7cd145a240d4,sha256:7cd145a240d4a7184c7bc0b90712d92da8b79348ab21f8f00a0b4fd1349d1d43,no_edit_found,
MB-7cd6ef184d5d,sha256:7cd6ef184d5d88712bfa00084115b50ea65f9f6b76279ae12274136dde03ab9f,no_edit_found,
MB-7cdd3a3eaf38,sha256:7cdd3a3eaf380766ff783d0172ad090b559700c6b7bac3138ca5b8bcf199dffe,no_edit_found,
MB-7cf3cb41326e,sha256:7cf3cb41326eaac76752ad8463836b98c4693de24f9bce12ad639b242a544673,no_edit_found,
MB-7cf64d908e07,sha256:7cf64d908e070ebc2272166b5eeaacd27367fdb2ce20de0cc58cdcecc692f157,no_edit_found,
MB-7cf7c29957bc,sha256:7cf7c29957bcb1e57d155a9467684974adbbafea1a459bd0aa8be7c03dbd6acf,no_edit_found,
MB-7cf8d4337920,sha256:7cf8d43379200df9091052f8a1deefb9e2a4d7796675ecbfab66dc7be6d59a02,no_edit_found,
MB-7cfd35ef9788,sha256:7cfd35ef978895c965c9813f840e4862b65bc6877702c136e78d1d64c1ab509c,no_edit_found,
MB-7d02100aad0e,sha256:7d02100aad0efea0cefe2952ab2c459f86da6fdc599ba5efa13b122042c279ef,no_edit_found,
MB-7d0a9899dd28,sha256:7d0a9899dd28d1e09d315caab248254ac47c76b94afc2905c048b39faf26819b,no_edit_found,
MB-7d0c7049044c,sha256:7d0c7049044cdf861c2430a664fb572ea8b275cd9a06d0129b0e7d030a060196,no_edit_found,
MB-7d1ad35778f7,sha256:7d1ad35778f7183de5d77532cd7b76ba7dd169f946d6370505e6173689b3b7f6,no_edit_found,
MB-7d1bfac986f3,sha256:7d1bfac986f356661c8f141acaaa2bd01c9e98996893b0e1181222e341219c33,no_edit_found,
MB-7d2015d854b2,sha256:7d2015d854b2de6203c5fb2220c7a8a91753fe01e9cd8b9a1424e60f162699cb,no_edit_found,
MB-7d2ba28021f6,sha256:7d2ba28021f678ac1df0481c85b74ba1e3174dbd91e38c0fd96a7bc8925e21d2,no_edit_found,
MB-7d2df7493a5d,sha256:7d2df7493a5d85a800f75c57db8500b3b8bb5f239d603bb5ef57a0f2cbd59f91,no_edit_found,
MB-7d30404ab93f,sha256:7d30404ab93f997fa90907aaefee026636f696c3fb046a359e140b169cfdd01a,no_edit_found,
MB-7d3c78ab7fda,sha256:7d3c78ab7fda01cecc6f9dfe206b69adb67efd722cdcbae775e97b21e36b8dd1,no_edit_found,
MB-7d3d1b957899,sha256:7d3d1b957899e41c96f4701a01dc2063fb1a3601a02360323d5c8adc1d79d1dc,edited,change
MB-7d4c3133252c,sha256:7d4c3133252cca9a1b99e5372ee914a57c2785c2c537333f0b875a12a4759dfb,no_edit_found,
MB-7d5ff627db14,sha256:7d5ff627db14f7db9a54988a5121ade72760eb40c9f994eaa197970a4480dd9d,no_edit_found,
MB-7d62ec7e0dbc,sha256:7d62ec7e0dbc03ac15cb2ac80dae43621963fe55df9262de41b9f0326b808552,edited,invalid
MB-7d647aa73582,sha256:7d647aa735825af863864423fc42808d1045b6696aeb0989a15fb28cd8a50fd0,no_edit_found,
MB-7d919e7e6301,sha256:7d919e7e630197b4864938af1db2e4fdc3613d4a22b63964bc7c706f7fc44532,no_edit_found,
MB-7d981da92805,sha256:7d981da92805196944f75b755c1968675ba0300654d38a3f048c707082bf97b4,no_edit_found,
MB-7d9f5f9643e3,sha256:7d9f5f9643e3b80253085010068908966386c033aa4151500483f7370f2fdc94,no_edit_found,
MB-7da0c15d806b,sha256:7da0c15d806ba0ee10904710a383b99db76316f11b16adde38c110378bbe160b,no_edit_found,
MB-7db3dce9cf1e,sha256:7db3dce9cf1e3e0227f24adca7e0b0c12f2f2c1ea1f6742091404233ecd98c18,no_edit_found,
MB-7db527fbbd03,sha256:7db527fbbd0363e472c102d7c43c7dd1d984e09469ec2330d577f810d2a7ec17,no_edit_found,
MB-7db7b3cb528c,sha256:7db7b3cb528ca0a3e475251701442b1365791b42c4b4239ba5697c1fb10a2e34,no_edit_found,
MB-7dc754f67349,sha256:7dc754f673490482ffc98cfafaf2e8252160b8081bb9b76ffa699c5311543aa8,no_edit_found,
MB-7dca64eee330,sha256:7dca64eee33039e5fafa9ceeca5f11b41e84671d8278588546a4462f2a3c5098,no_edit_found,
MB-7dcbf1e89eeb,sha256:7dcbf1e89eeb620cb2692d2af05f439abf89b236ff0fd703665113e14be88fd5,no_edit_found,
MB-7dceddfa6656,sha256:7dceddfa6656aea16efe0aa49f0e2ac20669e838277ff562e1849fb1506f7e96,no_edit_found,
MB-7de731ddfb9a,sha256:7de731ddfb9a40118c015e2258b6752b38e690771f6b8a0a0507a0fb6ad5711d,no_edit_found,
MB-7de773be6814,sha256:7de773be68146b061bc43f72894c9a2498df0cd62557b489f3b6ec2ca38f5764,no_edit_found,
MB-7de91a71eb15,sha256:7de91a71eb15148a3222031b6d0535105230b875f47f434fa8f2236cab231bc6,edited,unchanged
MB-7dec4349aacb,sha256:7dec4349aacb97b66a4d40434f0908d163e9d03521dfed78f0595de522bcd4de,no_edit_found,
MB-7df803eb46df,sha256:7df803eb46df5f5d5fd8f57c38a25708a48614091f1d0a4ed9a0c4ed59d7a212,no_edit_found,
MB-7dfb5ee02f1a,sha256:7dfb5ee02f1ac2794ff4cfa27f476ef83cf06e4b1ad6078192636e1b880e5eb0,no_edit_found,
MB-7dfbf0646476,sha256:7dfbf0646476ad03075ac3184f2c7c8be0a2539f2f039788392f77906a0efc84,edited,unresolved
MB-7dfd30d07525,sha256:7dfd30d07525abd049d08bd61e2f7e850e62e7004eecac9003193c1fe24d4f5a,no_edit_found,
MB-7dff142e9015,sha256:7dff142e901563fe266df5ae14d5ae5cce70bdb2839d19f9ef251819c66f0970,no_edit_found,
MB-7e0ce46cc282,sha256:7e0ce46cc282e59ef717c0ff0f5840dd3a917201e67c2245449ba2ff4701929d,no_edit_found,
MB-7e16411a0ae9,sha256:7e16411a0ae9be58b57ca5b09009f846907cbae2bb0bac3c241ab6e9885ba863,no_edit_found,
MB-7e19d1f4b1b8,sha256:7e19d1f4b1b806ea94cb9a7023ddf02aa53265b96a36cc86f7d97c5fcf934432,no_edit_found,
MB-7e1c9162c150,sha256:7e1c9162c15096f6012b733d65a8c61fff54afb2f34a82669867dc494a0215d1,no_edit_found,
MB-7e1f63d49628,sha256:7e1f63d4962800d0be693b5b2e244a93d86926115963c5594dabf343985be10b,no_edit_found,
MB-7e24a12ed004,sha256:7e24a12ed00449f2b977c2242806e68d4e3b789eb5f46e98d24bcd40b94a0127,no_edit_found,
MB-7e28ff1ff1e0,sha256:7e28ff1ff1e07b361bdf9f6e226b859372108626cbc31cb0361e396e94276416,no_edit_found,
MB-7e3c14e789d2,sha256:7e3c14e789d23c4d29eff8db33423c67a622c405393fad8865f7294b6dbdca02,no_edit_found,
MB-7e4a4e2698ed,sha256:7e4a4e2698ed989168e1477a53a9557a83a92a74c6047b6c132ed09a928807df,no_edit_found,
MB-7e4fe9b56f50,sha256:7e4fe9b56f505a74678e2b954930c792269df4841e6a49a0e297c4f469bb638d,no_edit_found,
MB-7e50f56fd3de,sha256:7e50f56fd3de5fb035c7904474d11171391920086f79ac64b9916cd4d2f33d72,no_edit_found,
MB-7e51d3959b5e,sha256:7e51d3959b5e1f4274d35f801c169ccd37a359f4bd26833e6aec76ced1cdff12,no_edit_found,
MB-7e561ad4bd91,sha256:7e561ad4bd91ee05fb23d1378f6fa4315bd448f7f47c0e69fad70b5945f1a4f2,no_edit_found,
MB-7e562e9434fa,sha256:7e562e9434facbba194440fa371e6ab5a61f446c6bed81e2e95eef82213c20fc,no_edit_found,
MB-7e6114981e95,sha256:7e6114981e953bc6860112faf871708fcf57789b1564018d0ce15f6962bd0d48,no_edit_found,
MB-7e62400a6d18,sha256:7e62400a6d1878c0fb95df95ee1cd00a2370cb07b649b14ca84d030c31373e93,edited,invalid
MB-7e630b4a3718,sha256:7e630b4a3718ee677ebc79738cb31947c717fe16265401beb953ee1f20318849,no_edit_found,
MB-7e64dbc93d24,sha256:7e64dbc93d2422b851878e7fee2f25ae3d935c902dbd343e1bbd5b113ccee6cd,no_edit_found,
MB-7e6ae11ffb3e,sha256:7e6ae11ffb3e77a3767db89fdd05bbd49725836fe6be165caeded11a1e5109c6,no_edit_found,
MB-7e727b1ee67f,sha256:7e727b1ee67f2e470ece38b609f950b332d64d8c4ba4f89f7f66d584444db85f,edited,change
MB-7e7b45232b89,sha256:7e7b45232b89c35239289a1f24106b6b308a9cfdb95904c47dec043889358604,no_edit_found,
MB-7e7c4b7c2e9d,sha256:7e7c4b7c2e9de3ed7ecd6ad143ede168d87ac56653f1d40a99f00e11913a2b79,no_edit_found,
MB-7e83da90ef02,sha256:7e83da90ef021a3e3aab1148f96866e98da0265ab22f08f45b2e652caeb9b4a0,no_edit_found,
MB-7e846da09b1b,sha256:7e846da09b1b0eb7269f2a01c279a8c384aa6e7440d0896b396234012546d68c,no_edit_found,
MB-7e86be193295,sha256:7e86be1932952939feab29ad2b38fb6ff48d9fad4856a2b6f494e15f39921a9e,no_edit_found,
MB-7e8fb5b601b6,sha256:7e8fb5b601b66b21baa7baea3618c9d599afe6d3b435b9952ac651ad8c0d4cda,no_edit_found,
MB-7e926578837e,sha256:7e926578837edc8f8a24195d8a02bfc3f3a117458e0ab1ceafbcb2f713ca3a26,no_edit_found,
MB-7e97811dc551,sha256:7e97811dc55146bd79a167bba452c2f08a8d6616e9fae189b79760985954c1fe,no_edit_found,
MB-7e9e593e5b16,sha256:7e9e593e5b1612f6813ff6e7385e69d68f71aa7463155035db5d2652654bcf59,no_edit_found,
MB-7eb366c1765f,sha256:7eb366c1765f17ac8a2d9ca9e353f84ffab18e48edea9d40110fc3e05a293d9f,no_edit_found,
MB-7eb6846b8d72,sha256:7eb6846b8d72c58184179f5af1e333ff8531ac64e1817e44d3162820b79067c3,no_edit_found,
MB-7eca92004852,sha256:7eca920048523a0c484b2e0249885545ef7f0cb6f5705dfff954f59467a52589,no_edit_found,
MB-7ecdd0be9877,sha256:7ecdd0be98779b6912561b2e4adae25c902aef8bc11fd9337d3c97a0faa132a4,no_edit_found,
MB-7ed12a2474cf,sha256:7ed12a2474cf54ff12643faaf05d704b04adebe130f0301dde779bc44892ff36,no_edit_found,
MB-7ed8028313b5,sha256:7ed8028313b5e3fb09a5c8c43c76f5a9c4818faf03de3bf9b6ec237a33fe3551,no_edit_found,
MB-7ed85286600e,sha256:7ed85286600e7dba7bbc1e5f97bb8211dfb4f98ad24c4ce4251b2d25e687e91f,no_edit_found,
MB-7edd421c478c,sha256:7edd421c478cd13cd4d2ac8faa05437da402d944d8737a90f6a8316e724162cc,no_edit_found,
MB-7ee7053aacf1,sha256:7ee7053aacf1563d2510a52fb96b4e9b4826dafd280dc5c0a2083cea27e988c0,no_edit_found,
MB-7eea78874590,sha256:7eea788745908c6ff8b4d0dc4982082281be9a4c0afb5ecffaaabbb9717512bc,no_edit_found,
MB-7eee6832f580,sha256:7eee6832f580efbcea343bce2b3796c4d1130d6def47c8eee616b1b223c66ffa,no_edit_found,
MB-7ef35dfd3635,sha256:7ef35dfd3635f4ea28160d06946804ceffb60063d134c842928cd295c43f39e1,no_edit_found,
MB-7f1e83e513b6,sha256:7f1e83e513b66dbc101e313146dc30554ad96ba5137c97067afe0b5032e1e512,no_edit_found,
MB-7f28472e4432,sha256:7f28472e443201c3bbbc505d36d0b73d8d23031d0e250b7237fe475c22c874ba,no_edit_found,
MB-7f295a244bbd,sha256:7f295a244bbd57119ece5432422cc20f5cd0b4a2e40c009672aad32d2ce0fff4,edited,unchanged
MB-7f2f2c6be42f,sha256:7f2f2c6be42f5ab19ee7dec5eedc4afb500dfdccace56a437cdbdcb7fc54a48e,no_edit_found,
MB-7f4a2c3775c8,sha256:7f4a2c3775c8570fde0a9238f2c2ee80ec7ebfd88967cf3f9de9fbab87312753,no_edit_found,
MB-7f4e976daaa0,sha256:7f4e976daaa091560e1440d473f087560838548099024e9412caa7ae29073690,no_edit_found,
MB-7f59f8079a15,sha256:7f59f8079a15b52645fd65ecb3184b9e10bd32c49c2752a69c46e27de35c4aa9,no_edit_found,
MB-7f67ae573c7e,sha256:7f67ae573c7e29ae63363e732fccf029c4e83f4fa7d99c853cf3ed407344a713,no_edit_found,
MB-7f7419f3e435,sha256:7f7419f3e4355a5dff5d849c6e0802ff8c13ca61632688a3653d5d5a2d678e25,edited,unchanged
MB-7f7de1329295,sha256:7f7de1329295f2acd9436b00db6e0e810fc1dc9a2de4fac50cc3dd52a5fddccf,no_edit_found,
MB-7f7f61a57b48,sha256:7f7f61a57b48c2ca61c3121766ceb2bbb20909dd3f5bcb328bc2d5efdb5d0068,no_edit_found,
MB-7f8b38a3a037,sha256:7f8b38a3a03718f8839179c81e82ceda9dd8177f06ebac330800ba281fe8aa16,no_edit_found,
MB-7f8b3c249297,sha256:7f8b3c2492977b5080f12e73fb0bdfc880694673ddd890125dc50e6f5fb10891,no_edit_found,
MB-7f8f9ee7516e,sha256:7f8f9ee7516e4fe4dea8b313b73e3d2f9c275b1bd2d9a9861136ff93126f53ea,no_edit_found,
MB-7f96e18d7b60,sha256:7f96e18d7b603620fcf1c58e0df1c32fc14265e827882af644581712f7224b01,no_edit_found,
MB-7f9ff2d370e5,sha256:7f9ff2d370e56f249174f34e6f58831b44eb4ded2a6f47c3467c0df1df81e6d6,no_edit_found,
MB-7fafc10d080d,sha256:7fafc10d080d46325b07fc140d8c0b9625e06e82932ca11c13e774a8e6d69033,no_edit_found,
MB-7fc62f05b293,sha256:7fc62f05b293da07062c90846670ec14062590135f34863d313eb0b6bdd1d5c4,no_edit_found,
MB-7fc785f7a7b8,sha256:7fc785f7a7b837a05fd133b17080c663e24f284bf0aec48c1df0689167f40b79,no_edit_found,
MB-7fc8b06a8786,sha256:7fc8b06a87866460069ef15369200d44136cfeee995467690c5c1e1f6682a98c,no_edit_found,
MB-7fcf404faeef,sha256:7fcf404faeefa1b7a354b950af19bb247a6423623d9d55ca2b6d25ba108eb9c4,no_edit_found,
MB-7fd96aa62866,sha256:7fd96aa628668b0a6389ec3071709d335fef7450f38cbb8d21c706a42eaef7a4,no_edit_found,
MB-7fdb4da76eac,sha256:7fdb4da76eac8ce54ccad2a323ccea20e2123429de11022f6ab50a8141914173,no_edit_found,
MB-7fdee6a4f723,sha256:7fdee6a4f723c8c6860845a413d0147b1ad35aef6fe2d3e432bc1579294a44bf,no_edit_found,
MB-7ff16ec590ec,sha256:7ff16ec590ec497d8a6927e4e1105ab479efcb7bd0aa34d934bde2af199fd18e,no_edit_found,
MB-7ff1990a5bda,sha256:7ff1990a5bda97caada818efd35fbd57b0547f1e46f55a911d3e322729ee015c,no_edit_found,
MB-7ff3a417ae4e,sha256:7ff3a417ae4efc4d2f26ec13d91f2f23e85393fa70d09d08a94d6aa111564ce7,no_edit_found,
MB-8012a0a15668,sha256:8012a0a15668014cb0c3d70a7168410a543edd12998e39c55920632cf10c392a,no_edit_found,
MB-8017ae3e9e8f,sha256:8017ae3e9e8ff14463c046038bf966fd2b62eed8e0ea7cc572368257982d8712,no_edit_found,
MB-80299b06f637,sha256:80299b06f63726ed279336336fc7e714731d65d3055ace444ce77181cbc7ba77,no_edit_found,
MB-803729bd3453,sha256:803729bd34532fc9da3e86c7ddb0a17d09e7125f03ac78283926d1b4da9fd98f,edited,invalid
MB-804673f667d1,sha256:804673f667d1b563f09b7b994f9a0222ced7ba1b8b87a3e8c657f4b3eb1704fd,no_edit_found,
MB-804a75aee845,sha256:804a75aee845908218120aed94ea4e03ebe69746058e08477ee80177496254a1,no_edit_found,
MB-804b250d43dd,sha256:804b250d43dd1657b5ad2d39d937221c989898dd2c7c0db8a9102dead77f074e,no_edit_found,
MB-80512ad70eb3,sha256:80512ad70eb3fb9d3e0c9258c872314440a25fd0c5593d9d40e1fe37218512bc,no_edit_found,
MB-805a329956ce,sha256:805a329956cee65c140135edf34cb22633c61a6d3ebbaac9663f99dbbbdaff8c,no_edit_found,
MB-805cfda5cc0c,sha256:805cfda5cc0cbef01eb670246cee4127696f249558bd8377a27d0b61e4280d4d,edited,unchanged
MB-807e70444938,sha256:807e70444938fd3aadf4337c8c3283e2a99db47ae82b4d2f46e8ec80c42fe6f4,no_edit_found,
MB-807efc5dbade,sha256:807efc5dbade5fd4afbe83c0032e6dad2b58790e9029c36eed6ab76676b4215b,no_edit_found,
MB-8082873ed879,sha256:8082873ed8796d588c89b2ad41f9b33f7f9a164a8ba078bcb1f52f6f9379a8f9,no_edit_found,
MB-808b3b72dae6,sha256:808b3b72dae675ea8f6f9c8aa39209b1d78793d0e051a65610e7f2c0ce861c71,no_edit_found,
MB-8092da3d0fd1,sha256:8092da3d0fd11280e0b6b59a2edc807627fa7fea2b3d40c83a317746be4eddf6,no_edit_found,
MB-809463430e26,sha256:809463430e2634da0c99580d540b76264bcfebad41109ec16c55fcced7fee49e,no_edit_found,
MB-809a6a6a073f,sha256:809a6a6a073fea557be47589cbe70f826c3ddd4d560723088c2683f837ea99b5,no_edit_found,
MB-809bf515c318,sha256:809bf515c31804343c21c9c2655fc395fe9943a84bd6aaade979099af0b65f99,no_edit_found,
MB-80a385d3d6cb,sha256:80a385d3d6cb9c986f083c827804780ca523e0f4cfbf0f47a0edc15054bb3224,no_edit_found,
MB-80a81db5c870,sha256:80a81db5c87028b73cd567ff91e25e3e92afd2a943421766c693c2402f542dfb,no_edit_found,
MB-80abedd47263,sha256:80abedd472637017e54f27f9150deee04fcfd81bb7d6bfd9d563c748041e350c,no_edit_found,
MB-80ac089512b3,sha256:80ac089512b3525cb92a8cce8a2a102eb88f8429232aedc2950c2a363b584658,edited,invalid
MB-80ac8d25f424,sha256:80ac8d25f4242af4ccc34ffc4d80711fd91acea55388d2a4ba7ec672ecaf287e,no_edit_found,
MB-80ae003fb5ff,sha256:80ae003fb5ffea77e523fcf9b6e5d3a265dbfe68ea9fa60d0e783737526f27d8,no_edit_found,
MB-80aff709b29b,sha256:80aff709b29bc1ec50d9c8ab8c4f1847d9f30af031a47b4e2bfdda08d42d9c8d,no_edit_found,
MB-80b485fda45e,sha256:80b485fda45e3600f87f5723daf20bd6457f5c244492c30356d5d782ec8ed83a,no_edit_found,
MB-80b614ab420c,sha256:80b614ab420c6cf05883278ebbe28ab3c3997c91bbbbae7705218c32beb38678,no_edit_found,
MB-80ba8f85434b,sha256:80ba8f85434bcb7eddac5886d5c88a4f72055bd3c9cc791c7e8dc6ba36b94085,no_edit_found,
MB-80ca62bf7079,sha256:80ca62bf7079f16c41a8ac559fb2d5b6bc6ec43fa4444938eb708b8bd27506fb,no_edit_found,
MB-80cf2c99789a,sha256:80cf2c99789ad67d39ce72408fa54c926ce8a421c5fde8083e4ea5d0869bc1ff,no_edit_found,
MB-80d095d9bea2,sha256:80d095d9bea2716c91a3a202d7d8d9ebc058750485fb72beddc97db8a7773ee3,no_edit_found,
MB-80d3d2b54b8d,sha256:80d3d2b54b8d422eb3d9cee0c5a1b831e05d5812e546ce6e75cc9fb2194ece23,no_edit_found,
MB-80d47c74e82a,sha256:80d47c74e82a62ab865f59b9d157ef34e31fa6256726be142acd5161835b1f52,no_edit_found,
MB-80d7727ad18f,sha256:80d7727ad18f5cdad742fd2d8e581fe3440f4115149de22b5ea556e32e13cb2d,no_edit_found,
MB-80dac5f6980a,sha256:80dac5f6980a68fb7a2b5dcb137785b2a5f923ee0437087fa2cee9b83243515c,no_edit_found,
MB-80e05ee3c4c6,sha256:80e05ee3c4c6e3557e00b9b78a2f66fa4558971516815329292f1581aac26ab8,no_edit_found,
MB-80ea9893f81b,sha256:80ea9893f81b6cc57edf547c76e817fa62844b570e35a1939d4a1b60e697f0b6,no_edit_found,
MB-80f5d74d17d7,sha256:80f5d74d17d745d2e0150093671b0f456bc194cfaffd783f227723cb5fdc1171,no_edit_found,
MB-80ff27420de2,sha256:80ff27420de26d6ecd58576918e86a9d2b8b351077b5d8c80b624c906aa91270,no_edit_found,
MB-810563620c54,sha256:810563620c54e25c000fb906a77334a9ff8b057328f5f7e3c724a2ffd6c374b7,no_edit_found,
MB-8130e1427164,sha256:8130e142716475fc86263578dd20589879cd8115e8181f30c97bb4859d79b59c,no_edit_found,
MB-81317e6c81f3,sha256:81317e6c81f36faab0f8e1e821b6c710adb0e7c6d441cd77932661af63c4722f,edited,unchanged
MB-8134f3b09a7e,sha256:8134f3b09a7e7cb543ced211c5baa07fdf90b78d11de5352bdd1b0ed43e04e96,no_edit_found,
MB-8135428c33be,sha256:8135428c33be91448ba9650ea0820ed621eeec0f35b718372a2b99be706634a6,no_edit_found,
MB-813806a16a23,sha256:813806a16a23a4f1c8a96d192d4e0256d4fa961e281f8f015070f5374efc06f4,no_edit_found,
MB-81510eb87a36,sha256:81510eb87a367a0e3ef931f977d69ad385019e5f070a5ff003a47a89087c58b5,no_edit_found,
MB-815fbce19866,sha256:815fbce1986631697e91ccbd06da084fccdd7cfbd3a4f9e3a57d038936a60957,edited,unchanged
MB-816a0acbe0eb,sha256:816a0acbe0eb5aa9a732beb9475f62a4042c1398da6d604a1ee8b79363fe8713,no_edit_found,
MB-816bcc9f3e76,sha256:816bcc9f3e76eb92588b8f109f671ec0fa7a99b8b5c1145fbe8d97414c32fe9a,no_edit_found,
MB-816f33bfe75d,sha256:816f33bfe75d857fd794f7ad3b8dea0d7e78833966f8423e435a078b4fa8f000,no_edit_found,
MB-817319f224da,sha256:817319f224da7fe73987c1b54260777939802d2c722a6fbc35230e27c8cc2ec9,edited,invalid
MB-81757dbb811c,sha256:81757dbb811c8ba6e792fef452df4e22287a9941bc8b2b575a1fd2fd95d5363c,no_edit_found,
MB-818963f2cc78,sha256:818963f2cc78c6eb319b162c904c7b3102a3ad4953df38d881660ae3958545f6,no_edit_found,
MB-818cb5313035,sha256:818cb53130355f56033bc030386e3b126a70d11735647cb60b2166f177e0f7ec,no_edit_found,
MB-8193cd3957fd,sha256:8193cd3957fdc74a662ae855a87b0f26d64ce730069f410c7eacf92366cf5b3e,no_edit_found,
MB-81a7bc292af5,sha256:81a7bc292af59b11666563fb1efce6f4be8f26fd44924560ccead12adb173e76,no_edit_found,
MB-81af24713fa8,sha256:81af24713fa84f508c50345be4aa400718c09e04a7362599bce457a313f1ba40,no_edit_found,
MB-81b6c2a90dec,sha256:81b6c2a90dec51b0cb7f5758d300b34e0bed6db348235c465341edc0ffc7e38d,no_edit_found,
MB-81c9ed3be0e7,sha256:81c9ed3be0e77f658d8738402becaf279f2adea65b9f317c705e8949a6d5cd50,no_edit_found,
MB-81cee9f5deeb,sha256:81cee9f5deeb5645eee3d3199aa3588848e010aa547b82773be4ca958ea4397d,edited,unchanged
MB-81de8795ff8f,sha256:81de8795ff8fd318c802c610f7daf4ac0da6c970b17ef2fe263869b7fb1aa561,no_edit_found,
MB-81e8128f69fa,sha256:81e8128f69faada755313cd5e3a3e23a8fdaaf0076fc5019381b660001b1858f,no_edit_found,
MB-81f0bce9f5ed,sha256:81f0bce9f5ed579e62347ffc0d2b9f7bf2f8be255204d7cd7832e53a2761f02b,no_edit_found,
MB-81fc3f1aa657,sha256:81fc3f1aa657d234cf9f5837e3c679aa09d7a764ac581646455f9e6623d9db58,no_edit_found,
MB-81fdbb9bbd67,sha256:81fdbb9bbd67d860c9e09326069191136ac7b3abafd66e59d3f3668c58efa508,no_edit_found,
MB-82021143fef5,sha256:82021143fef577d88363f8281abb11b43183b15a3f33dba01800316d0a73b49b,no_edit_found,
MB-82030722ed47,sha256:82030722ed47917f38c0c87b5c5a4548d889d175cbe8aa8bae46c613533bdc73,no_edit_found,
MB-8204c1a48272,sha256:8204c1a482729256139d49324a2249f9186dcb4066cc8cb493577eae3c3b14de,no_edit_found,
MB-82082173e12a,sha256:82082173e12a758d489f25e03a112d1ad2f93e152ae71654860af3c088f79424,no_edit_found,
MB-820904d6d675,sha256:820904d6d675d15b2641c046df42134f931426730240bf9f645d2d0ceb038c0e,no_edit_found,
MB-821095230b38,sha256:821095230b3869fc9fb1ecc9cc9551d3b0d638b06f5695c521724af2b2f17d3c,no_edit_found,
MB-821777e95c63,sha256:821777e95c6336ec2346b99317ba377a5b85e597aa98b2e88b34ed390c223c03,no_edit_found,
MB-82187017dc2d,sha256:82187017dc2d1794642d401d50453d648a1cf3fcca783afdd4f1e3dbe18bf61b,no_edit_found,
MB-82234993a96f,sha256:82234993a96f153d4d444948bc37087cb479818d483d22cac4c2b8f7080168c8,no_edit_found,
MB-822758b84f23,sha256:822758b84f23d8924115c0eee821b0b63d7f5991b4ac989ab15d977ae87ce48c,no_edit_found,
MB-822a69befd68,sha256:822a69befd68ed4115af702ede843f0446aac5341241010fd1eddf8c6b4418ae,edited,unchanged
MB-823142c64fdf,sha256:823142c64fdf267c55a8307f957b470e4c0310e7d66a7845f852407a9eaa7cd3,no_edit_found,
MB-823bb5c8e74e,sha256:823bb5c8e74e340dd08dd7e8b45c43d64a47c0f45a37818c1f5ca136c8a9fc8f,no_edit_found,
MB-823eddecef83,sha256:823eddecef83298e68d933443773e5ca812a82997438de2f9512ebaa6c3cbfcb,no_edit_found,
MB-824a532d495b,sha256:824a532d495b677baed290fe8dc99a50ac48ecb3d6b675daecdb403411704202,no_edit_found,
MB-825ab918fbc1,sha256:825ab918fbc1461698f381e401e49e0d6e0410af6cad671ef2913f01201495fc,no_edit_found,
MB-825eeb7a426d,sha256:825eeb7a426d79ebc1999d56d57f6f945648e3068e6a3fe7864c1ce598850f1d,no_edit_found,
MB-826677fdacb0,sha256:826677fdacb0ac01b036e090ed61e9c0618e71d38c7f9843798547dbe0b3f35d,no_edit_found,
MB-827f80d04043,sha256:827f80d0404387a2b0aa1aa57612495dfd068eaf158c76182284dab02938a94d,no_edit_found,
MB-8285158a6444,sha256:8285158a644491e30037ce87089a1d476b1ee992c11dfbda7db865214db153b2,no_edit_found,
MB-828b1ca5c9c0,sha256:828b1ca5c9c0b0ace70988c42ee4e66e8b5892e5cb2a6dbcadf915e1938e3897,no_edit_found,
MB-82915ba7e57c,sha256:82915ba7e57c881b58ffd4df6894d5c083905ceda4c589b797123a8b1d42b561,no_edit_found,
MB-829499f3129e,sha256:829499f3129e95ed651e31e2adcec897da2f3e137699d87695653b8c5f0fa3c2,no_edit_found,
MB-82a26855d590,sha256:82a26855d590c4f111559d35f2b2a63b87095659e2ec58d38e6d187f2ac78e94,no_edit_found,
MB-82aa53ba05b1,sha256:82aa53ba05b1c171b8f81883d88fe5f1021365d5e2140a7ae2d5cb724699f13b,no_edit_found,
MB-82af2d14b0ef,sha256:82af2d14b0ef1c05e885e899f81ede1f9078252203d8617a0061aeda29bd6c68,no_edit_found,
MB-82b145ecff46,sha256:82b145ecff46fde081f0bf3a0eaa68671a8fd88634c5f30b24c13ccd46467cde,no_edit_found,
MB-82b4206567ae,sha256:82b4206567ae1bdb8406932a04b57b5e7e259bdfe4a032878959e56dc1877e3f,no_edit_found,
MB-82b52431fe91,sha256:82b52431fe91dacd0aa001b6004883f001bf9703d5004749ba134aa6689996e1,no_edit_found,
MB-82b9d65c8cdf,sha256:82b9d65c8cdf5d2cb932bda54b2e9ca3bf23772e7544cd207668332e76e9fa80,no_edit_found,
MB-82babed096e8,sha256:82babed096e8ceab97355159dfd3bb54220de8bec6bd8840c456e50fcbfcdd35,no_edit_found,
MB-82be152bcf0a,sha256:82be152bcf0ad20c9560ecb3c7f23e59eb7f523925b89880f8f2f5dc3358f016,no_edit_found,
MB-82bfd24f85dd,sha256:82bfd24f85ddc60254a8afb3706bc9d23100f2bedccf05144cb85f4b9f8c49db,no_edit_found,
MB-82cec7cc2db8,sha256:82cec7cc2db8d09b0d6ff07b700889c7d2abd7dea6153756e4eb351c7e49b916,no_edit_found,
MB-82d1fa235395,sha256:82d1fa23539587abf6725d88dbd1b0c5db6c00fb7aaa5c12327bd86aee5e8107,no_edit_found,
MB-82d32b857d66,sha256:82d32b857d66582b759b350793c64d3b266aab5872abd42a429b0ca188afa889,no_edit_found,
MB-82d456699d7c,sha256:82d456699d7c8425f5188d48b25ee7991425e7a46ba2b28fe6fee1c0db7b0b2b,no_edit_found,
MB-82d59f3b315c,sha256:82d59f3b315c5cd039e43619554c36e2043fcc84f503ae0069c4c1a0cdf696b0,no_edit_found,
MB-82e561721d5d,sha256:82e561721d5d890407718b21d813d87feae82ff010b826f5fa4de43b08a404c6,no_edit_found,
MB-82ef84dde998,sha256:82ef84dde9985980cf2f543f0c0690d264451f093a12cab2c516b892dc623b20,no_edit_found,
MB-8301b672421c,sha256:8301b672421c834a4787670f3835a8da9f340777ab872b40645dc10e01094341,no_edit_found,
MB-831418642204,sha256:8314186422048a45da1e5a964997387627491dd7d051d5d8a5bdb0730482ebbf,no_edit_found,
MB-83158f325d3d,sha256:83158f325d3d8d5d737e01e1f71ec1dd7dade2620610bfc425cd0080e3c5b267,no_edit_found,
MB-8317b2ff1bab,sha256:8317b2ff1bab8caaf3ae3420b86e2b3652376d5684c87a54f87a5435ded08b4d,no_edit_found,
MB-8317ef8020d3,sha256:8317ef8020d3b974834361280e8155434cf58b525f3af056bee16030080816be,no_edit_found,
MB-831a8056b314,sha256:831a8056b314e79d65628f16f3c8cfa8afec9a33be801c3c97be34f22a163766,no_edit_found,
MB-8324985638cb,sha256:8324985638cb79ccf66d33b36e9ea5ad5ed0dc5150008c894477cb1afd74e491,no_edit_found,
MB-83276e783791,sha256:83276e78379196994b95eedf48996b97fe8fe59503ada812581bd1c13479a432,no_edit_found,
MB-832870513370,sha256:8328705133705069d102f9cfdcb4368397048ce455becc24242312c23da67e2e,no_edit_found,
MB-8337fd773cd1,sha256:8337fd773cd1f67f8bb6e8388d17def5b306b78607ee938be1072b8d24d93249,edited,unchanged
MB-833c52b09b11,sha256:833c52b09b11273a5da4bdd20d9a3d74f8990b67576b785824ba94643c0f4127,no_edit_found,
MB-83402fc9af3c,sha256:83402fc9af3c0d5f85cbd58fb106ddd07f8faf28822872fe43e5422a7a01927b,no_edit_found,
MB-8340e2ef6df1,sha256:8340e2ef6df125bbcaf8b52d29a47a8b644c1fadfa3a30ca181f1935f3200b19,no_edit_found,
MB-8342230f2895,sha256:8342230f2895008ab50b42f26b17066bb282d47aa997f1bd692d288bb8b8005c,no_edit_found,
MB-834272454570,sha256:8342724545706e74d7826e401cdd3a7338f4b9067ac5fe8f5f0828ccc93afe5b,no_edit_found,
MB-83447ac9d491,sha256:83447ac9d4911d8041dd661f98b208f7856cd0e941e9ec80ec3a63c3c65f93a1,no_edit_found,
MB-834901eb783c,sha256:834901eb783c9ffa7ea1703c088a5466d7e3136d6ca4210fb0e7e5a7a00e89a4,no_edit_found,
MB-8356003a8cdf,sha256:8356003a8cdfee767695f64d4d4dffad578b34f8769c8b4d6ff62a9d6c5ff479,no_edit_found,
MB-8356dec8325c,sha256:8356dec8325c11a284142552ea37f003a0ba0738537c6e82f00fb5738ce95a71,no_edit_found,
MB-83570a71a98d,sha256:83570a71a98d704fc52eb260fca23cf2bcc20212ba500100a837786c986159b6,no_edit_found,
MB-8358b59a4d35,sha256:8358b59a4d3536b41d33968f3de8f01734d26ec9962ca3637181b5ad282cb503,edited,invalid
MB-8363d705af91,sha256:8363d705af919c4f2e29b22291116a0f279ec64b1c5a0ed6a75dc0428fa4a585,no_edit_found,
MB-836bbd42ab49,sha256:836bbd42ab492273b98f889e26b0b595510e7340ed98d3ae10b25d969dcc0679,no_edit_found,
MB-8376a9de9eb1,sha256:8376a9de9eb1a852cd07c43013b36f90ac56cd42ea64d8137f87554fc49d52a5,no_edit_found,
MB-83777eb85c65,sha256:83777eb85c65f8a4292e1d0ac45a69b12cd18d023c8a5c13351a82fa39b8bc04,no_edit_found,
MB-837936dd7f5a,sha256:837936dd7f5a8b7be04743486dbf50077cb36896c88fe4c3ad45a29a8d87eb72,no_edit_found,
MB-837e3f4732b5,sha256:837e3f4732b585b1835ac32c8da8034366d4a345cf82b72a2746ef95a8e93d2c,no_edit_found,
MB-83803fd0e610,sha256:83803fd0e6108e76b3ef1d0c2cfc018e4eb6e4afa45a4f2b1f255304823e356a,no_edit_found,
MB-8386ace3b5cc,sha256:8386ace3b5ccc9c9626ccc6d26d2b730d8bb3b877fc2c014b7c3b6dba4ba7162,no_edit_found,
MB-838b55fd0188,sha256:838b55fd01880da6bab23106c83a91846bb387bf095fb72bd059585152e224f7,no_edit_found,
MB-8397db8e2136,sha256:8397db8e21361f99946e981a45c4de9a3b757123b59f4b7fdf57090076f24cc9,no_edit_found,
MB-839f6e8f352f,sha256:839f6e8f352f63f7492237eff3770a6408d132612003f2b4bc62794a3138bde0,no_edit_found,
MB-83a4c190d6f3,sha256:83a4c190d6f303537b557bacef8ec60550c377f01d8bdf0d20fe9e7d6050b562,no_edit_found,
MB-83acdb7188e6,sha256:83acdb7188e6dd0fc27a5e893d61a35792b8e3862510425633b97650d23e5e3a,no_edit_found,
MB-83b49db8ede3,sha256:83b49db8ede32335f963f3a4831157e970d0e2357479c95bcd070592b8e3f619,no_edit_found,
MB-83b8a80ca468,sha256:83b8a80ca4686d6f4c918bbc9880e9769cf79f8f15078944d4f9679c4d8874e7,no_edit_found,
MB-83bcd263efa1,sha256:83bcd263efa1177cff8a7cf618b5f4abd87aff81961752c73ff28906af315443,no_edit_found,
MB-83c2972d7f1c,sha256:83c2972d7f1c975c7d741b9c3732bed8bb94e0ef2277cf76d52f0899f5133b43,edited,unchanged
MB-83c81c531b1b,sha256:83c81c531b1b1aa6c6d6acc4a73e385e7ec2e46b254ab6b44f91ad1e2dea2a01,no_edit_found,
MB-83c8cf03b77d,sha256:83c8cf03b77d553240f45769980b676f864f9a69c018c583991910c2e0b39012,no_edit_found,
MB-83dbc7512412,sha256:83dbc75124125275d50c5bf9a33afa35fe4a4e6d5a70b77e7fb3fc0e6b55b401,no_edit_found,
MB-83eaae00f9a5,sha256:83eaae00f9a5c043461ef7fa6e7a1ad644613aa1f86805adf3fd6d1d4c17502d,no_edit_found,
MB-83ee2826522c,sha256:83ee2826522c490337cbd6bb7f20523c1020eddd475aac9174815d8844d64fe6,no_edit_found,
MB-83f45d8e820c,sha256:83f45d8e820c9fe38df2162ebe2d7f8e2efb61ea4c04d557aaf89624f181e13e,no_edit_found,
MB-83fc16a457df,sha256:83fc16a457dfc77a22046eb8daa094aef99bfb7c51b7b64d2416aa1219817b65,no_edit_found,
MB-84041a46748a,sha256:84041a46748a49a5e46a8ce23786d0120e70792a93a8dbda899c4a07be5487a2,no_edit_found,
MB-840902abac7d,sha256:840902abac7ded6e950626a1e6580707206bad3ecb9cd4a9b99553778cc37b5d,edited,unchanged
MB-840fc441b9b7,sha256:840fc441b9b76e8091f6c29a7ef67c73c2603cde045622958c298f2227d998dc,no_edit_found,
MB-84113457c1e5,sha256:84113457c1e5956c53480a43c6ffb49d03240bf9268f3c602989ae230e5e47e0,no_edit_found,
MB-8412ce90085f,sha256:8412ce90085fd8ab301fe0c3efad7a1b838f04b11a0a2464aaf786e05afb98a1,no_edit_found,
MB-84130029ae10,sha256:84130029ae10a073218d4868f17b19906195cb62e3c05c95fc5c3a82c912a90b,no_edit_found,
MB-8420655c3170,sha256:8420655c3170ca1d1dac3aaf17fa03443567283e619b078ebc6d28b3c2a9e166,no_edit_found,
MB-8420921c5c52,sha256:8420921c5c52d8255c259edd3629166e567d1181c10ff878e2715ccb0e4c504d,no_edit_found,
MB-8433409ee448,sha256:8433409ee44837138bdffc31ecee2bad6801e336161849cda3e5a66b87d70dd9,no_edit_found,
MB-8444584451dc,sha256:8444584451dcb013fefa7e3ae9b19bf1662fe73ca5080cd8c58609cf119026f3,no_edit_found,
MB-845626921004,sha256:84562692100423bd0bdaa62c95b5b63ff4d48a3cdd8eb2b3508c89c53fee88f4,no_edit_found,
MB-8457a1801188,sha256:8457a18011886b9620925b1a8ce16f1dca9fdb1ff8303eb67ed8910469efddbe,no_edit_found,
MB-845ad0adc087,sha256:845ad0adc087a27ab26ce55fcdbc5ad6f0ffc5034bdb47cd935a96207a49ecaa,no_edit_found,
MB-845b0126c981,sha256:845b0126c9815e1e33ef52dd1d7369b58c651bd803e632fb06b4213ad71127fd,no_edit_found,
MB-84634169eca1,sha256:84634169eca1028d2fd14c769e01cb668b7bee393ae3405288154b4a3b387cd2,no_edit_found,
MB-8465c1b80577,sha256:8465c1b805779207abad08e5b0704b745d9accde06925e1c91349c188e013dc5,no_edit_found,
MB-84729d906858,sha256:84729d906858af9f991310afe2d70a346de82431dabdb92aa3f2f7b30e0283fd,no_edit_found,
MB-84734cb4386c,sha256:84734cb4386cb1b6fa3378aedaad9756f1178305872d61c992332cfd60128f85,no_edit_found,
MB-8489a616d710,sha256:8489a616d71042d972eabcb17b0a8743461f926d9c68bce06a794b57f127d9c1,no_edit_found,
MB-8490d8817228,sha256:8490d8817228fb4110e92e486e761d3286cf31c0a5de8e3f422c77b99e0b0ac0,no_edit_found,
MB-84a35221fd30,sha256:84a35221fd3002321c8bd278dbc67c22b761d0f3e1e05cde869481896a57adba,no_edit_found,
MB-84a71de14271,sha256:84a71de14271c36695f589209e841de1480c2545882ea548f8df9a521b10b2b2,no_edit_found,
MB-84adcc920bd2,sha256:84adcc920bd23439e8d7be8251d704037da2ef967db6fd3ed5b6b4ceaaa91b8b,no_edit_found,
MB-84ae178135ed,sha256:84ae178135ed3c2a34ff8403e5db3826a91ff861a904a6d63070f99e41403c75,no_edit_found,
MB-84ae40b808f6,sha256:84ae40b808f64b5e27450514399c1c1dc5a62fdb636ac40bba19b45832e1deb1,no_edit_found,
MB-84b41a67d5fa,sha256:84b41a67d5fa6a308b8deda2adaa66d54c6509701246230bc10e2a507a941a73,no_edit_found,
MB-84b4b8463da4,sha256:84b4b8463da4c40f509795f95b02a19e06855619374ff83b14d9f736d7f9ccf4,no_edit_found,
MB-84b8916b1868,sha256:84b8916b1868b8cae0f72e8adf9a51f64f5eed589f231c24d338c00c684ceccd,no_edit_found,
MB-84c64a38cdad,sha256:84c64a38cdadb1f7a31a44fbd7ee230b9b6893c044aaf1f463cb12ecfed5f659,no_edit_found,
MB-84e1a6e2ba44,sha256:84e1a6e2ba449af6f5d6605381222961eb52b165b61dde4bc43e71dec6b2a72e,no_edit_found,
MB-84e44c48b371,sha256:84e44c48b371ff825e3e6a4ceae78d33d9d241e3e27a27d7e586c42876a3d765,no_edit_found,
MB-84f07bcf9a7f,sha256:84f07bcf9a7f46ddb1f3afe78de8506f78b5ca54fd4075ff76475f75d4bd54a7,no_edit_found,
MB-84f17c6c1f91,sha256:84f17c6c1f91f43cc4efd4876d27a54c21b489303d9544d2884ca455a6be3a46,no_edit_found,
MB-84f73fd81a8c,sha256:84f73fd81a8c57f39a8077a45dad21316165f5bd04387bdd454dec5f8c09f112,no_edit_found,
MB-84fd031c988d,sha256:84fd031c988d2a5c90bd833d450d7a34c1c79f293d0928421d527194fd59a732,no_edit_found,
MB-850442b73730,sha256:850442b737300a19847476a6ab893c9f4acfda11d0b148e9c3bb7953e788d78d,no_edit_found,
MB-8512bdaf65f6,sha256:8512bdaf65f674843fb7a39ffbc721d03e8dbd8a6682e9158107805b70fceef8,no_edit_found,
MB-852b5cbfbd04,sha256:852b5cbfbd0415692add03a97b481f5ecd3d7f4f21641df01d5e257f835c6d26,no_edit_found,
MB-85307edb5704,sha256:85307edb57042b0c35ed03ec97516a39f851789d49decd0813eab40cbd46e6cc,no_edit_found,
MB-853c34d4df21,sha256:853c34d4df21da308bd9d09813ac59b3adc5c7340f97c2757ae518d473f5ea40,no_edit_found,
MB-8541ecf8934b,sha256:8541ecf8934be769b3088308e1bf8305a154fca52ad7e1b12cee4e211639eff1,no_edit_found,
MB-8543dccadf87,sha256:8543dccadf8770942ff9d8772b4c4477fc29739ee0f5d8cf9f64875b602df4ae,no_edit_found,
MB-854befea4fc4,sha256:854befea4fc4c7f14ef81dde14bec4583a32454460c37d0c5f66893ca14b3c98,no_edit_found,
MB-854f8f71a78b,sha256:854f8f71a78b3abc59ffe5e6dc1bfb1757fab5a5cfaf5fe20f926319178570b3,no_edit_found,
MB-8552648c73e1,sha256:8552648c73e17994b35238e000b753a7a2c074071b97ed56ef261371e2779222,no_edit_found,
MB-855759fa1efe,sha256:855759fa1efedc17242a34f668fa36e15b34a5de0d42800b490ff514ec7389c5,no_edit_found,
MB-8560284d092d,sha256:8560284d092d5d357d3e9cc4b0c8e8cde576fd021b0b21b676f21336d9f93239,no_edit_found,
MB-8578c3a38205,sha256:8578c3a38205dec1e20d690a1a8561f70f080b09075c605bff8c838773e20325,no_edit_found,
MB-857e70ddd4cd,sha256:857e70ddd4cd206a32b523db25568b8bd6c53e207e9c7e7bcc3095f6f2df7a8a,no_edit_found,
MB-8583715458da,sha256:8583715458dad045498510300bf4ab390f29e11879734d6cd9b44ad734141b7a,no_edit_found,
MB-85931c41d5b6,sha256:85931c41d5b65f0a8ca9fba3c22a369ebac28a60c9e9a12304e926b152d96744,no_edit_found,
MB-859451885fbc,sha256:859451885fbcac2989fc0d274a773e74066fea7a326d3512f03206ddcbf219ac,no_edit_found,
MB-8599a82e1b2a,sha256:8599a82e1b2ad2c5ed8658bb6f6381fff6f489befb8fd27de14a2f231018496d,edited,unchanged
MB-859d1e15ceda,sha256:859d1e15cedaeae194ac8a6600e42338fc0cc2c663694f5597a8ab4d0a5c32fb,no_edit_found,
MB-85a0328ad899,sha256:85a0328ad899de712b2d22e608b6da4fd1b2d476c490c36dfef4b2fdff889a97,no_edit_found,
MB-85a50a791ca4,sha256:85a50a791ca4656ad8dc9a3c45ed5112ef55ea8d50758e2245e82987c5e0c4fc,no_edit_found,
MB-85b7af052761,sha256:85b7af05276180b74f53d5d24ca972273364d7f7394021ddcbbd38b0a9d506b2,no_edit_found,
MB-85be79c99b1f,sha256:85be79c99b1ff88317f7adc074a19b4070e1b2401526b69862a247b2409ba668,no_edit_found,
MB-85c4480ead6b,sha256:85c4480ead6be2ae29d50f16fbc3b691a4879a93cc7705f036ca36f12d2a67c8,no_edit_found,
MB-85c7075b3324,sha256:85c7075b3324c1cd70ae2f0ec6d87b03f71da2b11b7a938dda27fcde1695ea24,edited,unchanged
MB-85c9d419c20b,sha256:85c9d419c20b3b0d2ab6e39ae9e341d33367b33f2dfa38196c12831bb2f4ba84,no_edit_found,
MB-85cd128d8052,sha256:85cd128d8052946a7dd80bdcb14399913a19635b7907a0d7b2c72faf67804843,no_edit_found,
MB-85d976182cba,sha256:85d976182cba171fbf3d38a3ecca345817f3a31a2edc64b9caf9ac3a5f4426f8,no_edit_found,
MB-85df73bf14c1,sha256:85df73bf14c19cd6fc3114a43b44941170e6b911608f30465c3f676559f78236,no_edit_found,
MB-85e19c5be865,sha256:85e19c5be865605d421432e1451304f670d4f8d98be5f7acc008c7e58984c3a5,edited,invalid
MB-85e3bb2e18a5,sha256:85e3bb2e18a5e4cc84c5bee172a00b5186e6482a019187eef6c736c9a46f05fb,no_edit_found,
MB-85e6ea1b173f,sha256:85e6ea1b173f8f5ab03a5d76f4691b66a7fdbb0594ddc27de58b8f115d497fa2,no_edit_found,
MB-85ecccb4b293,sha256:85ecccb4b293224ef1b56514d1a6a19c8a4b8d8d617549f2a30338279005d978,no_edit_found,
MB-85ef85d5b8f9,sha256:85ef85d5b8f91ab2237a20c3814514daa32870df1fc3722784fa2d4e821e292b,no_edit_found,
MB-85f73327661d,sha256:85f73327661dbec78474b6d9cc13f9a9abec827deb3a53c8134a4de03a208ea7,no_edit_found,
MB-85f7f9ebe4cf,sha256:85f7f9ebe4cfa9c520faf645203bb558be00ebe5c3e226830f20397b03a28827,no_edit_found,
MB-85f92a337351,sha256:85f92a3373513f6a56f214d2562a3f502d20d220cf39e67b3732127f38a49bf0,no_edit_found,
MB-860382ec292c,sha256:860382ec292c545921158ce7c985c28e31f29ddc06631b90b31556e45ecd2565,no_edit_found,
MB-8610b23e9ab0,sha256:8610b23e9ab063dd6f9b3d25a6b9c2c83838c97d721d2b0758a0dc64cde8e974,no_edit_found,
MB-86129a887dec,sha256:86129a887dec96e3870c8ff3c61eeb27248fa9ae425af8c8074426b4a408ef53,edited,invalid
MB-861627cba39a,sha256:861627cba39ad7b936cd6993dca423207ea38aefc2329480a41ad1f4ec28f2bf,no_edit_found,
MB-861676b34a1f,sha256:861676b34a1f6996af4dfe70bb6f4a7aeee25b5d8d1730a0b37d166529647503,no_edit_found,
MB-8621dd412e4d,sha256:8621dd412e4d4403fb0bc784aebdea1024e4bb1ddfef00c50b677000af944f30,no_edit_found,
MB-86226aee9dc3,sha256:86226aee9dc3236cfd1264692e3bc6dbf6f5549ca08a3960ed71c57927fea215,no_edit_found,
MB-8623e6fa5d85,sha256:8623e6fa5d8532fa4dbd91af6461038aa354546293d1545f40a2f79f624490cb,no_edit_found,
MB-862df740fa19,sha256:862df740fa1943ee05f230ba3658340fdad35b24ba1a422f5ea3c0d9c6f82bfd,no_edit_found,
MB-862e3a721657,sha256:862e3a7216571c431532540b8165d711d670558bf4b209fe4fee5dcdf716331a,no_edit_found,
MB-86320dec2a61,sha256:86320dec2a61e4603f995ea6de4dcece3453e1c8b027334878683c1b1e4d3f99,no_edit_found,
MB-8635f8f0e33b,sha256:8635f8f0e33b04e1b74e9ee82189f5851674c26de1376ee54badf1abf5f44507,edited,change
MB-863b094d28a5,sha256:863b094d28a5f106df15643b1e9b7f7886178150d08385a7856a4433eed276fa,no_edit_found,
MB-863b849a94d0,sha256:863b849a94d0216a724aeac85bc861427d3522b3f5ce591b156cbe4db8b371cc,no_edit_found,
MB-863b9eef8bca,sha256:863b9eef8bca633a46b392b132df992f4af5ee55205d00165fc564c61e176c18,no_edit_found,
MB-863e9d85cfd4,sha256:863e9d85cfd4e0bdd8264c614b5339f8545deae7dab930483ff60dccb451e1e6,no_edit_found,
MB-86472c4092c9,sha256:86472c4092c917fbf7305f44e33c2fb29f1ed1f504d06755b43d3f2e255ff33a,no_edit_found,
MB-86476237da3f,sha256:86476237da3f4bd4d91d2271d6187741ab27e0e3942125b8e894b0ca2fef69ea,no_edit_found,
MB-864cd470ab53,sha256:864cd470ab53ddbc5f21a6ff9d725ecb367b2c2442141554dd32f3d8e65dbb52,no_edit_found,
MB-8679b9a630e2,sha256:8679b9a630e226a1b9f4a3db1c9e6dfff70750bdcdf57f93203a344a2ea20924,no_edit_found,
MB-8699d276b9e6,sha256:8699d276b9e6475d5548fe41bbeed11a85196631fca41236b9abb56f904e89f1,no_edit_found,
MB-86b30e54b038,sha256:86b30e54b0387c25e47c9f8642752133b9cf21730c1c82cb9643de09c9ab9a96,no_edit_found,
MB-86ba3595231f,sha256:86ba3595231f7cf14bcb4b2ad66293c93633f4ba9afa32a74879dc411f95ffaa,no_edit_found,
MB-86bcaa5a86e5,sha256:86bcaa5a86e5f9b5ab7fb7f8c9f76283e11acc66510899cb9d4f99245c7971b8,no_edit_found,
MB-86c75b7f5018,sha256:86c75b7f501895c8e89dc7e4d5db5bac85a7a80757230996fbfc3e09b5e20e81,no_edit_found,
MB-86ccde655af1,sha256:86ccde655af1c8cb554a36a1dd624276077d64957b45f5cbeb86c6a9d75dfbec,no_edit_found,
MB-86d230b89a94,sha256:86d230b89a944e4cc10ee31f0b7ba51db9f3cf2320a2dd8ac82464e82ac80e9e,no_edit_found,
MB-86e48f47f2c5,sha256:86e48f47f2c534717da2866527c7ee9acfeaf25315b7ba4243ef658881f79892,edited,invalid
MB-86f18c0876c3,sha256:86f18c0876c3fbd371f9a76f830d915fb07be8652048929919f712b0d2ae2eb9,no_edit_found,
MB-86f31e6883a4,sha256:86f31e6883a4c5621842ecbadce5dc000ce775aa91bbd1a6a7669550bd83dd51,no_edit_found,
MB-86f521a43480,sha256:86f521a4348020eb63af5fb7eb8ea004dd7b0da010bb7c26d963360b9c5f5be9,no_edit_found,
MB-86f88151daa2,sha256:86f88151daa288790de0f7033c553f6d923c69b2b693186b465836a1cee31e1f,no_edit_found,
MB-86ff05af6fb7,sha256:86ff05af6fb7e53fbe29564f60dc75f7e35cf365c759a11fa2b8155ec53d5587,no_edit_found,
MB-86ffad6d914d,sha256:86ffad6d914d85c71b97d49869ca26e5d206eeb5213c637d40967bb620b6257c,edited,unresolved
MB-870386378fd4,sha256:870386378fd4187ae02d5d3f8b0168c3a22961932de445b8162fc6d3cf9c01df,no_edit_found,
MB-87190cef57f3,sha256:87190cef57f3df76a3bb5b632cb56b6d7283697d09bb339c8f5ac3ea98b354f1,no_edit_found,
MB-871944b5b44f,sha256:871944b5b44f6505b0be724f8d566c169a812aba76eb39181fd1ce9525e5dc04,no_edit_found,
MB-871c13c34132,sha256:871c13c34132a296b6252cab03dd3d81cee93f5ddb5332545b4faade324bc3f6,no_edit_found,
MB-871c4e563514,sha256:871c4e5635143c6571de055934b79e98ba96367979639a3ffe000d7d032bbc60,no_edit_found,
MB-871cc5889038,sha256:871cc5889038ba3bf1f05a411f555a0dacb1d2934b92c6e6aa3158f57bf563c4,no_edit_found,
MB-871d9d64da4b,sha256:871d9d64da4b23c4b4992b4a237c01ebe1e34c631784a2e8ffc9fe56c3007a35,no_edit_found,
MB-8721ca61832a,sha256:8721ca61832a434453751ec63e7ee2c37a44c568861e8ea8e0eb78ddd9cc3e74,no_edit_found,
MB-872423656ec9,sha256:872423656ec98eb0c51ca5ca79ad654f4857de081cd193d53ebe464e660877cf,no_edit_found,
MB-872a895b867d,sha256:872a895b867d31d2bb050a5d87de91ee9304e233315cdf5443482c3a486c626a,no_edit_found,
MB-872ab3f2ede5,sha256:872ab3f2ede5ff220674fa99ad6fd5254fcf8d058253bef11f19cb2f6cae8f16,edited,unchanged
MB-872c628a141b,sha256:872c628a141bf478e3ce7200d8db68b5229c2efe3f61edf0b6b04064d5f75159,no_edit_found,
MB-873bbb194fb7,sha256:873bbb194fb75208b1021f144624d6bf4e24ed3dd8cb0626e3196d92ce0d6995,no_edit_found,
MB-87403a09e982,sha256:87403a09e982b893cf782a4bddac02b8c189b80182f0479ff9d9f8a527c8acc8,no_edit_found,
MB-874a2c832b90,sha256:874a2c832b90c66251204e867a8d3e2afdd6fcce878f4e8d66eb85a76b010ea9,no_edit_found,
MB-874b06b11a46,sha256:874b06b11a467343891747b61bac02619abc46987b032cf88364fcb6b6ad9e5d,no_edit_found,
MB-874d81553f0b,sha256:874d81553f0b9fddde82ac086c456b4489cb3f4c4cb4a68c8be4f06b50308388,no_edit_found,
MB-8750c84938b6,sha256:8750c84938b6558cf29f85b1c11cc9ceda9495c9b254cdef0989cffc7e0d1b27,no_edit_found,
MB-875592862dc2,sha256:875592862dc2dd3151f32a9311111042d526fa279aeeeacf1273c95e9d2c0c5c,no_edit_found,
MB-8757335f255e,sha256:8757335f255ec2005e1b7d414f36dd01112032bef4c094e0c339c54debfa2e1c,no_edit_found,
MB-875eeba7267a,sha256:875eeba7267a5f39933603121e9c80c8c0afa03b8820a23358d2e12e1b12d108,no_edit_found,
MB-8763f939524c,sha256:8763f939524c309b7ad44083946bccfb6d71761957e71b8905b5254e5d5c5115,edited,change
MB-8767b2ccce9d,sha256:8767b2ccce9d91b6b38935bf5a7f39f5dc05b7f7eb62c07552ad177fc8d67da0,no_edit_found,
MB-8768d9229b83,sha256:8768d9229b83e319e95498aed34f6b470b62ec1217c67197029f8587017267a5,no_edit_found,
MB-876a7374a3d8,sha256:876a7374a3d8816ad7b4fb20be069937cb0667bfde86c4ab399f824894aeba85,no_edit_found,
MB-876e0906e720,sha256:876e0906e720a3cdfc0d4a2403a37acbf081d3bd79c5224f0b5a4809d322d688,edited,unchanged
MB-8771362c3cf8,sha256:8771362c3cf8e492fc9161ce5d6749ce90b17ba183ec2ad6d5ebebcad0429b51,no_edit_found,
MB-8773417208cf,sha256:8773417208cf43f2d59d819408ed1435ce356730099789968f2962fadab225f6,no_edit_found,
MB-87784a24200d,sha256:87784a24200d48f8127d5fd5c3993002b54d6265a621b830887aae0f3e2c7360,no_edit_found,
MB-877b66c3bfe9,sha256:877b66c3bfe908c51ba3ed2884b0b53fd9783e3b0eb4b9a32b8cb2659af5905e,no_edit_found,
MB-877dfcdcc917,sha256:877dfcdcc91701a3a1fe1a097e41572a619376055e943d6f966ff2fa86e85f6d,no_edit_found,
MB-87808121be29,sha256:87808121be29a53fbedf33af1fc3a3661a3d976bba40d1024c0b7c80a1129d1e,no_edit_found,
MB-878fcd197929,sha256:878fcd197929bc3fede473cb3f4d9918009115d659bc47ddfd8c2a82a14ffef5,no_edit_found,
MB-87a86f883450,sha256:87a86f8834509639438652d186de633a4ad34c9f5315cc7abc78312038984718,edited,unchanged
MB-87ac0bf915fa,sha256:87ac0bf915faae7d60e45df43b609d3ee6a2dc4659f8b5d3a81edfd182757114,no_edit_found,
MB-87bc50f58d25,sha256:87bc50f58d25a49aef1e774805c483c09d81b82961973e40b887161335f18181,no_edit_found,
MB-87cce7fcd7da,sha256:87cce7fcd7da01df5866e90c45fe81f666393bda51cac05fc47c1944f4be97c9,no_edit_found,
MB-87d5c7fb0d7a,sha256:87d5c7fb0d7a6123667e081d404fc666fe386e600366ecf2d020d6eb76f1de12,no_edit_found,
MB-87d8e54a5cea,sha256:87d8e54a5cea84b2399b2bfccbb5fb8faec4b83591735906e39035d31abc2e1c,no_edit_found,
MB-87d97879fcfe,sha256:87d97879fcfe27465a14f125a4661d6e332143cf5b011d60322ad22beffd8f07,no_edit_found,
MB-87da6cd278ad,sha256:87da6cd278ada1642661760c34ee115ed343c67120ad96bf9b285757e7128133,no_edit_found,
MB-87e1a5a31ddf,sha256:87e1a5a31ddf78a38cb4f2dc6a2e49416027e4b6a57af82ee20431169bfa5e6f,no_edit_found,
MB-87f9f435f8f7,sha256:87f9f435f8f7268f1aa88d7921e953e00fbd6e7807e0f0ad164e125a65ae5466,no_edit_found,
MB-87fcc2806b64,sha256:87fcc2806b641d58f292e2c0bbaf9aa81c2a867a08a97f6cdebc0d23c214856c,no_edit_found,
MB-88026d3d66fc,sha256:88026d3d66fc42801d41a9ff8730506f805a13398f0fb63dfcf9643728a86a7e,no_edit_found,
MB-8808307c9df3,sha256:8808307c9df33c3ffae953943071d944bd591627112a42a47ab0c8ca1e24525a,no_edit_found,
MB-881046ff65d6,sha256:881046ff65d68d2ddf30cb49301b52a976789604203f1aacb35a9d70d892267d,no_edit_found,
MB-8811650bdb1d,sha256:8811650bdb1d05779a535e7ccf12ccf98840bf3c8dbc9c643ea0ed46cbdf0669,no_edit_found,
MB-88184588b6f1,sha256:88184588b6f100977c77ead0c6bb9a298576addffb4a987fe267072bdef23442,no_edit_found,
MB-881b6cf943b8,sha256:881b6cf943b85362d5bcb2670d5f0ae79103f4ef19e14a0ba4285a329a5a132b,no_edit_found,
MB-8820e6013f2e,sha256:8820e6013f2eac8ed453715a97534ca0de185b04f6c046bfd807c7153f9e80a1,no_edit_found,
MB-8830f427c3b0,sha256:8830f427c3b05a188c9f903f7ef53655cce9ae3c61b649e6a3aece5dc2be4008,no_edit_found,
MB-8831adeae648,sha256:8831adeae648f2081f328ad7c2707fac0675d7a63baaad1416e072a66cf93edc,no_edit_found,
MB-8833b18da118,sha256:8833b18da118e6bd78f2b497b1b2f1b839e8fdfe581239460ce58ba01ea0dc3c,no_edit_found,
MB-884dc15cdcba,sha256:884dc15cdcbae6a556f7be8270900ab7021eae0ff736f5870f4f7ac0bff742e0,no_edit_found,
MB-884ee0bf484b,sha256:884ee0bf484bb6b93b373b18922827f0de5d5e762a2d7ce9444c29954aca0c26,no_edit_found,
MB-8850922b6841,sha256:8850922b6841dcdb68a68d34bffc00c777086aa70291f33aef26feeec444706f,no_edit_found,
MB-885342751025,sha256:8853427510255ec584c0ed8cc8b37772f269dd5f189f3ad9e4405d8130979e55,no_edit_found,
MB-8855ccd244a5,sha256:8855ccd244a54d179aeaf46d9ca184cc9d84d7502bc71218f1339d90c59823e9,no_edit_found,
MB-885a9cc61e28,sha256:885a9cc61e28244431f64b8439609a830e4ebd0816a83f9ac14511ed534cae67,no_edit_found,
MB-886ac6020d61,sha256:886ac6020d61be5cea7653dd27ea2885c19cd0080b4419c0d0efa265af7f5580,no_edit_found,
MB-887d2e315079,sha256:887d2e3150798e7619fbfaf2a6787704d10e0d69c61df12de705547449cc3276,no_edit_found,
MB-8885416676f7,sha256:8885416676f71d422c37a0dbe7c4824a1b261412fcf73e63d33414e80a59ddfa,no_edit_found,
MB-888583e2b078,sha256:888583e2b0780c8fe17d6e8caf21adf4dbbef6754a799fb39c73543d206df1dc,no_edit_found,
MB-88867335d2a9,sha256:88867335d2a95b61b1a4c80a25c284e18285bfd3a12a597b30c5a6a559f122d7,no_edit_found,
MB-888b5769a33b,sha256:888b5769a33b47ebe067376a31a78a5d0c1f806419b69c7e38dbbf416e6e6582,no_edit_found,
MB-888f0cf191c2,sha256:888f0cf191c25fbd1903b73f927f12bf5c29b2b70ccdafa5b2c9e9d1d8426012,no_edit_found,
MB-8899f38f6ce8,sha256:8899f38f6ce81f858256eaeeadfe8c971a7bd0cadbdd72aac4f893cf337d58e7,no_edit_found,
MB-889aa181d540,sha256:889aa181d540a80101230b19b0e7038d018db32c9e865af2a3499c9edf8df476,no_edit_found,
MB-889c52cd6930,sha256:889c52cd69305d1c458da3656fd65b2dba45ec4464550052f333de39e148345f,edited,change
MB-889ec935ef59,sha256:889ec935ef590ae1ce7b61fa6d4cb8dc783b38a5efe0e5cc6d44e6e064d8a08c,no_edit_found,
MB-88a6978b6944,sha256:88a6978b6944336a02338720253b65d134743e2c9fa1d6e1837b1436eaf70da8,edited,change
MB-88af0375dc7f,sha256:88af0375dc7f51d6680ca25b903590635ddc02b6e8f77ee07ab6d39c6caa715d,no_edit_found,
MB-88b2f02380cd,sha256:88b2f02380cd81d79f7b506c2af0c73fe52a13369a2e124b90f2c325765c3220,no_edit_found,
MB-88b74767e411,sha256:88b74767e411bf468764105a0a47e913c1d08ea52ca827ca5d68f28b78977f3d,no_edit_found,
MB-88bacb2e56d9,sha256:88bacb2e56d95cb948efe70157524d324ef85bf7f716d8c328b47214c417e861,no_edit_found,
MB-88c997b992d6,sha256:88c997b992d66948c6f38bbd17929b5dc8409c0012a9c712e368de6a1179be0f,no_edit_found,
MB-88d1ca7a5630,sha256:88d1ca7a5630d1cd6fc6f7ab9302e70461f561f1c5f3fd93c4a67328ce0feedc,no_edit_found,
MB-88e71198dbdf,sha256:88e71198dbdf1d31f922bfac7b4fe9e1d9faea7b58b0606b71fb8a14bb575a1e,no_edit_found,
MB-88ebd44c275e,sha256:88ebd44c275e7fb3910dfa640b9fd31e198cf2d2dec882302cdd64e8a5ffaf65,no_edit_found,
MB-8900d6017949,sha256:8900d6017949207a93c8ccef81151524437f0ec34f9079032b6b5be0ec803a00,no_edit_found,
MB-8912c968e8e6,sha256:8912c968e8e6ee3bd30fae51b22c863ca93052366ebda079a74a413c6eeff7e2,no_edit_found,
MB-891df825b4a1,sha256:891df825b4a1f0d6affd8466c08a3fbc4610ebe9b4a0dedf82dbf4d27abf6e61,no_edit_found,
MB-89216b02db5b,sha256:89216b02db5b60b1e334ef5427493e41e969337d86807e8ac0371fe13946bb9d,no_edit_found,
MB-89223a2c2124,sha256:89223a2c2124c4f6cd7f7fe4127ed1402a305eaf86b443e713d8ad88c0ce3995,no_edit_found,
MB-89223f6a4f80,sha256:89223f6a4f80b28b5b19ec478454994d7dd5488b76214aab79666bc471b23005,no_edit_found,
MB-89246598e6a2,sha256:89246598e6a2e1010b604a4e2f4a1bf029754ab49c27214acea6590f4b68eef8,no_edit_found,
MB-892e0fcc467e,sha256:892e0fcc467eca5ecb544bdaad1dc17013bcbddec79013c9073a1b5ad724aecc,edited,unchanged
MB-892f0536a77e,sha256:892f0536a77ea6b4b91ad220b1d5d2a8e0a4d193ffedb31ca52d2315790bd568,no_edit_found,
MB-892f4ab02152,sha256:892f4ab0215237db510651ce7b0e499da882701318a417eb4f6fadcfb7b11234,no_edit_found,
MB-89338e046758,sha256:89338e0467582de1f86daebc2f5b4d1b3c355336265c65de35dceddef1b9b6b9,no_edit_found,
MB-89364cbea11b,sha256:89364cbea11b2f12f49e5fcc69a7082d9cc3f2c1537cfd8ba2c42630ee80aaeb,no_edit_found,
MB-89398a632f0c,sha256:89398a632f0c0f8ef79ec06935e9793da8e37be7b97d9177373b05284a94f6d6,no_edit_found,
MB-8947e4a2a5a6,sha256:8947e4a2a5a6ff06b1756cb32cc7e5c27db426951641400d8af18dbb54287a55,no_edit_found,
MB-8950c7818fa1,sha256:8950c7818fa1bfba0d0f1357232f924bb815bdd6cc8c33d4242bd83678c08d08,no_edit_found,
MB-897794c3ff74,sha256:897794c3ff74bd308ea14d1c019b3655927fee723744d10b406aff2937ac6ebe,no_edit_found,
MB-8987c360bfea,sha256:8987c360bfea24cde4597efee1d161e2d32d62ba44e18df8a0d14c3272987ea2,no_edit_found,
MB-89935cddd60c,sha256:89935cddd60cd20111f9eef7f64645180218d88dfa2bdd83fd6148427b6cedb3,no_edit_found,
MB-8996150850aa,sha256:8996150850aa19eba4ad8ff40719cd0c1f217e1523f4c7a6d8fc13995f980309,no_edit_found,
MB-899c3b3fbd74,sha256:899c3b3fbd7435c2a610aba50a56e8fe4bd833b616ae12a6e51d5fdec8e2eb4d,no_edit_found,
MB-89a08a6491f1,sha256:89a08a6491f1256312d34701935173ec1dcf327f64c2267d47d5bbc6cf95a781,no_edit_found,
MB-89aeb6b1ea8c,sha256:89aeb6b1ea8c5a18f6390dc5393b1b02aebe7a554479462f2ab2564aa36d7755,no_edit_found,
MB-89b68eb62df0,sha256:89b68eb62df0e8027d7f4af0851ebd8684ad6729c53db6fe3c981350268873b5,no_edit_found,
MB-89bfb5466412,sha256:89bfb54664125c7b04a581f25cd0b27e9a4995a26c10ca6114b31623ff60d016,no_edit_found,
MB-89c8b86939ba,sha256:89c8b86939bae5423f79f246a5499902d014197ab028e20394599b59ed7c3b06,no_edit_found,
MB-89c931f8b3af,sha256:89c931f8b3afe07355eba52782c8f4a682851ae3614e10ad33e6361d07a580c2,no_edit_found,
MB-89cd10aeea5a,sha256:89cd10aeea5a8c6b7849d319e465fafb58cc94056307f9194a8cdd14e0d82b14,no_edit_found,
MB-89d2f6384f3b,sha256:89d2f6384f3b553f02b3d47595ea2d64b55ed9868be7f03964e3592e85cb5cfb,no_edit_found,
MB-89d93ca3a445,sha256:89d93ca3a4453b88e317964b655a8c0c6b6d69172122e7cf07da1c9272d6eac0,no_edit_found,
MB-89e37ef2ef5c,sha256:89e37ef2ef5c21313537f9814a190cb1f70dd82a7ed590bea2b9e5a9926c7e5a,no_edit_found,
MB-89ee661dc677,sha256:89ee661dc6779e713650afcee6e26144da7e89b1bcb3f62b3080164375ad2e33,no_edit_found,
MB-89f5f6a83b4b,sha256:89f5f6a83b4b2719144ae1526cdd5ec47a9a3d9dde66b50b7ba911dadffbecd3,no_edit_found,
MB-89ff54b70816,sha256:89ff54b708162fc6940fb6d2937fc9bf10e5e4db3017e3ad90afa4c981daff64,no_edit_found,
MB-8a00d9dd1cbf,sha256:8a00d9dd1cbf30a03efee23589f57f41144994ac65aa24c797ee89ab8d2e40c0,no_edit_found,
MB-8a054a9716db,sha256:8a054a9716db2f9c17a680763cd0807f026721d8aec92516e038f7a01d2ac8b9,edited,unchanged
MB-8a06e24e299f,sha256:8a06e24e299f88a8bc56a300a1eeea7bc816c85ca8fa29a61e27687c8738f2cf,no_edit_found,
MB-8a0ca1f3a93f,sha256:8a0ca1f3a93f95eb42c1449535e9fc53198b61981bcc58644ed2149494b9c26f,no_edit_found,
MB-8a0fd2e5b652,sha256:8a0fd2e5b652ecaff18756d70e2eca9083f78b82cf45d9f47aa1fc482593f0ff,no_edit_found,
MB-8a1df839094b,sha256:8a1df839094b6e4614e45b114746d32acdcd81b10d1f84c0a675b9f1dc75379d,no_edit_found,
MB-8a2236fc5e4a,sha256:8a2236fc5e4a838434acd5649b1fadeab9a41086f52fdba4d97e84d5e359d68a,no_edit_found,
MB-8a253e708c78,sha256:8a253e708c787ed85fc92c9e45b81ba23f1d126fb5b68facaa5db4c1898bf0a4,no_edit_found,
MB-8a27616bf764,sha256:8a27616bf7644ac1458833e1603e4efa54c5bcd029deeb2e68f0b282ceb86199,no_edit_found,
MB-8a340a94c978,sha256:8a340a94c978f59698adf97d84bd4639bb4018635600142163568217c014d52e,no_edit_found,
MB-8a3bfda7f5c7,sha256:8a3bfda7f5c78757e8315b3879ec23e880d36e5bcb191c8ae7ea73bc394bf306,no_edit_found,
MB-8a47255d0f9f,sha256:8a47255d0f9f0c5235a62bcf59ce7e743d37ae9a7c6f5698f458c0f1bd9da6e9,edited,unchanged
MB-8a4b3f79a063,sha256:8a4b3f79a063f0d4d64e674f1ed97c821ea3c1bd82c4c3cca1f50a0ca90142f3,no_edit_found,
MB-8a671cbfd194,sha256:8a671cbfd194b167576b88d6442ef07fcac4c04f09d67ec75b0305372981a6ae,no_edit_found,
MB-8a6c3d695cde,sha256:8a6c3d695cdee6851e2f189201c12b4d289c56f3b6586ade8671746a77682944,no_edit_found,
MB-8a6e5b774386,sha256:8a6e5b77438650bee63988d35bfc1d54668972e4d6a9bf55a52caf1ce5148199,no_edit_found,
MB-8a792ea5d572,sha256:8a792ea5d572c909909d8031a671f977180f02e35acf69b44d299847893532fb,no_edit_found,
MB-8a86d698f612,sha256:8a86d698f6126a00b418f4a33f2a6894b84296ea1728d5130b069f808aeed3fa,no_edit_found,
MB-8a880dc5d34d,sha256:8a880dc5d34d0b9a57d418bf086c1a7cb8a3e9f5941e9e407355a747247c9624,no_edit_found,
MB-8a949f15a020,sha256:8a949f15a020ef382bb333fe8ac3ea1c580f97e5dc099c41ceaeab2bd6b7b012,no_edit_found,
MB-8a96cbae9d02,sha256:8a96cbae9d0209a1a642f9542b861e3c8062d75afcfe6a2e7a7c7c9f081fc301,no_edit_found,
MB-8a9ba6175a27,sha256:8a9ba6175a276efb67c723a93677c25643942af98bcab84c92424d0bb7f7d815,no_edit_found,
MB-8aa886f4fa57,sha256:8aa886f4fa57b5f574725bb647dece08fe2250b51caa67f20d2013be71e9b79b,edited,change
MB-8aa8d5ab0f6d,sha256:8aa8d5ab0f6dcf949048488531f0f378c0d35795a41eb84a5b6d593aef9d161b,no_edit_found,
MB-8aa9d74cfa0d,sha256:8aa9d74cfa0d96017928865bca1e6019ce667ce46596bb5c500675b631ad4428,no_edit_found,
MB-8aae470a4cf4,sha256:8aae470a4cf4d2c180c6c7eed8eb6922b44ad9bd1f0a61de40f66060a45a8431,no_edit_found,
MB-8aae8bc40765,sha256:8aae8bc40765358ed82bb082607145deff6bde9b2be0dba28db5190aa145c4e2,no_edit_found,
MB-8ab0169fe480,sha256:8ab0169fe480a89322686565b906597477ca305e0e71d4920858ffd6e7135b55,no_edit_found,
MB-8aca658812d9,sha256:8aca658812d95cc480a218fb5388e77ab3e4905ad26d837aea15c3724a60dbd5,no_edit_found,
MB-8acb7e944b1f,sha256:8acb7e944b1fffb0251b88caa7c8b1e7b3fbc98894c9b90536f0229d7f59f609,no_edit_found,
MB-8ad766d6450e,sha256:8ad766d6450eca03f3072fd8c549943e84d85a0f7acdf1f6d65298149d498694,no_edit_found,
MB-8ae08bc1d9f2,sha256:8ae08bc1d9f22e8b51aa52fae60ffdf118895e720c0f4571002c63caa575c7a8,no_edit_found,
MB-8ae43526f2b1,sha256:8ae43526f2b1599e253172a65cc5655e9e41bb6c521f053927e3c816a4246fc7,no_edit_found,
MB-8ae682659079,sha256:8ae6826590798b379b762ec595dd0adae16b7f5a171902a90eba2c7c9eacfcd5,no_edit_found,
MB-8af05b6834e3,sha256:8af05b6834e358d03b75b04a4a45bf2fc9567dcf74aad46a58f0ad489562c8c3,no_edit_found,
MB-8b00f92cce07,sha256:8b00f92cce07627d8ff74a0c60a03e2199068d06caa0de1b4fb86a792f98162e,no_edit_found,
MB-8b032f66f877,sha256:8b032f66f8776faa0ae7a53775fbba1639dcb777f651e683e687fa98ffa56c0a,no_edit_found,
MB-8b0367c093c2,sha256:8b0367c093c26de13b1695614ee2c2f841ee0c9bebd8aa7c0463b8142aa1308c,no_edit_found,
MB-8b046013121b,sha256:8b046013121b373f5e74fb85d388b5c5956b95a7d71ff7eb185366608386fe18,edited,change
MB-8b08377e8981,sha256:8b08377e89816153c776f19c70a052fd610a54c3f68273a669508ebdf606b325,no_edit_found,
MB-8b087eb780eb,sha256:8b087eb780ebced4ff73d830d55a7c2980fd66b74f7807c543c99ecf2d96d8c0,no_edit_found,
MB-8b0f70df8b87,sha256:8b0f70df8b8740fff913eb10ae289813e6eff2cc518036f50735f9c83542935b,edited,unchanged
MB-8b15816be3ee,sha256:8b15816be3eec6ac43d4c7666a1dc37fefc74386968b224acbadcbb545733444,no_edit_found,
MB-8b1b469b1878,sha256:8b1b469b187836586206e9b53f271b2ed869fc4fff21a7c49d8f4cefd9f44d21,no_edit_found,
MB-8b1cee57a15b,sha256:8b1cee57a15bd51cb5ea189cfa003e9e160f16c922d1822ea740f2660005be80,no_edit_found,
MB-8b26e4f2099f,sha256:8b26e4f2099f954d34422cf71cab6ccf1ec62d553ab79b8de43ca75ec7678b96,no_edit_found,
MB-8b2a26823acf,sha256:8b2a26823acfaa171acd7b3664aec71968cffd824df89ecc9f105389e85a9437,no_edit_found,
MB-8b2fff3e2982,sha256:8b2fff3e29829b2eced8bcaafcf3675470407670fa0d1231f56a6b87cceb9fd6,no_edit_found,
MB-8b3521a1dec6,sha256:8b3521a1dec6fe06b39b794f242236e5ee21577e6f4e8a3983a814f6d0965333,no_edit_found,
MB-8b37a23ae2c6,sha256:8b37a23ae2c60481f2fbc54babc6bc678918ffc7820f000b3658cb4adf728b1a,no_edit_found,
MB-8b3d14aa4cb7,sha256:8b3d14aa4cb7412645902247e030441e2f76d75dcdb437591d75e7e1ac5c8840,no_edit_found,
MB-8b3fe04b82ef,sha256:8b3fe04b82ef7aa1f10bc70070b79569790a71396367941d4c54f50563dc05e5,no_edit_found,
MB-8b4380cc06e0,sha256:8b4380cc06e0669cd189917987c4c03fea84f93b9dae5a9628bcb213b99db6d5,no_edit_found,
MB-8b476dc0ed3b,sha256:8b476dc0ed3b289d277f5736ca01fa1c0313058c62388d97b75929d510c5b8c7,no_edit_found,
MB-8b4cbc4764bb,sha256:8b4cbc4764bb91ec43a06c33faa3188a7845dc9686544dc83b29ab5e8439cdca,no_edit_found,
MB-8b5eb13afdaf,sha256:8b5eb13afdaf211e54cb594578191b31f4b5d489a63c9bb35d5796b445a0c2ec,no_edit_found,
MB-8b658d24c6f0,sha256:8b658d24c6f0eb8073c3b8e112634440d2b501854573ba71f452594aa9314165,no_edit_found,
MB-8b6830fd206a,sha256:8b6830fd206a1a476fba1bee02d725e8fa4f589a11bb97d51dbfa9179f57e270,no_edit_found,
MB-8b70d26a5823,sha256:8b70d26a58236b1e2f4ea7623d783d2d06a65e3c09911f68e43c8bcce4364e40,no_edit_found,
MB-8b7f7c133261,sha256:8b7f7c13326108a6921ea4f41ef20aa4509f0c7849d4df23b39f71beea04fddb,no_edit_found,
MB-8b82d1381374,sha256:8b82d13813742183be30343d7352f390c02de88062998862596d756d18361559,no_edit_found,
MB-8b8d15b80be6,sha256:8b8d15b80be6be8e8919b677567b1de41bae096b0dab3d180ff709f6ca8a4d3a,no_edit_found,
MB-8b99f5888b5a,sha256:8b99f5888b5a13187de4cdb3d34365e0094f27c6d231c579b4cc8f65f146ba64,no_edit_found,
MB-8b9bb751c500,sha256:8b9bb751c50001bc8deaa551f7bd94811f08058e7474162213cedcb88d143c7f,no_edit_found,
MB-8b9be41a43d3,sha256:8b9be41a43d3d8c91a1a6858040e576fcb81d93564e7d3d7d45f0d62f21cf650,no_edit_found,
MB-8b9dd2b77ece,sha256:8b9dd2b77ece119b0c81afd34672c978a98d9bccfd96daa3eeda4240974fc031,no_edit_found,
MB-8ba1a0af20f8,sha256:8ba1a0af20f8c73ca0d9c86f85d0a45a123a6d1dd8fd72ba0f37ebbef0ecda97,no_edit_found,
MB-8ba8be0dc0d5,sha256:8ba8be0dc0d5936857485f41a376092465c5242a22df4454705d3797ec55fa44,no_edit_found,
MB-8baaa8895862,sha256:8baaa8895862f60287f47add8fee983ffc9707a2a99b7ed02e83aafb45f1f255,no_edit_found,
MB-8bace7c23f8e,sha256:8bace7c23f8e6e81d0759e0976afac51e6f0020b991c955cc450ff8d4bb3e39b,no_edit_found,
MB-8bbb8377abb6,sha256:8bbb8377abb6a476aed222661e331ba4bd5575ddca4cf97f635973c8a47d212c,no_edit_found,
MB-8bc376957015,sha256:8bc37695701509fb341da92099597b89c8a31e3a1eeeddaf5e699a401cdf92ec,no_edit_found,
MB-8bcc9839a6ae,sha256:8bcc9839a6ae6fb73e6879efcf24d3362cb7b5cea77162da0cd99225ca1ce782,no_edit_found,
MB-8bd71a8402bf,sha256:8bd71a8402bf1d36d1529c00bea06c505c5d3c8d4dbc8fad61e70536253abc4f,no_edit_found,
MB-8bf2ffa695f9,sha256:8bf2ffa695f92d103038595a08c95088aa29373b08579d667170e431384af55e,no_edit_found,
MB-8bf3a401df14,sha256:8bf3a401df1494320cf6e61716f7cfeefa9a45d9ee55fea84f0e2223c24e2a26,no_edit_found,
MB-8bf510deb1a2,sha256:8bf510deb1a257aa93404fa57e07fae2063d3950d542a919a4de9b1618b7c337,no_edit_found,
MB-8bf5616ef68b,sha256:8bf5616ef68bd46825a68ccfc5a8d87b1eaf91c6f2d35e256f596a9bdb989e25,no_edit_found,
MB-8bf87833b5d1,sha256:8bf87833b5d147f4e1fb7de85c7e62fef96535833e20014d657ded8cba823c06,no_edit_found,
MB-8c00e3f7071c,sha256:8c00e3f7071c12115b4cd6cf48618740b2f0eefe95b7a9a6f8dac7a662e61550,no_edit_found,
MB-8c06b1a9a4e9,sha256:8c06b1a9a4e9ec4d3709b00c5241531b2fed0a16affb55c79b8b4012fdbe2e11,no_edit_found,
MB-8c0ae6e4ea29,sha256:8c0ae6e4ea29f169326e1f4eeb93b2fc27cc8c4bf6bdf2e18d9b8d645c58284f,no_edit_found,
MB-8c0cd5dc886a,sha256:8c0cd5dc886a85c9bec58bd94767153eaa9e215c29bf2ffb5af22d07a49be71b,no_edit_found,
MB-8c1950738df8,sha256:8c1950738df896b7ce53ebe3e5903cf597f1535189db25e136110f059acb86ef,no_edit_found,
MB-8c228f09af4b,sha256:8c228f09af4b71c51f600dd67ff9fb4f26b3bdaa343154373c0eef483dd5e9f9,no_edit_found,
MB-8c2d1a7dda90,sha256:8c2d1a7dda904090e4e26c0365069783681b59f3f356b866f2ba4ab101565e33,no_edit_found,
MB-8c32b5f8d6a0,sha256:8c32b5f8d6a0a2fa67941d91e69ca8917bea2ea330e5fa7fb35338050fe80ade,no_edit_found,
MB-8c36a2f4385c,sha256:8c36a2f4385c4fa104d78e45860b208d8b4832c8b0f24b06f25d13b62d63c409,edited,unchanged
MB-8c4bb4a3c120,sha256:8c4bb4a3c1208c399e649f3d84e92d266d6c8bf83fc2ac508bc73d116fdccca0,no_edit_found,
MB-8c4bded81465,sha256:8c4bded81465b77da9a5081830897a807a1bde432810010c6665902e3993c8e3,no_edit_found,
MB-8c509b18431e,sha256:8c509b18431e2a6c589465954a923c436afc363a6f22d7f014dd072bf61c1cf9,no_edit_found,
MB-8c5fc13e0282,sha256:8c5fc13e02820baf58a4d22632b4da70c6de09bf49114203d7328b25251f4d0a,no_edit_found,
MB-8c608cdb8712,sha256:8c608cdb87121eb57afd1b832290a1f84395e0337136f2f310cd90b7fb3b1cbe,no_edit_found,
MB-8c70ceaba164,sha256:8c70ceaba1643ae3813c53a1c65b19f1aeb1c35b51ea78abaf2b4c706f152ff9,no_edit_found,
MB-8c7649ef566a,sha256:8c7649ef566a9913e83081bd183fa335cfc3fce196eb66f281021551498ec040,no_edit_found,
MB-8c7b85678f70,sha256:8c7b85678f703e6c770d8a2094b7d2635957c74ec889dced3f4ac7a7f034b431,no_edit_found,
MB-8c821f5f7ebf,sha256:8c821f5f7ebfb73866fd2e59c86b2746a047faeaa3adab18167d6c80b7420585,no_edit_found,
MB-8c840bba539f,sha256:8c840bba539f221bae7dab7abdbf9b5f9b99b5714d3e00cef4f7723841e825a6,no_edit_found,
MB-8c8422d21c01,sha256:8c8422d21c019edd27a027a82f346efd7b6e600e025935a43d37103945b73fc9,no_edit_found,
MB-8c87623252cf,sha256:8c87623252cfb2e9e68c682414fbc8c5a427644df2c21e4ef1f9a8c92a6bbc6d,no_edit_found,
MB-8c9565078529,sha256:8c95650785294ae3dbbfbc9e9e829ae97aa483ce434b019d0d88fa1f48437384,edited,unchanged
MB-8c983b8c9492,sha256:8c983b8c94929f6326145c70c9e64cb9b6b2560d8230e331f096ada83f124350,no_edit_found,
MB-8c9b21dca99a,sha256:8c9b21dca99ac85d456fe9e1210af23e6e09413edd0914bac33a19cff0a6ad9b,no_edit_found,
MB-8c9e0df69158,sha256:8c9e0df69158683aa55830b6b41f02d25579cf5835128198951c7a2b750e40b6,no_edit_found,
MB-8c9ff0df06fb,sha256:8c9ff0df06fb75a445c9d56c3b2d944cc3ed6324de9471de3ca8e7427315494d,no_edit_found,
MB-8ca62d621504,sha256:8ca62d62150480a7b43dc90e4027cd51ff5a2bde6e12b2531a055ffaeb010410,edited,unchanged
MB-8ca662f377cb,sha256:8ca662f377cb9884a60b4aa6659b3b42277161fa35c01ff73b209ffde4c7aafd,no_edit_found,
MB-8caa12e9ef0b,sha256:8caa12e9ef0b4d24a4f7452b420ff091d73d59400c75a55577ffcf6e3d3ed0ea,edited,unchanged
MB-8cb35d05baed,sha256:8cb35d05baedbd7232cf1770b18bb373717673aa4f1c9a192dab38235f4f5a24,no_edit_found,
MB-8cc6d7c81d35,sha256:8cc6d7c81d3554586c68500eb0c4df5c4f9c334a647986b897354442844e250b,no_edit_found,
MB-8cc72a2bd5d3,sha256:8cc72a2bd5d3790007961aa9f9e5915889eb77e878985b4aa414209ac1c13fad,no_edit_found,
MB-8cd241f2cb0c,sha256:8cd241f2cb0c849643f845650ec6bfe40d37f9df424891856bfdee314f680769,no_edit_found,
MB-8cd6bd528fca,sha256:8cd6bd528fca7d6fa5a8949cec0c77e0ecafa1f717360c1a4ef5cf4fe29b4a92,no_edit_found,
MB-8cd6e22fb08d,sha256:8cd6e22fb08d13ec0fa96e6955771667b7e5e2797fdb69cd9cf49f63ad688ef5,no_edit_found,
MB-8cd868814b8d,sha256:8cd868814b8d532ef4750e557897ff19a59588e637391637753127acb2f56e8d,no_edit_found,
MB-8ceb530c34b4,sha256:8ceb530c34b450783a5e35b2732354b7679a560469f03ede58f3ecf34c921cbb,no_edit_found,
MB-8cebce9d8e1a,sha256:8cebce9d8e1a2c8277b80a426698d473b77c5ee9891c2b1446ffd9499435fb78,no_edit_found,
MB-8cf0b692238d,sha256:8cf0b692238da96cf25975c8b066e66f056b10e60f075b2cf336b54ecf3922e3,no_edit_found,
MB-8cf39cfca44e,sha256:8cf39cfca44ed15f5e7383a59f824348f7dec830aeae69ae4bd2bd79fdf186ac,no_edit_found,
MB-8d04591ee2a4,sha256:8d04591ee2a4d21e47e9b7b9fe7844e916f1ef01233c31017a69300d32e78073,no_edit_found,
MB-8d0e4be0bebb,sha256:8d0e4be0bebb210a7ac5ccf6b0724919c9f79594cbd23a0605470a21da3bb3eb,no_edit_found,
MB-8d101e97d9ca,sha256:8d101e97d9ca6d0fff78840f994fa9b951e51a9bb1bd3dd0049340e1fb806b9f,no_edit_found,
MB-8d10a32fc438,sha256:8d10a32fc43821e390fe16569d70350e7b54d6764c45db3122271a5e65f84709,no_edit_found,
MB-8d11f27db732,sha256:8d11f27db732f295ff27a32b4a9006ad6c6daba23bdac36b93e5225b7926cf8d,no_edit_found,
MB-8d189fd4d199,sha256:8d189fd4d199d6fc986946d7eb7d20d552122d274d914e05c589e1faa6db2245,no_edit_found,
MB-8d1a3017ea5d,sha256:8d1a3017ea5dfa9f14d1c471f98c55f0d59ff3cad6bfb861734dbb105c1f169f,no_edit_found,
MB-8d4ac3372a59,sha256:8d4ac3372a59a42ab12c8bcbf6a4612d048f5ef31183d789dfba02af69c85e21,no_edit_found,
MB-8d4dbfffa20d,sha256:8d4dbfffa20dd130ae9157b7aba6930e7a80bcf269235964629e91896c8996c6,no_edit_found,
MB-8d6818d72ab9,sha256:8d6818d72ab9a0ddf82b747f2cea71aac6e0b7ea9744fecafdf27d1194176801,no_edit_found,
MB-8d6e68005dc1,sha256:8d6e68005dc122bbb4acb58dd705bb3b21c7848da3eec4dcc6b355aac9bda862,no_edit_found,
MB-8d712f64ee83,sha256:8d712f64ee838cf30cfd53024e7b7a701af665a0c87a9a61fa79749ffc0f6351,no_edit_found,
MB-8d7e1c85d9ed,sha256:8d7e1c85d9edd7f4a4205b1f26400a19508e75fc00effeed7b8b25086c8e03c0,no_edit_found,
MB-8d8d0e2094db,sha256:8d8d0e2094dbafcedfd223fe095e33f91f1b5a357aca9b0d3c91101ede816610,no_edit_found,
MB-8d8d4a0df723,sha256:8d8d4a0df723385b7d677e8c0a5aca88fe749310bb7c038310d257a601b2ea3b,no_edit_found,
MB-8daa41580913,sha256:8daa41580913d5838e73e15915ed2ec425ab5fb307a6e3587eec95f09bcb33ca,no_edit_found,
MB-8dbb113b9e80,sha256:8dbb113b9e80f5ae288958eefebe3c4ea73b8327ba1cc5fedcc067c65546bbb8,no_edit_found,
MB-8dbba1b02f2b,sha256:8dbba1b02f2b684ef525c5e2a7d5d8674e1a0ff7c0e8252d584ae2670eb353b2,no_edit_found,
MB-8dcb36dea3cb,sha256:8dcb36dea3cbb99f4f97198a17db95b21113e232c4de4f4a6219146d58cce789,no_edit_found,
MB-8dd01ebcbe07,sha256:8dd01ebcbe0763d3568ba48ae9ba8cced446ceea88d12a55fa4648f956f37d50,no_edit_found,
MB-8ddc38225ce0,sha256:8ddc38225ce00fa58730d499b4e9dde33d933d0d00ba22761848a681f89f395f,no_edit_found,
MB-8ddf64882e1d,sha256:8ddf64882e1d3dffff82bff25d03e9196d621dcc2a4ba4ce6c838b943a531c15,no_edit_found,
MB-8de0d81ccae1,sha256:8de0d81ccae1758dbf364bdf3eb300dd9104740724889e900acd5adb09674df0,no_edit_found,
MB-8de9fa704caa,sha256:8de9fa704caa090ee5f08d2cbdc7b1aa97317b942926e667f1a867a537010a90,no_edit_found,
MB-8df258214cef,sha256:8df258214cefaed7cc434c1d3ab8d7178d34be377691fac341d29e96256dd71d,no_edit_found,
MB-8df74cbbf219,sha256:8df74cbbf2195c602f02c848e9bd85a7049cd5681c8dc8746d43ece61467826e,no_edit_found,
MB-8e0671953cfc,sha256:8e0671953cfc47eff7fe5bb91c116983d4ba51d697fe66047f44c0bbecb3382a,no_edit_found,
MB-8e19b45f84c1,sha256:8e19b45f84c1545ab889316eb46d35503cd7b1b620b002e45fa7e6afb91c47c9,no_edit_found,
MB-8e1b9ff09b38,sha256:8e1b9ff09b38ca815828dadbf4447e1babc73b1562aa709e9ecd6c5af88f3fbe,no_edit_found,
MB-8e20fee7c16e,sha256:8e20fee7c16ec479b7a92ae6d721713826c13dfd21001a3d31e72db93fb82cc4,no_edit_found,
MB-8e2d0383feed,sha256:8e2d0383feed09cbcefffb504e6ca40396666222bbdb555960255ba883dcc257,no_edit_found,
MB-8e2e9b44263d,sha256:8e2e9b44263d0eef51c5a103e260dcde312c1dce27cfbfabd32d53c1461296ce,edited,invalid
MB-8e42bec483bd,sha256:8e42bec483bde546ba3774fc2dc1c1c03e16eab5f45237bff256da59bb707bad,no_edit_found,
MB-8e49258d95cf,sha256:8e49258d95cfd90f0919f66cab79f112e3c34bcaf6bd3bda16970fd59a73548f,no_edit_found,
MB-8e62e9d9bd51,sha256:8e62e9d9bd513d100108e2a07bb0b38ddf7f0b815751e091a3e120b4c8aed8b8,no_edit_found,
MB-8e6977b0ad82,sha256:8e6977b0ad82a896df1e5ce22533bc65eba2258ebc6da61e8b1580820787270d,no_edit_found,
MB-8e9206fc9b2d,sha256:8e9206fc9b2d49a71dfb5c3787db4bc5b173c4b08aa612fdbf228eda8d0dc7e0,no_edit_found,
MB-8e929ea42cce,sha256:8e929ea42cce92d5c1cbca616f7b18be1a351e99f6607fd15ff95680027072bc,no_edit_found,
MB-8e9551af26a2,sha256:8e9551af26a2328bea7b68ee3dab953f37f0777db85fae990f6891438c1fab93,no_edit_found,
MB-8e9bee769ff3,sha256:8e9bee769ff3ad0da63397f6f1e86dbc1008c60f9cbe7c8b7924375de2c4560f,no_edit_found,
MB-8e9c64237ae6,sha256:8e9c64237ae6508ed08fb4c9878a6b4dfb56cd3b6e21c3af850e04b192dd5355,no_edit_found,
MB-8eb0b5ce4bf3,sha256:8eb0b5ce4bf3791e11bc0b8750f483573bc443379f1b421183d08afc544d572d,no_edit_found,
MB-8eb3722cec9b,sha256:8eb3722cec9b2f452957dfbe98f913344d933b276e626b02a2d8619a2e8cadb2,no_edit_found,
MB-8ed2d0b6c9f7,sha256:8ed2d0b6c9f7031c1fa9f630b22dec0a4d1a3f21fdbfde33efc840bc34d38492,no_edit_found,
MB-8edb44d47282,sha256:8edb44d472824616077bba27d69f2c54e0c1d7c789be8269b8376079eca59305,no_edit_found,
MB-8edd5b8b1a4a,sha256:8edd5b8b1a4a3c63efd54c7e3cc1bbec83d6a8c4e86fc1f7dcb7e64b8e742899,no_edit_found,
MB-8ee2116e5b0b,sha256:8ee2116e5b0b2d87606c01bf9747a5308241c5bde55d87a6e4dd9ed254b31211,no_edit_found,
MB-8eefe520b2ea,sha256:8eefe520b2ea751921f29464bbf801414cded9a0a544352acd669aaccdf27275,no_edit_found,
MB-8ef335fbe624,sha256:8ef335fbe624aa50c92101281b0eb6891d305a9aa6eda2994b409d2243c0509c,no_edit_found,
MB-8ef9c73a188f,sha256:8ef9c73a188fbe42195e90ceb9ebf084d49fcf3fc4514150d3436697a5fba478,no_edit_found,
MB-8f12c94a9b72,sha256:8f12c94a9b72b3dd7bcb23e3337c7f001cc596f37a9391ff945d4cfeabbc237c,no_edit_found,
MB-8f16cd1694ee,sha256:8f16cd1694ee16763afe0837e828ccdcdc67383ce6f56b3d630e47cf6c760368,no_edit_found,
MB-8f30a9eaa777,sha256:8f30a9eaa777223ab68553bd0583c68ec0b606d71daac60f5cd5c46c8a31be65,no_edit_found,
MB-8f31ed07f7bd,sha256:8f31ed07f7bdd66069e31edfa8cfebcc0ba59f71312349a66fa85ecef1d77c25,no_edit_found,
MB-8f362b39ed77,sha256:8f362b39ed77d77a2635141190046219192abda3cd752a8ff71ade170ebc858b,no_edit_found,
MB-8f372b0149cf,sha256:8f372b0149cf2f5c097996f4f6da1287249e01b21da761c0b46918a78b5ea81f,no_edit_found,
MB-8f3e8c2ab692,sha256:8f3e8c2ab692ec70c24673f05ffddf55f5c5c0e3c643a200c99b8845b5937af3,no_edit_found,
MB-8f466cb6c643,sha256:8f466cb6c64380bc276eb75a3cc7f5e669a596732e0d2199f8e1190187b68463,no_edit_found,
MB-8f50ffe572ba,sha256:8f50ffe572baecb918675428f0f80c1dc0b9cdd8835b0ae370bc07560d298787,no_edit_found,
MB-8f572adf0e68,sha256:8f572adf0e687bebd7ab7ff140913cb2ef1cf739c0ee19cd8b112824f553dbcf,no_edit_found,
MB-8f646350aeba,sha256:8f646350aeba36e59f96361eab2ad98fd09b1adf40fef3afe850bd3c19b6ff86,no_edit_found,
MB-8f6e24360f8e,sha256:8f6e24360f8e1b97a768b2830eae86eace099831dc6b6191a88afb50b2e8c1ea,no_edit_found,
MB-8f7324aa0f5d,sha256:8f7324aa0f5d81aeb2a1114ddd6fa8bac23d849cac85da674a3bdaa7dbae9e73,no_edit_found,
MB-8f8863493ff2,sha256:8f8863493ff2d60f73694ee5aff9ff4723f454fc83160bc1aaadbcbdc2b47d54,no_edit_found,
MB-8f945a7ee0ce,sha256:8f945a7ee0ce44f347cc8deb2c947537aa19fed935a3c032d735d826c8e6a3d3,no_edit_found,
MB-8fa15f877353,sha256:8fa15f877353491a57e0d4b40389b00116e9949a0585aca0da232eecb00cd320,no_edit_found,
MB-8fa7809d6b05,sha256:8fa7809d6b055e9e8dae0d98177776096f2bdd0156197181a47d15c511fe0342,no_edit_found,
MB-8fa89556f3b5,sha256:8fa89556f3b58dde92ce3048063a84f61d7a6c6454ce9bf661d8584508331090,no_edit_found,
MB-8fb33a7b09a9,sha256:8fb33a7b09a970ce718a3daeca61b014e35e6e7d879deb4e0ed9dde078e6af75,edited,unchanged
MB-8fb624073d52,sha256:8fb624073d52f8319eee7a3bf33dc10a5977e6c94115ede45b95d3cc378f7daa,no_edit_found,
MB-8fd9865aad7b,sha256:8fd9865aad7b8e12f56773157cf504585d2652349c9eb9c23498ab22848c156e,no_edit_found,
MB-8fe666c2bc69,sha256:8fe666c2bc697b18c775f83b50d4ad6a935e858be78600a3ee4998e42198d8f8,no_edit_found,
MB-8fea4ac227a6,sha256:8fea4ac227a6eb1a58435ac2a9fd24f4937c8c78b3d63f61268c6398a30cd2ca,edited,unchanged
MB-8fecb6a930e7,sha256:8fecb6a930e75a583523e5c87f8af09e5b9e214202604aed80122c106b1698b8,no_edit_found,
MB-8ff6957b89d6,sha256:8ff6957b89d6b57ba6e5450111c38742fe806ae7f78a6de7dd5ebdd5230ce2ce,no_edit_found,
MB-900df69b7109,sha256:900df69b7109abe1f5f2a0738a7c6a0102fc551711e86aab9933fb2ba7cf9bec,no_edit_found,
MB-900f22838492,sha256:900f22838492da2ea79a2f2e0de59bc770293fc2265f7e3e64c80425c9fc32e9,edited,change
MB-9010e723df5b,sha256:9010e723df5bfc9d1b404139dd4436e16a171a9eaee81b2b5036196c6526b0a1,no_edit_found,
MB-90121004b70c,sha256:90121004b70ceb0537bc147cf5a78dbac43147d1693675e55198f06ae36a5bc8,no_edit_found,
MB-90123b6f0d3b,sha256:90123b6f0d3b5740fd4c5535617a4ba744f896dcfdb28a82656eaae55bb19c10,no_edit_found,
MB-901445ecfda0,sha256:901445ecfda047d72f4bf240273a8beca585c2869075b428dc3002378bfdfe52,no_edit_found,
MB-902359882e33,sha256:902359882e33b5c906a7206ab620ffa5c71593be0d7408cdb052fef1fff8e3b5,no_edit_found,
MB-903088eff26c,sha256:903088eff26c14a4e1ad8040a12cdac5cf17754891ef88eba4794fbb2177052a,no_edit_found,
MB-9033be43b84a,sha256:9033be43b84ad80b1b75ae53d7ff3b62c158100f8b7df3f23126eee58fae1aaa,no_edit_found,
MB-903484a3bfb8,sha256:903484a3bfb8073ae35e85109fd43dcb32dd7e859495620446c36be51b260af2,no_edit_found,
MB-903fed930ebc,sha256:903fed930ebcece885b3dd307aad3ae06199217ad3b24c582b9fb35152912e08,no_edit_found,
MB-9042d2a1f549,sha256:9042d2a1f549d6402e914c9cc2bd5a298681602c05ae5ec61ab469c8348d7748,no_edit_found,
MB-90657c1a8d55,sha256:90657c1a8d55405d33553738459886ddbe14e2e540f8661f87b8cbe26d1738e5,no_edit_found,
MB-906f7884f4ad,sha256:906f7884f4ad5465a4bae34e0604bdb35d97e3cd5de9cc7b185bdf366f05c8c6,no_edit_found,
MB-908e61d93870,sha256:908e61d93870be07af45b19b8f22bde6973a848d121310dca3c9e2f23aaede7d,no_edit_found,
MB-90936ff5e611,sha256:90936ff5e611d87bc5b801be0cdbd795c541f827f08751932bd24db4116efd84,no_edit_found,
MB-90a08497cc6b,sha256:90a08497cc6b75aeb47c7313423de7b31ad760daa6f13753dbe578f80a8d860f,no_edit_found,
MB-90aa1e1320ff,sha256:90aa1e1320ff202c3a56648cdbcf217d7dfa5103b90ad595c437181216a6e934,no_edit_found,
MB-90af8da1043a,sha256:90af8da1043a56c83410fd77e8f63874cd7185654ab5438b0209c5ffabf01316,no_edit_found,
MB-90bbe8bbd76a,sha256:90bbe8bbd76a1873a3c2969d04f1d607a614f195e0df76abe3726a8a390aaced,no_edit_found,
MB-90bd593ef8d2,sha256:90bd593ef8d2b484d6cf164fc882244d898e926ffda4bcfacba2c84e5e611424,no_edit_found,
MB-90d30a10b7e2,sha256:90d30a10b7e2bd73d28ded034938520ebb1f2f041a6097d1774a955a763178e7,no_edit_found,
MB-90dcd0c941c7,sha256:90dcd0c941c7a5d9343ca609913c5313878b8ab901adc521a8e50b0005fa0257,no_edit_found,
MB-90edf106f3a2,sha256:90edf106f3a2664f8703391bcc4304cbe0c5098f31b301cb6b1db610f9bdd5e1,no_edit_found,
MB-90f39dc83914,sha256:90f39dc8391471cc0d649f2b2700a268a90b7a537badee008f33c15b4be0d13c,no_edit_found,
MB-90fd4734ea99,sha256:90fd4734ea999c52ae5995d2aabc805643fa1fe5e7fde25ca23108d9035b9800,edited,unchanged
MB-9109a33f1eda,sha256:9109a33f1eda99c58059b6401a0c1720b16c914110149171167ef003e5642fcc,no_edit_found,
MB-910c41c76019,sha256:910c41c7601978e4b7392287871249d4e396088acf3b01810b4abfd3b2010a5f,no_edit_found,
MB-910e5ceb04de,sha256:910e5ceb04de6bb1b8d6e19c83f7296d274fc4f39ebd9ae452efc9c612b229f3,no_edit_found,
MB-910f9d097786,sha256:910f9d097786a63f198c48dac21b7c3856a70b1c9e3fad233120f7217c24ad09,no_edit_found,
MB-91279d06b873,sha256:91279d06b873da4df66192492a0ce83adcd5e6195e34443dd5a041e53996cff8,no_edit_found,
MB-9129534a1c8c,sha256:9129534a1c8c711406c214e7cf77a333afc5e9572f4133e10423a2e0937c94bd,no_edit_found,
MB-9134f7146237,sha256:9134f7146237c264f265d794ac21816d2e0d5814c5f56306b9da6e41772ed754,no_edit_found,
MB-9137817643f8,sha256:9137817643f8689b6ccc15c8d6d41b1f65c56b8848a68ee2d8245bf4b46bc1f4,no_edit_found,
MB-91380f6bd850,sha256:91380f6bd850180125f1ca7ab972fa01935608b776a82c8e68484452df48d4cd,no_edit_found,
MB-914512381b78,sha256:914512381b786aef3bacdee6b13d64aa532d4fa202132d6f92db7cf15ee832bb,no_edit_found,
MB-91451de52501,sha256:91451de52501da3d8dbef256b3e8779589f0264fbd61bf83887fcc415fa1031e,no_edit_found,
MB-91474e24c3c8,sha256:91474e24c3c86fa89998e3c9aa47f79edbff177cf645d6f895d6e913d42b339a,edited,unchanged
MB-91485a5df22e,sha256:91485a5df22e8b6646f80585447e3f1c8d86ea3ceeb032b742724ab1485a89e8,edited,unchanged
MB-914b6ddffd3f,sha256:914b6ddffd3f609c7aad1643429a5cdb47c5dcf851d10871f406df304e78f12f,no_edit_found,
MB-914f301a67ea,sha256:914f301a67eacb4e1303366513fe7cb92a77d02216ee4d9e58098fa54432d44c,no_edit_found,
MB-915b2ab2ca60,sha256:915b2ab2ca60b13dfb6d48de1226005dd7917fbc1bad08856d00416b0aee06a8,no_edit_found,
MB-91691612e5e3,sha256:91691612e5e362af37f4da1f036e2a10ead384076424fc07f07411251d9a48b9,no_edit_found,
MB-917bc6b1454b,sha256:917bc6b1454b90cff83f461e54932be9deeec823fb3928991974de9f852e7678,no_edit_found,
MB-917d7f32f68a,sha256:917d7f32f68a37493c636d12f3e616770b62a78231eb576531657da559425f19,no_edit_found,
MB-9181a31a220d,sha256:9181a31a220d2068e2402603d6def87a5e7be3ac0e5274916c14599980d0806e,no_edit_found,
MB-9184144ecd82,sha256:9184144ecd828dae478a62ce91210a9b616d83e3f127aa1ec52bcf48c391bb47,no_edit_found,
MB-9188bffb97d9,sha256:9188bffb97d945bf037725868dad40996b468dcfb530350705a1c44fa3a7cc01,no_edit_found,
MB-918cd53af67c,sha256:918cd53af67c16fb9be6af7a5bbd8306ff7bc09c2e0aba71a06f1e6706856498,no_edit_found,
MB-91900eb2ccfe,sha256:91900eb2ccfe56e84927097c3438254faa46c5c7e17a5b017a63563140ba934a,no_edit_found,
MB-91a474e7aead,sha256:91a474e7aead595a60c3ad4fd253828eadf0036f506087e7ac31b79f4711cbe7,no_edit_found,
MB-91a4e57eca66,sha256:91a4e57eca66e105c9aebab1a1930e134629aef4234775ffc72af032222bf16a,no_edit_found,
MB-91a51d0bcb02,sha256:91a51d0bcb02132ab3b3e98f515f73cadac6a4959fcc7950d69d1e45436d283a,no_edit_found,
MB-91a781f62fb8,sha256:91a781f62fb83fecf4a80473d751166425e488093812bb0f75b7ecbcd462690f,no_edit_found,
MB-91ae7e009536,sha256:91ae7e0095366262a029e903967b3e027416a9f308981aba6d979b65aa04e11e,no_edit_found,
MB-91c94093ca7a,sha256:91c94093ca7af9cc5328357db3d60ca4d1920b7871994eebc9e2f9f11fb9bd2e,no_edit_found,
MB-91d2f2240d05,sha256:91d2f2240d0591e6a05d2d4b07bfd78d570ac3a64b542121360052fd7b75b055,no_edit_found,
MB-91d61876eb59,sha256:91d61876eb59dff72595ccedd648c23302dde06d3fcf61e09e2bf82fb682158d,no_edit_found,
MB-91dfa34e8476,sha256:91dfa34e84761a27128190d515664f0a85f76bf9b0fbf1ddf573aa49f5d91e8c,no_edit_found,
MB-91e9837e1dd3,sha256:91e9837e1dd3edebbcddb58426e741251445bc4dbaa64bbf58b4076b33deb165,no_edit_found,
MB-91eecce883dc,sha256:91eecce883dc743dba3796213e064815fcced17fac6edbc9aa60302544675f9c,no_edit_found,
MB-9201cf5aec8c,sha256:9201cf5aec8cedec45a85356000bd38de2faeaf1c4427cb54b0158566a2e03fc,no_edit_found,
MB-92037fe44b46,sha256:92037fe44b466d79d339a83438938f12c0196e45e9d0058fa6955a1647a970d2,no_edit_found,
MB-9205642981d7,sha256:9205642981d736944d846c3d3b66493c55eb3323dd903203f2ed63750b60eea1,no_edit_found,
MB-920af50738c9,sha256:920af50738c9a1dec2236e258f8f33ebe6bb290c95f00a7d5e591abde67ce5ea,no_edit_found,
MB-92100f0b8876,sha256:92100f0b88767d6c36fc89cd0935fe8eeb74cbb76f76f9fd51e660d220a817d5,no_edit_found,
MB-92227e387a35,sha256:92227e387a35b67dbfa73dc0412ef8710d1e6c5557d5b21e7789e2d524fd03db,no_edit_found,
MB-9225b8981dec,sha256:9225b8981dec48df5eb4bdfbf50a345fc1e84017499dfc3c6f6b09354b42e462,no_edit_found,
MB-9229ab778095,sha256:9229ab778095f18343a599fb1bd6331a6536c161948b863c879dd6aa94f56f34,no_edit_found,
MB-923004a16f96,sha256:923004a16f961ac9e858cd444a12b53f574660dea81bc53fce6871f1c7876d04,no_edit_found,
MB-9234a58f6952,sha256:9234a58f69523f3f4acd58a899f3987aa917f3e6b3397834a352e34ee66ffc2c,no_edit_found,
MB-923c8cd814ee,sha256:923c8cd814ee2e524a1543a23528fe5a3c43e60903f0c83bd28bb7226c300b36,no_edit_found,
MB-92460622c02c,sha256:92460622c02cf3798267c54cae6bb99422fe7fe7706d73ec0de0da97d186b317,no_edit_found,
MB-92476956c75f,sha256:92476956c75fef46fed730a8ce43acf3e153877193e86505e570bb5fba04adba,no_edit_found,
MB-924b310efbc7,sha256:924b310efbc713df548c106c8412c860b8e5c8c52e8b5af6f49ff9f658625d1c,edited,unchanged
MB-924cc36ec3e2,sha256:924cc36ec3e2d4b939b7b1e15fc109ea94a32b4255c8292ab6c17d41b74840c7,no_edit_found,
MB-924e61361ac4,sha256:924e61361ac4a02f9d7b3f4425eb41f5ffdc7f47cfe22a2c5d6ee866736205cf,no_edit_found,
MB-92530d0e065d,sha256:92530d0e065d021e85cc2ea39ca494d84d45cb4888cb97f842c9671cb0e3a1dd,no_edit_found,
MB-92623bd91eb1,sha256:92623bd91eb195d5feb1d0fcae97d4356b51d50d6aa49b1b4b35afdc6fa5121d,edited,unchanged
MB-9262c182b5a5,sha256:9262c182b5a5ea76be32416635ccd1ea41397ec98bc8ae1a27cd8efce251108c,no_edit_found,
MB-9269dccbd277,sha256:9269dccbd27749c7d0721b35987532e97a08b84b1cc16e7d1f350e61c3519f89,no_edit_found,
MB-926d17586ae5,sha256:926d17586ae5284a84c814a61561a9a771efddad321ff93d11dcf4517ca34d08,no_edit_found,
MB-9274f380c156,sha256:9274f380c156d8d7442f0fcf26739881bfe4139bc5ef4b4b800e916c7c5666c9,no_edit_found,
MB-9294221dcd53,sha256:9294221dcd53fca61c38130e4f27d70745e210be315342cd9e89487297db6781,no_edit_found,
MB-9294cd4f1fc4,sha256:9294cd4f1fc424e5545f7318bdd0286be9bf1c1a7cc865784ab8e87eda6355c1,no_edit_found,
MB-9294f84fd7a1,sha256:9294f84fd7a117c249558eedfe029cbd115c8601b986102b164b7f40c2138d96,no_edit_found,
MB-9295e827eba6,sha256:9295e827eba63b57b7963f9d831dead5af6e4d9a4b59b83651ec0a7a24f1e0e2,no_edit_found,
MB-9297c19214e9,sha256:9297c19214e94f080b0d6c45c0ddcc00fb52075b7eae6a29f87ea3995ac46dd3,no_edit_found,
MB-929e35ddae4d,sha256:929e35ddae4d66288431b542736ad5a9db0f486a01a172f1f46b5169ad2eeefe,no_edit_found,
MB-929e786e843e,sha256:929e786e843eb1d6a027c0688143d2de0a09633a7c1c01071fe90a13ef602e7a,no_edit_found,
MB-92a42f35cb00,sha256:92a42f35cb00b64fc4abbcecd198372fbc899575817c98669daaf2c9d8646ca3,no_edit_found,
MB-92ac345341e8,sha256:92ac345341e89d601e624f5b6fa845d180a5a0982603ab3858cb60f0284736eb,no_edit_found,
MB-92ae6df09e9a,sha256:92ae6df09e9a2a9ab3c019ad5c2f317dcf3c060d87e7f2f28c94744c6d3619b1,no_edit_found,
MB-92b74e3427b5,sha256:92b74e3427b5d62cf21bf648246eba65dc47c22f02a1afd7be1e232b2a40580f,no_edit_found,
MB-92b9b0b63310,sha256:92b9b0b63310dfc650fd08ef32fcfe61fca1c0e4ec3531c84d9dd7584160b7ec,no_edit_found,
MB-92ba06c6540c,sha256:92ba06c6540c57626b97674d77b641c34eab418f51716c5adea59978ee86f83a,edited,invalid
MB-92c82d93e1ae,sha256:92c82d93e1ae7c71dcad727990b55557ae763c9b3e613f8a596268352540311e,no_edit_found,
MB-92d336225816,sha256:92d336225816c3684aaabfd8c1ffa2364ad8ec75e3773735894aaaaca59b4cab,no_edit_found,
MB-92e2b9cba0dd,sha256:92e2b9cba0dda581a61ad11f2e67d5a50b59f355924b446b4b367e2973841683,no_edit_found,
MB-92ef3ee839b8,sha256:92ef3ee839b8d1fecb58a5fd7322d526d0a842153209376dd5a911ff686a761f,no_edit_found,
MB-92efe59225fe,sha256:92efe59225fe514d958b1d2f88dd41b17835b15c5b2707dac1d70c2232fd86e4,no_edit_found,
MB-92f0653f6661,sha256:92f0653f666197ed3869041cf9b4bb80252ef922f7a742bc162cee2741247235,no_edit_found,
MB-93042b9776af,sha256:93042b9776afab2bb6aabbf358076e53a926f4d651cff2948b8c7feb0a32ea2b,no_edit_found,
MB-9312f61d89f7,sha256:9312f61d89f7667ae4c0837261d0fd86f04a0b8b46f6d6608b21a3aa25813946,no_edit_found,
MB-9317297e9643,sha256:9317297e9643c684cd7b3cbb6ab1377d133c15b888f832749195f382a4a4ffac,no_edit_found,
MB-9317d9e2a2ea,sha256:9317d9e2a2ea15cf7e1c6a3a488a28bb89ca990c7fb4d31c073f63b03fec67ff,no_edit_found,
MB-932696d0688a,sha256:932696d0688a9f2e497a04eecb862504697914929564eef66eb8407a91fc659f,no_edit_found,
MB-932d49465a08,sha256:932d49465a088a589054fa100eae55e48f660c391cffc9b5e413ca1becb9b9c2,no_edit_found,
MB-9331b7478bcc,sha256:9331b7478bcc82dfcaf9cb60197d78f8e1c71e987fc070e02addbc7ab40785de,no_edit_found,
MB-9334d2f11301,sha256:9334d2f11301e772e3eb132a7df5cef747aa9d59f561751d90458e526cac085e,no_edit_found,
MB-933a62699293,sha256:933a62699293827d39600ef87742ba9d65aa28aa5a19e834257b28976832298b,no_edit_found,
MB-93519cbf6be4,sha256:93519cbf6be4df7ae2d6db5641fe16d94369e5dd6ee6c6d0a841688c9c19cace,no_edit_found,
MB-93573cbd5f00,sha256:93573cbd5f00df26c8663dc5684359bb53980b7d5d86586ee9eab284421c7749,no_edit_found,
MB-935b9ea43dc0,sha256:935b9ea43dc0ce877637bda7b1dcd6a46c5c2d6d6d3661ceaf8f0da3b81f1d56,no_edit_found,
MB-935dd597f842,sha256:935dd597f8424c397044991701777ff31ebd93dd17884850bf9f47bea709f92d,no_edit_found,
MB-9360432da6f4,sha256:9360432da6f4f5caa1ec7505d690ea3f5b3f7b832378e519749a705d5de8b3fa,no_edit_found,
MB-9361ba859c7f,sha256:9361ba859c7f0bd0002442b4ac5939d2d01e017c412338c10fd7f0a170b6b82a,no_edit_found,
MB-93689fb96e23,sha256:93689fb96e235507c33c382bf29335a4e1fa3efa4e245b1ed8b42e11d8624ce6,no_edit_found,
MB-9368a0f64e16,sha256:9368a0f64e1694542781da49e488bb740ca74097911c159c88485e075c151c61,no_edit_found,
MB-936d014eb08b,sha256:936d014eb08b6e0df4c56c16a9401dec92bb70c7b2d4344336dd15fdee494a92,no_edit_found,
MB-936e312e81b4,sha256:936e312e81b4d24617671913d1be120811423b0c55a96dd084366d248b90bfb6,no_edit_found,
MB-9378e25c3d09,sha256:9378e25c3d0999d3d9bccb9d92f3adbb30ac322065627199b465b59e7edd910f,no_edit_found,
MB-9383e11a62ab,sha256:9383e11a62ab6ec91a8d9d6bddda4a5ce21ff555b32cc5faf6e7478dbb9726e7,no_edit_found,
MB-939696398ed8,sha256:939696398ed870057001dc6a8e72a32f483b71447c2d11e77fbb577e159c1198,no_edit_found,
MB-939e87fe5f75,sha256:939e87fe5f7531348d4c9143a462a871bf7255e69cc17b95150125c295703c6a,no_edit_found,
MB-939fbb03aa6e,sha256:939fbb03aa6e38453f90879996cda6609a229251152f82171385c1857d6b7cb6,no_edit_found,
MB-93a25a512519,sha256:93a25a51251955ae156e721c475ae651553c7d89bb8bad5b6c8bdef745443821,no_edit_found,
MB-93a60f1483b0,sha256:93a60f1483b01e5ea839b3a2cfa4e0e423000f419bd6abdc36be546b2d2e2a32,no_edit_found,
MB-93b2e387f660,sha256:93b2e387f6601ef845af6093b52803810ab8a046cc060188f74d8daa03ac9457,no_edit_found,
MB-93b89bd46b3d,sha256:93b89bd46b3da65a3ddc74ed7e94d9a8f303aaf935d537fa59a9b2e9018659e5,no_edit_found,
MB-93bc45d2de86,sha256:93bc45d2de866d26a331fef3f2fb8245117c3245de419dc75a30ff1ad9b0ac30,no_edit_found,
MB-93d1ca06cb65,sha256:93d1ca06cb65b76a310ee643629c32383dbfeda5840403a8d6b1b09a74690865,no_edit_found,
MB-93d25d7bca48,sha256:93d25d7bca4888657296e55e09bb9d3858e7a71c2ae7306dc14e4fa804869583,no_edit_found,
MB-93d57d0bd616,sha256:93d57d0bd616bf095f5d29f5fadbe78d91f08023592a7d3076176c3d1cf8153c,no_edit_found,
MB-93e8fd8ea94e,sha256:93e8fd8ea94e83fbe7d51d49564bf1dc98fe757c37d770b581f21324cb0c6359,no_edit_found,
MB-93f05e59c01c,sha256:93f05e59c01cb5e5578d60724e80f6b718cd4ff2667a62d2a4bbafc6b02d2541,no_edit_found,
MB-94047b299cdc,sha256:94047b299cdc4fe8a6ae4d2b2a9fb46d0a1710bbd63f97c7c08596f0c7592a55,no_edit_found,
MB-940484890631,sha256:940484890631f5402f4a2c4332c473168d7e7380839eb36249ecf252b7974ada,no_edit_found,
MB-9415f77255d6,sha256:9415f77255d668e9e799a77bb9a6ffd105239abc2397af597378b36a5115d16c,edited,invalid
MB-942b38e991b7,sha256:942b38e991b7b13ab6d54af97f62dbf6769f00c296565012a51550bea010d89d,no_edit_found,
MB-9434c3c6c367,sha256:9434c3c6c36763e5972d11f5a2f5a8feda632d3b2aec56a1c72782c111b7f36a,no_edit_found,
MB-943d302a87f2,sha256:943d302a87f2570492d606063086754f21859ae1ab9e9fa8f435f540e7bd8ed3,no_edit_found,
MB-943f9992d9fe,sha256:943f9992d9fe090c709a726f5ee1f37bb32733ce24885aea324e6fd5a921be3d,no_edit_found,
MB-9444bdc4cd28,sha256:9444bdc4cd287b0679cd4c0909a57ae9ed50eb0276515d6200b3f54c133e5fcc,no_edit_found,
MB-944bd0dd8467,sha256:944bd0dd846726084ba03214629cd314da6ad634d7cad46e1bc1eb9a893b413b,no_edit_found,
MB-944c4336703e,sha256:944c4336703e5b0416d63e4e31046d6b98248a282b6b0a163ea299d43afa058c,no_edit_found,
MB-944f80138b48,sha256:944f80138b48765a64d92d2cf0054ae482cfdbae88c5b91a217d1db11ff926c5,no_edit_found,
MB-9458a17951f9,sha256:9458a17951f9f9991fe9e81f9620896671215897f1285faa2674711b8b67c1aa,no_edit_found,
MB-9464312e82d4,sha256:9464312e82d4cb34ed9e282518b80cb0d3caebf09d68559e39596bca69f67ae6,no_edit_found,
MB-9469f36de196,sha256:9469f36de196669a89cf81cf002c685d708b2bd9576fa694364de90dc69de4e4,no_edit_found,
MB-947dff53991a,sha256:947dff53991ab3508db8ee1d2f1dc8b56c92549f13a1c6d95497704d7be13ec2,no_edit_found,
MB-948cbb4a2da5,sha256:948cbb4a2da51cf396b51ea9bb5a7b4927b248db0d8ed97774dc195ab882ca62,no_edit_found,
MB-948dc20223b0,sha256:948dc20223b0b37ff5528aa33504d56026beaf829f3579f7023deb9dcf9d5c2b,no_edit_found,
MB-94952fd6db6a,sha256:94952fd6db6aed34733a77a12ac1d55ae88100d0b64a69ac3bb49f14fe25cb7f,no_edit_found,
MB-949875c70a6d,sha256:949875c70a6d58ac89ef642647ed3ba3b42b5f55e66d9b2afa4a22515f5f25eb,no_edit_found,
MB-94a51160e697,sha256:94a51160e69725a615b3f7c4ba1e05aeed9af606c754aeac387bcdf080fd418e,no_edit_found,
MB-94a5a6e1cbe6,sha256:94a5a6e1cbe6989b7750e080c78bfd0c283f227b4447b4028ba78653b38bbdf0,no_edit_found,
MB-94ad4ec3ecca,sha256:94ad4ec3eccaeffab9bf5a7cf37b8848a212f18f17cd3a2b48618222a4b4784c,edited,unresolved
MB-94b32d544753,sha256:94b32d544753bbc86e2e842753165e23666610fd53dfc5a859b530f7768e76dc,no_edit_found,
MB-94b5f2b65a3f,sha256:94b5f2b65a3ffbd42aae9a7c3ed53935c32715492e03bc9afef2897e06bc053a,no_edit_found,
MB-94b7a8b6134e,sha256:94b7a8b6134edadab7b2812008fe93a92d618547ff83332679efefdad6a3bca2,no_edit_found,
MB-94baab472a45,sha256:94baab472a45cce2cdf4228f92b40783d7c0a91a252a8357431a6e7b91f28c6f,no_edit_found,
MB-94be28603b7c,sha256:94be28603b7cdabf70cf4396469c9a0c3e4582b0cc6f81d5f677f930af906bf3,no_edit_found,
MB-94c951355c29,sha256:94c951355c296f3162c50bfa677e1d0cff4d869253a1c3e59c39feef3a83ce94,edited,unchanged
MB-94d239d4137f,sha256:94d239d4137f0b50e6b4829ba44c9b32167df7ceec4bb262776fa27008ba10f6,no_edit_found,
MB-94e5ce55c0b9,sha256:94e5ce55c0b93ed8d5fb13e1665e7c431d63c6aa27c3f8bc6fd63a3b5e6749e3,no_edit_found,
MB-94ea926ecbab,sha256:94ea926ecbab12b14dfb893ca911ed1cf9f725234e23c6efc84065f6693d7d00,no_edit_found,
MB-94f095297e32,sha256:94f095297e324a522eb31c89585f70fddf8f860e7e682e8a2b88a6b78e04f35f,no_edit_found,
MB-94f1e9c00c29,sha256:94f1e9c00c29abb5c39d97a385972675b5c764753bfbac82d5b5e79cb2c80e83,no_edit_found,
MB-94fac9ebcf79,sha256:94fac9ebcf79600a84fe316bdd07bde7ad4efe8fddeaaf952650d348f2358e50,no_edit_found,
MB-94fc8ba63333,sha256:94fc8ba6333320596ca601ab8a55a1ba29750442cce07955f91a81b70224c10f,no_edit_found,
MB-95084b0c2a43,sha256:95084b0c2a4353d442e02274e4e51439775b1140d27553d868ddfd0c09a6dd53,no_edit_found,
MB-950d0101dd33,sha256:950d0101dd335210179d453a7912bbf6e900b3a56202413d561c7aa9e4b5e718,no_edit_found,
MB-950ee80a4287,sha256:950ee80a428750e3c9e119a4659a6fe70d6d8ee8471cf41d3e9dffad335c53e8,no_edit_found,
MB-950f34937baf,sha256:950f34937baf88250dd736a51e77c76eb91fd7ed3afa7672e6b19be9f69447a7,no_edit_found,
MB-95129e5f2b12,sha256:95129e5f2b12bd2b30638f6f8c5e03b4f2100914abfd6c3a2e5cf988be8636dd,no_edit_found,
MB-95131b07a7a1,sha256:95131b07a7a14dd1989346140cd5e0e9737af92b62a95f7c02ff5ced78004bb9,edited,unchanged
MB-95181af73423,sha256:95181af73423876081bc6d7aed04602bd4b8f117bbce424bfe928dc74c91fbe4,no_edit_found,
MB-951ad55dc9da,sha256:951ad55dc9dadf9cd6417ae99feacc803e3bf7711d9c73acd5559888c92b4618,no_edit_found,
MB-951c4d6ebb27,sha256:951c4d6ebb27a2d8fe64cfc261ba89136eb4f5df34def6f6068ef7fc4f931ac1,no_edit_found,
MB-952438f47b04,sha256:952438f47b04d74598cbffe88be5000b507352b4008d4bb48fcee3712d0916cc,no_edit_found,
MB-95272f134cff,sha256:95272f134cff962a47b97011b0ee6c5ef706819092e18b5eddfa2eb36b0ad3d5,no_edit_found,
MB-95283dbed3d2,sha256:95283dbed3d2d320635757f7b16858bf2f76ab214df236144c61fef04d5b8aed,no_edit_found,
MB-952915d2b941,sha256:952915d2b9413c5fe3d328cfdd8e472de9562c45c0af5ff1f33ead51172081bd,no_edit_found,
MB-952b01253aa2,sha256:952b01253aa25eb53d8fe2989d437ada1c8781651d228b13239375a80383058e,no_edit_found,
MB-952d2d154a40,sha256:952d2d154a40d4be806ed2aa466533674a69dcba454cfbdf5f55e453b7d12620,no_edit_found,
MB-953082a7ceca,sha256:953082a7cecaad808e822b3571b5c3db69fdcecabd7744f3e51f5cc0ffe3a1bc,no_edit_found,
MB-95353049a2a4,sha256:95353049a2a4a8fcdfa83fc3a6d395d0da777aa5fc054cb96e81c00435ad72b1,no_edit_found,
MB-953658c5d9ba,sha256:953658c5d9ba3084aef8d4c9c9b6f2ae7e54f3977850ce93f87b0ce258d6036e,no_edit_found,
MB-953d0c636e0a,sha256:953d0c636e0a28e5cb4082c3dfeb37de735303015f652045700c000df86ac79e,edited,change
MB-953e955d726a,sha256:953e955d726a3c18465050a35002f596a294531a34ba4c6e83d027faa43cefb3,no_edit_found,
MB-95449b686b09,sha256:95449b686b09790e4b6a0c5a6b05969f487b1381c17410e9f9ee7103e410e8af,no_edit_found,
MB-9552673f28f4,sha256:9552673f28f42551607239703d282eed5911d43af50e490500b82e95f757daa6,no_edit_found,
MB-955589a7193a,sha256:955589a7193adb663c11020183dff2ea5bbcbde8e2bb730b7716d107bfe55fb8,no_edit_found,
MB-955d148ca3b1,sha256:955d148ca3b12f3f423ad316ab7c97261b91e5a570386f226eb3c72d78ac3064,edited,invalid
MB-95603e8267e4,sha256:95603e8267e4a7c0d3cde2a6e839e546a3782dd2463fb54ecae0da0ffa1f4505,no_edit_found,
MB-956d3d765a28,sha256:956d3d765a2849ccf4be4116c133e5c99b5c7c7b2cfc6fdbed4020ebf217a6ff,no_edit_found,
MB-956e9fd470ac,sha256:956e9fd470acb53c8cafb8d1b2ea1b022edbf350ac6e6e0845ed936cb1d61899,no_edit_found,
MB-9571018c4bb7,sha256:9571018c4bb7b931a7ea0cce9fccce28495c59ae95a7d3da11588684f52e1513,no_edit_found,
MB-95727cfae97d,sha256:95727cfae97d2e1b6b1c42d8e3b0cc277bb0115af638951e2bd1bef8cc541afb,no_edit_found,
MB-95776fab0654,sha256:95776fab06541aff809d2973a45a0c93d26a72cabdd62a80dfd64bbc938f54ac,edited,invalid
MB-957edd2c1f80,sha256:957edd2c1f80cf8c11ffe9cb8973a54af199129b56a65a4b06b4bb8f4793152a,no_edit_found,
MB-958e8f5eee0b,sha256:958e8f5eee0b1787c82087275b59061fd84772d20c096b119bd7c4fdfaafaa47,edited,unchanged
MB-958fe3ac473d,sha256:958fe3ac473d1e979e3803cc49933220587132798c187134cc26e9d885a5212d,no_edit_found,
MB-95909be43ac3,sha256:95909be43ac30f272890810e741b25fd2b146f8dacf3a64a584420e80a872a3a,no_edit_found,
MB-959c56b2682b,sha256:959c56b2682bc708f966b23bf434b31658224b1c4fcbbe65e96bda18a6814d2a,no_edit_found,
MB-95aa2a7e73eb,sha256:95aa2a7e73eb757c4f206bd65e6625de6c3e6b8d0c4ae3eba61a072cda356b35,no_edit_found,
MB-95b18baa1dc9,sha256:95b18baa1dc9087fdc94fcd4c354136d7411b61eacb6fed024968aa16e924d0c,no_edit_found,
MB-95b592b15a01,sha256:95b592b15a0129ee8b33ca0fffcc4a953ea9374845560c0e02913956b0b55ead,no_edit_found,
MB-95b78abf1b26,sha256:95b78abf1b26bcca2bc503650201217a76ab7ea09a1f69bc8825ea8a8c0bdbfe,no_edit_found,
MB-95bf2cb2845c,sha256:95bf2cb2845c8a635a4cd43019a284078a57d7f0f3eced6f1b90d33f61cf6044,no_edit_found,
MB-95c4ae90bfc0,sha256:95c4ae90bfc09fdc0398bbb1e72f530fa78eafff0dc4f1296feb562604626638,no_edit_found,
MB-95cd92c76cb4,sha256:95cd92c76cb429111bc9e670ff2d41b19631495d4eb196f09f95e10019cb38e5,no_edit_found,
MB-95d0d6d08bb8,sha256:95d0d6d08bb85ce738e56cbaf823078b0ed11abdc6d9a8856d51e13598e8e979,no_edit_found,
MB-95d6029854d3,sha256:95d6029854d3416360d60cf995ff48bd63682ba872b21017969ffe328c1ed16f,no_edit_found,
MB-95dab6d6151a,sha256:95dab6d6151ac188019006d3388faac37d134d7ccc44f7f864ab8c05076c728f,no_edit_found,
MB-95db5c00e3a8,sha256:95db5c00e3a84dcf87b0f169de202501d449803fad5fa5b888f6b000c012f258,no_edit_found,
MB-95dbd50aa6c2,sha256:95dbd50aa6c2992588604419c92b80e9a7ab0bf24a6177c18687a27be84b29b0,no_edit_found,
MB-95eaeae65a56,sha256:95eaeae65a56e5dbb7f8ae1e6574772c9d33b2e6f3bf260fdc9988703037fed0,no_edit_found,
MB-95eb3d875618,sha256:95eb3d8756181262cf2230a39afd777e19874170a9b4ef74d993b4a40546d5c3,no_edit_found,
MB-95f771a82fe9,sha256:95f771a82fe95a86e3325c71063ec85db8ccecc0a2e40c09f2b67f11f6e11acb,no_edit_found,
MB-95fb91fec2cd,sha256:95fb91fec2cd5eed368d5a8e261d312024790b6e6a8c1319a37a35a132570e81,no_edit_found,
MB-96014028a130,sha256:96014028a13042fa4e7f4eeeaed01b78fe2e74c25ddda0527e1406f819b5ec22,no_edit_found,
MB-9603c9e1132c,sha256:9603c9e1132c5768efea42329a348172d00ce3c05b12b564c7b62922283faf75,no_edit_found,
MB-9605b2ef2433,sha256:9605b2ef24339590543738dc4ba4007fbfd65160c322ac9ad4934f69e9d1328e,no_edit_found,
MB-9610b8ccaa83,sha256:9610b8ccaa83cbfa2fef39a0173b13ff855dae9032c2f4aae94a977b8e119a13,no_edit_found,
MB-9611b39fcd8c,sha256:9611b39fcd8ccf008fc1bdd201a59da7a53e2505f4022d3a8206ff445465e200,no_edit_found,
MB-9614bb5d016c,sha256:9614bb5d016c91604e1da9c16b21539ab0a636942a6601cfd2eacf95880bf89e,no_edit_found,
MB-96181f2254b1,sha256:96181f2254b1a042c98060c0095f0a89a12ca316e40a1a0e36bbcf0ca77cd6db,edited,invalid
MB-9629c183f817,sha256:9629c183f817db55a0d9b22f766c442002e0c1e2bca0bcf948272403607fd1ef,no_edit_found,
MB-963057ffb3d3,sha256:963057ffb3d3b5e23d10eb6fe63780fbe780504acb1a36ec463fca95912d37bb,no_edit_found,
MB-9631f70b8e47,sha256:9631f70b8e47d20631a3fdb97bd1cc182da53ee7016936406ec6ac6ec7ff80fb,no_edit_found,
MB-963370d9e5eb,sha256:963370d9e5ebccc17590d590146a9abec85ad55d7d589b75e3c76a0cbdbb3d3d,no_edit_found,
MB-9639661a9f56,sha256:9639661a9f56caac8d57744aa6786358547ee54cad9e506ffc7aac2ba72d3ead,no_edit_found,
MB-963b99095496,sha256:963b99095496ac8fb6cbcd56ecd67c2ede616d68ae280b0f3f241995d0a3d025,no_edit_found,
MB-963bdc56a230,sha256:963bdc56a230109dd6c06f7871a69c84b75668bd55d9b8e23df5117503ae50e2,no_edit_found,
MB-963df63a58ef,sha256:963df63a58ef4ab2826411672a5d38ea185f862a0e0d7cf0f651a8b60974026c,no_edit_found,
MB-965fc4d4c891,sha256:965fc4d4c891eedd0d150fe63f84332c8b01ccc0fa49dab6bf8f164681a4460d,no_edit_found,
MB-9660d2c06a6d,sha256:9660d2c06a6d43b70aebf1dea7c70956e0518ca6853bf8b4c7e4b7088d149290,no_edit_found,
MB-9665f00ef024,sha256:9665f00ef024f864a3a7d427f1260f3f7f11ef9635ab854c9c0c27bdaf19a6a0,no_edit_found,
MB-967623416a84,sha256:967623416a84adf519c5c0b6d68100bd686a4f78b9bcf2e23eca80a7ae42cad7,no_edit_found,
MB-967ca3b4691a,sha256:967ca3b4691ab0da3160c60fcc6c593e4e59ed9a118790e2e9999a63c2f82cca,edited,unchanged
MB-968159c75558,sha256:968159c755589b6081949a6ad5a8c6048c36d6b647719386bcb5fcac54c1ca8f,no_edit_found,
MB-96893632946b,sha256:96893632946b9cf437704046112ed9d5f25fe721d8563d12545b0092e70ed3b4,edited,change
MB-969cd5e4f49e,sha256:969cd5e4f49e71e41f698c58a9e9c772563abfa6aeb38011c3514eb7fc35aa14,no_edit_found,
MB-969ea2379fb2,sha256:969ea2379fb2441e49e516092a824dfd1c0bfb2b31ab26b0d9e82dd7ee8fa349,no_edit_found,
MB-969fe30e9e62,sha256:969fe30e9e627036112bb26f1e00cf3e0dc8d9c5e9ba48a221b3da36cea01859,no_edit_found,
MB-96a019a5a18f,sha256:96a019a5a18ff4862ebf36d16a50f3c9cd1439dede51028d864d4868b67fa0c1,no_edit_found,
MB-96b889be9970,sha256:96b889be9970fb62edb7c7111506eabdc776e6ef98e0843c374dd2258e1949ef,no_edit_found,
MB-96c28eb025bf,sha256:96c28eb025bf710959f7a12a8190d07fe82b29a41cc70232cf96b51ce6c01a5e,no_edit_found,
MB-96c3d0fc4b65,sha256:96c3d0fc4b656203a379d6d6b212e823b4cd851e0a5aca46a9616102581154fc,no_edit_found,
MB-96cfb5b5b1ad,sha256:96cfb5b5b1adc6dd5b9f01a1dedd4aad3bf24a6f3c09a8d9c6e842f0409bd910,no_edit_found,
MB-96e2c97b2843,sha256:96e2c97b28432eb732d4f6cbfc8da9ddb7898985c752ec31dcd21f506e8b78cd,no_edit_found,
MB-96e9523efa04,sha256:96e9523efa04708c0b526be3b8d37ef956e1852f81dab9bedf375fee974e80e8,no_edit_found,
MB-96ec4111ee4f,sha256:96ec4111ee4f0d4c7619ad6f3df807d494011a72f7fc67803e585297daa20b97,no_edit_found,
MB-96efb55d9a39,sha256:96efb55d9a39c896e13f14f896b9a0f2efe76fd3e475457253bbf1594ed09c2f,no_edit_found,
MB-96f104833650,sha256:96f1048336507d5054d004ead033227791bd2b335778b8519c5ffe61525b7c43,no_edit_found,
MB-9701e6453e20,sha256:9701e6453e2029a20cc9608b10b61a321a285f72d5acfca076bd6daed890a08b,no_edit_found,
MB-971341f8f23b,sha256:971341f8f23b80b732da5a112171be4a55b12c645a0086bcbd6d174370e06bdf,no_edit_found,
MB-97192cf1f8b4,sha256:97192cf1f8b4c3fe01cf993ed5fdd98befce96a1cb1259f431ba3697d11caf3b,no_edit_found,
MB-97219d2ec585,sha256:97219d2ec5856e737679b91b97a407f362cd1ef13dc04f5a8c5706101be175a9,no_edit_found,
MB-972d873caa6a,sha256:972d873caa6aa13d7253d376f1cf4b793d59eff4f280ef90bdca6a90ea3d1055,no_edit_found,
MB-972f8dae8f5f,sha256:972f8dae8f5f980c35579da709d57d526657e31020681e366ce2182d0925ef9e,no_edit_found,
MB-97309ee4f736,sha256:97309ee4f736299c54ffa036cfb71002431729d93521705d3647761b2063abab,no_edit_found,
MB-9738087cfda0,sha256:9738087cfda0f6b41043b6b89857286a3cae6d53c2f0d480a7cff5a3041f4147,no_edit_found,
MB-973a52ef3c49,sha256:973a52ef3c490441344f1cbb80894da3bb44c23577f7faf29ae75d041f423309,no_edit_found,
MB-973bb1bb4b97,sha256:973bb1bb4b97b41ada82a525fa3527026b2b4b5e0169a152488d486142a341cc,no_edit_found,
MB-973be19252f5,sha256:973be19252f5a7bb91a60126ceaed693f31c89c9ebfe364db3968ab5eca73143,edited,invalid
MB-9749be4e46b6,sha256:9749be4e46b6c0632e8fc03679d3b00e9676af40614ba63383c36aec733af130,no_edit_found,
MB-974bc4810b72,sha256:974bc4810b7272be92155df08750a4d22b4da13211c6d0e393cf65224fca8a44,no_edit_found,
MB-974e3f7fa356,sha256:974e3f7fa3563d4afcfe64d44653c14e8ed6c728ebd643dcb7bbd9b75e8f0c72,no_edit_found,
MB-974f1bf7f360,sha256:974f1bf7f360170b7fd379e883cc744b1e03555dacb48a23df87bb51f1185469,no_edit_found,
MB-975319024d7c,sha256:975319024d7cd46e00cbbfa6fadc13392416727018c5268fb287825a84cf8c5c,no_edit_found,
MB-975811a5d404,sha256:975811a5d404719b1bff76e0290ca021ca8b020d2eb91f15a9c23b3c29cc63ca,no_edit_found,
MB-97638d8bc91e,sha256:97638d8bc91e33d33639239b421ee89cf732421702fa9d722cc0174feb33aa15,no_edit_found,
MB-9767a4a35496,sha256:9767a4a35496744ca369cd890c167705f7f345f6e850406d655e8c6d5f7b13e0,no_edit_found,
MB-976d75ec0db8,sha256:976d75ec0db82709eef36aa332c5fe3bedfb7abb71a8522bcb2a8f12d3ac1f09,no_edit_found,
MB-976f35fb9cf1,sha256:976f35fb9cf19d6b9644875bd59ac89537ec7ff904704e9870c3a729a7f61d65,no_edit_found,
MB-9780b958babd,sha256:9780b958babdbef3b210a544fb6e40a3978aa44dac7eefc42dd2e12ea2035910,no_edit_found,
MB-978aadb85358,sha256:978aadb853584afde6da0c4bbb54f6c5cf48f1c939a2619b31a96c1614ff8db6,edited,unchanged
MB-978d45391451,sha256:978d45391451a8f86c8a6eef090b79c32c85f481a6bc2e880d910d5e7839ef2a,no_edit_found,
MB-978eb92cbcc7,sha256:978eb92cbcc77667d878c2c657b4ba270b62bbd5729b8cd54dc0557746691061,no_edit_found,
MB-97934937a3ad,sha256:97934937a3ad4f8ccf6c988ee7a53d3a75be0faab41bbfea7efefbe1d1915db7,no_edit_found,
MB-9793555fad13,sha256:9793555fad1333d89d209dac8ba839e391c9e3bf5ecb9927254017dc11e960a7,no_edit_found,
MB-979edb0e41c7,sha256:979edb0e41c7955e274b7c778325820c4a37e778597aa74ce16c9455c7e2a0ef,no_edit_found,
MB-97a9e606b958,sha256:97a9e606b958fee463e6fa1d7a5bce92e745976e893e19a42b9409bb057c4162,no_edit_found,
MB-97b3570e91f6,sha256:97b3570e91f6962a752d97b0841da4d0ca73728a0a461f3441c243e34b7bcd2f,no_edit_found,
MB-97b59978e9c8,sha256:97b59978e9c8e04246ae52f38d0f9f36c3b9fadc22d7daa5023be14c6677ff1f,no_edit_found,
MB-97b7c86cdb41,sha256:97b7c86cdb4107b556f68ab55141b0d4a1830cb5251dcd973565776ce83d09ad,no_edit_found,
MB-97c107fd53f9,sha256:97c107fd53f99b150d5c97fa26dddb43baa1c935e12127bedcbe4c9cf7510057,no_edit_found,
MB-97c4fc0b43a6,sha256:97c4fc0b43a6950f42dd1707930ad712dd389cc212bf90466786f3defb0182d2,no_edit_found,
MB-97cc13fd1a4a,sha256:97cc13fd1a4aeea2fd54cc30ccd3d1519afe87badee391b13ed7266d8eaa9716,no_edit_found,
MB-97ce5bb97ba8,sha256:97ce5bb97ba8202bf3fbb248c956de3c94846ee8718ff35d0ab019200d8e6cc2,no_edit_found,
MB-97d75bcc59c9,sha256:97d75bcc59c9f3ec79ed6600728e4a96ab7f9d385c86ba5c3ed133a285b96ba7,no_edit_found,
MB-97e1cfb6be4f,sha256:97e1cfb6be4f567514afa8518ed0b211e03970af7613b315e078b73ad6058abd,no_edit_found,
MB-97e518ebe86f,sha256:97e518ebe86fb9fce3ba9076350691a3421ea65fb4dc5f91c525bc0f3b736e11,no_edit_found,
MB-97e92f96a68b,sha256:97e92f96a68b9533f3900b569651d7a13d9fe49a7cd67eb5c5c2fdd9b84f0691,no_edit_found,
MB-97ee900110bd,sha256:97ee900110bd9e11fae0f7a2dabb77f4a9bf19c339ab986ea3f761431acc7a23,no_edit_found,
MB-98144a83c609,sha256:98144a83c609708f09e2fa198fd12d8714169e9df2efe6f3ce64dd425b22287e,no_edit_found,
MB-9815577962d8,sha256:9815577962d8b10c88a0622331bfab612fc5600f58b2f2d5d8c4eb9e85622a47,no_edit_found,
MB-9827195041fc,sha256:9827195041fcc1f9f63ed7ea96d0aa4cad12d1099f9210d949d07e4ef6db191a,no_edit_found,
MB-982c1cc108f5,sha256:982c1cc108f5be89596715c58348636c877926596ac06360f6e762f888d3b53c,no_edit_found,
MB-982c48a1c0de,sha256:982c48a1c0de3a97289fa59a856528eb9725954da5d61999c75f804b7c08d8d5,no_edit_found,
MB-9830e00cfa54,sha256:9830e00cfa5429e78b7500cf58d59302a17db15cc9bdcd0710b4d34c08e011ea,no_edit_found,
MB-983644082c11,sha256:983644082c1183c30487ed194b3d5df9f637227ea3ff3dc1d76bf5cd84c23047,no_edit_found,
MB-984110e18073,sha256:984110e180731547fb943e69ddc7fa2850d9053cf67416ec4050662d98df962b,no_edit_found,
MB-9845d3f0d58b,sha256:9845d3f0d58b4d5d6b20f0b14a6dfa010373280ab475c43f9a094ea725746972,no_edit_found,
MB-98548d0a2aac,sha256:98548d0a2aac3b5162d15ad847d5d9ddf609cad94d1e83b369f97572bafcac4c,no_edit_found,
MB-986a324ed5c7,sha256:986a324ed5c74b3dbf7d6d5ff1b220f354fe0dda13fe9b0b4d417aee63aed6b2,no_edit_found,
MB-98752b5bc57f,sha256:98752b5bc57fc56152991d3c999581beaf895d3cbec02c9c48fb0d7328445b81,no_edit_found,
MB-9877261c842c,sha256:9877261c842c0671b90d158c76aedce00453b8fafb273391b7e9b1e71928ce54,no_edit_found,
MB-987bbfd25c0e,sha256:987bbfd25c0ea04561c357c8a750f4a8fad35ba7d32c006f76b32a86ebd415bd,no_edit_found,
MB-98822439facf,sha256:98822439facfe46da30c2d1f3b861b86a9955baa0335ab85a1dcfc9f09a57948,no_edit_found,
MB-988fb5be8029,sha256:988fb5be802966fc1b173e149a1e9b483dd199b67835bc06d5155974eb91c2da,no_edit_found,
MB-98a4b947d1b1,sha256:98a4b947d1b18e7aa85439dd324481cc6dfa8730f7137114bc08f102fea6b1d1,no_edit_found,
MB-98a9f78f206b,sha256:98a9f78f206bf699e6bcc0b2afa82e9bb0787206deabe070a6eca790ec951a18,edited,change
MB-98b19c70395a,sha256:98b19c70395a4e664bb6a8683d2ea8d9e3b312f3c362793ba63bb6a880addef0,no_edit_found,
MB-98b649867f1c,sha256:98b649867f1cfbd7064f2e15b89f3993cb13fe5eb6507f7b312c857c9b8de76e,no_edit_found,
MB-98b847dc83ea,sha256:98b847dc83ead62d63840c94bfb4d3f03f2b922e0392fd671cde04bc39bc9cd7,no_edit_found,
MB-98be44e9fd76,sha256:98be44e9fd760bedc282c41f5f15006a37baaa7de5c96592766a3c1b02823311,no_edit_found,
MB-98d5e0e50447,sha256:98d5e0e504474eb702602784ad141662963790ca0922689281e57b79362b8b57,edited,unchanged
MB-98ec50f883c7,sha256:98ec50f883c7209ab085ec13a5227a27a99f0ec741fae7508f81d6be3553f341,no_edit_found,
MB-98ef458d5c4d,sha256:98ef458d5c4d203d9e86757e68da6a55656fb82551a7f5857edce726e7c2ce4e,no_edit_found,
MB-98f60f09211b,sha256:98f60f09211b5b035768129897e925576fb656982431253b35ee6ca12d4f76d0,no_edit_found,
MB-98f633d8b556,sha256:98f633d8b55650947b1f070f124c2ab749fe34b50466f434b59b5f4bf04be4ff,no_edit_found,
MB-98f7e6fc2d81,sha256:98f7e6fc2d813ed590ad843943e07e1c6ef2cc20ad51880a468981ca37624b25,no_edit_found,
MB-98f89aff6e24,sha256:98f89aff6e24ac01b8efde8119fe1cd23353601c071123eba86afca725722921,no_edit_found,
MB-98f948a680c5,sha256:98f948a680c5b0da54f93c31f030ecc402900c5836d69b704ae87009eb09cabb,no_edit_found,
MB-990382d40240,sha256:990382d40240ee64d9ae30863f793e1a640a98d1eaf56326d6464668e6ad7f9b,edited,change
MB-9907f53a82ee,sha256:9907f53a82ee821459011a65cca94ebad8b044630aed066d5cb9d9005d9bf5cd,no_edit_found,
MB-990884904ef6,sha256:990884904ef6b827f290af8d25a0e6a03a605658c5c59d63c207aa660c2498e5,no_edit_found,
MB-990d6c76456e,sha256:990d6c76456e253ff3465e1ca9f40aaeba76db9960d8e16a546555e3acffb0e4,no_edit_found,
MB-990ea960aced,sha256:990ea960acedb08107cfc6dc1e3d95d842ff1554f25543857cf311c32ed1eb40,no_edit_found,
MB-9913abfe10ce,sha256:9913abfe10ceb16a8124e00ad470e0ef9c5ed0c73e1bc07d95875c9a9fe64483,no_edit_found,
MB-99284e2cf1be,sha256:99284e2cf1bed3784a686694d5ecc909c61f9033a24c5e4345a278b649e16ddc,no_edit_found,
MB-993069dc93c4,sha256:993069dc93c43f6b7d38f2afa2e07cd74a52ea7e817cc6742d4339ac380bcc24,no_edit_found,
MB-993a7035869e,sha256:993a7035869ef39ed31d4583cd63cff3ac938e7128c0f17bfdb0d97829da2afb,no_edit_found,
MB-993b3bc96593,sha256:993b3bc965936c4a3b7fcdaa1e06cd33b909bab5254522f72e710592acf0653f,no_edit_found,
MB-99483296ff92,sha256:99483296ff92ec5e3d7ed55e054e2f9bcf11b4dda9e937c7dce89700b911dfc1,no_edit_found,
MB-994f10e17641,sha256:994f10e17641d070d0d12b0a9f25ca0007541a5d7bf10151cd9772d675ee0a59,edited,invalid
MB-99542460e34e,sha256:99542460e34eef625baaf3a2e4ed905408141ad9923d570b3a00d77878284f55,no_edit_found,
MB-99560a9cb845,sha256:99560a9cb845166d73a54683fd6eb1518fd41b1ff2dedeacad1702f1cc187fab,no_edit_found,
MB-99604f764531,sha256:99604f76453100e20223ba529e42f1876076c1b435e8008348ff0a2365b87dca,no_edit_found,
MB-996d18468db8,sha256:996d18468db8ab6653c53afd5ffdfa9c8792ddba46de54daa88d75654522484e,edited,unchanged
MB-998233e86b11,sha256:998233e86b11de70e46c9b6cf8371955d0e3ba6e70bbc7e200c33168813173e2,no_edit_found,
MB-998cad40e0fc,sha256:998cad40e0fc0f74d63180ac21b25787e18f15e147a96ae5d7800975e71d8405,no_edit_found,
MB-99963bb8f4e7,sha256:99963bb8f4e7b4af7c1a38a76b7dbe1e9e919fea1e27470e5d387916c315c271,no_edit_found,
MB-99a143d284ba,sha256:99a143d284bac489ae9bad2302bbd46d86a93b1e2af279ef5e0c7747409572ca,edited,unchanged
MB-99a57831cc15,sha256:99a57831cc15c86623f1a3921e37f839933084fcf6a72a6d502db04038e98561,no_edit_found,
MB-99afea043857,sha256:99afea0438573302f242ad05de4ddfe368f69dd956d75d4b07637298030ba9f4,no_edit_found,
MB-99c37592e651,sha256:99c37592e651222f3f25f679b6f8ed312a5ea8aca2b0677aad4872a54f7ebd28,no_edit_found,
MB-99d822fd05ef,sha256:99d822fd05ef46e7000b5853124c791f577f31391d7b75d23490ec357722e44e,no_edit_found,
MB-99d8efdf8df5,sha256:99d8efdf8df5007d0aec84d339cf351294b8dd69f1f48e986cae6a4619b0f6be,no_edit_found,
MB-99e5c2ee8a25,sha256:99e5c2ee8a251bff16100a52e203fa3fc5435ac693edc2632d0c5cf1633cf0d6,no_edit_found,
MB-99e61fbee190,sha256:99e61fbee190baa135462baee4912524486f32cf8b4a7d00d3ae0546f96f1331,no_edit_found,
MB-99e638f90407,sha256:99e638f90407cf0c7c4a5134b88d732b6c428f512a780fac7e4e4a8858a8f565,no_edit_found,
MB-99ff206ff197,sha256:99ff206ff1978860ca761b51a15bcd9f1c1f82387a9b81edb1bd8a8c4c50261b,no_edit_found,
MB-9a071220e4da,sha256:9a071220e4da1505b5c5efda947feb666d3a96506fac70d4070f218728f0783a,no_edit_found,
MB-9a21f4e84030,sha256:9a21f4e84030f730c23a4a36ddfc834d1d9dd305b130131da1bba9c67d3cb5a2,edited,unchanged
MB-9a25984a2680,sha256:9a25984a26802196ba997cfb5c7bb9a08b723c20bd63b15079cc0ed9df139373,no_edit_found,
MB-9a2acaaef5af,sha256:9a2acaaef5af984c7ec139395ffb29467efb9cbf313bdcfadabcc821fd9a04dd,no_edit_found,
MB-9a343c416176,sha256:9a343c4161761c5c21ebae56b20ce1cdbff0a54299f15bedce3cd5f57ed401f2,no_edit_found,
MB-9a47c180bd51,sha256:9a47c180bd512af0a81fd0cc7f128cb6690bbe8685ea4e3efb20ad8e105a05b5,no_edit_found,
MB-9a504acce328,sha256:9a504acce32848998fd7518bfec9028da18713b1f9814addec5e007f77188a04,no_edit_found,
MB-9a5f631ce8b9,sha256:9a5f631ce8b9e151d14342ddafac900a3dcf708146755c9f2ab8b74e0b9a0be0,no_edit_found,
MB-9a79b7e5f1eb,sha256:9a79b7e5f1ebe442a9b3704dce1e8f5e6ba7d8fcb50d67c68fed90b9fbe9830c,no_edit_found,
MB-9a8621ff68fb,sha256:9a8621ff68fb58b2744260b72961afc9770f4afa035865db292a66cf49660687,no_edit_found,
MB-9a97a2e1d3c3,sha256:9a97a2e1d3c39a9a4179ae5c09ea2d8e05fc87a6232182c5b9517912ebbdc7b6,no_edit_found,
MB-9a9cd1b70b43,sha256:9a9cd1b70b433791bd506d332f546fa0e3b62ceef40d4b8938c7940c2ebb881e,edited,invalid
MB-9a9fe77574c3,sha256:9a9fe77574c3ac93a1ab7fac361ba94a51b4b521f5264c28a2109a6f6ef89587,no_edit_found,
MB-9aa56fb4cc9b,sha256:9aa56fb4cc9b463d574f77aac4d89db161c446dad4958f64836234573ec601da,no_edit_found,
MB-9aa9d7fcfced,sha256:9aa9d7fcfced63ec1bcd090e81aa9250efe6dc0a34e5124f003b2904fa27fd38,no_edit_found,
MB-9aaf99a86146,sha256:9aaf99a861461d105e64db38d00cd7927b10c4b7551327755e8efca85ed522c8,no_edit_found,
MB-9ab50ab0902e,sha256:9ab50ab0902e3911052d530cebe817fb139cd69aed999a3d95df38bc664e90e0,no_edit_found,
MB-9abff99d1398,sha256:9abff99d139804209bb5d9ce9d58224769ace73a3eda5afac832d762e4bde352,no_edit_found,
MB-9ac50025463b,sha256:9ac50025463b420fe4c19ab0acc3f23c758816c125274dfdc45040881e527e02,no_edit_found,
MB-9acef2f6b6b9,sha256:9acef2f6b6b96bee50e72cc7e395b4be4ab82d3c6541c21ea45d59f84192c1d2,no_edit_found,
MB-9ad94327fdda,sha256:9ad94327fdda0f70451ef535be3d6e69920e018b0fa8fa03a88af4abc5f7c065,no_edit_found,
MB-9ad9e06e6a14,sha256:9ad9e06e6a1475ad04a4dd68a11fb081bd98d871528efbd5370d74cbf6ac2764,no_edit_found,
MB-9adc7e4798d0,sha256:9adc7e4798d0a7c9c332f60ddd080551a5c6ef7e1f0ecdc7db065a7b09765e9c,no_edit_found,
MB-9adca14daa83,sha256:9adca14daa83bccbc0d916748396bea458109d6fd6f690bb002739bc51992882,no_edit_found,
MB-9ae059706172,sha256:9ae0597061729db2fbc2d950971142463a96782363dc9f8051102d0f96055d87,no_edit_found,
MB-9ae71aabb7b9,sha256:9ae71aabb7b90289b1153f87736576b737bd941d213430f8a53db4baacc3e873,no_edit_found,
MB-9aef9a7b09f7,sha256:9aef9a7b09f78fa6ea10b7ab2689ffa842911aa624a0f501161087d03c42c46e,no_edit_found,
MB-9af576f664ca,sha256:9af576f664ca32b60239d3779e62386707737b7a833a1508fc5f88ef9e5f447c,no_edit_found,
MB-9af907010651,sha256:9af9070106519cef0967d8f010f9d4b21eac8a56180f67ec57ad3aeca9ca8b9d,no_edit_found,
MB-9afb5ba6bed2,sha256:9afb5ba6bed25555c13a42396beed795a1d5d58c155be9d74a6d3dd31e590c94,no_edit_found,
MB-9afec5b744fa,sha256:9afec5b744fa33fb50bd9451d4d476a7bbbb861d4fdc7dc2153082f927dac069,edited,invalid
MB-9aff37d66216,sha256:9aff37d6621694e0ad47957aa97e8877ac329229270720799044ded1c43a2194,no_edit_found,
MB-9b18eebfe48e,sha256:9b18eebfe48e0aa1d83d822d9d71fa2f7b4e6561567a5f5e8efba7cf5d21adb5,no_edit_found,
MB-9b1e96d60e6f,sha256:9b1e96d60e6f0c086bfe6d6b2a31c762965819b7c530b19ef4c851d334d3304c,no_edit_found,
MB-9b2a50e13d21,sha256:9b2a50e13d21dcd38c4b2ecc2a7a0dab97b75663768ccba1a6e0b38dd5d56cd8,no_edit_found,
MB-9b3bb99ea240,sha256:9b3bb99ea2406aae4b63e2fff3fdc57210a4d36fd4b3fa795efd7184a44fca02,no_edit_found,
MB-9b3f146bf4e1,sha256:9b3f146bf4e1a43b1202f082b6026dff2893c51fecfa315dc6c2173109c66b28,edited,unchanged
MB-9b435495b169,sha256:9b435495b1692f7d772018e015baa7566d238ed546678f1ae0a7f83f3bf2c0be,no_edit_found,
MB-9b4d89cdc773,sha256:9b4d89cdc77331ea24194c9681c088346b37564a48d962057e8a9e2a8d30b912,no_edit_found,
MB-9b556b83c822,sha256:9b556b83c8224801eff4780b59d62cdcc2de5bd88fba1d009d439ab54129bc0e,no_edit_found,
MB-9b653c80ceb3,sha256:9b653c80ceb3304bab935a67a5441dcc712920473ea9c9c28e09ca4f891cd0dc,no_edit_found,
MB-9b67016c3487,sha256:9b67016c34871b28bda63c3aa98f343d417282caa5d22eafd68222237ecefcf2,no_edit_found,
MB-9b69cb0765b5,sha256:9b69cb0765b5003e5fb487f0453e53a378aab88493530059d769dc7e853654a4,no_edit_found,
MB-9b78607c4044,sha256:9b78607c4044f7e18967ce6df67de578a56bfde0df19793a31177b9c8feff71d,no_edit_found,
MB-9b7e8de961cf,sha256:9b7e8de961cfd2cc9f7a3edeec5483bb11e6b832fcf332a57d9c9f977b2df69f,no_edit_found,
MB-9b8127a992df,sha256:9b8127a992df8d6a2dc66e4381063345a507a22918ce30ff1b69d3f0e81d55d5,edited,unresolved
MB-9b947202159b,sha256:9b947202159bb56d62899bb0ca1468d99897bd5b56d3ae913d61968fab452cb2,no_edit_found,
MB-9b9589b6edef,sha256:9b9589b6edef009232042b5742da5da04c3030a2dd377d1ece60b58d9875a155,no_edit_found,
MB-9b9a660171fd,sha256:9b9a660171fd0ffdd7f3797ae170470bdc72422c2a16f9a472b2fdd01a15c293,no_edit_found,
MB-9ba12f376577,sha256:9ba12f3765777994c43c0f20255d92d945ce87f32d11fa959b5bb14e2f83d5de,no_edit_found,
MB-9ba1d3593b67,sha256:9ba1d3593b67b10bf2eb22d0d7f1e683c3a4a1ec6cfe85df2c87b57708a8b1ec,no_edit_found,
MB-9bb050c0eaa4,sha256:9bb050c0eaa468119b31b5185cbd11f71fcb940b9c8c629b14770af7cc2eaca2,no_edit_found,
MB-9bb3239a3bb2,sha256:9bb3239a3bb2d568bdbc5f98809cacabae7f32c75a7c1b1be50b57b2d7b8a89b,no_edit_found,
MB-9bb378bca9f0,sha256:9bb378bca9f006510b6ae6638c9c5946b1fb2dce16e16be360d95a339246b10a,no_edit_found,
MB-9bc113d17b42,sha256:9bc113d17b42cc1bfc288502f7ca04bed12fe8cf165f5b4b8fff7ee19d81926e,no_edit_found,
MB-9bc59b386261,sha256:9bc59b386261ff2cc10387a616e8f9859a5a9a308ad793b9396c68ef7dbb3db7,no_edit_found,
MB-9bc87dbd8b63,sha256:9bc87dbd8b63f236f617cf7566a11176a342d0ad7ddab378db2a14423c66f636,no_edit_found,
MB-9bd2317f202e,sha256:9bd2317f202e3941806eec38fe47fecee13c14ce26aee0315e6e0ed980efabf9,no_edit_found,
MB-9bd4aa29890a,sha256:9bd4aa29890a302035a6fe4cac50abeddd4794809033c70a54f1d764de6a89ab,no_edit_found,
MB-9bdbc8d3b2d3,sha256:9bdbc8d3b2d3193336358ea250e83ec61925ffc27ad683edefc515edde52b536,no_edit_found,
MB-9be0e8dd6016,sha256:9be0e8dd601656c81520aaa969a5f303557f86d1e63c3f4a1578319fbfa7cb1f,no_edit_found,
MB-9bfb7ed8eb90,sha256:9bfb7ed8eb907d5f9e03ebfb8a71ed8f8a406d92262610fd46cee299cda81ef3,no_edit_found,
MB-9bfc6497077d,sha256:9bfc6497077d5c8a37c482f58e1fd089736600087d0228269116862e72397a86,no_edit_found,
MB-9bfd2c761dce,sha256:9bfd2c761dce7620d02e5bc21256b959b60c606d3bb56ac7009925a4004b584f,no_edit_found,
MB-9c0530f43243,sha256:9c0530f43243994dbc83ec8a90c843739f310d07033b557b72bbd11196cdfac8,edited,unchanged
MB-9c093d8e7f04,sha256:9c093d8e7f045f6da22254f5dece901aa12fddba35c4a3c2239b1ae2519cf0c6,no_edit_found,
MB-9c0a513958d3,sha256:9c0a513958d3fe584508b68bd83dc45160610ba2d5672c9a2c1b5858fc74f046,no_edit_found,
MB-9c0a925e054c,sha256:9c0a925e054cb630b50840145d09c6f3064e487f75de425b4269aba8b4010a4c,no_edit_found,
MB-9c13c91e47ef,sha256:9c13c91e47efc461bdab076604be9fa570b69d73a7a1b902d20ea503cd30a8e3,no_edit_found,
MB-9c1558a26be2,sha256:9c1558a26be2700a8fee5ec27210350aaca0b6cc959c5be303973eee3b777969,no_edit_found,
MB-9c19ae0232b4,sha256:9c19ae0232b4851293d17e5019235b9093ddc5e367fad328095d1cd7cf442d65,no_edit_found,
MB-9c1bdb4797f0,sha256:9c1bdb4797f028396f2aac4b7eeaf81c1c285102d806f9ec96cb1cb0be0a5150,no_edit_found,
MB-9c1d0cc64ae4,sha256:9c1d0cc64ae401fe027ef5166fa7fae6734ecbfb9abc2521fe71b1c5db65e4d1,no_edit_found,
MB-9c22d94baab3,sha256:9c22d94baab3ea2972c84b7895afe08c95bc8fe42ca4ffd61d9bde10f14dac9a,no_edit_found,
MB-9c2828374084,sha256:9c28283740849cfb447d185b9f4628de85c28011c68128db90a788065a686232,no_edit_found,
MB-9c2d044ad47c,sha256:9c2d044ad47c1b366e5a5e3fe5e0842797206f9977184f25e1177c7f0994b2b8,no_edit_found,
MB-9c3e2364aeb1,sha256:9c3e2364aeb1e3e1d10bb599253e622c8921e2113419fe6e0f52779da90a075e,no_edit_found,
MB-9c3f365421ba,sha256:9c3f365421ba7b0c4def80238c2864926013601d50f5d1925b16a47d501a44e1,no_edit_found,
MB-9c488e3c1104,sha256:9c488e3c11040a1933da5bf870bf4964d7faebfe36c12fa92b3963f985c9ba73,no_edit_found,
MB-9c5cf60588ea,sha256:9c5cf60588ea60231eae54e9b7dfb9952203eee85c21a61a8706ee6be9cc0669,no_edit_found,
MB-9c679bbeda86,sha256:9c679bbeda866640eb53bd3ff4f5776f9f354f2f9e0eaaa44d570e3443626726,no_edit_found,
MB-9c6b4d295b11,sha256:9c6b4d295b110142861ac154065d524f3c21d8d7a5d58083caf28d56b148495d,no_edit_found,
MB-9c6bba724a23,sha256:9c6bba724a23ac476871ccb1b55d7f7ef206488658d3be4473fe947c235ca71b,no_edit_found,
MB-9c70e5b47628,sha256:9c70e5b47628e37a870c89c2ff17e957b4afbfb571591b830b5b7a6a3ecd9418,no_edit_found,
MB-9c71e586cdb9,sha256:9c71e586cdb985fdedbcef5409b2f5161f9e1b7bfd9d6c07fb4ed4f6f2a990f6,no_edit_found,
MB-9c7429923c0d,sha256:9c7429923c0d80729f4076fe72409a84da0d3d552e935de5520fa604af39e851,no_edit_found,
MB-9c794164821f,sha256:9c794164821fc266d72dd3a2be011962b7ac10ce60269ee07be20311f141b6e5,no_edit_found,
MB-9c794e3e791a,sha256:9c794e3e791a2dba1339f1b0506a46e39b2f457faf0d70e594ca9f0107245a0a,no_edit_found,
MB-9c7b1ebb9546,sha256:9c7b1ebb95463af9ddedc5bb660ab867eb9bfd995ca19a61566c4a0ce9357e87,no_edit_found,
MB-9ca017aa9bbf,sha256:9ca017aa9bbfe733fe192bb27d342ba2e3c41dd9576a93fb4dc8a5b2a16389b2,no_edit_found,
MB-9cacb9870613,sha256:9cacb9870613fb28984de845cdd635c43d0d88042cbf675f4025fb3e2bfb46ff,no_edit_found,
MB-9cafdc02d722,sha256:9cafdc02d7229ae6ac471c91f5942fa5f51967ab7655b835d0bac9e823889a84,edited,invalid
MB-9cb5f983ab6f,sha256:9cb5f983ab6f203b9652c2535d49e1c6250c9a4a3e3162cb3eafedf0a7924e75,no_edit_found,
MB-9cb6bd0a8615,sha256:9cb6bd0a8615599e61e2e90b4b67138234a2e23f0a19f355768f5b77a6a9ef4c,no_edit_found,
MB-9cc53cd450e3,sha256:9cc53cd450e3eb4997c94273a245c7b189eb38c1996d96e3aa584ff3fbcc7030,no_edit_found,
MB-9cc79901eb6d,sha256:9cc79901eb6db4b8a50c56a5e7cb947826f3d86d74fa8d54203e26780b57ecce,no_edit_found,
MB-9cccd05e3288,sha256:9cccd05e32882b2a57b15849d9142f5095882f894f8845668e9c40295fdb3f4e,no_edit_found,
MB-9ccdb3ff8274,sha256:9ccdb3ff8274a7600a0508e55a1b0237a659adbb5434f63be5984b52f9976863,no_edit_found,
MB-9cd28f314822,sha256:9cd28f314822dc1ca15c67168d6ad64893ec45af61e75b38f2ffa92f3445401f,no_edit_found,
MB-9ce144ebc02e,sha256:9ce144ebc02eb44321891ae11d7b401266a7973e798b178bd0a27e30b2a8b36e,no_edit_found,
MB-9cee9e200490,sha256:9cee9e20049047c0a82fe5328400c439e9dfd2117dc6de43d399cbbc60941e4a,no_edit_found,
MB-9d08ca287d9d,sha256:9d08ca287d9d9e05cf5bec4648aec8bcd41709a4d7c03752506789de00f22e8c,no_edit_found,
MB-9d10cc680602,sha256:9d10cc680602597afb2102eb4345d0e2f26abe42019679890ba479d189e0cb3b,no_edit_found,
MB-9d167020ce22,sha256:9d167020ce22f95f4dbaf1dd4124072a3a120bcd758ccfad22fcbbc694f8777b,edited,unchanged
MB-9d18311476fd,sha256:9d18311476fd141183a8391220e6a8a114570588d0fb3082f9df45bfb636c223,no_edit_found,
MB-9d2d7ffb6d6a,sha256:9d2d7ffb6d6a22e0e131b7be6d165112faab15762023e6bc51f12332dab63893,edited,unchanged
MB-9d31489709c5,sha256:9d31489709c59d037b37f8a1cdeb20604e6bab0c0b450d210059166d9d1f2e20,no_edit_found,
MB-9d327a14dceb,sha256:9d327a14dceb9c108853e47c8878418a9b07ff0a01cd73d81f7a14655064c96c,no_edit_found,
MB-9d35d61aa909,sha256:9d35d61aa9091179c7ebbd3de741a16822a0be494dd16673ae8fcd1aac52152b,no_edit_found,
MB-9d41fe02e5c7,sha256:9d41fe02e5c7130d8423d1d6a934bf6da7e36fd1dbb80877494b062ccefc40ad,edited,unchanged
MB-9d506515f0ca,sha256:9d506515f0cad02241fac2a065595c9c45dd919402b515016fc1a8b93b256d30,no_edit_found,
MB-9d51504dd56e,sha256:9d51504dd56e73c7b4ab90ae51889e4c40a1a0f9d90089da3c6575907eddd502,no_edit_found,
MB-9d5ba39e9d6a,sha256:9d5ba39e9d6a8fa36550c7edd9bc508f6199112e695ab88b9482eb3d52471a92,no_edit_found,
MB-9d5dd48fe446,sha256:9d5dd48fe446c2cabad092e8e930e5f0bc4ff4412e6c2c1c0c210fef34af9f0f,no_edit_found,
MB-9d5f04668d1d,sha256:9d5f04668d1d081e4c87085bf3379ce3d32e4746df12fcf9e61c1871b6a5cc7d,no_edit_found,
MB-9d60ec304f52,sha256:9d60ec304f521f66b5d221f2067b600cdbf9a612a7f65a6da2f0207fa423faa0,no_edit_found,
MB-9d7534ff9818,sha256:9d7534ff9818b1ce43da3a70e031e2bd4cda61889a3bb923ec9567b7b183da30,no_edit_found,
MB-9d788b9feca6,sha256:9d788b9feca6443bb8c252706292e9298b50f4c43948ea1ce27e9a75656678f8,no_edit_found,
MB-9d7e8598439e,sha256:9d7e8598439ebf46effa1984cab88e18390ecfd791fd254ac05017faa28afb82,no_edit_found,
MB-9d7f41e7e49c,sha256:9d7f41e7e49ce8d5024ed5e19989bc3434f39da1e618cff192077bdcca5ec21e,no_edit_found,
MB-9d7f503808ef,sha256:9d7f503808effc16fddb2c2e528f52f35d7dd135173e80ec8e404e4a75c8f635,no_edit_found,
MB-9d8c092a60b7,sha256:9d8c092a60b7daeed231abeafec442fb9ddf158240d83584f8b67ba9cbc08adc,no_edit_found,
MB-9d9b05f3c5be,sha256:9d9b05f3c5be5a8d04f16fceb4ccea1cdd6557a2a17e675dcdad1925d1832af5,no_edit_found,
MB-9d9b592d6a62,sha256:9d9b592d6a623f3746071d18f739bdfd5cbbea628f1bbe506e720189deb7d695,no_edit_found,
MB-9da248bab3f3,sha256:9da248bab3f334cfb24ef5c272220e83e37b4d26ddcd6245516701f0cf98dec4,edited,unchanged
MB-9da682a3c59b,sha256:9da682a3c59b0df8f87ebf01b39a435f25e47422a999b9b4abe237f8242176c8,no_edit_found,
MB-9dad2984ac5f,sha256:9dad2984ac5f80719ee40eb829e6f957bbb79e633b8a95d80dfa2892bacfab2b,no_edit_found,
MB-9db3bc6aba32,sha256:9db3bc6aba3231725f4287a1600315bc976be0535b5ea13826b03b49d38507a7,no_edit_found,
MB-9db67f1f18ea,sha256:9db67f1f18ea585c9a60d848756cd6175f4f3ba095ba2547360217204b50d1af,no_edit_found,
MB-9dbbcf6c5bd8,sha256:9dbbcf6c5bd84258d58c62f356d6736c8cc9fc1a98d06b64157e41450d3bde54,no_edit_found,
MB-9dc2fb6c227e,sha256:9dc2fb6c227eace416aeacfab4c9d6a5d94191dc81385427ce10acb7a38947f7,no_edit_found,
MB-9dca89f4241b,sha256:9dca89f4241b76f42430f9eb73da9a2925472b4438f132e5aa02c493f2b9506a,no_edit_found,
MB-9dd78ec8de26,sha256:9dd78ec8de26177f7dcf78c26505099aefbab4c3e9c8c50884174ba61e6e71e7,no_edit_found,
MB-9dd8a1822bb8,sha256:9dd8a1822bb86f3dd2baa8606708f6b0bf8faf8c1bc3cd4918f14de986f661c7,no_edit_found,
MB-9dd8f1af09ce,sha256:9dd8f1af09ceb38ba3671befe7051db0ac0b0de31bc2347cb47bcef6b8950092,no_edit_found,
MB-9de2c6f7b1b4,sha256:9de2c6f7b1b413cdb25ed2cf7909ad5df5d46c62aa291d36a8f16cad9a8589c6,no_edit_found,
MB-9df705fdc9e9,sha256:9df705fdc9e91a2b6c9d50e594ad79c90ec9063e0d20f58925716c6ec7c5e8cd,no_edit_found,
MB-9e072c204bcf,sha256:9e072c204bcf40ba58ff588e878600ec06c81586360b62cd073a64f1a8b31f93,no_edit_found,
MB-9e1c7c6a2b64,sha256:9e1c7c6a2b64f8154deed877c7cf3fd276f2184bf3e6555f35bdabdba3b35ba6,no_edit_found,
MB-9e1dc9aa8b67,sha256:9e1dc9aa8b67e5bda813a4a8c30f309f65e20159f2ca9771cd6399af90a0c272,no_edit_found,
MB-9e265dbe413e,sha256:9e265dbe413e4eed1b5f7b5374fcd423e4cf8b1c05a48dfa154f999f818d1864,no_edit_found,
MB-9e31e07b03de,sha256:9e31e07b03de187b26036b78157ce2352d34ef9bb664cc790c101c9e04e06ac3,no_edit_found,
MB-9e3b8338f283,sha256:9e3b8338f283976f59c932db4693029b75e79b25d2a0c3f5d12685cf5b854798,no_edit_found,
MB-9e43c69427ae,sha256:9e43c69427aeaedde43ec06f838954cd5d375ab3a10dce616f5cb865a01558f2,no_edit_found,
MB-9e62d3036d1c,sha256:9e62d3036d1c5cabd59969e59c115924c6b9747c9619bb6de010a71b31cccac5,edited,change
MB-9e6606258bef,sha256:9e6606258bef535c30632e9407d33a66647b47d0493a6026d6c1cf800d6efe26,no_edit_found,
MB-9e72f5e46537,sha256:9e72f5e46537a98ee2e940ed00b8b79601fe5799602660959f891d17bab6415c,no_edit_found,
MB-9e743a6d5fe1,sha256:9e743a6d5fe1958e76b47523ae05be5a4d40ba4b0e41489124f45b1f11f26105,no_edit_found,
MB-9e772c56bf73,sha256:9e772c56bf733256e4ba27ab406c3362c385edc08ab2da1bbcc88ff67b31756c,no_edit_found,
MB-9e78ab7cc035,sha256:9e78ab7cc035129424d3884dac727e8a949eef66fc12352b8e8aac945f339f19,no_edit_found,
MB-9e8d40cbce7d,sha256:9e8d40cbce7d9a5daa7329022834fde4eedc407753953aeb5892a74c2487eda4,no_edit_found,
MB-9e8f1b4537d0,sha256:9e8f1b4537d01862e9b4bca2edd6725a962bc8b0d52890a9a44382c1f2a18a4a,no_edit_found,
MB-9e9829451e80,sha256:9e9829451e80fbca9eacdd23699be7c9dcb75f621625ea551f65bfc499bab704,no_edit_found,
MB-9ea4b6133bd5,sha256:9ea4b6133bd51d159262a25db4edd0e0c698a44b9fd2893c400e596442f30102,edited,unchanged
MB-9ea6ec4919d5,sha256:9ea6ec4919d5fd127d2832f51d36a600eccc6292069bdcf99128653b62ebf70c,no_edit_found,
MB-9ea85ae857c1,sha256:9ea85ae857c19f4dfae1fa16f846b7ae3835eb2df495855617790d2d87246a4c,no_edit_found,
MB-9eb375e3900d,sha256:9eb375e3900df2a8296a129298d71b5952db8659627d8c5c8170fb0295cfb269,no_edit_found,
MB-9eb41c28cd43,sha256:9eb41c28cd43cfc77119683159faae5b6e24474fd6f4fc2d26c545dc925a36a4,no_edit_found,
MB-9eb8667e0e11,sha256:9eb8667e0e11b5d8d00209b7cca9da3c22e251529f887fd5cc7ed53e731fcc5a,no_edit_found,
MB-9ec77ab95794,sha256:9ec77ab95794cf4676ebe1656449d5ff409afe5b1a9a7813a5c56381e12f153e,no_edit_found,
MB-9ec83f89f6ea,sha256:9ec83f89f6ea06cc350fb0626f0f9d1d41080f1f6a7371bbd8be8264f33b4b00,no_edit_found,
MB-9edea33fe7ce,sha256:9edea33fe7ce2c1a63c7a5619adaa824a238a81b59ba5ca24987ce4d5816f903,no_edit_found,
MB-9ee0795c4d07,sha256:9ee0795c4d0782a7c83e41eda4d7a5780751b58cde5e8309f1486b4df15cfe34,no_edit_found,
MB-9eeae49c3c13,sha256:9eeae49c3c13aafada2ee9a32ed49cba639b7ccf114546a340ae0291ce02b843,no_edit_found,
MB-9eecbcd8c719,sha256:9eecbcd8c719e2d2222a7920110e81d35033c34ceef0f4518cd6d62d58efe4ea,no_edit_found,
MB-9ef9880af660,sha256:9ef9880af66037a917abef958c66b069415c1ce2f477880c2f5174606b2a2b79,no_edit_found,
MB-9efaa02b3375,sha256:9efaa02b33756403c643f88056e3817fc604e36f063ce480ae0f63ee56c0252f,no_edit_found,
MB-9f04da533097,sha256:9f04da533097a86eb22621b99e3d09a1fa9ec0dcb93ebf5f84eec936b32a5dfa,no_edit_found,
MB-9f16cfcfcc51,sha256:9f16cfcfcc51021e525dd8a7ba4dbdbf8844d5d886bc7e1c3ddc1e647bf5d717,no_edit_found,
MB-9f1881bcd822,sha256:9f1881bcd8229b68a3246fde07f17e2425be3c23d6f54f59c874da09b31b6c23,no_edit_found,
MB-9f1bebc109eb,sha256:9f1bebc109eb824aeb0b4dec7de2e3a81ee59880220dfa4a087274809dbb4351,no_edit_found,
MB-9f1d3595dbf7,sha256:9f1d3595dbf7ca234684d321fd0d2b1c857e8f5cbeea9a988008c9b3e039f3bf,no_edit_found,
MB-9f242873ed41,sha256:9f242873ed414385257d0a0defdb50abe4143d71316870157f157d6fb168b8b0,no_edit_found,
MB-9f28458db848,sha256:9f28458db848709ba59f854db2d9e82ee2e666b1ec1de136bac8d4d508446d7a,no_edit_found,
MB-9f39f4149e08,sha256:9f39f4149e080735979cff94e522ab1e7e228de308ac63dce4823e11d6fcefea,no_edit_found,
MB-9f3bed8b44b6,sha256:9f3bed8b44b6b13fdf08908b9c504e08a66f28e1f699228327d38796a6a04acc,edited,unchanged
MB-9f50233505c9,sha256:9f50233505c95de94f6101d73f79c25973e053c4765fede999091549b7216553,no_edit_found,
MB-9f52f20bcbbc,sha256:9f52f20bcbbc90525ab3b6329e833ba63017d24bfd021bba4d9ed4ee9f1d60ec,no_edit_found,
MB-9f656714d496,sha256:9f656714d49659fbe86961f720fd4c439c1a5d88c0564fa6200c70821e2bb2ab,edited,unchanged
MB-9f854f83551d,sha256:9f854f83551dc3a818ac897a2fc96a38110717554d4c94872f454d471e36c370,no_edit_found,
MB-9f877b28f9be,sha256:9f877b28f9be3a53923a15b644a718680e887bdd1918ac50bcdbca7fd553c4d4,no_edit_found,
MB-9f8da4a76b53,sha256:9f8da4a76b530e081d51fdf0722f87050c7fa00817c0d122c2703af1f474f054,no_edit_found,
MB-9f9388b5769f,sha256:9f9388b5769fe8bfad0bb1a632d2c6ca9acc444f084fd92141c68942aab0ebd0,no_edit_found,
MB-9f9d853b1f1e,sha256:9f9d853b1f1efda085dacb24abe473b62e9dd7c9f69e4a5b88c003bbe5d3d0e9,no_edit_found,
MB-9fa2e65ed3f5,sha256:9fa2e65ed3f5d24ebb09072c8b24b80656d349058b86ccd70499a21135872742,no_edit_found,
MB-9fa4b06b483b,sha256:9fa4b06b483bd6967a151247011943a3c2076e8735d6c0d74b6bed5ea7bb76cc,no_edit_found,
MB-9fabcb660dbd,sha256:9fabcb660dbdfaed8ee379f5002f91fa2ee40028c88f707fa0c05c0beb77acad,no_edit_found,
MB-9fb267120605,sha256:9fb2671206050c5708adf8d27c238d31340ed7b199d3a4d5ff05aa0856ee2810,no_edit_found,
MB-9fb7ae2923ba,sha256:9fb7ae2923ba15b5d961680120046655ce8cb664eb5aa4d3a713d3e5c1c8be5c,no_edit_found,
MB-9fbc9a23adb2,sha256:9fbc9a23adb2a49eadcfbbae6afd2e241f66b37f0687b5bf5117cafe12566477,no_edit_found,
MB-9fbd67e2f4c6,sha256:9fbd67e2f4c631fc10e01f22de952a466ff7d432320896b7259b1d957a8031e7,no_edit_found,
MB-9fcbf0730561,sha256:9fcbf0730561b898236651d45300886ee00645d2b5d1e8c3f7b41ea5d2b3b273,no_edit_found,
MB-9fd869af2251,sha256:9fd869af225134f929461ad73179b2d23b79523b2dad4393824ccc0780e02e46,no_edit_found,
MB-9fd98011a7ca,sha256:9fd98011a7ca9e8fba49a6808f8b77be2b6bef7ba3b95a9246daeb48f9643eb9,no_edit_found,
MB-9fdc44fa1670,sha256:9fdc44fa16704d6ab3119aa331cded49751f0b128d325e392a9277ac0c0de2e9,no_edit_found,
MB-9fe006f71010,sha256:9fe006f71010939cad2c6510e2fdcf5f0d8baebe56bac30d04329e93f940e588,no_edit_found,
MB-9fe2f1faa1f9,sha256:9fe2f1faa1f9f7429d425185acf0c77e88ddb6284435ba69c09d6ddda28873cb,no_edit_found,
MB-9fef86c01d2f,sha256:9fef86c01d2feeb3608cf209c6e227b6d617df84fe51322553fbddf41320a2e2,no_edit_found,
MB-9ff688e8a911,sha256:9ff688e8a9118ef6731e44740a7bb272076ece54a9ab67dffe200e947efef2c8,no_edit_found,
MB-a00218c80344,sha256:a00218c80344422fc4762a5bdb9a22b40f24894174e4fec0d9c287e566f0fe4b,no_edit_found,
MB-a00e4748b09c,sha256:a00e4748b09ce1f22193f2c0241d383c09d6716c6f74fcdfc4107f628bf099eb,no_edit_found,
MB-a010b4d2e52e,sha256:a010b4d2e52e388c3739f7ee68e491a1d64f2a760eea823d726910b083f22b12,no_edit_found,
MB-a01975648965,sha256:a019756489650befa4a3e5542603bd80036184b3ea3875039f993d7974dc6a09,no_edit_found,
MB-a02c1954fd8d,sha256:a02c1954fd8df17ad2320e557cad1536b7caf5d585f8a44db3698dde83ad1086,edited,unresolved
MB-a03b74e0f4bc,sha256:a03b74e0f4bc2fb9ab8732954ccf15af421f0ee5596d4846ff008bc9edfbdd87,no_edit_found,
MB-a03ecdeb68e3,sha256:a03ecdeb68e3999e892882e40b1cb5824286256548d4dc271a0bd206156e5ef5,no_edit_found,
MB-a0489c5f6ae9,sha256:a0489c5f6ae9a9adaa6ab88e2a61dc4a235b948b00e3c4ea2178206ead172493,no_edit_found,
MB-a0630ca446f0,sha256:a0630ca446f02c3b6f39090c6ce907901c6c2acfe347a938fa3f1c7f4b7a8957,no_edit_found,
MB-a069da4f97fe,sha256:a069da4f97fee566b224d3b157d7aedac4baaf94d0a5709587055c440c4f2663,no_edit_found,
MB-a07ba54bd9fe,sha256:a07ba54bd9fe78caecd802eb917e4d96b91ff83e10a3fde5e29f19576f9b1625,no_edit_found,
MB-a0971a4a9107,sha256:a0971a4a910712b49972751bcad7370c98d5d8334b6e037a12f5423e872973a3,no_edit_found,
MB-a0996bf2e57a,sha256:a0996bf2e57abbb271b1dfb6dbde40a4f583b22ee2b7e48754eff49558f0a686,no_edit_found,
MB-a09a99cd0527,sha256:a09a99cd052756dfd38328823bf3dc669a820223d8c2763e8a8351fd81711644,no_edit_found,
MB-a09ca2f0d3ea,sha256:a09ca2f0d3ea3e278bf9727d53051220532f8f90feb765e3075b59c04bec9cb6,no_edit_found,
MB-a09e2b28a233,sha256:a09e2b28a2335124d0194be8544d58ae7e93f976c12597b11ebd5f3e0321dac5,no_edit_found,
MB-a09fd249846a,sha256:a09fd249846a6274b9d528b1b6180a0f62ad8a820045307c9eb9f53fcfa143cb,no_edit_found,
MB-a0a34a94df8c,sha256:a0a34a94df8c95412e3132d6ff0bb07f614a1ca20889590dc23ec8e40c9efba9,no_edit_found,
MB-a0aec5ed1a0c,sha256:a0aec5ed1a0cc5cc32a44b42e1c53f78e0bbcbc34d16acc37d55d679b1c85f23,no_edit_found,
MB-a0b24a0fd26e,sha256:a0b24a0fd26eb4085733200c63db06c3af21e78d1fb65e4cb901f1bb230dafb1,no_edit_found,
MB-a0b848a87b3c,sha256:a0b848a87b3ca28790065a0c5ec0035c2b2c20d86b5209b5b697dca61ea1de09,no_edit_found,
MB-a0bb1782c712,sha256:a0bb1782c712a4d8fa6e5b486d131a0092d32ee10130a56f114881980cc2d28a,no_edit_found,
MB-a0c4cf9de5db,sha256:a0c4cf9de5dbd83ac6f92ac7e097b3034a9f702c75e12e9107cc564a4235c589,no_edit_found,
MB-a0cd4bea9892,sha256:a0cd4bea989262789552647f2835997abac5194bcc50b0bf73dc87663017f4ad,no_edit_found,
MB-a0d397dd7389,sha256:a0d397dd73896c1393b859c4de8b7a35f48697f0a9589c4dc83eacd8308f09b6,edited,unchanged
MB-a0e7c0a42fe1,sha256:a0e7c0a42fe198b15004a5b06fb134632cef17505f49b4aceb1af4abf1ea6228,no_edit_found,
MB-a0f8474ce092,sha256:a0f8474ce0929c54f8c3590779b2a19f863e9ac61d343720087f2a172529b43c,no_edit_found,
MB-a0fe12157378,sha256:a0fe1215737865d62d97b3f13d4d98e765f5bb0286a27eb1c31cfcd2b2f933a3,no_edit_found,
MB-a0febe7e31e0,sha256:a0febe7e31e036e2a05c3d16908f5a8d4c9c8f9e0e79ebe34bb533658f0a7670,no_edit_found,
MB-a10cb186b78d,sha256:a10cb186b78dafbcafa52184db21a4491ba4c85631247a7316999bdc381217d2,no_edit_found,
MB-a1108918c82c,sha256:a1108918c82c905fdf49120ece932c768b7d943c90b785540ad9354374431f7c,no_edit_found,
MB-a115dadd9c93,sha256:a115dadd9c9379de7e1616845bafd1da916576236db79de3db25a3740d31bdff,no_edit_found,
MB-a1188e26a621,sha256:a1188e26a621310b5bb0d9d10397058961fb902bccda17dbe4a4974fa00e501d,no_edit_found,
MB-a11ec3bb0f26,sha256:a11ec3bb0f26d679028f2a5e82a6e9266a6d1a57869f70ab2b98c002296ee305,no_edit_found,
MB-a11f6a73759e,sha256:a11f6a73759ee4e73ed05ca2677ef827f8dccfa4db3584e78bac0f43432f72a0,no_edit_found,
MB-a12148b917ba,sha256:a12148b917ba4cfda9a5e20c208b96666003bee8f2027e08626a1451bd4be7c3,no_edit_found,
MB-a12387738864,sha256:a12387738864decd53e8b2003a14a75de524b542261fd593e53f6dd1ead103d8,no_edit_found,
MB-a126f385a742,sha256:a126f385a742872018eb3fe881fb07997896b67fad3e84137cd54dc4d09798f5,no_edit_found,
MB-a127408369c6,sha256:a127408369c66a5be411203564cd88ba1b93ded0db533a1003042efda241ff5c,edited,unchanged
MB-a12e39647154,sha256:a12e396471542b6e427a0bf4cc304d08ae4afb5f06b71bfac59ace60d861cb16,no_edit_found,
MB-a139f78794ef,sha256:a139f78794ef020af4d9350c43a4baaeafbefdd02402989c64897ac6785308cf,no_edit_found,
MB-a142cc8ab168,sha256:a142cc8ab168e586f071b691b7095c43869bd80839c66c486b8701ca073deb25,no_edit_found,
MB-a1445bb2549b,sha256:a1445bb2549bc39a63fdb1f91bd8e3af84d4dc6e5cf86f95bd551a61082f95b2,no_edit_found,
MB-a1498afb7ed9,sha256:a1498afb7ed98f381bcb3cd56f95faf8f59024041dc69daf62ba5d618cd1f720,edited,change
MB-a14c2161ffd4,sha256:a14c2161ffd41493c09d621b33a5d1b9c54fb556fcad00429d170f00ef15fdb0,no_edit_found,
MB-a16286fcaaff,sha256:a16286fcaaff7a671773f4481aad84666b76d510cbaa435a3c77ffbb51aa9ee4,no_edit_found,
MB-a16efbcefe25,sha256:a16efbcefe257fd1fb86232ebc8a4975fb7930b6526b3332d8a8f60bdad2c6b2,no_edit_found,
MB-a176a1d09519,sha256:a176a1d095191961c886c7c9ebd0a43e7ef7495c5cb0712092aa40f3658cac48,no_edit_found,
MB-a187ffa400bf,sha256:a187ffa400bf6f0cf9fc5fe35e2a0be7038b7e46b3f5806555e00a45dc214b77,no_edit_found,
MB-a19432e50337,sha256:a19432e50337228776dd7f3ca8d53252cc0d98c2806c08069db5c1a8a53cb54c,no_edit_found,
MB-a19496540961,sha256:a19496540961277713668d57b7b2964cd5e3b28a1ca28289c76bbdafe9511651,no_edit_found,
MB-a1a5651037d2,sha256:a1a5651037d27b14be01be12b3487b5e3a8158d56ecf2e86cbb6f96df5a32814,no_edit_found,
MB-a1bf2b161700,sha256:a1bf2b16170025b8b88ca70a0c8a656e942ba72b9af3946b9e99445e90998657,no_edit_found,
MB-a1cd9951ddda,sha256:a1cd9951ddda597d3b8ae7d6a581ff97176acff50074db8d87fea59b5fc83bd2,no_edit_found,
MB-a1dd529ebc66,sha256:a1dd529ebc66f4ea15fa0a2b23ca1a06c64b2bee1ab63d6d90c986e4d553090d,no_edit_found,
MB-a1e378d1389f,sha256:a1e378d1389f49c5ae4f219ef31d5cd405ca7d563e4c16cb12d4d27537035e8e,no_edit_found,
MB-a1ef1745da5c,sha256:a1ef1745da5c2fd2687fed4260af3f4022775170c3f1911b1fd60e43b632b146,no_edit_found,
MB-a1f4f1034d0a,sha256:a1f4f1034d0a1b6f7e2649841cfe5e4433761d294401e9257e06edcd9e9147d0,edited,invalid
MB-a1f7a499e7dc,sha256:a1f7a499e7dcf97e5c23444db3624f69718e7c147d85415baf4f0af6bb07abc1,edited,change
MB-a2012464ff63,sha256:a2012464ff631f316399b87edea19ccbb5726c15ad8745d10e3e1579ec00caf9,no_edit_found,
MB-a206365f977e,sha256:a206365f977ea9d2afe283b4582928f102d64c8ed43ff999dcd209b740cc1e90,no_edit_found,
MB-a2146d1bb144,sha256:a2146d1bb1444d07caee41207eed3ff0e44f95fc36637680a7119adf19524fe2,no_edit_found,
MB-a2154e8bd33d,sha256:a2154e8bd33d9b415cd6abc7c5016ba6ce5340618a416f8fa9aceb97a3b42d3d,edited,unchanged
MB-a218145fd452,sha256:a218145fd4522eabc9a15383569e2c610b75a037705b6fdfaa9b4123e022278e,no_edit_found,
MB-a21ad999556c,sha256:a21ad999556cd49f22e7c5a8c98c353eda5d9900e140ce06e0e15daa5d5e6895,no_edit_found,
MB-a2269dc0989e,sha256:a2269dc0989e39461d8dde9a61c0254c684266003b319a7800fa0e38c0b217fa,no_edit_found,
MB-a236942fbfab,sha256:a236942fbfababf8e93cf0d6e3835631fd4c2023c0e2e5e702735e532aff29d2,no_edit_found,
MB-a23e464dc344,sha256:a23e464dc3448d699b293736bc4f2914c8ace899081e02cf00591e35cc7ba945,no_edit_found,
MB-a24d4bf9cfd9,sha256:a24d4bf9cfd9f28713dbc6d54151afbd46c610fe76b328a5eefabd87e5813ff6,no_edit_found,
MB-a24f0e2e98d3,sha256:a24f0e2e98d37bef66ae60e603e8ba523b876c2a5135b497055c9f868fec24dd,no_edit_found,
MB-a250927a1212,sha256:a250927a1212b2ef9f7b5baad3b57fe059dfc4bfed040431747b9a19e37bb1bd,no_edit_found,
MB-a2572f8a1607,sha256:a2572f8a1607b99c4d41fd01c38d2225a59bc3bc30559cf4d7ec6fba2d3fbdff,no_edit_found,
MB-a25acf51d1ad,sha256:a25acf51d1ad6149d260dcd7eff41d04778d89a418c3c2af0903ce973a81fccc,no_edit_found,
MB-a25be16cdcaf,sha256:a25be16cdcafa1e573fc4a327bdd16d2822d9dbc040a92787705278fd3ad0e36,no_edit_found,
MB-a265229d4104,sha256:a265229d41042f6419407ad84a722b383255b1f1b7aa2c1b8e75232e94c206d4,no_edit_found,
MB-a27a13f3895c,sha256:a27a13f3895ce3fb81fdff6585027248e6e1ca8f469c3af612938d635a2f0317,no_edit_found,
MB-a27b61f3aa6e,sha256:a27b61f3aa6ece56620384af4679ee22411bd5286f842eba4dc95eaeeed50b97,no_edit_found,
MB-a27e3a0767bc,sha256:a27e3a0767bce9f29f91f2f907621bc425155fe2f1d0af33d64573896ec56149,no_edit_found,
MB-a28315820ae4,sha256:a28315820ae4692ed13c20135f23ee70af845403c674b120502ef15dee940688,no_edit_found,
MB-a2965f607453,sha256:a2965f6074535ce98b64e25843e06cf979893bed14a91a27061fd9cad1c03de9,no_edit_found,
MB-a2975278fd26,sha256:a2975278fd260c7e2910abbf890bfd0c7a22827a92777792611d59276555dd98,no_edit_found,
MB-a2981032310a,sha256:a2981032310a3347d441eb1989b46416cbc772a2294210c1f49b231c74110a26,no_edit_found,
MB-a2981e1054ab,sha256:a2981e1054abc7710db28f2ed1d17a3e5093e4c1ed941ba98e2808e9f962b57a,no_edit_found,
MB-a2a847031076,sha256:a2a84703107630936ab9be68e5c125a6d5e4f9032c5e6c7d3523fceb00122a4c,no_edit_found,
MB-a2a913579b8d,sha256:a2a913579b8d355cf1fa8dabd85e86cb2dbcbf7633b099c511902306adeb17fd,no_edit_found,
MB-a2af1413e28c,sha256:a2af1413e28ce4b45f2ba5b43f33e7c20e1f52c0d5892595bba6376fd9584691,no_edit_found,
MB-a2af66a04505,sha256:a2af66a045056ce67e5756e843a85e951dd7a0320ef45797445479c39ed750a2,no_edit_found,
MB-a2b0033b4369,sha256:a2b0033b436933cf7c71680c7585ac2e8aa03ff6741d1a4d99b6302c8569747f,no_edit_found,
MB-a2b62a94c67d,sha256:a2b62a94c67dc185d6950039115a15c655724f1c6d1c4d433a99d9ae8246e403,no_edit_found,
MB-a2bd807ed1f0,sha256:a2bd807ed1f0c1fac076c31f3a24b5da6b4bf1b959ab94d21404ea7c3627069f,no_edit_found,
MB-a2d3d5b3b844,sha256:a2d3d5b3b844f84ec13c1a38748bd26daa17b340cbb9f7d92032892a8beac850,no_edit_found,
MB-a2dd8c04969d,sha256:a2dd8c04969deaeef3db6d3ef2e210062f1cfc74c5f118972d33e70252159ac5,no_edit_found,
MB-a2dda983ec3b,sha256:a2dda983ec3b6f9fad829b74f3bceb58da940ba92a19b52ad84eef23b28cad93,no_edit_found,
MB-a2f1122f8460,sha256:a2f1122f8460b909f157235dd32f3a47ee11addfa146a004b4d92da6446ff979,no_edit_found,
MB-a2f185f4243a,sha256:a2f185f4243ac2d9c872901f805814e55b3af696df141297194e68bb18cbe8ea,edited,change
MB-a2f20ba8d31a,sha256:a2f20ba8d31a492a36b8327dff0e3b6f3a0d5ebfcb59eeee2865099e4b1a9bdf,no_edit_found,
MB-a2fd0ee42206,sha256:a2fd0ee42206954278b73db55c81b77bb03d7debffdde2efd08f65863e2ecfc3,no_edit_found,
MB-a2fe51811d16,sha256:a2fe51811d16ae3aaaaa5335fac5df1b69ae520db544ccec960ee97342a2a8d0,no_edit_found,
MB-a2fe5cecb4b9,sha256:a2fe5cecb4b961cca4794950fcd3fa1a9096bb89fcc37281c11c149a1820484c,no_edit_found,
MB-a307625bb29e,sha256:a307625bb29ee11820badc38bdb96debb2eb47ecebb8c92e3cf893f311296774,no_edit_found,
MB-a31d2ae3944f,sha256:a31d2ae3944fd39b71e766eafcaa1cd9a02469340633256d0c8ecba945b13231,no_edit_found,
MB-a31d5b805262,sha256:a31d5b805262c01b611c770048139889fd76779d9ff44912428bba6b90e66564,no_edit_found,
MB-a3243a738fa1,sha256:a3243a738fa1c10c458d19beee396143bc2e6c526ffea81f4cd9ddf45ab1eea3,no_edit_found,
MB-a328b2132ed2,sha256:a328b2132ed239fac6272368e3209d5da454031c14bab44c4e59c2208c8f6e3b,no_edit_found,
MB-a335220105a3,sha256:a335220105a326d64c857e72e2943b31cfc9a8a9dd429d26ef4f68e76d748fe4,no_edit_found,
MB-a33ad1acc453,sha256:a33ad1acc4539005e162010b079a0b20fdacca59783b0e7cae4d1999e2be23d7,no_edit_found,
MB-a34cc3364f9d,sha256:a34cc3364f9d00655bdcc85f1f47418fc60a1defcd3373c1a2169fdbe13e10d9,no_edit_found,
MB-a351fb372ceb,sha256:a351fb372ceb8471c743c66011add9d5316db3a3104d5f7b0435a631c7bf4eb0,no_edit_found,
MB-a35e0b54d29f,sha256:a35e0b54d29f300411af55963513657d38326ee1554b3bb1bcbe76ee0e4724dc,no_edit_found,
MB-a362f9e7a904,sha256:a362f9e7a9045123328e91900f1f22b9fdd59d7c1405718168bdc51ed39ae340,no_edit_found,
MB-a36558453ffe,sha256:a36558453ffe852086725201794e37d39a75c639885f096c3bf80fffc38bce31,no_edit_found,
MB-a36ea5f611b6,sha256:a36ea5f611b640dadd9e62c2dffa49037566f3541a1edcad5c0d6b848500f6db,no_edit_found,
MB-a36ebee82a6e,sha256:a36ebee82a6e38cedf8ceb4d59321bee89b2347c1615950a3f7eeee52e490ec3,no_edit_found,
MB-a36f7ff6fb93,sha256:a36f7ff6fb930947abe1d15bce6fbf7770083b8f4798c9d347c8047edd6202bf,no_edit_found,
MB-a3729e5fb617,sha256:a3729e5fb617b360f0e229ad07e58c3155e080e08bd5fe25ecef0b7a291cb912,no_edit_found,
MB-a37436d320bd,sha256:a37436d320bd24015ffc3ccb0cd0a0dc9fb1f0d4196a8b6c904f5dd200a7d3a3,no_edit_found,
MB-a38c30de5c8c,sha256:a38c30de5c8c4b0faa5fe3510da6a3c04c766e8b095afed65f93d756e5165072,no_edit_found,
MB-a39b78b4f5fe,sha256:a39b78b4f5fe3b3eb07ee0e356f9c1093d44492dfa022aee75bbf846352dfa69,no_edit_found,
MB-a39c6b1141ff,sha256:a39c6b1141ffea9300ae44eed0850852ca5491b321d4bb306adbb23297d2c3e0,edited,change
MB-a39f5aa315fe,sha256:a39f5aa315fe0cc883521848e3bf7a8d5aa5efac7915c944dbe2efe3442092f7,no_edit_found,
MB-a3a0050f02d2,sha256:a3a0050f02d2a45788ad3547a7bf2f032ce172b2c21a88eb29cc04ca22d3eedc,no_edit_found,
MB-a3a3372e3d8e,sha256:a3a3372e3d8ecb79b01dd49a5a82982a016b1c6b2c7f92cb2b31fff20e68354e,no_edit_found,
MB-a3b1562312d4,sha256:a3b1562312d4b5c0db37f3acf623ab3b4dd2dea2c88a4df63c94930f8b26e71a,no_edit_found,
MB-a3bea1a5a0cd,sha256:a3bea1a5a0cdeedfe750e41865b97db1cfea5d7c4db02f6ba9cfd0d18bdc3b6b,no_edit_found,
MB-a3c09284e2de,sha256:a3c09284e2de97dd1948694f586b989678ec4b61c6f4df2ed8fde8b1670342d2,no_edit_found,
MB-a3cd392617f6,sha256:a3cd392617f694c0ab3069965e18021a85cd0f5b48f9d8ae2b0ec465753413a2,edited,change
MB-a3d86416bfed,sha256:a3d86416bfedae9951a71d264650d7642f425e883ccc1b14300fecb228c2c65e,no_edit_found,
MB-a3decc62f1e6,sha256:a3decc62f1e60be996ec456efd203e6ac8247ee35dcc933cc5865eec5f65bb0f,no_edit_found,
MB-a3df0860bab4,sha256:a3df0860bab4ad2544555327afb1241d1281c855e80880c9be79f9fc6ab58bf0,no_edit_found,
MB-a3f692f41cd6,sha256:a3f692f41cd6d27271e115ccb45400d75fbd3b241c1dc733ef12ebc399bea8c7,no_edit_found,
MB-a40b43d79a30,sha256:a40b43d79a303ae06a1d747ba2d70fbb0a8402626c0883293ec950072eb6cd09,no_edit_found,
MB-a415ca7027fa,sha256:a415ca7027fa6131836825e0877819842fadd6f8aaebee0728accb53cd60c82f,no_edit_found,
MB-a42a40fdd87f,sha256:a42a40fdd87f7d36ed7fd2667876db13a33837d925f509bcb214e828ee048eff,no_edit_found,
MB-a42aa31cebe3,sha256:a42aa31cebe352487bb4a4acde571013d0ea4811f9fde9b8081feab333c3ed29,no_edit_found,
MB-a4401a0dfe54,sha256:a4401a0dfe5473b35e9d0cb188602fc9458c02fe77ce0d7a9702fd69c82781c8,no_edit_found,
MB-a45def31daa6,sha256:a45def31daa6074825cbd19fe7d007c59100440ddf05ca77b8b613e0360cd47f,no_edit_found,
MB-a46905b8b857,sha256:a46905b8b857a08e4a2954dfe960d9bbd297f1a1ca12e3e568800b5922830953,no_edit_found,
MB-a46b16ef0203,sha256:a46b16ef0203a75d8794ff96a35a4480f0468199678a59813657b20e74a5b063,no_edit_found,
MB-a47bcc54dcb5,sha256:a47bcc54dcb57ff9483a2eae2a932294bd9306b88b4f86673ee71fa8247781f9,no_edit_found,
MB-a47eadd05e8a,sha256:a47eadd05e8a4793ed61d0e9fd9e8742014ce6b2d1ae99428f753cc3f3b402c3,no_edit_found,
MB-a481233280c7,sha256:a481233280c74b672fc431c901952e703af433e84af9096753b99aa2b49b73f3,no_edit_found,
MB-a486c22f5854,sha256:a486c22f5854ecd5961448e2c706d780392e10ab86476884cdcbc53349cf0601,no_edit_found,
MB-a487a699aed5,sha256:a487a699aed528abf51022ac8409149c84917c110beb6fdef473d00b771491da,no_edit_found,
MB-a4964fc4f61a,sha256:a4964fc4f61ae88c9816a3ca6dbeddf8790e53f99131ff4f4e0fe574b2681ab7,no_edit_found,
MB-a497d8799d29,sha256:a497d8799d290c79d0eb1b2e2121c4daadff3eba0bf585c9d73cd4f82add0599,no_edit_found,
MB-a49f67301256,sha256:a49f67301256d6981cea7d5458782d9738142e7c775b378280418dc39cfc3134,no_edit_found,
MB-a4a7bc6dd15c,sha256:a4a7bc6dd15c84ca012bc6acee9aa6024359b53071d3fea1f1617616525c82fa,no_edit_found,
MB-a4a9b09fdf66,sha256:a4a9b09fdf66a9c2223ac1ab02e6b05e70bfcc852724acd411619808e1ef23da,no_edit_found,
MB-a4aaa624d850,sha256:a4aaa624d850da388bcaaf284c0bdb518b629cab05e2d0ce178cd4e53172b844,no_edit_found,
MB-a4ad1659062c,sha256:a4ad1659062c980ea5de0db8c61f720197b6ae9e01279ee7e91f3f666c8cb3cd,no_edit_found,
MB-a4ada425b035,sha256:a4ada425b0351eaf71847e1633b24866c1b7ba06f8339faba19fbb16f5d52934,no_edit_found,
MB-a4b2ef2c0c4c,sha256:a4b2ef2c0c4c2988a57f47027e0c402371e9e096e12cdb24e1ea81eb9f53c981,no_edit_found,
MB-a4bf8b4911e3,sha256:a4bf8b4911e3f7d3ab0914bad4384cfc25f35752f23f36be924e123384cab7bf,no_edit_found,
MB-a4c6706eb7f0,sha256:a4c6706eb7f0affc4afe5cb4f1dda2b596302210284eed3f99bda3efed877aa9,no_edit_found,
MB-a4ce154d15de,sha256:a4ce154d15dee5f3b6e1584fa294e7a75ec6b517a2d6c2b82997fcccd5e0599c,no_edit_found,
MB-a4e37578a944,sha256:a4e37578a94446ba388119b19908af3b743ffc0a366a1c336f111db363da8008,no_edit_found,
MB-a4e616f914fe,sha256:a4e616f914febbcfa5b937f1f7bf9baa7d8c8b335251b4a8a27c537217f83dc5,no_edit_found,
MB-a4f9f6bb4b9f,sha256:a4f9f6bb4b9f1082e052b82652a07bc33b1c0cbe0c8586b8dc28034b0edef08a,no_edit_found,
MB-a50b69dc6635,sha256:a50b69dc6635e63a103a5e70e1ba75e392e7a31e727bb518e1ec6b0df413cc69,no_edit_found,
MB-a50d0a8a8cc6,sha256:a50d0a8a8cc6d0a729cf2e02a3334ae1587437abfe2bced7162ba95d33d8240e,no_edit_found,
MB-a51444fd7fa9,sha256:a51444fd7fa93645262c9e47077581eab3289f63e036b6f5461241d2c3e6628d,no_edit_found,
MB-a5159e372150,sha256:a5159e37215026b0e35a290c87086ffb1e5d0594b8aa6d206cf5a2a68b5b308c,no_edit_found,
MB-a527d609f007,sha256:a527d609f007d97c6597063bba15f380480d04ff33f8ad1b6bbba83611622228,no_edit_found,
MB-a52fd1ba3572,sha256:a52fd1ba3572b65ba6cd4aca9832d5570cfa1c1951d595cff3de1c37a59bd6a8,no_edit_found,
MB-a53206a6d3c3,sha256:a53206a6d3c3bb8c3deba2133582a8805cfb2e8d36af41fd74a557718edbfc3e,edited,unchanged
MB-a5350415e964,sha256:a5350415e964e945830b1b4974eed77f57aa133c54ac984bb19edc4f788c7a1f,no_edit_found,
MB-a5373b914f97,sha256:a5373b914f97078afd9e989d417cf1367dfd7de8eeab3f4907c390ae4751c97f,no_edit_found,
MB-a53b834f930c,sha256:a53b834f930c4ad6a430f011d297b39ccc861881f22a112baa8bda7d1a15b8f6,no_edit_found,
MB-a54871f73fa8,sha256:a54871f73fa8c67fb9e2efdcffc00b05fe40638908c7002eb2dab3bf2b67b15b,no_edit_found,
MB-a554bed508b0,sha256:a554bed508b0f9a57687330205d04098e108838178732822664d651a67bf9d8b,edited,invalid
MB-a55d3890e224,sha256:a55d3890e22414812bb4de1936a26602b8153fd22f25abf863bab03934e6fdd9,no_edit_found,
MB-a55dee8a5e13,sha256:a55dee8a5e13af0f9f57c1f2401ef6896bb13205b0bcaf90938e1b6ee9a5cdf8,no_edit_found,
MB-a563aa46acc3,sha256:a563aa46acc3a0160ae305f2b376e07ec7cedd8bec63253f6d59831a9eaa8b98,no_edit_found,
MB-a566a357a605,sha256:a566a357a6056c802141a8c442184be2bd97b906bc05f22d468ac1054093b70d,no_edit_found,
MB-a56938792e1f,sha256:a56938792e1f59fb518fafe3d5b4674f1bd856a16d920550098fca075f82683c,no_edit_found,
MB-a56ba4eaf243,sha256:a56ba4eaf24310153e2b1dc79d6159e66a2537eb73c760b01cf4584fc4f1e647,no_edit_found,
MB-a56c02210271,sha256:a56c02210271d9b8bbc81c62200bf1d22306c00353e7b1de22385388913dfcad,no_edit_found,
MB-a56dfe8b807c,sha256:a56dfe8b807c6881acf1f74b878d8cac7c8ca12ec473937b1e3df3b5bbe0d751,no_edit_found,
MB-a570d32730bc,sha256:a570d32730bca387cab369fb91107bc8cd840b520f7611b286db13bac93a7764,edited,unchanged
MB-a58217ced944,sha256:a58217ced944536c934b44c2feda8586d3c3bd388f2ce44083ceb1409fc3af3e,no_edit_found,
MB-a58d90d4803a,sha256:a58d90d4803aa33be7192c706da86eb4d5a2e78f49829f4aab9d58204e7dad64,no_edit_found,
MB-a59eb32d47e3,sha256:a59eb32d47e36359ef342ca95ec74a280859e21434c9bcba0ff4ae5ac478a879,no_edit_found,
MB-a5aa8a8c1c5d,sha256:a5aa8a8c1c5de503ada62126265d6301cafd07264de0b7a8fa6300aec5712a4e,no_edit_found,
MB-a5b711908e70,sha256:a5b711908e70f44f3f88bd6543afb84b0be2507ddf290ad008a0a1a5b72f6cdb,no_edit_found,
MB-a5b810447693,sha256:a5b8104476938ee731ca818043575dcfe84881af771a54caefb424bc593dac4c,no_edit_found,
MB-a5be6cca07ca,sha256:a5be6cca07ca41e5ce65ce4f5e2ad1a95d89ec7ffef434d349dbaa1b453af025,no_edit_found,
MB-a5c8de69472b,sha256:a5c8de69472b61b5dc50813e5c834633d54025f2c03e433f20800308e3a2be21,no_edit_found,
MB-a5caf866b5f5,sha256:a5caf866b5f544894c350782613e4c817eb9cc49dfd8ce476b82cada05e4fd1b,no_edit_found,
MB-a5cb8192f36b,sha256:a5cb8192f36b135319511b7c16555ec13714e69c6096027449d3ed586753a9bf,no_edit_found,
MB-a5cf177298ea,sha256:a5cf177298ea6d2ef220ed4d61177410761a47f569fc7fb006da109dd2676420,no_edit_found,
MB-a5d3e96d798f,sha256:a5d3e96d798f774adbdab51add13947c7ae86685315fcb4fad385e326f11345e,no_edit_found,
MB-a5dcd638ae60,sha256:a5dcd638ae60cddbb974ed2c7487efb171079aede17c5428840831a5e1eb6099,no_edit_found,
MB-a5e69c591a1f,sha256:a5e69c591a1f1f40b0fd9810948da8061b0502ec41005cd7baad87263a78d443,no_edit_found,
MB-a5f623f4a3b5,sha256:a5f623f4a3b504c57c589a59427fe95b5c6e420e2f6e79a2e388c3c2bed1cf8c,no_edit_found,
MB-a5ff25dd2264,sha256:a5ff25dd2264d225a6b40f29188a5ab1766e24ba02fe5866cf39b334d99adabf,no_edit_found,
MB-a601585f7af7,sha256:a601585f7af759e767ab89e75099f1dbd3af35217bc82e7d7b4be9205e8b4522,no_edit_found,
MB-a6035fffb154,sha256:a6035fffb154bdcfb7724230b38dee45ce6d63bf57ccb219060ba93bcb13f980,no_edit_found,
MB-a6044b6e4bb2,sha256:a6044b6e4bb2be3435b6e05feaa681920f1a7a78526a7a394c8ac7da81cd5072,no_edit_found,
MB-a60a2f2a0e9e,sha256:a60a2f2a0e9e745f72a3a61de12a829fb8a339ae02aa0683f31acd8801680360,no_edit_found,
MB-a60f9f8b1f27,sha256:a60f9f8b1f27447ef1a9eca67c120ba244e743a1d8edeb9950b463212d063ee5,no_edit_found,
MB-a6193d38cda1,sha256:a6193d38cda19d32bc82758697056a28ff8fc3504a501dc96aa5addac40eb8eb,no_edit_found,
MB-a61aa23ef007,sha256:a61aa23ef007335603a40b17208a48e152ef9dbbd8da196d013463304f1d264a,no_edit_found,
MB-a622584f3ddb,sha256:a622584f3ddb581f3489c0360d52fc7a7c2e020769a73155f4cbd1a0bbe6f56b,no_edit_found,
MB-a62399a5ce50,sha256:a62399a5ce507e8efa6640100175df6fc2ae6fc019cb0a4b7a9308b468d84e46,no_edit_found,
MB-a624e3e23e59,sha256:a624e3e23e59c351c4466b7c29dac628f739e70ed20a124405fa675882658815,no_edit_found,
MB-a624eff54684,sha256:a624eff54684bc4e77615a82b1e95acd51e45bb44c79a8591f08695bb385d6b8,no_edit_found,
MB-a62af29b1c2a,sha256:a62af29b1c2a73b870909b3c188324a3a5faf1f62eb264220a153cffa87e5de4,no_edit_found,
MB-a62d7d9731d9,sha256:a62d7d9731d982362cc80e9c795d8d8d0ac387c171bec75a9306187be6fc3748,no_edit_found,
MB-a639f8bd752c,sha256:a639f8bd752cc88127b06ef32ad6b2102b90bbd0ec8a055d94b9867fba695f73,no_edit_found,
MB-a63c2b0c5e02,sha256:a63c2b0c5e0203665e7675e7997a7cf3ff927877286e95a496dae8714313ebbc,no_edit_found,
MB-a63cc66bbb41,sha256:a63cc66bbb418f4c357f2f53e2bb8bf4511cc9a4ed36fa4213638c4274b7a63d,no_edit_found,
MB-a642053a9802,sha256:a642053a9802d964b543c6a5968eab6aa9ffc234c4de62609f7b7e3aa0eb1c88,no_edit_found,
MB-a6507a3c39a1,sha256:a6507a3c39a104588549314a211adeeac1aa879ec3c9fe239f2fecb2e9d77081,no_edit_found,
MB-a65c71f3321f,sha256:a65c71f3321f5154e1f8108b0d6e6c4897578794cd46bc75b694997bf82110d2,no_edit_found,
MB-a662fb186763,sha256:a662fb186763f230f110baf0c81e20f2348a5d6d2325edaa713beae7e0bc9b4f,no_edit_found,
MB-a66b2a9b78f2,sha256:a66b2a9b78f2763b64d889c0ac93b10667b00ee00f691ffbab6810988c54ed81,no_edit_found,
MB-a678b8f70727,sha256:a678b8f707275c85d32a4e08c76dedd00500f0959485770e5b12231ed1177497,no_edit_found,
MB-a67c1944b4b6,sha256:a67c1944b4b617b3b2f076cd090940273f5f6aa38d11c19dd72a24aa6c9e07a7,no_edit_found,
MB-a67c252e141f,sha256:a67c252e141f02b310d01f36412b90b67b249b26030451c9ad05d8b28fe45a51,edited,unchanged
MB-a68b20d66420,sha256:a68b20d664205fc889841874af83e83052528ac41a225f7e4f42055c1101839c,no_edit_found,
MB-a68cd62e2417,sha256:a68cd62e24176d1415dad6d9797a5010fc2a0bf504f8621e8433afc868063519,no_edit_found,
MB-a68edc71a5b0,sha256:a68edc71a5b09d47ff8b88d1d68fe7aa0e71691b60b153ec65f39918d4e8a0d9,edited,change
MB-a69184385cc3,sha256:a69184385cc359bf7603deb67acffe1919020cb4942d29b96fe2e29273fef1f0,no_edit_found,
MB-a692048a12dc,sha256:a692048a12dcb3f46b0d9a4e98171cf8cb9b36a55e18f87bf7fd966df280427c,no_edit_found,
MB-a6962efa4bb4,sha256:a6962efa4bb4bde94b8ca33cb4a2a19da0ee7abd1bd8edff2fa9cf13768246cd,no_edit_found,
MB-a6a36ef5c076,sha256:a6a36ef5c0766c080e9b07644d1702a4c9af943c0837ba3d8eaa586d0ed7c0a8,no_edit_found,
MB-a6ad1fd50d01,sha256:a6ad1fd50d01e267d8453dbb15045da89933ecd3fcd1355f665f28a81c977af5,no_edit_found,
MB-a6ada3facfd3,sha256:a6ada3facfd3ab9d8abeb02755e890633a6250727b018675a106caee98597653,no_edit_found,
MB-a6b774cf96ef,sha256:a6b774cf96efb47d1a78eea2e50aab33d51f1d6e07dd390dda6dacd7a99e30b1,no_edit_found,
MB-a6bb4938a397,sha256:a6bb4938a39787cc3e0ffcd88741b99b8551d07e951b45ecafbe310a6cc0bc59,no_edit_found,
MB-a6ca8df8cbbd,sha256:a6ca8df8cbbddeaf57c0dcae6976705fbfc492914612b992e37ce9801ae4eb70,no_edit_found,
MB-a6cba1679271,sha256:a6cba1679271f1c7776a0887e94bc26a5f7851dbc7e67e3c7ca9fb8f3f983f36,no_edit_found,
MB-a6d4e775e459,sha256:a6d4e775e4598c2e52c6e9fb2eb569e4981cf4043c38564bcc2c1e50db9b06b5,no_edit_found,
MB-a6dbc81240b2,sha256:a6dbc81240b2fee0ab6b42f84b483fba9886291055ff5656d9132052d8442a56,no_edit_found,
MB-a6e55c8c8017,sha256:a6e55c8c8017b02fe65187775535571d7d7fab682364290c72053a1a6d63230c,no_edit_found,
MB-a6e5f106e9e6,sha256:a6e5f106e9e69d901dba78a9bcb7d1c709b62d17c9520e9098afc260da00223d,no_edit_found,
MB-a6e97b8190c7,sha256:a6e97b8190c7b0a33736dcb3a078aea42bccf4c0d8550e3672ab4e7dc99c0166,no_edit_found,
MB-a70fbc02cda0,sha256:a70fbc02cda062daaa976303d0497e80e797cb7d57249aebb2983a4ffa0db4ee,no_edit_found,
MB-a712a71e82d8,sha256:a712a71e82d867030ba25a464260e28bcf172a4e4c4e0738bba17102f7584fb7,no_edit_found,
MB-a72bdc25f5d6,sha256:a72bdc25f5d6c402ee9a9d86cdf0c69cebc96b104f0b6130a2aea91d603ac75f,edited,change
MB-a739cd129cad,sha256:a739cd129cadb43f06c4894df71fdee2b5c8a18545e57a2eb7b2c52379688907,no_edit_found,
MB-a73f989d6d0a,sha256:a73f989d6d0ae15087b05ea66b3792877d497c9a99989a57628dd394a2d1c326,no_edit_found,
MB-a744cf7fa0a6,sha256:a744cf7fa0a6ff5262322490b5be6fe84b42d7654890ae64e19819d0f23b6e67,no_edit_found,
MB-a75043ab8336,sha256:a75043ab833615fabcf72dce1e39cdb1d8bf6f8f724332d6b0c42f5b314de226,no_edit_found,
MB-a7539ff4093e,sha256:a7539ff4093e6a28439ece60fae5c660104d536dd7324cb631a449aa37ce6255,no_edit_found,
MB-a76b6d471863,sha256:a76b6d471863e388ec617c52183a6f08571d840f6b2c5f8b2c6b0042a89f79d8,no_edit_found,
MB-a76ce6beec83,sha256:a76ce6beec8377a2bcb890d4126029554aab9de854883476e47b7dc9db48d509,no_edit_found,
MB-a76e3c41de29,sha256:a76e3c41de29cb21a7a0202730e1a3f3e34c42237f41a18ee54a7c3ee605c9d0,no_edit_found,
MB-a7730fbd36a0,sha256:a7730fbd36a0a18b66507b00942f384b836612f6c5189e7f1ecaf72200094fe1,no_edit_found,
MB-a773b8b9eabc,sha256:a773b8b9eabc53694d3b2a690c7d49350213e3b05921f8727d93eb993607efff,no_edit_found,
MB-a77874cd7722,sha256:a77874cd77222e7ef3100a58bd48fe201c289d8b15399089dc400ca6cdbf7187,no_edit_found,
MB-a779149caf09,sha256:a779149caf0984c7c325a382277f68c638fe28d59472a855d4a67a48911cab64,no_edit_found,
MB-a7864f0dbd85,sha256:a7864f0dbd8516e23b8bb1507c00c2a4e612b1f9c4ec0a98e4831f3927afc825,no_edit_found,
MB-a791583a54dd,sha256:a791583a54dd5209f26d3b2e94bc15be22da802d27447ef14a9c1b7999dc9c0e,no_edit_found,
MB-a792a8c8f92a,sha256:a792a8c8f92a94711f0f62b49280352f78073add8a00f6aaaa5f3c6fd36ffcdb,no_edit_found,
MB-a79ac334eab5,sha256:a79ac334eab53c7b84f67eba8a5cf47bb0133700caa61132c6696c939fd8faf8,no_edit_found,
MB-a7a8c17a2d44,sha256:a7a8c17a2d440ef3601c7ee1af2ce165dd2256ffc9dc41504e1e621cc7705b8a,no_edit_found,
MB-a7a8e8e46ffc,sha256:a7a8e8e46ffcb49ce820f69cc4a486502ff3aa73357a1c9597c3fb6aacaf8fd2,no_edit_found,
MB-a7a93cfed9ad,sha256:a7a93cfed9ad1d02c744f0ecb263700887b7a104e0f7f25e898ed262b99bba86,no_edit_found,
MB-a7ac793160d6,sha256:a7ac793160d6b2caf519396b545a3239e34564b08e8169839ee9d60567cd8595,no_edit_found,
MB-a7ac9138a63e,sha256:a7ac9138a63e7f332b14000b7c57a52a22688a4c331d53973c9bd86dc52ac4b2,no_edit_found,
MB-a7b20f97f404,sha256:a7b20f97f4046012f0f033a7b90837642fc50a1ed61425a4acc7a71f1c1997ad,no_edit_found,
MB-a7c98368f124,sha256:a7c98368f124e15b60e1120585eda6e2185bf96a3c969356ea9843f4303917c0,edited,invalid
MB-a7dd805c1630,sha256:a7dd805c16308c78f376a4359f5149a3d46a0a4a783c85e16532ed72d85af1e5,no_edit_found,
MB-a7e603d0a489,sha256:a7e603d0a489ba0f28be02fd7854cc874ec5844eeb785d90a6792ee2b6fb4cc0,no_edit_found,
MB-a7ea0bddea76,sha256:a7ea0bddea76f137e5b3d79fd47e940d5b0e5c294b08efea5e695ee7a307554e,no_edit_found,
MB-a8068f45923e,sha256:a8068f45923e2aa2893b628d1cfc00c95953f467704fa31e50996e51910e6caa,no_edit_found,
MB-a807346d14a8,sha256:a807346d14a89c59637c2dd55f179eacaaf26f4a3e92d9c8d248f4fec83ebdde,no_edit_found,
MB-a81799be3763,sha256:a81799be3763d7ea84bb5e9c7b31aacc85381294b08d0bdc15c6e929cf0e0e32,no_edit_found,
MB-a819623e0678,sha256:a819623e06787db2e73ad443aeec8138bcdaa9f4270ed990ea69df3d07044a7b,no_edit_found,
MB-a8293c6de8dd,sha256:a8293c6de8dd7d20ae3b4683d12c99d9356dad14e90b712ae0b833d7bdaf33a9,no_edit_found,
MB-a83007096994,sha256:a83007096994faec7f409d78e883c4999db83899940980ecd899f7b0b55de473,no_edit_found,
MB-a832f6d0f505,sha256:a832f6d0f505b2a5a737c5c331c62b5445bd621cafe37875350b1efb653d67b6,no_edit_found,
MB-a83bac73b6ff,sha256:a83bac73b6ffa47a124b2c8eb0e035a7016effcb7580aad04b76c73bd84112da,no_edit_found,
MB-a84cc533bf86,sha256:a84cc533bf86b4ab983e2177cb8673e78de7aedace6d8f5af6edae67320341af,no_edit_found,
MB-a8576db3264b,sha256:a8576db3264b9cb975f9461fa291e40109deca9f62e0e336a7cc957db5d6136c,no_edit_found,
MB-a858a90ef44e,sha256:a858a90ef44e42aea6760215dde4fbea70eec8cef9e35a14f4c85d3ab906a834,no_edit_found,
MB-a85bf1ed21e8,sha256:a85bf1ed21e82b5783da981383caa7fca3890ed9e007327333938bc7ade8a28c,no_edit_found,
MB-a85e918e3b24,sha256:a85e918e3b2413c10a416ad9a38ca8035373e7139c6ec1a16896128a09ff3ced,no_edit_found,
MB-a864732f6140,sha256:a864732f6140bb360e17879360b0fb8ae5f1ed0c4ef0063711d909927ce8f5bc,no_edit_found,
MB-a86cafa64851,sha256:a86cafa64851804a7b34db0bf80d194d8ede7421ae6bce1de3faf7ce8457f07b,no_edit_found,
MB-a87d9848feea,sha256:a87d9848feea53040c5e977ed9e21362dbb76dddab95ee96b501ab403a30c6bb,no_edit_found,
MB-a87e674b3689,sha256:a87e674b36891a47c976a85b7caa631147378c261ada3343eac4d8a92205fde3,no_edit_found,
MB-a8833841fa5d,sha256:a8833841fa5dba1b2698cd46d081f58823962453952c2360b50a9d4149e04c9d,no_edit_found,
MB-a89348f635fe,sha256:a89348f635fe980699d4232a25776da50d8cc44d85c907e19a8cb97071e53d7e,no_edit_found,
MB-a89b8f34f7b0,sha256:a89b8f34f7b0c63612808ff64f891ce68e02f3f445d4734c3070a025fed94399,no_edit_found,
MB-a8b62ee6ebaa,sha256:a8b62ee6ebaaf10e57c09544cec2929c62b13eab99f9afdcc0ed102dde90a18f,no_edit_found,
MB-a8c69d235460,sha256:a8c69d2354602ff86ed188792964d36a1d84d9510eb3fdc7d512edcb52366862,no_edit_found,
MB-a8c7aaf206c1,sha256:a8c7aaf206c19af7f67b58db084d32ca0248828531008f55a3c4f841974372e4,no_edit_found,
MB-a8ca5e456adb,sha256:a8ca5e456adb67c49089d402c52fe877478fdc26ea1d22ed9a7bc2c29d01fffa,no_edit_found,
MB-a8cbf8592cfd,sha256:a8cbf8592cfd17580c14d64138811660ca13408e2fcec3f84740c5c63ccdb8c8,no_edit_found,
MB-a8ccf33c1297,sha256:a8ccf33c12979cbbc54e1ab31a499b7c8c28aa14acdc02594d1b90ec5d2a4011,no_edit_found,
MB-a8d6748a246d,sha256:a8d6748a246d54959c7cae92fed3106a5daa662c7daf52f7bb16cca689f5b6ff,no_edit_found,
MB-a8da6a9f64a6,sha256:a8da6a9f64a6c859aadae615ff4aa1e5bce478611b0e09aaa2f03841088e8f17,no_edit_found,
MB-a8e625607b6c,sha256:a8e625607b6c6ed8363fad9301d2f79b333eb08c9dfcec3be8a89bf851117775,no_edit_found,
MB-a8eedf65beca,sha256:a8eedf65becac28d99c872d25948c956dec6484ed55a782f8d99e6b3933ab77a,no_edit_found,
MB-a8f8f3f9e3cd,sha256:a8f8f3f9e3cd8eeb1a5fada619abf76f1d002cfb92bfe34f2c54c688ed34a045,no_edit_found,
MB-a904f74e14c9,sha256:a904f74e14c9b2cefdf24cd854c084854204e5a25d80286a6ed3cffe8393f5e4,no_edit_found,
MB-a907d07cf05f,sha256:a907d07cf05f4195430d00616a75346de3736afd264ea82e0bf20743a22875fa,no_edit_found,
MB-a9114687f955,sha256:a9114687f9550ea5b7f48ef167b4b5b936b0ac09b37233ecca3e08c7273c40af,no_edit_found,
MB-a91193bbe4fe,sha256:a91193bbe4fe847a829cf5832f2bf345fa0fdc3fe13ec8407e3c575dea503f61,edited,invalid
MB-a91550236060,sha256:a915502360604bb011263924f36c14ed28714371a3983aff8302256642c4734e,no_edit_found,
MB-a91abf4eeda3,sha256:a91abf4eeda3e570f8bc1ea378d87679e4e7f6b451787e25e07134a785365cf6,no_edit_found,
MB-a92803f95be2,sha256:a92803f95be2c1018b65fcda5e8dd35aee2f0d5db7ca9ce5edd8720f83184e74,no_edit_found,
MB-a92a8a954d27,sha256:a92a8a954d271400f88c3761ac429209631b07a5bb1c5158eaf22ea571389988,no_edit_found,
MB-a92b36013904,sha256:a92b3601390468dd3f135f4fdcff53ad5a93eb1fcae9f60b86dc54d4defce72f,no_edit_found,
MB-a92c436e018a,sha256:a92c436e018af64c146f61439fbf67adfa73cadd8f0138ebf6950b876b7b4168,no_edit_found,
MB-a937475f79af,sha256:a937475f79afd1c434bfb623bc7d2718f202b6c72275ffabcd1814e6c0b78a2b,no_edit_found,
MB-a941cc104544,sha256:a941cc10454454a376944daf85d5d73ef298cb95b008d7d3ddeb5dff0bb1771b,no_edit_found,
MB-a94c11d00f1e,sha256:a94c11d00f1e279f42477452611a21475886ff716861318da0b8436d0b268b29,no_edit_found,
MB-a94d883ab907,sha256:a94d883ab90707eeb39c8e7fcc296cb0ee64d62531beabdc5673906afcf4f866,no_edit_found,
MB-a9656ccbeab3,sha256:a9656ccbeab30450b65cb589c1777431a78e5f3b4c861d341b4d9d9b4977b2ed,no_edit_found,
MB-a965dea344d6,sha256:a965dea344d607312c6c3e1ba3e9e9c5795b3019b0eb29802422b6ee6143ff9e,no_edit_found,
MB-a97fe24b736e,sha256:a97fe24b736e99f46a7ee3f9f5126d2b9562493d59476f4c6daaa9b53d3f93b0,no_edit_found,
MB-a98035819b80,sha256:a98035819b809cb04da65a05987680e62c70d7976f4043c26917a9dbd01a69a7,edited,change
MB-a98172eb6b95,sha256:a98172eb6b952ce6ccb2a71e86bdabffbfb4dcac370178d85c629782244f814f,no_edit_found,
MB-a9851f768ce1,sha256:a9851f768ce11fe215f4557095d10968db9523df076976442a13589c1309e482,no_edit_found,
MB-a98c61590195,sha256:a98c61590195445e7bd9ed8c618b317b3db88ca451c6f0391ba0c5641d8d77a8,no_edit_found,
MB-a9949b94bc91,sha256:a9949b94bc9198566d53e8a2f2e65ca6ff0f9444fe94bcdd8769bfb4f4a6bc84,edited,invalid
MB-a996763c8ab2,sha256:a996763c8ab2b377f07145d130dc6f3f6e6628c4433ebbfec88cb2d1f2c09769,no_edit_found,
MB-a99a29b97e83,sha256:a99a29b97e8393bd20336da5b3ac1f2cb55141a599abbac5b8e11a1a23692190,no_edit_found,
MB-a99be01bef55,sha256:a99be01bef553c00aa838f5e34cc7017a32a7b39b34015137c0ce18c42ad2572,no_edit_found,
MB-a9a28b35c670,sha256:a9a28b35c67087a2023971d3089f71316814a6bd87efbbea8c8addec06cc3464,no_edit_found,
MB-a9a8a99eaf4c,sha256:a9a8a99eaf4c3247767907904df50acc9db1407b7a14a1d3799ded0b496c0969,no_edit_found,
MB-a9abbf2248e5,sha256:a9abbf2248e5b7a658e4799de64f52d67841bc38a487c1e7f25389d0cdb1063f,edited,unchanged
MB-a9ac5f99c053,sha256:a9ac5f99c05320e2bf0068b38ca91881ade2d8fc12556b23e990b628782cf94a,no_edit_found,
MB-a9bb3c162aa2,sha256:a9bb3c162aa2f295a4088fc88e8ec474ff6d1ca72323d2221bebd93befd4c2ab,no_edit_found,
MB-a9bc33ca1eed,sha256:a9bc33ca1eed3801d72300f9f825a76c0f7526278778b725342b9854a3afe98f,no_edit_found,
MB-a9bc7bf63065,sha256:a9bc7bf63065fbfff03c1f264b92d5d9f0411b604ca2f01c84cc052e7b7352d2,no_edit_found,
MB-a9c1f357ded2,sha256:a9c1f357ded2f4b8c8aa4ca9e0ce11cb274206a5032547c9ae7dcba6298dab7d,no_edit_found,
MB-a9c741452ead,sha256:a9c741452eadff7e1fed04ff3307f52968a6f597b2f23252d5ba362d97fac097,no_edit_found,
MB-a9c8d18dcbdb,sha256:a9c8d18dcbdb08362091de12bf013cd283913b93c5b96c283548380f40046515,no_edit_found,
MB-a9c8df54a7e0,sha256:a9c8df54a7e0c21cfcb03d9242d71238da577449d12736c92a8741dd1a1e02bf,no_edit_found,
MB-a9d1aef50d54,sha256:a9d1aef50d54ab7819dcd5224bc0acb4eb52259e7f95073897ff6df65b553e72,no_edit_found,
MB-a9d44723ded3,sha256:a9d44723ded3276a3a11271c4ba680f85267f5483cfc35aa6ff8f312375a92e7,no_edit_found,
MB-a9d9d28e3196,sha256:a9d9d28e3196a5759338969778caae8f744b6501886090b1acbbc7748cfb7114,no_edit_found,
MB-a9deaabda088,sha256:a9deaabda088ea6fed6253309571c50f27f42a374ba2af73b0524c6aad91684d,edited,change
MB-a9eef558cdbb,sha256:a9eef558cdbb10be98602ee9342c57d00999ac2930c57d1fce6a1a03db075222,no_edit_found,
MB-a9eff4c60cd1,sha256:a9eff4c60cd14e80fc835c98b7a15fcef77365644f0167b0c0448866d7f0f648,no_edit_found,
MB-a9f16ea21cfd,sha256:a9f16ea21cfd33ab234230a74191a2632d267fcc1edb89ccfa1fb86196c757bb,no_edit_found,
MB-a9f5e940fa3c,sha256:a9f5e940fa3c15db5a63e643b2d53b0cc50e4ebc9a1a032df30cdae163551496,no_edit_found,
MB-aa0a1ceb9b8a,sha256:aa0a1ceb9b8a435cd79eb2dcebf22b0abc0c16cbb98f8aa8efdfc33eaea0c702,no_edit_found,
MB-aa0b3fd2d41b,sha256:aa0b3fd2d41bac8598aee70d3dda39ab15b87679de763c052f43066206e1ff84,edited,unchanged
MB-aa0d7aac5260,sha256:aa0d7aac52608e4d963d3c7389950e12f1c2677f6b3a9f0d66cf611f2a57cb57,no_edit_found,
MB-aa14fa053d88,sha256:aa14fa053d88cdad04a1de22dcb08cb42faeb53287ef4b5359bb17b05780e4ae,no_edit_found,
MB-aa1d192ef505,sha256:aa1d192ef505d6478233c118d0cd1a74cead07bd6cb6059ed482bfdaebfe7b42,no_edit_found,
MB-aa21f154889d,sha256:aa21f154889d0c161e26ebb94e4bc8b544baf8c1fd6eaf079a32cd5eb896f4d1,no_edit_found,
MB-aa349197aeba,sha256:aa349197aeba5f4aff9d846a6b9d696e7a6b618c161f5ccf9483c052eac78605,edited,unchanged
MB-aa3bc5f59430,sha256:aa3bc5f5943030aa99b62f6ead553bae6a437ec22f38cd4023d2f8fcc0eaacea,no_edit_found,
MB-aa3e7fc7919a,sha256:aa3e7fc7919ae58e393dfc016cdeda9ca54d7eed800e4ef730e740993982e84b,no_edit_found,
MB-aa4163e74f88,sha256:aa4163e74f8888b6f89882e3a4780adcf3b8d047cb91d0a745c23c7c87f83975,edited,unchanged
MB-aa688da946a1,sha256:aa688da946a1beb45e708af5223ce2139178cd70497031113d3315160dc5bc66,no_edit_found,
MB-aa6a68d294e1,sha256:aa6a68d294e1d36905f6267711475800fe06b426689b52c88fa09d7cd331104a,no_edit_found,
MB-aa702b1a088b,sha256:aa702b1a088be70ae58e71687872035e428c7efab809cc8bdd182a40479e5dfb,no_edit_found,
MB-aa75f179621a,sha256:aa75f179621aa937b8f6b94d1e35e27919e0bb5d4925c784ac667ba7eb580f29,no_edit_found,
MB-aa79c39a3ea5,sha256:aa79c39a3ea518fd7699c81ddcb87c33eac86c94677dcbbd86c80a1719f6c05f,no_edit_found,
MB-aa88ec240ea2,sha256:aa88ec240ea2fa2f565d4002c1bacfc7190ea50b09a365df112ad57c79064b1a,no_edit_found,
MB-aa92d0f60d7b,sha256:aa92d0f60d7bccfc08701252316011b9362d3209d14fe32baf5b5ffbc40c4758,no_edit_found,
MB-aa931329e8d0,sha256:aa931329e8d0eef013f547df833c146f87020a49920bc4d4900f381d5106d687,no_edit_found,
MB-aa95213d425a,sha256:aa95213d425a65c1f6c07cd8bc8ace4263313f3d78db18693c0656523604c8d5,no_edit_found,
MB-aa9ac85ed8e6,sha256:aa9ac85ed8e6a11c43e25cd28c22e2bbda188be4046e95956e519048cff4d1c4,no_edit_found,
MB-aa9c56222ac7,sha256:aa9c56222ac7ebd97584ca97c8afa7fd94ac7a476bd191120e95af722f9e85bf,no_edit_found,
MB-aaa01dd78b5b,sha256:aaa01dd78b5b27d09f17fda8e0e578c4a97ca67dc10fe286fd42af52fdb9acbd,no_edit_found,
MB-aaa1e4461362,sha256:aaa1e44613624fc39262df0079c679a15437945f7be82f0a27843ebfee9e593b,no_edit_found,
MB-aaad382cf0a6,sha256:aaad382cf0a67bd72fcfbe3795f21569427256264643fb2e62b6644f7eadddbd,no_edit_found,
MB-aab7b63cdd96,sha256:aab7b63cdd96124d08f3fa3151aae7ee440e3d75539b382f97225088dba35f53,no_edit_found,
MB-aab95b1befe1,sha256:aab95b1befe1936e951757e80ae39e9187d475f4d654b3e1da222ed92e0e8801,no_edit_found,
MB-aabe8a7c2e6d,sha256:aabe8a7c2e6d69e1847eccbb13965e19fd2cd9e226a3028eba35da5b5aab3a25,no_edit_found,
MB-aac2eb8702d8,sha256:aac2eb8702d884028206de6faa0ca51e5e60f817fe825955a4fe882c7045b375,no_edit_found,
MB-aac43800298b,sha256:aac43800298b329365618c0523ec828e029d14ad67bc1907879f774208209dfb,no_edit_found,
MB-aad5b9442b83,sha256:aad5b9442b8318ca21ada198a7f82dc86a14cc321188c23ca9a45297c9d70469,no_edit_found,
MB-aadbb071733c,sha256:aadbb071733ce443e8176583297a89d96db90c37cf3ae6b2989c3c9fe158bfa7,no_edit_found,
MB-aadbf6361f81,sha256:aadbf6361f81943eae466665902e34b910603c32d37b5c5b5b45b0b9b7ec74cd,no_edit_found,
MB-aae907ba6db2,sha256:aae907ba6db2598ab4cda3c70633f3bff239c3b4fba6246838d737ac8b7e5b32,no_edit_found,
MB-aafe28af61e1,sha256:aafe28af61e1ae257c7445182448f6abdde56d65ef827fd23391c12608a3d5ca,no_edit_found,
MB-ab02bfdfd8ff,sha256:ab02bfdfd8ff037069d77c3ff122b8f7ab63f109c96103f325959a35f76c7cce,no_edit_found,
MB-ab05a37e1ab6,sha256:ab05a37e1ab6bb3fac66eec4221f7e908e5346990963abbbef746eead35f11ab,no_edit_found,
MB-ab0ef31798a1,sha256:ab0ef31798a10deafeffbb4e85209bee8aa0305caf45d63ce8c57aa38db5bf96,no_edit_found,
MB-ab243be7af0e,sha256:ab243be7af0e8b0f18e384a1b812acab1aff5d62e9af2b29f482d153150d58d0,no_edit_found,
MB-ab2dae9914ec,sha256:ab2dae9914ecbe297686762c9ca6d95c1f73222dcc4e594fe23074708e0f8107,no_edit_found,
MB-ab2e6890af87,sha256:ab2e6890af875cd1a518f1beba495a8fcb5b77ccfc5384c2f078b10b80b5c414,no_edit_found,
MB-ab33ed7dde4a,sha256:ab33ed7dde4a1d77edf5248aa53ca0aa088dbc3441a1ad8d7669eaa141e2affc,no_edit_found,
MB-ab39214240a5,sha256:ab39214240a55d7ea0f33af2a1146ee944eff6addc690de593e5860a9504f542,no_edit_found,
MB-ab4749be86c2,sha256:ab4749be86c278829442cd82f975835591805903410c85e31123a72cadbcacae,no_edit_found,
MB-ab53bacc6e33,sha256:ab53bacc6e332439f774fb918f63fa28e7694fe041d971e5f52d55dff740f6c2,no_edit_found,
MB-ab600cbd3534,sha256:ab600cbd3534b541e7580920f0ad0e868ce9ccd2c96484eb99d4cf66d4a35aa9,no_edit_found,
MB-ab6cd1a682f8,sha256:ab6cd1a682f81864a246bd38e25263c14448664131a6d2bade9f5c148de8fc59,no_edit_found,
MB-ab831335060f,sha256:ab831335060fb92890f182194029435af6a738aa2b6abc0fb94609d8f5cb85c8,no_edit_found,
MB-ab867757e19c,sha256:ab867757e19ca21270d026b735a0e2d986bd4603aed687720299e846bb781e50,no_edit_found,
MB-ab8f939777e5,sha256:ab8f939777e54fd507310b4e75fcb205e14a0b79952db3e3c5fa68fb2381a162,no_edit_found,
MB-ab94224e0787,sha256:ab94224e07876e91b80dc0ad7dd10b5d50ff6a46a72d64f0cf0109d1104f8dcb,no_edit_found,
MB-ab96c2962f22,sha256:ab96c2962f2231abf098b11714e3f83aed52b7de6075506fd97a1385264f7ebe,no_edit_found,
MB-abb23611f060,sha256:abb23611f0609e775957142aa8ec938887ba020e36d04b094e0de13855aa1df2,no_edit_found,
MB-abbcc18ceec1,sha256:abbcc18ceec1a0c48cdf908640da977c4acb78847fa5a9165c1ee0ba098eac9b,no_edit_found,
MB-abbe7c82c2a7,sha256:abbe7c82c2a78b3791e5600ca4352de4730f08e5acf322865e96af37ddab9e8f,no_edit_found,
MB-abbfc5391b52,sha256:abbfc5391b526ecdce6a01811b9a71a7fcc1d28aeddf85bbcb74f08aa5df04c0,no_edit_found,
MB-abcd6972a8d3,sha256:abcd6972a8d3e2b8209c95270453a89fac16fd79c3ac8e2901c423d6b6ab7824,no_edit_found,
MB-abd305a6a784,sha256:abd305a6a784c569e6841e49d81d70d7c71dd118aba85f42702aad9220d17492,no_edit_found,
MB-abe45d7b730d,sha256:abe45d7b730d9c0c60fa90f321581dfcbc4a33e5691bdba4d0d7f038189f527e,no_edit_found,
MB-abe6af30605a,sha256:abe6af30605a0b0611e1dfc8fdd2cacb1218c40277e40ee0ffb2f5c1a467bab6,no_edit_found,
MB-abeaba7a3b3c,sha256:abeaba7a3b3cc0f5d741f1ad6cd18f019ec99267cfb90bcd349518f889a7f63e,no_edit_found,
MB-abf3719c4189,sha256:abf3719c41891ab387a385bbfdfe075afc4e1eddda64d696c27112b0f963851e,no_edit_found,
MB-abf6f25c3bfa,sha256:abf6f25c3bfa8cc5cedd04eafe19b6a12e7a75e3f43447b8108eca0920ed304f,no_edit_found,
MB-abf769dea836,sha256:abf769dea836b8a4481ffbe459c16edc964d34a2b52570b9824a5122f1368b0a,no_edit_found,
MB-ac0380a9f3a3,sha256:ac0380a9f3a3b635e206fb6678850ccb8ca5398a2c0f4c668fd2e1035751486c,edited,unchanged
MB-ac050b751e59,sha256:ac050b751e59374bab29fb6206cff9b9dc3535c001c089270d47da3b943a29e3,edited,change
MB-ac0918ea6c66,sha256:ac0918ea6c66b532f13fe6fc6002a414b1e1c767e2ba15a8696886cf8cdb1f05,no_edit_found,
MB-ac10ded5183d,sha256:ac10ded5183df73db3c276a44947518f10665e870afa6cd74d15423b468550c5,edited,invalid
MB-ac14fd284365,sha256:ac14fd284365a62a0c90ab609106485039c266e800a3f5e1c5d6ed33a41ad89b,no_edit_found,
MB-ac261e8c9826,sha256:ac261e8c982675b184bc4a2e27822d65f3819578e0cd6d37ada2a079db23f572,no_edit_found,
MB-ac27f6f0b678,sha256:ac27f6f0b67880171a024b44e1c2ecef7fc21a7f8701c3a6f85c1abb41d2d125,no_edit_found,
MB-ac2a79546bfe,sha256:ac2a79546bfeed8e8eb932b165a0b7aaf8d1c7ea2e1e572f6a44c3cb9c596e0c,no_edit_found,
MB-ac31f20f9520,sha256:ac31f20f9520270d198e9de48d6cf1ab8495643aa90af15ecf65c0cfcfcb1765,no_edit_found,
MB-ac34e88e958c,sha256:ac34e88e958ce3b535c3b2e0594f67e4aa39ac22653c08e28059a2d1cacfedfc,no_edit_found,
MB-ac394958de76,sha256:ac394958de765a9327983f1ae65813513e51c542ce467da52fa4bddfed6cfbb6,edited,change
MB-ac3b73a33317,sha256:ac3b73a33317fde7263d64d9a711e7838d77212d1f20f9d4bb72ee4bd342cca1,no_edit_found,
MB-ac44f20b8449,sha256:ac44f20b84496e9a2b525fd1b91ab83580d98061f9559e308fee7c88a713cd21,no_edit_found,
MB-ac4c2032c63e,sha256:ac4c2032c63ec0c275fbf38bba98e9df7d4696e8e14d484b913cd9d2ead37729,no_edit_found,
MB-ac4c3ea7ad71,sha256:ac4c3ea7ad71c4c013a2373b05adc0f5562290efb81ab56a4d1f7537d5c52cbd,no_edit_found,
MB-ac4ea526a059,sha256:ac4ea526a059ba212312a48b41dbd229d1f8ab4332c2a5d21b29d765071c320b,no_edit_found,
MB-ac51b66aa84c,sha256:ac51b66aa84c7808871433c81a5340f2bccf5bf3e5aebfe269829bc4c4b72635,no_edit_found,
MB-ac56684c8349,sha256:ac56684c8349b2ed1e23abfcc541962e67b637f81b4c1e445041e0eee574f97f,no_edit_found,
MB-ac5ed4f902a0,sha256:ac5ed4f902a007e487b55c1390eec675b4bfc40843f128d85d072f2d4bc39329,no_edit_found,
MB-ac63eb2c174d,sha256:ac63eb2c174d7b375a14efcc2ec7176f5da1b02a5c30d2f81a6cb0f7a25a9ecb,no_edit_found,
MB-ac6df05aebd8,sha256:ac6df05aebd8cb288ead7e966edcbda2c0b2c421f761e434388d15be3c902c61,edited,unchanged
MB-ac77d91ebc12,sha256:ac77d91ebc1247259ff02a1dcc7835153a5a8c4fe274a223677ef1360d3e618c,no_edit_found,
MB-ac7a8ae1a8f3,sha256:ac7a8ae1a8f3b266734322a04de54fc6698b108e9292568e7ba0ab9e25af1ad7,no_edit_found,
MB-ac809c76e47b,sha256:ac809c76e47b928c35b0f2aebd34c7803e0b123bcac2a32ac431a598d0314fa8,no_edit_found,
MB-ac820bcb1526,sha256:ac820bcb15269c1f32265d250216703760bbf396336ce4d12785d5dd8acb25d3,no_edit_found,
MB-ac889f7e09a5,sha256:ac889f7e09a5ed3645f7989af8e5a43e8ea4c223df400b0e267b6345b00f1488,no_edit_found,
MB-ac8c086e011f,sha256:ac8c086e011f976ab913d711a8507161da81b233d2a2f1049fc9857b6f4c5351,no_edit_found,
MB-ac90bd953d75,sha256:ac90bd953d75a81583158df404352b0fbc9cdc2dab00f99edfd72fccd8e74fb3,no_edit_found,
MB-ac9ba2c91379,sha256:ac9ba2c91379e7b6780d458eb609d166dbb25c31b322e576db4a10f91f77c243,no_edit_found,
MB-aca3974e4811,sha256:aca3974e4811c1b9e0f34a5d05478ce0961641e2a5df36fa81c5f113493365b1,no_edit_found,
MB-aca69fb980e3,sha256:aca69fb980e3fea49f9b3e7fdcebf8ccdfe37a6b9b814ba05c5271d80ae34d1d,no_edit_found,
MB-aca8d6886dcd,sha256:aca8d6886dcdd2a76f9647f7b4be665de36fb1dd11d462b9ce8d1c1b2b40823d,no_edit_found,
MB-acb4bdcbf929,sha256:acb4bdcbf929258dcdcc560cebc7f4b22e8bf483a1ee490e48d934dcb4f5ffa6,no_edit_found,
MB-acca6b9d952c,sha256:acca6b9d952c8c8a5f794d6a210812d39ea290bd3c6a5dc947a4ebbc7519846d,no_edit_found,
MB-acff9746730e,sha256:acff9746730ef674e6af7094f63161aea95c2649d327ec33d1b1b65698ec5a41,no_edit_found,
MB-ad0302295576,sha256:ad030229557638dc9ff8d50d802dd3500a6ce49ea064491a2d7f05ab54467d64,no_edit_found,
MB-ad036a6ce48b,sha256:ad036a6ce48b3462baba8910be3300a89dd81cdae124b03062f91b0936f9be61,no_edit_found,
MB-ad08b67f9097,sha256:ad08b67f90974f89382afdbd6e659d9d105a159f37c140146e78f657fea0262b,no_edit_found,
MB-ad1d1ab334a5,sha256:ad1d1ab334a56f386bdfd035338256fde22896d68cece0a844f2fa37e9af3ecd,no_edit_found,
MB-ad29bc07ed5e,sha256:ad29bc07ed5e8bbfa1858245cf10fe3e5d2fe8852dc6a7325354264407da1596,no_edit_found,
MB-ad2ab3672169,sha256:ad2ab36721693aee91ae7c0cc28dc26b86382286998ae889cc778380f6804be7,no_edit_found,
MB-ad3212402505,sha256:ad32124025058eef00f9b2a2f341472884e4c30a5d04fdad86362b37b8c282b8,no_edit_found,
MB-ad4f717dceed,sha256:ad4f717dceed7e64510e59c4d4da9b4d01f1f895c5576d62a074d6876535e6cb,no_edit_found,
MB-ad51f4794a86,sha256:ad51f4794a861c0f5af650f14f457ebe868f9615882d7bc947a611a91eb97ad0,no_edit_found,
MB-ad5d9665886b,sha256:ad5d9665886b161633f90ac48fe69748c300b4452e7b753a723a568be95c6ec6,no_edit_found,
MB-ad7d887e6cda,sha256:ad7d887e6cdae7e67981df0ebb31d1adb5e8258e3a445bb121bb286f1c853543,edited,unchanged
MB-ad83526d18b3,sha256:ad83526d18b3ae90d6504a55ce59d5bcf762caac285fe40fb280b277cdfbefd1,edited,unchanged
MB-ad92e3d0b0bd,sha256:ad92e3d0b0bdafeb12512d802b0e2100ad406fc3da1de36ff1c32e1939310db4,no_edit_found,
MB-ad94c5c7572a,sha256:ad94c5c7572a39f0f85c23613f93117682e94ffdb1012eba915f3486c88f6d23,no_edit_found,
MB-ad9901c5a038,sha256:ad9901c5a038b0f92598b00bb7605443aa95d9ed3373d3af01641b5dfa1d179f,no_edit_found,
MB-ad9a9a45e096,sha256:ad9a9a45e096030ff444bff7535bcea90d43935ebb44cb42a27c18541abf5733,no_edit_found,
MB-ad9ad92b9f3e,sha256:ad9ad92b9f3ea9e38677d496bd0ddbaaf59d00821def7733fe9dd5f47d88da86,no_edit_found,
MB-ad9cd403d586,sha256:ad9cd403d586325e7228e54ce08bab896cb31a1eaf22ae9528a0059bfe1c0d1a,no_edit_found,
MB-ada887809f36,sha256:ada887809f360390c5651b77d9c25bf313b3818163cd6f2222530aaa1e3b6254,no_edit_found,
MB-adb24bdc92af,sha256:adb24bdc92af27dbf72cda43f28ea8f073ceb118dcaeb010558d214e1472ac7f,no_edit_found,
MB-add0a47342f2,sha256:add0a47342f259c7a749996a9674cafa7f0d7e853107e8199c04cd75684e8389,no_edit_found,
MB-ade3b6430854,sha256:ade3b6430854d2f4bf67bac04ae9ee8c012067fb068ab33ed93e522ea43c4840,no_edit_found,
MB-adebb6487914,sha256:adebb64879146ed6bd43a1ab15f5345fe269ccd608a18918bf7cc95cd0178b64,no_edit_found,
MB-adec7e9592d7,sha256:adec7e9592d77ceda8ba856264dc31b724b66a4b645254bb19143795bd90469f,no_edit_found,
MB-adf9513a53c3,sha256:adf9513a53c37de8ea6d330564ac416c4dea250cd3a68493716d98fe7aa0b190,no_edit_found,
MB-ae08b6da4c4c,sha256:ae08b6da4c4c9f1767cfa269ecf6ad99bcdec7c69d19537bdaa6d13db4995b72,no_edit_found,
MB-ae0b03a61924,sha256:ae0b03a6192475a4521f82d45a353ea6527d01d1a74a2d902d9618e10099023f,no_edit_found,
MB-ae18cc37407e,sha256:ae18cc37407e33b59a3f8307213985fdb3f5c65bffc05435f212ae51fd2221f1,no_edit_found,
MB-ae19dac6bd61,sha256:ae19dac6bd6171e98514c333a8e3f802f9074895e5d548ababbc2008ca3f9e27,no_edit_found,
MB-ae1b609bd84f,sha256:ae1b609bd84fbab087f7e2e7096760a28879bde2e410758fe089528084e1aa43,no_edit_found,
MB-ae1c57144d16,sha256:ae1c57144d16a663b3010a542fd5f02d5bb3df5189698493c047113709895260,no_edit_found,
MB-ae1cd1f7fbb0,sha256:ae1cd1f7fbb0949164f43d381a1f35e5f92bc99348a08289e5f1ea3b56c71f7d,no_edit_found,
MB-ae20f185b56d,sha256:ae20f185b56d7b5bcd53c6bd88a4a091cc10a53aaa1ba9d1bafb55d9eba5707a,edited,invalid
MB-ae213d158f9b,sha256:ae213d158f9b93621c5888b1d9a520974b5c00b479e79ea0089491bc12ea3588,no_edit_found,
MB-ae24f77e0527,sha256:ae24f77e05274b34122810b7e8abd11c580a552978e1beb0dc944ccd69062d03,no_edit_found,
MB-ae34ab13b054,sha256:ae34ab13b054b94c54c73271b0822784fc0fcf3ff42a2a69a438e07a23c6dbb8,no_edit_found,
MB-ae34acaaffd4,sha256:ae34acaaffd458b5579a69ec338d917cfba5bebc096bbf196b96939797ef46ff,no_edit_found,
MB-ae4a42e1da27,sha256:ae4a42e1da27fde47fbf68df9ee69c63ddd9ac67d1a184b5d28c101bc6add415,no_edit_found,
MB-ae5064add59b,sha256:ae5064add59bc3db8f8f170591806811652ed128c90a646e38ca9855b8e5d6ce,no_edit_found,
MB-ae5371124f10,sha256:ae5371124f108627940df96d334835896c831ed1c1c32c85e6e07cd427d172e3,no_edit_found,
MB-ae594700f893,sha256:ae594700f893d43e6f1ef3bf38afbed20cdfa6fdd26eed3186a16fe54458da13,no_edit_found,
MB-ae5ea06d2534,sha256:ae5ea06d25349fec9fc7dfcb3a1b57575c908a3a7039f8658d1e9316a36c3bc5,edited,invalid
MB-ae64fa805d75,sha256:ae64fa805d75e97a8284f887be28bab1368b73ca7bf24ad7eea1b81088d5af72,no_edit_found,
MB-ae798a780d49,sha256:ae798a780d4916ba79e55350bfebad9a114b0a03489908d083a3c19f15cfa059,no_edit_found,
MB-ae7e04c4559d,sha256:ae7e04c4559de0a4d014845a35e06fe3bd8f751704d7a97ea5e7da549514dadf,no_edit_found,
MB-ae7e3640afcc,sha256:ae7e3640afcca563fe4b835987706726a2d0ee5101e7cf8d66502e7eaa599fef,no_edit_found,
MB-ae852f077bb8,sha256:ae852f077bb8d293de08b287b06fa086eaf9ebe98b4afbdf74fd84111f45e8b3,no_edit_found,
MB-ae8f05983430,sha256:ae8f059834304f16f59733a720669d8cb036b5da50ab6fd746965ba8185c3523,no_edit_found,
MB-aea358cfbaf1,sha256:aea358cfbaf1a4987940bc5fa89e68f596f243bf6b0acad0acceacad313486e6,no_edit_found,
MB-aeb0c82b0251,sha256:aeb0c82b0251ac7f2a50dbef41abe7b60211b8b64c9b2ea5d8713eb0fb94219a,no_edit_found,
MB-aebd242c868a,sha256:aebd242c868af15874c42f0c5369870d7e3c7c96150089ed5d0a6fdfb6a89233,no_edit_found,
MB-aec90c9e6681,sha256:aec90c9e66819a3f0ee29ff22caa930a83b9ca0cf994d5a4b23eaabb1b67dfe1,no_edit_found,
MB-aec925cc3eca,sha256:aec925cc3ecaeb1ea311a94931b677662004e5390c1acd3e97730e52c1cdf4f8,no_edit_found,
MB-aecbc3b91653,sha256:aecbc3b91653baa6bf9b141a928a2f73ab96a78a73a13b317071af21efa7c1a8,no_edit_found,
MB-aecf46ed426c,sha256:aecf46ed426cf8b3c38d976554cb86642f1a1e751db5495069259ea35e9808f2,edited,invalid
MB-aee40e1d8db2,sha256:aee40e1d8db241b78f8ae2dfab4673b107ca75feab8d879aaae7d38374a67364,no_edit_found,
MB-aee5a3430f64,sha256:aee5a3430f64cf21e6fd5fe4eafc445aff41122a5293df89989cf952ccca3ce4,no_edit_found,
MB-aee7f347fddb,sha256:aee7f347fddb10257d53a7ce6e0cc14f42b74ac28175adc714501ed27234a859,no_edit_found,
MB-aee85102591a,sha256:aee85102591a2b6e9c05ea34882eea34633af0c448e0dba631e6526534f1fdbd,no_edit_found,
MB-aef7b779d2f0,sha256:aef7b779d2f0b4653a2469d27b8c30364799bd84c21da4300510a8a24971436d,edited,unchanged
MB-af213cf37641,sha256:af213cf3764164200d0cb012fcb6e6d3aabf16e627235537f4d1722be2caf40b,no_edit_found,
MB-af28dd48652e,sha256:af28dd48652e4b03b686be7c1cf2238269e3f5370730a79d7db5fdca2591b8ab,no_edit_found,
MB-af29f89fe0d1,sha256:af29f89fe0d1a01aa17b3b66d8990d6370e6bf1c8c1ff0ba6b85a29af840cf9a,no_edit_found,
MB-af2c9b8d9736,sha256:af2c9b8d9736e3c9c54536ad7b1d48f797dc432390e0c0ffb3bc11a92b8966b5,no_edit_found,
MB-af3940189d4f,sha256:af3940189d4f006005b36c02406b11b314ba966ffd05d6d2393194389b61f02e,no_edit_found,
MB-af3f0198757c,sha256:af3f0198757cace280e0ce19dcdd5bd6bde1cf540a4a2b1ef9db2cac0417c2a7,no_edit_found,
MB-af3f5e9ad935,sha256:af3f5e9ad9355f3484e9ba92aa46c6caef7465696e1d3f116ad7031576801aab,no_edit_found,
MB-af4c03258fc2,sha256:af4c03258fc25b5955787d8557657e92ee762c111310d3f190a825b7fa4b7456,edited,unchanged
MB-af4dc856effa,sha256:af4dc856effa791699dd7d99847ccc77f7d9664fdf30ba3713d9998953a3ac81,no_edit_found,
MB-af5a4b80a539,sha256:af5a4b80a5390c1c5d69f68a02e8a91109e8b12a3a6e0a6547b1d4801281e5a9,no_edit_found,
MB-af6260bb5780,sha256:af6260bb57805c865e6ac5753252b9b01d4bdebe5fd1c1cf695ae7029b3e288f,no_edit_found,
MB-af6506abb091,sha256:af6506abb091419bd1e34dd5ae64858eb45a542668d9e310f14af41b90021be9,no_edit_found,
MB-af729598dfe0,sha256:af729598dfe03c183a6632de68fe015bfb9b37e37e467c9a8ac74c2dcea26345,no_edit_found,
MB-af73cb5307db,sha256:af73cb5307db736b8572f3dbb10baa93de71cb758e202315852f8bf69fa8f5c5,no_edit_found,
MB-af8cb0c5de80,sha256:af8cb0c5de80dff4d2240071c5eb27b031b5ee57e66bde6d4a1f93c3ae862348,no_edit_found,
MB-af8e4be325fe,sha256:af8e4be325fef87413e5159a0c1c7f357db34726c8e16c50c150f9c7db752563,no_edit_found,
MB-af968850a773,sha256:af968850a773c8b50163a0be8ef935d22ea4779cef7cd29112b193b290c5216a,no_edit_found,
MB-afa8f6d1ca3c,sha256:afa8f6d1ca3cddba539d51d5dd91f2f9831eb8730a04193fc3714bebfdb96f64,no_edit_found,
MB-afaa43440afb,sha256:afaa43440afb81228ca0a2d1ad1cc990f60e3420bcfb5e392eb317819f5d6d7c,no_edit_found,
MB-afadb9cd23b4,sha256:afadb9cd23b401a162e09d37d3f961b2bc007f758cd5cc3eb5bfcc5306ab23cb,no_edit_found,
MB-afb09b5649bc,sha256:afb09b5649bc8a6284c678181a74949bdb08a168dca7b6d482ff368f71c627d4,no_edit_found,
MB-afc4d23c7d8a,sha256:afc4d23c7d8a4a3805cc46ec6c79f7d563cb914bccf744d3df8945924f26ac65,edited,unchanged
MB-afd8ac29a995,sha256:afd8ac29a9952a4a4a5ef8532cd8a5a3570b11427c8d721681487d82c66c7919,no_edit_found,
MB-afe869ab8b09,sha256:afe869ab8b09f45bcba9b91023ede007754411f4c9ba6479f40a0e9d99362a81,no_edit_found,
MB-afec8a57fbd7,sha256:afec8a57fbd78214ad2a4159fa3969870efb8ad2759f50284d21b63c634a63d2,no_edit_found,
MB-affce1f1554e,sha256:affce1f1554e77e3ffeb647277d8c561f9b7f8639b8241de15ab768ef6bda131,no_edit_found,
MB-b00089a9b718,sha256:b00089a9b718656138aa136e83d201fe7d6234f6ba5ea5b5989bfe34fa41d336,no_edit_found,
MB-b0129b211449,sha256:b0129b211449e8e8a11cf6adb6883ee37e6ac10860f183bc8e8bb392752872a3,edited,unchanged
MB-b019c9ca5330,sha256:b019c9ca5330cbad3e87e22ca81e1f61c0620b8ecf0e179193433eede927b1cc,edited,invalid
MB-b01b6bd1e644,sha256:b01b6bd1e644d4e2edf2d8c04cfd6f407bcedca4b8941b6e34dd16abffd69e99,no_edit_found,
MB-b01d550fae35,sha256:b01d550fae35dce81792edd90c928c2549b63ec959f47876927e4583f27a7ce8,no_edit_found,
MB-b01fbb973f13,sha256:b01fbb973f136ee14760fcdad27d25c6fe16652262d4df02ce39bad5a3436319,no_edit_found,
MB-b02cff710ee0,sha256:b02cff710ee090cfdf37d7cfeaa39cdbf171df80d590cfc9d6c466d25ba62858,no_edit_found,
MB-b0560aea5546,sha256:b0560aea5546f1639431728bc155d2f0799876c47d14e68d852c9968dfc30928,no_edit_found,
MB-b05c4d60cf38,sha256:b05c4d60cf38356170c900bf9f1b97241a81e1c53699f73e31857b67eeff4518,no_edit_found,
MB-b06bb4ba1e00,sha256:b06bb4ba1e004daab42d7e187fb284c9ec1dfd912d313cdc059df694ce67207b,no_edit_found,
MB-b074529ba656,sha256:b074529ba656f6b34340c353acf499c406f42076ef6293bbefc393561a8f9ed8,no_edit_found,
MB-b07e85950455,sha256:b07e859504556ab87f8dfc85249c9961760fe5e8805fe7704b180c9518c75f0d,no_edit_found,
MB-b07ef26e2233,sha256:b07ef26e2233f6c779481e9d2668eaa2eb2928bd3e2d021fe3bafe53464438b3,edited,invalid
MB-b081e1cb5773,sha256:b081e1cb57730960dd7f6a530aebc1f4e409df017a87d8e5384eaa0cd479010e,no_edit_found,
MB-b08a34890623,sha256:b08a34890623116ed1437e800415bd69de570ab7bdbe2ab8a68db664a352e2a8,no_edit_found,
MB-b08e1ea52087,sha256:b08e1ea520871265b2ff824285dc1ab1784233079302c2937949bb699ec8d2be,no_edit_found,
MB-b097412426b8,sha256:b097412426b86724534d8807f2e1d333b38da8ca3819d80b8d385bcac3a2a615,no_edit_found,
MB-b09f46f1000f,sha256:b09f46f1000ff7d3c7470aa628d84853ca4bbccd4e596d5840751517e3744626,no_edit_found,
MB-b0a177bc7eb8,sha256:b0a177bc7eb834ccbe3ccb72f385fe15421a4873daf470fe02731674b03a2f10,no_edit_found,
MB-b0a31b7e4ca3,sha256:b0a31b7e4ca3a13880da5c8b841fc530ab81c2cd718ea6905214be384aa59fa9,no_edit_found,
MB-b0a431ac836c,sha256:b0a431ac836c23a3b2785a84a556475b7a3bd4246b7c6d8e2cf25beae15d53d7,no_edit_found,
MB-b0bcfa3b0b79,sha256:b0bcfa3b0b79920c22e66e517131a3489de255883620b11a5a35418b90f31325,no_edit_found,
MB-b0bf5b4baba5,sha256:b0bf5b4baba548995a36a00d7bd6e406bb000331ba5716deee442adaddaccacc,no_edit_found,
MB-b0cab0332982,sha256:b0cab03329827029306cae21cbedcdb0fb11518bd7e92c4d7ecc898242d47913,no_edit_found,
MB-b0ccfa61f8d9,sha256:b0ccfa61f8d91f6b30663426930d8a604b49cc9c9e32f42e97c0ff4e0e274009,no_edit_found,
MB-b0dc47227244,sha256:b0dc4722724497b43327b3e0a2a44c1b7daf5a929b704a7b1e316f503537eb71,edited,invalid
MB-b0dcf2f22d16,sha256:b0dcf2f22d165068e14adc35a021062d0161b96b8df87aac75911aacf9deaa57,no_edit_found,
MB-b0eb94e486f6,sha256:b0eb94e486f6e172c01cc2b28d137615101ef04c6922038e960b3283adc2898d,no_edit_found,
MB-b0ecf61feb96,sha256:b0ecf61feb962b9d6e9ae0809539d0a77b0ecd4adfd388dd731cb7c4ea89cbfa,no_edit_found,
MB-b0fae56cfa41,sha256:b0fae56cfa41b6e9e6809bbda91a8a2329d74b56006f756114a0b6c13d4bd619,no_edit_found,
MB-b0ff7e1caff3,sha256:b0ff7e1caff3bc171e451d6149962a8e184439e20f738d2e642d5800eddbd3a7,no_edit_found,
MB-b105ad46bee2,sha256:b105ad46bee2a5e35b13a3f04a85a70e6c97e6e406cff2063bab02ae95511587,no_edit_found,
MB-b10c711887a7,sha256:b10c711887a7be8a4310291ff7910ed085ada3ee3cee3add3b61fe34131098fa,no_edit_found,
MB-b110146fa65a,sha256:b110146fa65a2d2fd88fe42137172737b1b84dd93fb0248f3e644f5a90431d22,no_edit_found,
MB-b115d61330ad,sha256:b115d61330ad26658522f7cfb4a5f14347968b008ede7aed40962e5c6bcf66fc,no_edit_found,
MB-b11c162cbc42,sha256:b11c162cbc42ddf547f9258d686461b7d2cf373982cf8d36692d5b54ce0854f4,no_edit_found,
MB-b124f7b86d2a,sha256:b124f7b86d2a2adf8e5f91329c9d60242622aed4f0faae9977faab7dfacbb42c,no_edit_found,
MB-b12eb619d407,sha256:b12eb619d4076e52a4ef3beaabe238d04d83dfa8f93ba4e5c20bd0f9d27013d1,no_edit_found,
MB-b130aec3d932,sha256:b130aec3d93201ba0ccf5b19df8eb77dfcbc9659f273549b43dbb7b5428de874,no_edit_found,
MB-b138d7df7e8b,sha256:b138d7df7e8b6901e8b5d37831471c048a13cc970e165c13516e6807569a8b58,edited,invalid
MB-b1402d6ed17c,sha256:b1402d6ed17c43cbc591ff5537c4dd64e77e2b22492ca099a270dda651421163,edited,invalid
MB-b1470ef7e2ba,sha256:b1470ef7e2ba167c1508807ed81892da39939a6327f1fb649e1b17df1297503e,no_edit_found,
MB-b14d65004b32,sha256:b14d65004b32f3dbceb65d31a36b9a0cb243ad0688f11dbf88b15ebc04a92b23,edited,invalid
MB-b157477b830d,sha256:b157477b830d71d4e2ebbfb93ba3eea2ab41f90a3f4967f3ead83d22abd0137a,no_edit_found,
MB-b1633bebceae,sha256:b1633bebceae3fd6332bc42396ea42ba33f7c8ca9f331ed72d0836b6719d48e7,no_edit_found,
MB-b165a2c036a1,sha256:b165a2c036a1910ce04c750546314a71c6d1faa474cb7ae9dcdd4f95482e30e3,no_edit_found,
MB-b16785e97d11,sha256:b16785e97d11327fa42421535a3a940b416ffa927141311ef0af546ff87a8e3f,no_edit_found,
MB-b16b77330762,sha256:b16b773307628b5a3802aa3766a7d23ead1d5effb7b8c1fc30aefc033671b85b,no_edit_found,
MB-b172cbf17b89,sha256:b172cbf17b89ddee3e79cd6c3d2156840860d2b1fda4a9bc09580e6bd9d4be64,no_edit_found,
MB-b1741a68c780,sha256:b1741a68c78094817372c8a400d3e4496be9c72a4ca647357216250fb32bffba,no_edit_found,
MB-b17ae86406cb,sha256:b17ae86406cbb37c382889a8ba31419e64906039e9e0bb5b799164174721269a,no_edit_found,
MB-b18091138229,sha256:b18091138229bc037cf4fb8f324f91974346cd1f299fe981f0fab4e1e3139dec,no_edit_found,
MB-b1873cedf013,sha256:b1873cedf0135c441b2c174acf36ac3480dbf83f109321017fbe85d37abc1637,no_edit_found,
MB-b18a7586ee15,sha256:b18a7586ee15820d96fa79033a3dc26991320ae0da90d3b526f6708e268b0e0d,no_edit_found,
MB-b198b1929b2d,sha256:b198b1929b2d6c837920e861e3206c1263b1b48f0e78078a2ab2ce27051c5dc5,no_edit_found,
MB-b199b36ae647,sha256:b199b36ae647a643041f3b8dfba9e3cdf4cfa11792ce11ca2b91a0643a44883f,no_edit_found,
MB-b19bbcd9d141,sha256:b19bbcd9d1410087a063b03a9dbf3a93399e33a94902ebea78dfb968cf16ff26,no_edit_found,
MB-b1a135c4af8e,sha256:b1a135c4af8e6b46bb11602a092ef58134bb90b097029affed55351901448c6a,no_edit_found,
MB-b1a71a36dc46,sha256:b1a71a36dc460fa8266ace92f138bdbbb13261a80e3fa9dcaa72ab2ebefa5797,no_edit_found,
MB-b1aa2404bac7,sha256:b1aa2404bac7d7705f28b5e413540293080b16a14405bb9b8a36323c4a1c3fb3,no_edit_found,
MB-b1bacd2285c5,sha256:b1bacd2285c55a5ece909ce50ee15423795ec00b7e2aa65781c42732b54d762f,no_edit_found,
MB-b1bb735ffb9d,sha256:b1bb735ffb9d62fa9a9eee37ee6c746fb558800142b44f860759c0c67d5b7cb7,no_edit_found,
MB-b1cb34acc94c,sha256:b1cb34acc94cc651f126ab800ebb856785c341b60ef600d2c2e6f60030ece2f8,no_edit_found,
MB-b1db1d761bd0,sha256:b1db1d761bd07425eb13e68655e2ac6e6592e976aa17d4b670a6494e0cccf0b4,no_edit_found,
MB-b1dba41af7c2,sha256:b1dba41af7c240ff031aed31f3a98e79bc331ba30d80175d6da929aa5fa0464a,no_edit_found,
MB-b1df16d4ed67,sha256:b1df16d4ed67777125df80d1a081243711f31b579dc22f0a8a4e1ff261f5b207,no_edit_found,
MB-b1e47807a3aa,sha256:b1e47807a3aa663feb5cf3b8ade091e597f50c204587d209ad286f8ee5945c81,no_edit_found,
MB-b1fbc15e6e4d,sha256:b1fbc15e6e4dda792301aba2115b3b37fe4de497e8fc9199fa1bf89c7febaa89,no_edit_found,
MB-b1ffffedb482,sha256:b1ffffedb48232a21fc777cb4e9c1a64c8b60dc7eb793183b817aef2cf2eac5e,no_edit_found,
MB-b2001abda105,sha256:b2001abda10532e513efbb845b90ce8f0876724f2dbff588b845a40a910850fb,no_edit_found,
MB-b20d251f9c9a,sha256:b20d251f9c9ad275e3a45f933b21dbbdc0ca2739d400df481598c318eb5e7df3,no_edit_found,
MB-b21ed657305c,sha256:b21ed657305c4f540be29352827f479fb79353eedb245f8e4665d176a540a534,no_edit_found,
MB-b225dc9397ee,sha256:b225dc9397eec3e89bc7d3ad6828cdcdf2d60696b44142a2a6e06ebdfd28fb4c,no_edit_found,
MB-b227fe24a6b8,sha256:b227fe24a6b8175befd884fd6761a0b43a9c8f5898dd2d2d708d6a36179c00aa,no_edit_found,
MB-b22ca021c8ba,sha256:b22ca021c8baf9856b5f858d712e53786209b229d0418c46330cb2ceb85a64f3,no_edit_found,
MB-b23b231b16db,sha256:b23b231b16dba608dd415d93ae1fcd9b25456a03e266cea0d85df38c8ef5514a,no_edit_found,
MB-b248f47c2553,sha256:b248f47c255384d0735cca20619b09bd65839ecec5a0b66643344bbe8c1c5d7b,no_edit_found,
MB-b249feec3ef2,sha256:b249feec3ef2329dbabe2acff66842fb614b0ec2ee04b7eeca7a0734f3be4c9b,no_edit_found,
MB-b24b493fe7c9,sha256:b24b493fe7c9f2814ead3e61791ec9c65853a500a7c5cf977f49bab3d7dadf9f,no_edit_found,
MB-b2553073320f,sha256:b2553073320f434b885523a0a1d6b89f9de4160f316522a0534653eead5f9466,edited,change
MB-b259db1a39d2,sha256:b259db1a39d22efafab4b7d4d39105bc1a39663dc2b7acf2ef3f293ebb4a3a12,no_edit_found,
MB-b272c885c37a,sha256:b272c885c37a084712b908a6c10f5f3378ee7bfaf7f3131c8fc797850bd0f267,no_edit_found,
MB-b27eec23c534,sha256:b27eec23c5345dd6dafd2943da224bb8577ccdea0eecefdd3fbc7979bae1b701,no_edit_found,
MB-b284089b239d,sha256:b284089b239d27e98d1247734d4bde2863720513dfd3e02ca1deb069508dc6ca,no_edit_found,
MB-b284ddf2f652,sha256:b284ddf2f65299315c61d8a2975960bc52b786816e200afb0c5ebc02ade21cba,no_edit_found,
MB-b28a874d271e,sha256:b28a874d271e995a46269e5b96f7e2002cf96c86b254f10d89cb2d7470b99934,no_edit_found,
MB-b2949572ea0a,sha256:b2949572ea0aa6c76f20bb866f20270ded9915df459b8048e03ad224fd185458,no_edit_found,
MB-b29b9c9c273c,sha256:b29b9c9c273cc7b7b4e59a3f0db17a190a7fcd8511e2abf111fda716f735b209,no_edit_found,
MB-b2a7ee1513f1,sha256:b2a7ee1513f186233b703c1884a6786e4f9437543b77ad009e575683754a4c93,no_edit_found,
MB-b2bdadbd589c,sha256:b2bdadbd589c6ed89bf01ef817f679d955bd0d86e1249b5ee67bc938574f42ef,no_edit_found,
MB-b2c5d7cb1481,sha256:b2c5d7cb148188b8bf2dbecd6c93ad2110c7812fb3d8b5711ea25bf48450039e,no_edit_found,
MB-b2d47813ecdc,sha256:b2d47813ecdc172033015c844dea269aa77bd5f671ad4baa522d79f78b39cb6f,no_edit_found,
MB-b2d97981ce22,sha256:b2d97981ce2221d91c92ea411bbb6c8035f7561f8291bc9f5501261924c0c775,no_edit_found,
MB-b2f3b492662f,sha256:b2f3b492662fd1f6520af48d1f356d86cb53e8fa5b00c833dae8289816265b9e,edited,change
MB-b2f7f147a42c,sha256:b2f7f147a42c9389f941adac8c464f2e18e316e2fb90b3d1670b28a672e45f7d,no_edit_found,
MB-b2f8d2e42995,sha256:b2f8d2e4299578a6806af343799095fe921ee0e9ca5b3f6224b5c777cc6efa58,no_edit_found,
MB-b300e905b900,sha256:b300e905b9009f3299211ae8384cdd2fee08e4bbd6a6060da12d0001acabb62c,no_edit_found,
MB-b301b76395a3,sha256:b301b76395a31fc954dab62e9176eb0f3b6dc049e78d36f7e64146c2d6642a46,no_edit_found,
MB-b30edc66c6b9,sha256:b30edc66c6b963a9df7b05a469e152c81fb5f9b4d763e78db524139ce59a13b5,no_edit_found,
MB-b322fb7e20fc,sha256:b322fb7e20fc06021bd6b8e084d26159686ba492e04f5cbf50dc6c552a43b4be,no_edit_found,
MB-b3244c11819f,sha256:b3244c11819f1ca49fbd0761c432f608f9b9b5f9bf498fc6ebd1bf93d554f5a4,no_edit_found,
MB-b3396c970689,sha256:b3396c970689c0ddf2a6b2366bc299010a465177a801be468a484174cddfbae3,no_edit_found,
MB-b3469e968b20,sha256:b3469e968b20faaa9e8b1e7f5087710753234f131eb72949607ec1e55c4a59de,no_edit_found,
MB-b348b1d72ce6,sha256:b348b1d72ce604cdb46c18f5f2cab7ea01d8fdc67135a0f661593d4b6e4326fe,no_edit_found,
MB-b35430269417,sha256:b3543026941779be7771e3a0e80e7b5977116d3b454adb3952788063eaa10127,no_edit_found,
MB-b356c1cfabd9,sha256:b356c1cfabd904ca4fea183baa948ae326d193c602eea43893638a2b7c730df9,edited,invalid
MB-b357c5623d4e,sha256:b357c5623d4e8809ef8c4894d17adb3e313c290b2936ccc53495f2e49f94795d,no_edit_found,
MB-b35b5cf745f4,sha256:b35b5cf745f4a8cd4dca4d9c431a836b7c4535748ab8bad26cdca837208cd509,no_edit_found,
MB-b360d31970a0,sha256:b360d31970a06cb4d7412735e48c6b2227cc0d9d2ec5c396c812f6e1150c80f7,no_edit_found,
MB-b36b84f84790,sha256:b36b84f8479087d92b0898451728189dec42ce5696e096756d296a6d32b50c23,no_edit_found,
MB-b36ca65c86d5,sha256:b36ca65c86d52ea560a50bc995be3fec6d1ede3ee976c9f1ebe8501c357f2a5e,no_edit_found,
MB-b372d8ffe2fa,sha256:b372d8ffe2fa69a7d90345b4099050274f33cd30fab2323e98c44b9ece16662c,no_edit_found,
MB-b376b753f2fc,sha256:b376b753f2fcb7a89635ce015dbf8f784b9cc449c5d62fb6b54db6251c7991ef,no_edit_found,
MB-b3798c7dc81a,sha256:b3798c7dc81ae5e67d1015acc5c28a8587b03faa0941d7bd161ba61329b1a486,no_edit_found,
MB-b37ba44e8ee7,sha256:b37ba44e8ee7bbd78472282897f4721db26b6366dd8bdc613e7b0d85845f8974,no_edit_found,
MB-b37daffbca50,sha256:b37daffbca5043d1930b2b6ca7e98b412ab175ec9bc4e6a6e54f95751b000a61,no_edit_found,
MB-b38c06b59b34,sha256:b38c06b59b34a3d2831f0f6c5a709cd6d9ac24ee26ae9e247e8af350565cac18,no_edit_found,
MB-b3958bf20088,sha256:b3958bf20088620be5cc744ff6e489f9b45df5417298ea2728389c86c32d7ea9,no_edit_found,
MB-b3972697108a,sha256:b3972697108af1dacdfb87f6f5dd2155424aff51839dd4ce642cc6760860a486,no_edit_found,
MB-b39c7546c1e5,sha256:b39c7546c1e5e6d1ad7912e346d443c8bb1d7c2133f7a38e000adbc81f429fdd,no_edit_found,
MB-b39e3b508ee9,sha256:b39e3b508ee93485c7250e1f523ae1427cf89e2e891b165f84301e78db7bc365,no_edit_found,
MB-b3a207f3c551,sha256:b3a207f3c5511fabc7163aa12ef06b2af05467f0761e580513f434750de12e64,no_edit_found,
MB-b3a6bd921b89,sha256:b3a6bd921b89f70e066ec87939d0f1d9701e6659aa970cf8693a9286d9a2039e,no_edit_found,
MB-b3b385bdf121,sha256:b3b385bdf12130c55878fb1887547f7e698af005b617912bdaabc5245c0a8fc9,no_edit_found,
MB-b3b45c4614e2,sha256:b3b45c4614e2fa94943573a46943a8ab9e70315f1c2c1a45aba5958bd4e432c3,no_edit_found,
MB-b3c900bc1083,sha256:b3c900bc1083b9e6fd97409bbad377fc687b93736b75c3a5157e203634d91ba0,no_edit_found,
MB-b3d104e90e49,sha256:b3d104e90e49d102a0e66ce1d93c540c398c6514a11de9ec856f9bcaaf6c667e,no_edit_found,
MB-b3d110311574,sha256:b3d11031157420e62921fb9de5e246cd366f3a3d464da05016a980b75a6f62bd,no_edit_found,
MB-b3d28bb2fd52,sha256:b3d28bb2fd528e09a230848e45b2d4e0d7ac334f726d3b788bb4756a91fa7d43,no_edit_found,
MB-b3dd172c3816,sha256:b3dd172c3816faecdbd0af392e1ef2f0055ff119cbfb402664dbb8ce78a96431,no_edit_found,
MB-b3ede7934c6f,sha256:b3ede7934c6fcbe283888a9faf53064b825d4154fbc146a345cb3c8fe948e6e6,no_edit_found,
MB-b3ef4a1b2228,sha256:b3ef4a1b22286b45dfdacaa903f99e60804fa874724215848508ebafbade97e7,no_edit_found,
MB-b3fad9a2b690,sha256:b3fad9a2b690fcf686915d8ee6310885460cb735bd0ff19be070cf2086687233,no_edit_found,
MB-b40b88ea14af,sha256:b40b88ea14af71cf8506dc757046adee93750394b33c7ea0cc57f104d263d08f,no_edit_found,
MB-b40e14650752,sha256:b40e14650752503ededc5ff042576c554daa9a14296da24efb5664cb5774fa13,no_edit_found,
MB-b41cd6596323,sha256:b41cd6596323f27312152e57ffd911451d6c433ecfd8080650bc1313f9fce288,no_edit_found,
MB-b421f42baa1d,sha256:b421f42baa1d1068b4cf8c103e0152d5c4a9a622aeb6304775b56b389ef95008,no_edit_found,
MB-b4283d38f57c,sha256:b4283d38f57c134f488518b451fa3a4e40b9b8889ce08fb23d1f7c7a3cd5774b,no_edit_found,
MB-b42f97e23bac,sha256:b42f97e23bac6a27d33941a69f009494145f25a29271c4ab956eff5ff2be4bad,no_edit_found,
MB-b43d139abc88,sha256:b43d139abc883980a5f14f69a306412ac1c5e9c9b1654625d352f340a0dd2c9c,edited,unchanged
MB-b4401b380964,sha256:b4401b38096431d4920a5c3a875fd865c5a858818396c9e1d643b8d73f47ff64,no_edit_found,
MB-b441dfed53d0,sha256:b441dfed53d0b553d6866be6f1ed41647c3e46f42f225e100babce0e9cdcde44,edited,invalid
MB-b44671b4fb61,sha256:b44671b4fb616162234449c9a247715ac3fbc88bef5e44227259d0fdd2d00f88,no_edit_found,
MB-b44a11194766,sha256:b44a11194766333a9c5c1f18e3817adaa7add4797850d78e321147dd4032407e,edited,invalid
MB-b44da2947216,sha256:b44da2947216905b35ece1e99896bbe3f8dc4ad50ca61f7005ae4a28579909e7,no_edit_found,
MB-b4503d84472f,sha256:b4503d84472f545625a3c28afff390a1b31f2ed051558ba4deab07cf0ba86be7,no_edit_found,
MB-b45970fe9f06,sha256:b45970fe9f060999b25f1b361c3000d87fe9ba89366dfe1b5a965a19ccab3a4a,no_edit_found,
MB-b46000f36781,sha256:b46000f367814134f56cec5cec6ab4ef75c92ad2e4eea42bcb5d762762d8b338,no_edit_found,
MB-b46409d77892,sha256:b46409d77892a9f57501c333a7e28da589e9741aa456fec046b6e860341c5a4e,no_edit_found,
MB-b48e784929cb,sha256:b48e784929cb3b633551c4441b7b40daa11ef296a8c0c59381ce0afea375d9a9,no_edit_found,
MB-b48f62127545,sha256:b48f62127545030f549d70a4f42c4612c98452f40655b213c542cefe779bb3ea,no_edit_found,
MB-b494d5e055b9,sha256:b494d5e055b9d9ed8fe6b9bd831d720cfc517dd7f3b3cc7eac6d6a3b0e9cd9c9,edited,unchanged
MB-b4975b834d70,sha256:b4975b834d70840ee874fc5659e4a1a1c33410bb8e762a8b8b4438fe24ecaa2b,no_edit_found,
MB-b49778f4b99a,sha256:b49778f4b99aa801ee490a41459f0a92fdbc9746a85e4093b66748b87d7b5abe,no_edit_found,
MB-b4a3e221339f,sha256:b4a3e221339f3d949ad98d58f22bc52417665e7306040adfb343f20db6f5ee05,no_edit_found,
MB-b4a977ab5450,sha256:b4a977ab54506b0e28bee6516d7737618407056cc0869bcefb4d142f62c6243c,no_edit_found,
MB-b4af212d92f8,sha256:b4af212d92f8121e1c49be40aa9539f4101e7bb46af005a4d222ae13c4451f16,no_edit_found,
MB-b4b0635bc51e,sha256:b4b0635bc51eb01b01cb1ad9bb4c066f85f513f618da18ace03f96b9137e4000,no_edit_found,
MB-b4bc37e2447f,sha256:b4bc37e2447f5d8123d8d95b649cd97d7154532e46f82d451a2c6e3c7e277ea6,no_edit_found,
MB-b4c0e1cc100e,sha256:b4c0e1cc100e5e592a369ca93ea2e97aeacca4ae30c1e951c138add852ed14bf,no_edit_found,
MB-b4d0a7c90660,sha256:b4d0a7c90660db6ccd713a2d84012f3b7b93745dac7a68436a7d08d5572b86c7,edited,unchanged
MB-b4e1b8c03b11,sha256:b4e1b8c03b113445fee9f0c1e86ca0660b933afbd0b0c9bd7326fe3c989005e4,no_edit_found,
MB-b4e328976d67,sha256:b4e328976d67cb4065080aeac5de83d9ae503a2a771c9bf60f3b5a419ca75379,no_edit_found,
MB-b4e89942aadb,sha256:b4e89942aadbd2ae280291336dd83fcbe2d7c0852c154e8b65c6072ba0b3f3b6,edited,change
MB-b4f1313b28cf,sha256:b4f1313b28cf4243a1dc67000f520b2ad5164f38db1ff5d655ee6d437326a53b,no_edit_found,
MB-b4f5fdc52e77,sha256:b4f5fdc52e777191c3e6cc27590afbaf01fe2c72b17d6904ef9a17ec4279db77,no_edit_found,
MB-b4fd4ccaa71a,sha256:b4fd4ccaa71afd24f53f87854d6a1e74c591fccf739fdb005124ecff8a7e690e,edited,unchanged
MB-b501a4af81c4,sha256:b501a4af81c4bced49d11f6222f6e1c55a4d1a793c91e898cdc2188a7805bede,no_edit_found,
MB-b5071727266a,sha256:b5071727266a9b2cc50bea7163b6be05a9d6c760da43232166599e8de6cf0c00,no_edit_found,
MB-b51945842ffc,sha256:b51945842ffc88cb89c10e110ec03be7710ca241821c28ce89382c03490f22d1,no_edit_found,
MB-b527f51eddcf,sha256:b527f51eddcf41d8e8a5d0fb8dd21bfd481fff3cc780eaae7235d43271e4e01e,no_edit_found,
MB-b52f72343a84,sha256:b52f72343a84f517612650cf09aba34b45e6ca69e7dab87c5b6edd2805a10f1d,no_edit_found,
MB-b53c8706f2f2,sha256:b53c8706f2f20b79eb8d0fb9ef0d08524c9003bd61f955b5afc78359c0c75c6a,no_edit_found,
MB-b53e95d9bd82,sha256:b53e95d9bd820b03e5e51d9c77b368693f6a668136225afe458d1d817b89a8e0,no_edit_found,
MB-b544f94b2d6d,sha256:b544f94b2d6d9951b1bfc56ee849b36771d847d6c78080dc2dea432c7434798d,no_edit_found,
MB-b55d2c3ced9a,sha256:b55d2c3ced9a1d102f213d780cec693201526f3a8907fe6693397bd28fdf448a,no_edit_found,
MB-b55f09c7a349,sha256:b55f09c7a349569da829a380cb0ffe64f92ad15e2212b415ee3fed5da6751c62,no_edit_found,
MB-b5686aa4549d,sha256:b5686aa4549d5a3488338ebf84c91304ac5279069a4c78dd8203018333b676f3,no_edit_found,
MB-b57b94526229,sha256:b57b9452622957028d8fea068f5a676309b8783d98911563f1c3f7cde80eac53,no_edit_found,
MB-b581150f16cd,sha256:b581150f16cdaea0c76f443b8abb265da3684b93a642d817d0ca5f77f8b62543,no_edit_found,
MB-b58b36e15cc5,sha256:b58b36e15cc5df3029d16988f61391532a641be8d94c74da5dac09eb11cbf305,no_edit_found,
MB-b596f7f95134,sha256:b596f7f951349079e55573421fa65aba51779ce2926fe743e6083f7abb2c783b,no_edit_found,
MB-b59a512c2324,sha256:b59a512c2324297114e89e08e474d9c0438bcbf1494093b894ff3888954fe4c6,no_edit_found,
MB-b59a75d8594d,sha256:b59a75d8594dcdd88af67bb57f2178fe38ec12c04e893e18960da4a1717b507e,no_edit_found,
MB-b59d7ee6068c,sha256:b59d7ee6068c685cf290cd0a354cfe7b8c1a267076fc3ce01c47c192deb42b9b,no_edit_found,
MB-b5a0928b5b91,sha256:b5a0928b5b91361d5c7aca2fceb5d9fc6536826fb0a17b321288b5cd34f15a88,no_edit_found,
MB-b5a094cc0684,sha256:b5a094cc0684cade6b7858bb3836e500ba4eff7100b1449acf7cc7e020ebe9fe,edited,unchanged
MB-b5a22bb18e2c,sha256:b5a22bb18e2c5bafda1b3119b54129fc9ebe2b686fda92590d3bce80f0bf827c,edited,unchanged
MB-b5a3c25172e2,sha256:b5a3c25172e22f2c0caeddcc4e2a81616889d2e4d398fd38130565af0852431d,no_edit_found,
MB-b5a6dd9b5890,sha256:b5a6dd9b58900aca1d000d22d00c98226ad0e9546bf566b7493915622da0b0f6,no_edit_found,
MB-b5a70577722b,sha256:b5a70577722bc07e3ccca03eb58fd54b091a240d4838a54f9f0e12c04309f20a,no_edit_found,
MB-b5add814532d,sha256:b5add814532d13a39dd1dde45772e76fbdcb19852a65ae508ed40018e04ff66a,no_edit_found,
MB-b5b119d94ea0,sha256:b5b119d94ea06c7011f8b73ae22ff3ee378d9e68d3204f3a18ef20d18ad28dbc,no_edit_found,
MB-b5b6f3009d64,sha256:b5b6f3009d6443fdc97d79765ee505f3959353d38fb7809239ff1c2ec11ef94e,no_edit_found,
MB-b5b8ac9978c9,sha256:b5b8ac9978c921952643b8358dae42243a8ffb0b8fa62d30ce46fc551be81a72,no_edit_found,
MB-b5c3bc0d9339,sha256:b5c3bc0d933911d18b629b0cab4322e9cf2a4a188d534e65cad080f060ca0ec4,no_edit_found,
MB-b5c61fbbcf8a,sha256:b5c61fbbcf8a329922fe05d545770d75f23ad6dc2200d38e571c722867718c7a,no_edit_found,
MB-b5c66f4a6543,sha256:b5c66f4a6543309cbbd0b95b1c7885a7be78423e57dc7a0c7d1dceaf0de419ed,no_edit_found,
MB-b5c9b74515b0,sha256:b5c9b74515b0f98274c80fdaff0feae1c2ec95d1b3aaed1a743222e7c519b748,no_edit_found,
MB-b5cb370112c3,sha256:b5cb370112c38a4d83f87e0d2a753a5ee967becd6682e9f44311c47724a53a43,no_edit_found,
MB-b5d31f2856f7,sha256:b5d31f2856f7fb73904132ef9e18a95447a0250d07bb3a02a0c8df462e77329b,no_edit_found,
MB-b5de15579f69,sha256:b5de15579f69a07f6f61906d7e70d0d8199f70f42ceac0cbce2bf528fdc27c83,no_edit_found,
MB-b5ee19839567,sha256:b5ee1983956734bf50f06c6eb2f3c6d24ba47e5c74cf37f52bdfeab32d294671,no_edit_found,
MB-b5f49ddf9dd8,sha256:b5f49ddf9dd847c55dd7e25dcdfda53b14d617d131fae97d7ff2a917c7f5c456,no_edit_found,
MB-b605c89ae177,sha256:b605c89ae177f2f19cba00aa42c44864c2564486f28d4a690b3140ae12514e3a,no_edit_found,
MB-b614276615c4,sha256:b614276615c4f0c72ae882f172ff310a1275f6447bb6bfc1c075ce607f4a0341,no_edit_found,
MB-b617d63e71c5,sha256:b617d63e71c52ec0dbb68e505f6c4452c2b77cf621f56b6e6a17205afdc6839c,no_edit_found,
MB-b619164dd1af,sha256:b619164dd1afea26f21932fef1d4c37411ccfa5bd5f79e6f942a4b7b848a1a63,no_edit_found,
MB-b61c054c677a,sha256:b61c054c677a80233c6e667c89f64e1ae73d5b7ad4684e8b5ba2310a994f5143,no_edit_found,
MB-b61c4d506b34,sha256:b61c4d506b34e1f0faf1cae45a4af7d1515dec92fdc24606cee716cb17f522d5,no_edit_found,
MB-b61c9b75e719,sha256:b61c9b75e719e3ace30e37de304b3af4e4e2d1fbd24e7c8bebb21e0c9f906219,no_edit_found,
MB-b624b7b0fe40,sha256:b624b7b0fe4020097ffa396dc797fb3af6429e7bad5c7d4e44bfed4b8b1836fe,no_edit_found,
MB-b62b9497dfb1,sha256:b62b9497dfb168bbab9430172023387164f10425ddb94ac591522bc51b8bd45b,no_edit_found,
MB-b631c811c94e,sha256:b631c811c94e971758a1b6b6c86b8cb076f544e1cc1ed49209e71bdb61ddaa23,no_edit_found,
MB-b63aa19b81a5,sha256:b63aa19b81a5f1a592be70ddba521949695a2082391e66d241a04d3af24bdb3c,no_edit_found,
MB-b63abb847c55,sha256:b63abb847c5517748f2aa66b62dd8c71b1e7e5be806cf9a91d35e6c518337207,no_edit_found,
MB-b63cfb92a60e,sha256:b63cfb92a60efacb70e46bf956cf322f2ffdb4f209d46753b7370ef93325d2ce,no_edit_found,
MB-b640ff0d1733,sha256:b640ff0d1733300754d41991e260d8045806321481b0b40a4fbac08a4a2f0a5d,no_edit_found,
MB-b6440821458b,sha256:b6440821458baa9feaf073821d9d6eddf4297f2112fa2223071a598b8b701465,no_edit_found,
MB-b64440e19817,sha256:b64440e19817ba168d68e9841371b7f36b945903d671702ac96ae117ca977a71,no_edit_found,
MB-b645370f5144,sha256:b645370f514419c12046ea3df5aacc2c2b2828647a7f6847c209604b2d7f9bc5,no_edit_found,
MB-b646beb3acb6,sha256:b646beb3acb6d8e81c32f35a011db886ba71af0ff0c5a55fe727b650e6d40398,no_edit_found,
MB-b64d76068316,sha256:b64d76068316c16af53292f8b988d8e74e2dee94eb72d628df67c6cc7283d4cb,no_edit_found,
MB-b6513f906425,sha256:b6513f906425e2881cee42e5c84c69330311aab17e8d6766561e57abd362f494,no_edit_found,
MB-b65506db7ed5,sha256:b65506db7ed5bd1eb87bea47983f27e4e8a1b2c75eac58d5cc25a3cb4b87c650,no_edit_found,
MB-b664a063da39,sha256:b664a063da39bc87fdd45f58c7f033f830ee5f606adc343b914e195071f65bc0,no_edit_found,
MB-b664abc5e304,sha256:b664abc5e3042637037369d3fcc5a7ec21a8b0c46862ec0102fc53578df9daac,no_edit_found,
MB-b66828f287b6,sha256:b66828f287b68ddb13185a5d7f8fc5441396c24cdc0ba3a72087bae796bbc5da,no_edit_found,
MB-b66859430793,sha256:b6685943079337dfb6c8c7436b37ada150dab11f8f05a6dabc9ad26d81c0ef06,no_edit_found,
MB-b672e27457b3,sha256:b672e27457b3978b8689363e0b70b89c89c11d2ff62d067153c0041bc554c9a2,no_edit_found,
MB-b685544ffd1e,sha256:b685544ffd1e6a6a3e6985220b00569f97a2ef16f98a01c58d578cb47757d0dd,no_edit_found,
MB-b68b44136668,sha256:b68b44136668b2d4d54ee0329da73b2603be2c22f75f0b12fba459ce306a5338,no_edit_found,
MB-b69b74907bd5,sha256:b69b74907bd569ef7c1061149792c08454bffb4e338dd5b7971c625309e1ba32,no_edit_found,
MB-b69d69167f34,sha256:b69d69167f345c284f67eb87edc2501884727707915a684a8a86a8c225184c0f,no_edit_found,
MB-b6a939a34593,sha256:b6a939a34593f65f8febee3938ca3b69ed9770b0bbf7fe43b417b42a7eb48f4c,no_edit_found,
MB-b6b8726feb0b,sha256:b6b8726feb0b9ddb2e02d4136ea9c5b2cf9742ebb0c961edb661619755496406,no_edit_found,
MB-b6bc13347367,sha256:b6bc13347367b559dc8851b8ce5a75eec21e1470652e6f794e47a6f64630da34,no_edit_found,
MB-b6be4fcef285,sha256:b6be4fcef285ed1e4b78ad261adda1167dfe40d601d75de7276a6747584c102e,no_edit_found,
MB-b6d7f801ba6e,sha256:b6d7f801ba6e3e1dcb06bc538876ddd121b66604c9fc7bbcbf6d453eb5249318,no_edit_found,
MB-b6e6750d4eca,sha256:b6e6750d4eca4a35b1a7bd07984561afceb3f7f07055c6144a24875b5f591b2c,no_edit_found,
MB-b6fa343b0eeb,sha256:b6fa343b0eebe5abfea909eebb8357eeeb06071bc1a12f25f697a62fbe2f5b07,no_edit_found,
MB-b6fc3525ce98,sha256:b6fc3525ce9895fd7a9bbe4e2110f413742fb33d58c2f2269b87436d83acdb9f,no_edit_found,
MB-b6fcbc470233,sha256:b6fcbc47023393c5d976ed52be33d936c0349d0171f5fc38c031ab16289df87e,no_edit_found,
MB-b705da9ece19,sha256:b705da9ece1921ee8a7aabb47f3f9467b23ff3e96c4d1a3a10b43d920fa85692,edited,unchanged
MB-b706f35ef9b0,sha256:b706f35ef9b0be26ecfbff8c4ca299ab01494ccdef8f8f20e9e957515f514720,no_edit_found,
MB-b707aee75371,sha256:b707aee75371fc8bc5486fcce34a2b0f940eb6d4415ec1d537589e1f92510d31,no_edit_found,
MB-b70bc3bfe299,sha256:b70bc3bfe299907f8db8f86a629f1e3417961fcf05511660d440cd1032f5855b,no_edit_found,
MB-b711a74f3fe9,sha256:b711a74f3fe9248c58544dabd143a518d38b783bd803cd0316f9ca9136095fb2,no_edit_found,
MB-b72d9aa40ef4,sha256:b72d9aa40ef4b79cf94d091d071dca2a956456a5b220146987be906ca7116a5e,no_edit_found,
MB-b74a7c0e7143,sha256:b74a7c0e7143f652209163259b14a4743d957e2f7651008bfab9da21c1b5e8ba,no_edit_found,
MB-b75140ca93a4,sha256:b75140ca93a4618fa72ed000289afe5821d71da763e3a3318788922c4574af2e,no_edit_found,
MB-b75a2def999d,sha256:b75a2def999dfd4d9289daaf02e8c0955f7408da477a8bece06e815ca53677eb,no_edit_found,
MB-b75b07847b9a,sha256:b75b07847b9a08e272cfea18fd84efab6505b3e26b112385d5a595e25aeb5047,no_edit_found,
MB-b764ba0a3e00,sha256:b764ba0a3e00df1f6fd0c4f30efe70725e785d1e8f52c0fd37cccad4f86e647a,no_edit_found,
MB-b765577be758,sha256:b765577be758aa580a8d9d8fee488a3267517df62be628662c45e660ebabd306,no_edit_found,
MB-b765dda1e2f4,sha256:b765dda1e2f4a220e0f6befcde706615bd61fdcf924b660bf2dc4cd487c4b647,no_edit_found,
MB-b76cfbd532eb,sha256:b76cfbd532eb4306ce83acfcb5c44a8e543513d180963bdd42ce13709c1f03bf,no_edit_found,
MB-b76d6910ff41,sha256:b76d6910ff4191e77793d6f4810689849a90d992ad69fa1285c4ed182be4000f,edited,unchanged
MB-b76df0ced44d,sha256:b76df0ced44dd42fba5eaa5e4910397f06c9ea36adf75f03107f694824a72f1e,edited,change
MB-b7718683528d,sha256:b7718683528d1673126ce3d2c4fd4935f0e4fac693a23c160979ba8ce06cf580,no_edit_found,
MB-b7818a13e535,sha256:b7818a13e535f066382135635b253dc2d9a1dad235c7ada1b0049c3eeeab2b4d,no_edit_found,
MB-b785134fb477,sha256:b785134fb477825dfa5ad82f8fd6ace37556655391352d71cdf04571fd04cab0,no_edit_found,
MB-b78641931a27,sha256:b78641931a27ab30ab3e3e28865d44f8e038eb1403f1cd7edac5eced8a4d61bc,no_edit_found,
MB-b7874fe5a21d,sha256:b7874fe5a21d5f0b911547fcf0e1050eca784f67cf3bd1368c436ac8d766fd73,no_edit_found,
MB-b7ab0109f354,sha256:b7ab0109f354ffeb26b63f0d8c3a288b4e24f432957950f484b94125e083e052,no_edit_found,
MB-b7b5c30ad5f3,sha256:b7b5c30ad5f3e682d1958937e1d163e8efc0a6e812ee6dd4cb053234cf6ea4d2,no_edit_found,
MB-b7b96cb9b414,sha256:b7b96cb9b4142e4ee88444d9ec83cd43cc07c9c4a88e490562da45b27e9dd113,no_edit_found,
MB-b7c3a9872770,sha256:b7c3a98727701daf033f9b49b218052ad98ba27cdcd62741b8952c3bc887f139,no_edit_found,
MB-b7d5154be87f,sha256:b7d5154be87f40d67fe03b28aee4cd8ab5fa328046c5d58a35e113df43f56aaa,no_edit_found,
MB-b7dfe463a3f5,sha256:b7dfe463a3f5b70a968881dbd0523cbeed9f9cc291e83a7c0452a9410a94570d,no_edit_found,
MB-b7fa954aebad,sha256:b7fa954aebadbecf4c321dba45555fc4c83dd209840f4182d9f955a6e4863238,no_edit_found,
MB-b7ffc73afd8b,sha256:b7ffc73afd8bf24a68b20163c030440cfb6480733742b101fafe4c7eb8205510,no_edit_found,
MB-b8021e666089,sha256:b8021e666089ccc53b7c6752fcd0dd4376840327adbbedaaaf6850b553e2adfe,no_edit_found,
MB-b8042af25119,sha256:b8042af2511990fcffe70875d9d1433e4cd89ddae4def1ac9f405680651e4e73,no_edit_found,
MB-b804896b9a7f,sha256:b804896b9a7f4f1d2a20d43731edabad2b910f100a1636a73ca25cf665bcbbb1,no_edit_found,
MB-b80d47954d69,sha256:b80d47954d693b42e92cdc09a772c913003805f92269a215b0c07c6fa980153b,no_edit_found,
MB-b8138aa93ede,sha256:b8138aa93ede3022398b5c7b3a6d2e4786411faea825c8a6f1b11749d7110327,no_edit_found,
MB-b82b37a6a9fc,sha256:b82b37a6a9fc1c1909a46451fe2d8cea61c527f22f50a866d4fbf519578d0236,no_edit_found,
MB-b83814a0b664,sha256:b83814a0b664df3c8ca21e5a9ab36f16ba94c3693067d197ad7c10f40c8861fc,no_edit_found,
MB-b83a5830b2f1,sha256:b83a5830b2f100d05afe1b4fea7fabf844ba51a9cfcb4abdd39870e32cae5ec7,no_edit_found,
MB-b83abcb90d34,sha256:b83abcb90d3427e572d7807098eaf301d9a0acf2bbe6b96c5e61909bdfaea719,no_edit_found,
MB-b83c36f4fc03,sha256:b83c36f4fc03089286695a2a49638b59ecb885cdcd278cde87bfa3a5860f3fe3,no_edit_found,
MB-b8432cc6bb2e,sha256:b8432cc6bb2ececb113cf4c3b399bd951eace601ea25a8a55b5d3e8a7bb9b553,no_edit_found,
MB-b845d7fd6731,sha256:b845d7fd6731e76aa62e664f1d0d5eb53b6ffdc6016b6e70f1a976b463e5199e,no_edit_found,
MB-b84881494a7f,sha256:b84881494a7fba1ce0dbfbb32797127bf68793535cdf73c8b5d09ac48c817473,no_edit_found,
MB-b849f80f378e,sha256:b849f80f378ee0a46e6060dbf357e2cf3b196cb53a2c8f523eba68ff86d422b0,no_edit_found,
MB-b84b977da3a4,sha256:b84b977da3a4dcbc46cb9853790571b994b0e167c3302d7ca9bcf27792697fae,no_edit_found,
MB-b84bce1b4968,sha256:b84bce1b49689e3126a6686fb226be7dd86a0c2023e01dde785f142e62437725,no_edit_found,
MB-b8590d2b17b7,sha256:b8590d2b17b727e1abee50919c9fc8a82af9ee4b777097452be15f0f927682e4,no_edit_found,
MB-b85be091395a,sha256:b85be091395a782d91a597cafacdb499c32301118d33b7f834bce8e450bec241,no_edit_found,
MB-b860523a5050,sha256:b860523a50508657cbc3ee48972d78e0d8c3b2ad2fd8af7d3bbef99db63d59f1,no_edit_found,
MB-b861f55de11e,sha256:b861f55de11e283c7acfc9493d33937e52be0c270f6f768fa3ab724506761390,no_edit_found,
MB-b8653b32d380,sha256:b8653b32d380c40367c344acc129cb6ea149e8919ead520d1c944ef0e5f5ceea,no_edit_found,
MB-b866b4fa3c98,sha256:b866b4fa3c982fc386964d1a6c16d720c098eb6607cf3a26641aeb597124c8b5,edited,unchanged
MB-b86acb914d67,sha256:b86acb914d67b0e6a0c67e6414d2b83cfc77dc82be649d94069ea43681987353,no_edit_found,
MB-b86cf6982b46,sha256:b86cf6982b46686e3d58f14a17c2528c01a433960d54de9243c3cbad0d2b05a7,no_edit_found,
MB-b86db74c989e,sha256:b86db74c989e5f84c8e5a68d766734825d2d955ea8a026557fe152160e1ce096,edited,invalid
MB-b87b2f2cbef1,sha256:b87b2f2cbef14bfcd6a6ed38dbf0f145faf80147913ebc392a3bb8021f28205b,no_edit_found,
MB-b87faee3d04f,sha256:b87faee3d04ffd00bf81d8e3f5f26157eb52b5b956e7fca189903978de992df3,no_edit_found,
MB-b88520bee739,sha256:b88520bee739c980b632346a36743b4971c090d6bd758fc2a89cc509742f8ad3,no_edit_found,
MB-b8913cfd52bd,sha256:b8913cfd52bde774cc98919e882468743ccb288e85e9ccd7cba076dc9c5867b7,no_edit_found,
MB-b898f7b706f4,sha256:b898f7b706f46680892fc92d4d226be5bc2f95eeddb02c0e20ce7fe3734c3efe,no_edit_found,
MB-b89e15268b93,sha256:b89e15268b93a5de87f908521a66a325cc2647da31e5e7367b9b1eab08692430,edited,change
MB-b89f0747f21a,sha256:b89f0747f21ae802f934d241b539e50d06dca429031e43ed347d86546228d9cf,no_edit_found,
MB-b8a012cb7409,sha256:b8a012cb7409624d8d10cd293b0d3f5519c88765a3fcb9a9dbbd8ce554955eac,no_edit_found,
MB-b8a63612eb5c,sha256:b8a63612eb5ccc8b71bfff7386e4078c685025a9d9aed35333daa860cf8a9afb,no_edit_found,
MB-b8ab2d0da041,sha256:b8ab2d0da0417df001fde1111aa1db76402d19014595722f1e185f2fff7a1d07,no_edit_found,
MB-b8bb326d0c4d,sha256:b8bb326d0c4df01ed15aa5976169ea79d14d643c974cad26d6061a6e414ef8f6,no_edit_found,
MB-b8c1c864adf7,sha256:b8c1c864adf719675e116cd5dd60b45cde12fbb546cfde89a8a3e93182e912c8,no_edit_found,
MB-b8d767c186a3,sha256:b8d767c186a38efda161e2caf85645ca9238a8f6c9b36d50d907433731bbb7a0,no_edit_found,
MB-b8da9d011899,sha256:b8da9d01189902fa35b0387aba7455b2cc24f94f835d03a985f1842aa5c93dd5,no_edit_found,
MB-b8dc17d8996a,sha256:b8dc17d8996a9146f258d28bac2261dad0d263775eb0cd404870248156ed6501,edited,unchanged
MB-b8de6a7906cf,sha256:b8de6a7906cff54aa61dcba68bffcb80071bfb6cf653c6b9f114481d6979648d,no_edit_found,
MB-b8e51267366c,sha256:b8e51267366c357e98b8bff8713061e8c451844228f8105dda1cd6995d9b5653,no_edit_found,
MB-b8f686427345,sha256:b8f68642734512430d575c5cb6b3a0f2ec1946765e305f84c18c955f083f4ba8,no_edit_found,
MB-b90281544044,sha256:b9028154404421a6606df65c57b89a2ba783ba20ada58e39c071eece7750c08f,no_edit_found,
MB-b90f20021f35,sha256:b90f20021f35a211615f753ec315f1db4a327a906e71f8a2260a5719c4fe0512,no_edit_found,
MB-b916d19d8b4b,sha256:b916d19d8b4b44cbe995fe4d8a87570c61843666364645edf2aa751968cb1ff6,no_edit_found,
MB-b917ab47fa8f,sha256:b917ab47fa8fce65dc37b9a0803d312494f2c61d55568eae3f13b7fabead9984,no_edit_found,
MB-b91a18d01854,sha256:b91a18d01854abee24fe3985efdd7fc5667fda87edb24829af9a975ca24f0dde,edited,change
MB-b91c7e0cbc5b,sha256:b91c7e0cbc5b5b538e8543796fee0cb3d921ca29f319868237c78e1aace3081a,no_edit_found,
MB-b9282ecd5f6d,sha256:b9282ecd5f6dba5e0833627957d90e62d11dbb89c18221a2e66643c38e441d57,no_edit_found,
MB-b931041c5003,sha256:b931041c5003c7222f1f8ac035e487456530cd52010bccf246726ba3b0212d6c,no_edit_found,
MB-b9350a905e85,sha256:b9350a905e858b830d48c50c447cedaef66c4e24c6d0d1f0f37813c1df4b9def,no_edit_found,
MB-b93ad250a25f,sha256:b93ad250a25f726f2b3bf9a913ac33e78eb377bc32a4697959679ae52b4b1d70,no_edit_found,
MB-b95ad2fbf9a0,sha256:b95ad2fbf9a038a40de1e8cba93f3a657e0afc63001a522186dcf11b824ee9ad,no_edit_found,
MB-b95d098817cf,sha256:b95d098817cf10f2591a3337ce1d5df1b75550b3783bc3290284a4a85b1d36d9,edited,change
MB-b95ea722f66e,sha256:b95ea722f66e7bd929b1c2883937531d27ad5c334e5ced8313db2cc8b4e93de2,edited,change
MB-b9771bceae8f,sha256:b9771bceae8f96eebf1fa94c4ed2e4fa8691e1fe0b812ea9385f0fcc59d94d7d,no_edit_found,
MB-b97ebca740b4,sha256:b97ebca740b482e3234968696daee463b77edae5c9219ed0f6136dafe8bf861a,no_edit_found,
MB-b98755b0f77d,sha256:b98755b0f77d975db5883ca4b3edee17688c9be2af11039d40832fc1e0d4704d,no_edit_found,
MB-b98a369c210b,sha256:b98a369c210b7f28fe839cc36d69aa79892f45348e143b4dacedd636b48b7bb7,no_edit_found,
MB-b998cf2b6f71,sha256:b998cf2b6f71997b9113f5445f1969f4b3b9b68036fc6642a7b258dffaf4a576,no_edit_found,
MB-b998f637add2,sha256:b998f637add23623506a6185be82f35ccee36b15130b496173084dd9ad97aa7e,no_edit_found,
MB-b9a51a63ea1d,sha256:b9a51a63ea1de6a10fbec74a4576fceaff10099f102edfe0072f8c1cbd7fcbd8,no_edit_found,
MB-b9a77b5309e9,sha256:b9a77b5309e9f80b782dee7427808c55dd53be7c9ec9c6242b49ac7d624dc944,no_edit_found,
MB-b9b06ab42f26,sha256:b9b06ab42f2626f95ef92ccd4d7c71329f8260ae0ce0f19bc6b8db19929234bb,no_edit_found,
MB-b9bd7b59e198,sha256:b9bd7b59e19821398b47893cb7422550941d873eaa26ec1ac1e0898e8af0b698,no_edit_found,
MB-b9c302a84457,sha256:b9c302a844577b1775385cc8b164fe35efe671867e98433b278d767a56e79184,no_edit_found,
MB-b9c8e0b55bcd,sha256:b9c8e0b55bcdff33aa3ecd1dd621f68363896ee884bfbca1f246da4843c807e4,no_edit_found,
MB-b9cd50d4edca,sha256:b9cd50d4edcac3cbbc6bc0b4692906656c722f634711d7289b619adb448f0404,no_edit_found,
MB-b9d1659457b3,sha256:b9d1659457b361cc05969fb6ed195e36a5fcb32e529a36d36c10e5a7f408551c,no_edit_found,
MB-b9d7a0f4a0f0,sha256:b9d7a0f4a0f0e75055a8d12b88072a1a954831c6b95a14ed0cd40f3d05128e46,no_edit_found,
MB-b9d85ed96c2d,sha256:b9d85ed96c2d97df63781227dc5aa72be2f4850db560b4cde23e663b5fe98145,no_edit_found,
MB-b9db3b7383fb,sha256:b9db3b7383fb42b3b1a332dc0e76f9071631a28e06f9fd7be7a5e19342c85116,no_edit_found,
MB-b9e104c546cf,sha256:b9e104c546cf93e5b062b60cf4f224f125002393557a93706a1b10c97d6b88db,no_edit_found,
MB-b9e6dde021b7,sha256:b9e6dde021b735527401773a691e9b7d5a326c868df4b64af8e7aee86646ee39,edited,change
MB-b9ef93770511,sha256:b9ef93770511bcda3bbf275ca071f41c9fd80d55610a35bb17702c75b8102bd7,no_edit_found,
MB-b9f0ea96a76e,sha256:b9f0ea96a76eadecb260c051fe64841ea784976cd56cfbbb466c4b74896997cf,no_edit_found,
MB-b9fd3589d5aa,sha256:b9fd3589d5aaf77abcebfea2ca4ca53d10bb6d5aef2039600d3907378c89a4de,edited,unchanged
MB-ba088ed1b16c,sha256:ba088ed1b16ce4428bd4e7c628751aa89679d4c4d7c2ec25f1905724fa880613,no_edit_found,
MB-ba08968bb5ba,sha256:ba08968bb5baf3978c3ff0aa068f637bf21176886f7397e4e28fcbe533121df8,no_edit_found,
MB-ba0bf93139f6,sha256:ba0bf93139f66db32f6f8c1c55b93ce94fbeb87659ef45144000e0e620f3958a,no_edit_found,
MB-ba17fb4c5424,sha256:ba17fb4c5424b23911de2a4682f7e44f844744dd7a1d12626030abaa0c1da66a,no_edit_found,
MB-ba18f3422a14,sha256:ba18f3422a1406a64c2fe8da868edd175ec914ea36ebc2f64b54aca08923b4c2,no_edit_found,
MB-ba350670e53c,sha256:ba350670e53c3f4592bd68c5714bf3b115cfba306d5308e3c8e562cf69249485,no_edit_found,
MB-ba51ea075fef,sha256:ba51ea075fef101148d0294d334a7284c23e41b2237eaee3806b7a3acd29766a,no_edit_found,
MB-ba639112eb69,sha256:ba639112eb6925627120545a478bc0f79010830e825a5771cd1770d5a245ed60,no_edit_found,
MB-ba6487807492,sha256:ba6487807492f4ce7703ca9276efca28d3f401f704cdb66ec12f5ae619f4e691,no_edit_found,
MB-ba7202f0260a,sha256:ba7202f0260aa3054e73e12b548426ca792326a6ff9e19b07f31968890f1b974,no_edit_found,
MB-ba72adbf0793,sha256:ba72adbf07934000b0810414a1e288f113f35d217ec87ad46e30a029cacfb499,no_edit_found,
MB-ba73ef040e61,sha256:ba73ef040e610c39fc2737d3e065e5126e650a6df62e69b7cf04a6f998065b95,no_edit_found,
MB-ba7de600896f,sha256:ba7de600896f35b3a7db1c77fd4d0d43721679e9b7210f75bc927d07f1d5329c,no_edit_found,
MB-ba898d04c9e5,sha256:ba898d04c9e54bedb66fbcffe76d32fa6fce894845484c58fc019522e2ba98f0,no_edit_found,
MB-ba959ca8c9cf,sha256:ba959ca8c9cfecd3ed5281a1eeef54dfbc0fc068f80a9af30512698b660c8bb4,no_edit_found,
MB-ba97a514b5c9,sha256:ba97a514b5c92951dccd92fdb0eae686e475a00faa40c389a0a569d92aa07657,no_edit_found,
MB-ba9f2aacbae0,sha256:ba9f2aacbae0b9a4d0699c91bae63f2c9c96a37b8cb4cc065a612a8b90dab677,no_edit_found,
MB-baa3611f14e1,sha256:baa3611f14e1e2f4c72e255c284b29e24dc617a5faf7153485ce3e518f92f5f7,no_edit_found,
MB-baa9bcfdf338,sha256:baa9bcfdf33848ebea88bc7848996090215034f24dbfc3def9882ec25bf17fd0,no_edit_found,
MB-bab0da82d988,sha256:bab0da82d9883a8ae7828856bb3fd45bbd18fd4c766d5d1dc6c5ed3044654ef0,no_edit_found,
MB-bab1f1d445be,sha256:bab1f1d445bec68790413429a9dbf394373548944743a8194bb5ba1b37759cbf,no_edit_found,
MB-bab7a59f414a,sha256:bab7a59f414a067b0ac509f0b1f652c681dcc84f4a4da4c0d7b7d01d93a00310,no_edit_found,
MB-bab900ef36dc,sha256:bab900ef36dca44534b217396f62f85829e069092c045fb279c2bec0293d8ddc,no_edit_found,
MB-babc99a297d8,sha256:babc99a297d8c4fc2c1e0e0e32ba72aa5c42905abfd4a3680c12dd2de1e2cb50,no_edit_found,
MB-babd22e1875c,sha256:babd22e1875c528ab5da2123219276f9dba9feba042be71f50077d0aec1653de,no_edit_found,
MB-bac18a09e1bf,sha256:bac18a09e1bf68d80e2b14f12edeff50a0b5a0c8d676c1eaf9dc3e9b32351b85,no_edit_found,
MB-bac43553bcc4,sha256:bac43553bcc489f024595d44eb65f615b4ec744346223772c73588aba0e363db,edited,unchanged
MB-bac5326923f9,sha256:bac5326923f986c001b6d23769eeba41b9062c554b6f5593c1463de2d57ca632,edited,invalid
MB-bac854392a54,sha256:bac854392a544f01a470ebdb2c1894ebf93696f901993e065b3167699e599462,no_edit_found,
MB-bad8bc705dd5,sha256:bad8bc705dd5578f72b6931ad7f86d012e8b81ac520eff678f49705e5c03e2b7,no_edit_found,
MB-bae36c11d913,sha256:bae36c11d913b63be2639faac935c38fbe658afbde5b6260e580f2919112f77e,no_edit_found,
MB-bae7e60bc726,sha256:bae7e60bc72663de2730435bb09f65b58ffa8309020cc5308e53c86ff943622a,edited,change
MB-bae9c4a88886,sha256:bae9c4a88886a9780dbc7fe6eceab19e0aee6bde5ef6f4e709a674ae0a11e16e,no_edit_found,
MB-baf0dbd7d7b6,sha256:baf0dbd7d7b623d7d3b7dbdb0746151cd94346603f341aebf46f0820c5b751f1,no_edit_found,
MB-baf570db634a,sha256:baf570db634aa94ce262132cc95fe0a9e8b9169f8c633acedc34840a0392b062,no_edit_found,
MB-bafbb40ce306,sha256:bafbb40ce306215af775372b0fcbfe227070aec8f40425e60bb316de56af918a,no_edit_found,
MB-bb113fe662ce,sha256:bb113fe662ce1953bc4c8e0f91bb47d62b49b11f6deb459de6f3f4df3e51acd1,no_edit_found,
MB-bb13844c6d36,sha256:bb13844c6d36a987e0f109a1f69ba91e652daccbb70eab10fadb456f4b8b457b,no_edit_found,
MB-bb149d5294aa,sha256:bb149d5294aa1d0cf326ce8701a821087848005797bba93b026d3062c60ea887,no_edit_found,
MB-bb1b0db3a9b2,sha256:bb1b0db3a9b2018300244d0117f7c7bfe24000a7238e0f64aac678e4b7bd8666,no_edit_found,
MB-bb1b9127bbdd,sha256:bb1b9127bbdd2c869303dc846f1b6846a7082cccef9d85c97c8671e429a80da9,edited,unchanged
MB-bb1cb4ac768e,sha256:bb1cb4ac768e30675920f24ffaa49a41a9c4d041f3be90694f4b25fec2511cef,no_edit_found,
MB-bb20854f7d52,sha256:bb20854f7d5205ae52c9eafb7d1e4228a3d009788e077d4d4eea188b25db6e71,no_edit_found,
MB-bb21c68dd616,sha256:bb21c68dd616863e837c7fb96e43285953c304a0ec7ade155e166fd33b20c7b6,no_edit_found,
MB-bb330a1cc2cf,sha256:bb330a1cc2cfafc138505dafb384e79b8dca06f43cf6fd76b9d965d8bc9de98a,no_edit_found,
MB-bb348687f10a,sha256:bb348687f10a8c4c17df0accf813409254361f1f8bf15378ab096891b989eccd,no_edit_found,
MB-bb3783a09513,sha256:bb3783a0951338c0ecf1579b9609622f247219f34cdcca7a23286859e2496704,no_edit_found,
MB-bb40e8d42f1c,sha256:bb40e8d42f1c8cf2ed65d432b12c15b235c62da30f6e9dccb9e71d7f0abeb183,no_edit_found,
MB-bb45e0705b40,sha256:bb45e0705b40aecaf80c6243bffa4da25b85067ba63b7bd096b6bb6c76cbafee,no_edit_found,
MB-bb53f0bfac5f,sha256:bb53f0bfac5f066e681fa1c209cb9cc2e280764475c3075b95ca67f7d8775566,no_edit_found,
MB-bb53fac8f7cd,sha256:bb53fac8f7cdb2f2f33af251fd3b841503a5627cdf7d451187a207123300d73e,no_edit_found,
MB-bb58e35da835,sha256:bb58e35da8352a310a88a7470b063bfcc8ff5b5995866c822a06f04ff93657de,no_edit_found,
MB-bb593a231d5c,sha256:bb593a231d5c0d62318e817833d848a1768592007c0bcb1158144f074a0fd334,no_edit_found,
MB-bb614607cbc4,sha256:bb614607cbc42a15cd8f8c19b7f25f8ff44b2f6f33a749050bc02a6a3636e0e9,no_edit_found,
MB-bb62c298347a,sha256:bb62c298347a91f7516c6b2eb6d72db5f7253a46bcb8e5fc325e9316658bea4f,no_edit_found,
MB-bb670fa65d57,sha256:bb670fa65d5792615e9b6da6bec9c31ec9cfccdbaecdae14400d9b0b839b1327,no_edit_found,
MB-bb73f9cbce9a,sha256:bb73f9cbce9a86a4eefa435e3b57cdef0a2e809abfd489e56b89f4c5c27bfb0f,no_edit_found,
MB-bb7e6b9e6b63,sha256:bb7e6b9e6b63e5fd785c6de0d2245a598a267590f3ef53f537bf8d1162ae07ae,no_edit_found,
MB-bb8d1173e686,sha256:bb8d1173e6868b4b95afa9a1bafda216f7d6724641b6b1db4bbefda550df4ce1,no_edit_found,
MB-bb90288910ae,sha256:bb90288910aec6974063db5ef76a3ba9b79f3e9ee241af0c5742edd61a3cc37b,no_edit_found,
MB-bb93c02eb5ad,sha256:bb93c02eb5ad5b20f8e0a176c83d31197c89ae3ddd8b16ab2e0107a89a336570,no_edit_found,
MB-bb9ab76fbb5b,sha256:bb9ab76fbb5be1801464e4d9841fdc425556b5723c389446af32cff2a2d22ad2,edited,unchanged
MB-bba29045f999,sha256:bba29045f999a8d4bcd9d0f25a09859adde5894db56d15f421b8ad1f6910fca3,no_edit_found,
MB-bbb1a6348783,sha256:bbb1a634878329c242a73c6d3ef924a50eddbd17bb3e139c239ec3f8cad24587,no_edit_found,
MB-bbb2dcdcb0c6,sha256:bbb2dcdcb0c6f19a7833fab969ff998ce6e30a3e97a4ecec8bbfe8b5620242c9,no_edit_found,
MB-bbb60d211902,sha256:bbb60d211902315310c1ce60c132d159bb897360f41c4ce1449a76bb4dd9ed9d,no_edit_found,
MB-bbbb97d272f6,sha256:bbbb97d272f6aea82862a848defa0f9b86500a55aeec69a701620f41f9cfc291,no_edit_found,
MB-bbcd01f66747,sha256:bbcd01f6674798d8f007254e5fbf87b00d0d7348d7e2f1326f560bdab36a1d9e,no_edit_found,
MB-bbd3187ba56e,sha256:bbd3187ba56e13d21196ed9c8215cfe5b35e85be7e14a3488c2dfeed99aa2f10,no_edit_found,
MB-bbe7f78b6b04,sha256:bbe7f78b6b04df9e5e913dc8d52050f0a538b0349c54de640633505e9f540c2f,no_edit_found,
MB-bbe820850f87,sha256:bbe820850f875755fb0ef7ffcb97557bb82bccb54fe4be97a733e0e74a12f046,no_edit_found,
MB-bbf377f193c6,sha256:bbf377f193c600153296b0d93d89597e05596df5e7d147436c760eb1af9e4457,no_edit_found,
MB-bbf8549bfd2b,sha256:bbf8549bfd2b03038df56a2dd6a87b519d0e805a68c3d8df406d727aed506202,no_edit_found,
MB-bbffb8edc35d,sha256:bbffb8edc35d053430bd12e94e726079aaae11c8823947e20b341118f91e7f31,no_edit_found,
MB-bc0407afeecc,sha256:bc0407afeecc0c6f940c524b102eaa76645d795869477cc323d324f1b26a5f0a,edited,unchanged
MB-bc04ebee7241,sha256:bc04ebee724141603ce2f87e49d389fb964776cef8d05927269bf58e4ab6aa8d,no_edit_found,
MB-bc05ef625b5c,sha256:bc05ef625b5c34904ab636c6fb9f7a524c1a12f6c9be10ae98e6893995d62e11,no_edit_found,
MB-bc0606eacbb2,sha256:bc0606eacbb2db717fa68306f96ee7f7d8f4c85cba12338c52660ce59e2679c4,no_edit_found,
MB-bc21b5b2f794,sha256:bc21b5b2f7944676d6a49aeea781eed21cb415f9e44ac9201319812aa36df93a,edited,invalid
MB-bc21e1aa79ab,sha256:bc21e1aa79ab0c06d1b272e52c47d11321a5143012e43d16e02cee400f29b470,no_edit_found,
MB-bc2f87dd5d2d,sha256:bc2f87dd5d2dc6cb4a469f12c766a6ed2425dddda288eaa3416d7d72f63c24ca,no_edit_found,
MB-bc3587e3285c,sha256:bc3587e3285ce78db2c3e0129697cabc1c03825987a7d0b705b0681817ae2431,no_edit_found,
MB-bc45f8b48329,sha256:bc45f8b48329bf0e2261413c820cfe76775a3eeb06a5e1b9e6869b98a82a3837,no_edit_found,
MB-bc487f01b01f,sha256:bc487f01b01fd5c0639c814e4019214d9e6dca800f10662f10edd38c62f20714,edited,unchanged
MB-bc5533fe7dde,sha256:bc5533fe7dde99ebc91ad3c51db74d9019c4ceb3056b843726caa7d4b67cfa72,no_edit_found,
MB-bc634a062d44,sha256:bc634a062d440db2c6a593e5bee161ba7c60d55cb2b0195bee686d9640bf3f95,no_edit_found,
MB-bc7e9dd12777,sha256:bc7e9dd127776876f87a87bebd1873efe019fb3c33d629f0cc2a3cb62ce14031,no_edit_found,
MB-bc851e8fbcd9,sha256:bc851e8fbcd9059137ca6182a3ea434a47eb06a7b5d0acb8702abbff2af6a13a,no_edit_found,
MB-bc852d3821d3,sha256:bc852d3821d3cbbc2a3d44ca5918511710be53cc10e823ae0c205947c24b5394,no_edit_found,
MB-bc8f47efd7df,sha256:bc8f47efd7dfa79293c29403945ef1f83d3e46f9e216721efbe1a3bedb0f669b,no_edit_found,
MB-bc9b5a160d76,sha256:bc9b5a160d761f19da5ab9a59462f74a3675f5fa9e614d44997608139e32c9f7,no_edit_found,
MB-bc9fd53b65f9,sha256:bc9fd53b65f9f7266eceff42fd85252bce01c7a2b5b8708be400c93cba5995dd,no_edit_found,
MB-bca9fc3f17b3,sha256:bca9fc3f17b30853df3ef8c8727fc3ea0036cfc54a714a4799fc3957f2d42cf8,no_edit_found,
MB-bcac141c147f,sha256:bcac141c147f3a7ae1cc1ece8a088bbfab466f2231f286d18ad385378b152d18,no_edit_found,
MB-bcbb7f6b073a,sha256:bcbb7f6b073a04f1983d206816d9dc03d5e907165a5f2f5ae3fd08b50e8a15e4,no_edit_found,
MB-bcbc60fba317,sha256:bcbc60fba317f78eedc1ae6be24d559a9c34d6d2a12a455477f0a0e283488376,no_edit_found,
MB-bcc166de26d2,sha256:bcc166de26d2679a2df50c9889c1cdfbc623750e6cc0545bacf65a1836c0fa68,no_edit_found,
MB-bcd461fd8c11,sha256:bcd461fd8c11d8f322a126640fa22c1b1e449dc898bf48c7085f36fcca83bc76,no_edit_found,
MB-bcd4e5259fac,sha256:bcd4e5259fac4ccd01e0dc0e1ccdfcc0249e579fd6c4d824d29d56e61a1a7078,no_edit_found,
MB-bcd8007cfa3b,sha256:bcd8007cfa3bdfab8be41a11d3a749a6619c4aba6223ca494a35e3c4c950f9b4,no_edit_found,
MB-bcda47f91470,sha256:bcda47f91470db6f3c5a3cbee46820b4fe3a423f0d36a4d230cf65b24d5c6deb,no_edit_found,
MB-bcdfebfc9e09,sha256:bcdfebfc9e09ae3ff8cb450ad1fbcbec10d0ae1d1e4ed3f0db2bd5b4bef146de,edited,unchanged
MB-bce0949a63fc,sha256:bce0949a63fc2158d67f166cd6ac9b5b17287c0f6fefb06c9ff9f03314ed9358,no_edit_found,
MB-bce126e5bc8c,sha256:bce126e5bc8c70a9e1cfeb5c95960325d0751a77b2502abe3fed096ba725b73b,no_edit_found,
MB-bcea79b17f3c,sha256:bcea79b17f3c234e7376d4af8fc6cd14d9a978dbeb3cf8a35c82aef088dabc27,no_edit_found,
MB-bcfdfa28ae6e,sha256:bcfdfa28ae6ee29f2e6d1d749e80019a4ddf334ef7f5e78fcb534a303716be02,no_edit_found,
MB-bcff6a5713e1,sha256:bcff6a5713e127ec6f5f5d546950c7a82dc59921fa586f9c09ece429cd5b729e,no_edit_found,
MB-bd0bd9e89744,sha256:bd0bd9e897444b23ad1a525d12943929e5b39a7cf9295cad4c3843d5bbf45d83,no_edit_found,
MB-bd16472d232b,sha256:bd16472d232b19089f1ca9dcb52e3ec9b9d3d44fd37ab4e3e8d0c9398e764e37,no_edit_found,
MB-bd18e037c8d6,sha256:bd18e037c8d600a5c2cdc5d121f6e90a0beff348976d4bc80cb24929c1a76a0b,no_edit_found,
MB-bd2ee5466563,sha256:bd2ee5466563ca6de591ec907d7ee8363b1342932db34fb523d75c1b42fcd9d6,no_edit_found,
MB-bd34b51e8728,sha256:bd34b51e8728b5fe3254bddca4500b9f45b638a5740cfb3063a53f552416e324,no_edit_found,
MB-bd34db10f515,sha256:bd34db10f5150f7dccd18d1d5d41f11ff0e300f3808005a872834c8f184ec1d0,no_edit_found,
MB-bd365b3fe41c,sha256:bd365b3fe41cbeda3d254515b77881a6e3bb8e03848416213db78e5dfdca01cc,no_edit_found,
MB-bd38afa733f7,sha256:bd38afa733f7c3ff2dff242631228ab51877d10e172c519f37b22622db288118,no_edit_found,
MB-bd3917c27a14,sha256:bd3917c27a147826b22a3781fc7c1d7feafe2b976685858f89d6a842342d7597,no_edit_found,
MB-bd420d917af7,sha256:bd420d917af7306af99f01a9fab082100c2598b9ab723f225929ef7cf3c0e8bf,no_edit_found,
MB-bd4510c45f13,sha256:bd4510c45f1387e14aee748ac4fc24259fc36bd368a0574b5b57cb1dad9aacfa,no_edit_found,
MB-bd4abe17154a,sha256:bd4abe17154afac594e04c57ab6ec56a8a4255712a41257ed6204f01b6c10c78,no_edit_found,
MB-bd4f327d9f32,sha256:bd4f327d9f3259484f094f95c7e53cfa5c18f6dcd0a4bbdc20856ac998d38d9d,no_edit_found,
MB-bd57620ee736,sha256:bd57620ee7365aebbefd8dc3891c8c15313db885fe1a6912662f8f51c4541dc4,no_edit_found,
MB-bd5b78ab9deb,sha256:bd5b78ab9debaa5755ec753776f255bef40f1326840943bc56b74098f112889a,no_edit_found,
MB-bd647fd487c6,sha256:bd647fd487c6036ae0f2aaaa292499d8f13be663ebccc4687efa567165b7b9e1,no_edit_found,
MB-bd6b5179ccac,sha256:bd6b5179ccaca2ee253502a5b528a07a60bfd59864364519cc4ea98bffd91a40,no_edit_found,
MB-bd78730899eb,sha256:bd78730899eb0f16a16d1a6f132ad72f86994e71a734d8f39b7a220cd068f655,no_edit_found,
MB-bd7b898741e4,sha256:bd7b898741e4dd6ce61d1db25ebfaa4c0f3b92e5676df40860059340bb59bbc1,no_edit_found,
MB-bd8a92f3e247,sha256:bd8a92f3e247a540cfadb6c515290dbc9770a5841ce5631a18377b9898b01784,no_edit_found,
MB-bd8e6e27dfa2,sha256:bd8e6e27dfa2a84b332e9f2626b5eff517b7f6588059514e2bbc7119a30c6d36,no_edit_found,
MB-bdb011dd7972,sha256:bdb011dd7972ff0191a40446013ef825663ca435d7b7c6d9c80a492d7f200618,no_edit_found,
MB-bdb83d927e99,sha256:bdb83d927e99a158022e2be40835ca64ea1a328451e5b7a6bb72e018c8cebcd6,edited,unchanged
MB-bdc24f64766e,sha256:bdc24f64766ed48e4283e72e8bc0f5064f7fe3402e9fff3eb8fabe7440a3aa95,no_edit_found,
MB-bdd055fa98be,sha256:bdd055fa98be80d805037986083d23d382bb25dca66660f0b175386d5533c8d0,no_edit_found,
MB-bdd16d3092e2,sha256:bdd16d3092e247751b03b754e7c58b3c3a5e2cf519bff6a54ed560027361ff0a,no_edit_found,
MB-bdda1372c206,sha256:bdda1372c206052465394e08234c2e2a2a4a70f758c39e52a040afab52d4d360,no_edit_found,
MB-bddbcad7ed82,sha256:bddbcad7ed822023e9d81085bb3e4cc670caec7b7a2344f1bdacc5b1a7b33027,no_edit_found,
MB-bde51c1bcf51,sha256:bde51c1bcf514a9e63539176d3d7ce1c2637fc35a13b9109196b8a9b46df0fd2,no_edit_found,
MB-bded1730ab81,sha256:bded1730ab81608e125502db790fd76fb04ca203d37926863c69075af74c0d3b,no_edit_found,
MB-bdf23b66d0d9,sha256:bdf23b66d0d9187cb8eae149477393bfcb515f8d0c7b171da50e17c516002d76,no_edit_found,
MB-bdf5ff07f33d,sha256:bdf5ff07f33d0703186c33ea8bc4012896dbfa457da6a0f2f3e30622574487b6,no_edit_found,
MB-bdf707e33bbc,sha256:bdf707e33bbc2d6bfb49196259a29be938f23aa47c10248965c6c7536f5bda34,no_edit_found,
MB-be0319bdcd97,sha256:be0319bdcd976a9a5731fcb33bb8bd5cff998283195e5a3c62916d5ac16c3ce9,no_edit_found,
MB-be26c650e7df,sha256:be26c650e7dfb1fceb33daba96230b4c4ce133064ae581866bc32795deecd7db,edited,unresolved
MB-be2c7750c104,sha256:be2c7750c104947845dfea7c9deb09377306ff1d5ddce50ca2a4b3b15af40783,no_edit_found,
MB-be320be09295,sha256:be320be092959e892f0772c0efbdb84ff8481ef19bf40d50a842f452891ea06e,no_edit_found,
MB-be3ea3f89759,sha256:be3ea3f89759071ef067206c54ad47bfd5faaacce3bf03af84ca92ed3d6cb96d,no_edit_found,
MB-be44f3059fe6,sha256:be44f3059fe623b7b2a43fd31949f66592787d16c690683bc84c4e8a25b17dce,no_edit_found,
MB-be4e662c2421,sha256:be4e662c242167d050af017cf80569df546d715b19f3b8e6e862ac482c4eebd1,no_edit_found,
MB-be4eef95a14b,sha256:be4eef95a14b058263952f218826ff33aa3edc2af902073eda6fa44ab9141e67,no_edit_found,
MB-be6a87f64d7c,sha256:be6a87f64d7cabaeaba76523b766245220b17f85d3728e541eed73d9c56d8980,no_edit_found,
MB-be7d900bd2ee,sha256:be7d900bd2ee42b82782c6c0488faa714109bd6ebf03d6f3ada2a356f44e7b03,no_edit_found,
MB-be8524b72922,sha256:be8524b72922dae03bd2633851f051cc22d8063b397a59e9ab290e656dbb0a81,no_edit_found,
MB-be9188890272,sha256:be9188890272a4889b2f3279e31c07df4b0f60c3b44838ec01fbd65caaa11b9f,no_edit_found,
MB-beb52a984f74,sha256:beb52a984f7401f15186e9e0db61af864a1ac0bcf4df923de45edf27c272a895,no_edit_found,
MB-bebc30c31a78,sha256:bebc30c31a786cf08385a0fc5b5eb61468aa8fe3a2f26358b82c40de89f9c88e,no_edit_found,
MB-bebda1c07722,sha256:bebda1c077227b6b196ced229b840011feacf2268a658e54a96661811411c4ad,no_edit_found,
MB-bec18a3099f2,sha256:bec18a3099f28a568f18c5791f833d3b0e897c8505d604e2dbe5e59abe6a1ac0,no_edit_found,
MB-bec5cf23037c,sha256:bec5cf23037cdb1cf7a752f7b7c8b5ce3c4e39d5fbabc5bc3ad48d99dda25b34,no_edit_found,
MB-beccb5aea74b,sha256:beccb5aea74ba0b97cbde99bacaf54f1682d7c49c53a0ed57637435909412caa,no_edit_found,
MB-bed7bfba7416,sha256:bed7bfba7416974231a4ba05daafe389beda100b84bba1d87aa94bb4d3c46607,no_edit_found,
MB-bee049b86466,sha256:bee049b864669b4944283473f2c56b0d3bdac37ad2df47f6ee11840e67f38f86,no_edit_found,
MB-bee6854774b7,sha256:bee6854774b72d0041e4242ddfb92a84ca43732584faca3f14f0c4922e1e7079,edited,change
MB-bef54f5e78ee,sha256:bef54f5e78eea6845bd3430aa1d26ddf0950b7345b66041f613e4bb967a85f33,no_edit_found,
MB-befd4f154645,sha256:befd4f1546457654a5040674ee3020d612c9670b07574876863ce05397474163,no_edit_found,
MB-bf030590a82e,sha256:bf030590a82e0925f0364756c90d7cf86b2aaa34a8d32767281f252324dd974c,no_edit_found,
MB-bf04e3975281,sha256:bf04e39752810f98496ff4ffb513966375186a2ea59e18525ae50f48c4eb5f5b,no_edit_found,
MB-bf05b330a332,sha256:bf05b330a332cc5ccd30e6f0c25793e5e98a942a6c323fea96f04f4de2ee0dfb,no_edit_found,
MB-bf0b451929bb,sha256:bf0b451929bbe0558bb985a9b7052cc8b7b520035256d4cc0017ac67b7e76741,no_edit_found,
MB-bf0e21c9963c,sha256:bf0e21c9963c8974efea83aedd61e5eacc1923682ae056d386cf1b8ae9879ce8,no_edit_found,
MB-bf11b2cc47a5,sha256:bf11b2cc47a50dbfe2822caa0ff213666c9a6abc313f748eeca9899c37b962ae,no_edit_found,
MB-bf1205598140,sha256:bf120559814009e4b2e4a576528f2c81c6ce1bd7f8e9c71465acad99221ff52b,no_edit_found,
MB-bf1a9f3a25d4,sha256:bf1a9f3a25d44e95d6720b37a129f336672b06ccc6f3ec8bea2e5b792892b87e,no_edit_found,
MB-bf2657a00c5e,sha256:bf2657a00c5e1f3cdfc0043f9dcddbef3a87dbcefcda1341ac87fab70bc4c8ef,no_edit_found,
MB-bf2e99447d21,sha256:bf2e99447d217c5348b75edd3add484f601fa727e668acd345c8cfe41510e687,no_edit_found,
MB-bf356f4ee89e,sha256:bf356f4ee89efc016e70531e51a96a8d35e11b007ec9bb5a60c3b8a0a2207777,no_edit_found,
MB-bf3ce1a4669d,sha256:bf3ce1a4669d64cf3276de9c6d955c40436c20f728ff111962cf809bde34d384,edited,unchanged
MB-bf43b6842a29,sha256:bf43b6842a29512923c75f971afca4f06893b7bc4c0c60776ef68eb13057d6b5,edited,unchanged
MB-bf54d576011d,sha256:bf54d576011db5077b757cfd7bd9eafb6d30f9c16a2943f0d9d6939d5f5377bc,no_edit_found,
MB-bf5e5c49bd56,sha256:bf5e5c49bd56308749b0ce80514d4a8b9bd30d11d11be20ee941ff31b884a174,no_edit_found,
MB-bf5ed4f12069,sha256:bf5ed4f12069ee1741e1b78a27a627643a66bc45ab3eb8b77fb8bacdc127389d,no_edit_found,
MB-bf66f4de0cd0,sha256:bf66f4de0cd068a13e87eee5ad1dada3e8a9daaa3420842e07b4649d9d2b4e67,no_edit_found,
MB-bf7052fd0015,sha256:bf7052fd00152f81b159eff6a3dca164ff86a5b93d5e36e400df076cee81849e,no_edit_found,
MB-bf72558f1d3c,sha256:bf72558f1d3cea66e7d1cbec16a9b45cdcecf82c1ff0a9de38f4794a2e610111,no_edit_found,
MB-bf76dd7d8b16,sha256:bf76dd7d8b16b6fd444685b136230d541c91d9334f65727fa98ddb4a3f1ae347,no_edit_found,
MB-bf791220f3eb,sha256:bf791220f3ebdd0f5ab53d09e74760cdac6e97dd03b31fce5a9f398286a286bc,no_edit_found,
MB-bf81f1f1b802,sha256:bf81f1f1b8021ee7763f1363d7b922b0a9a4e58306c5fd59edc2b0b273ab2651,no_edit_found,
MB-bf8c5045a0e3,sha256:bf8c5045a0e389d0535a5f65298c83c91a8633f337365fb4f2ea01bc0556ca75,no_edit_found,
MB-bf8c8f5a90ec,sha256:bf8c8f5a90eca57fd0d54792f37a0dbaebae70877a0c7ed923a3492a24298f71,no_edit_found,
MB-bf8e3e483f66,sha256:bf8e3e483f6649dbcddbc73e3cdff192e39c4d37993cb3f45004e59716fb07c2,no_edit_found,
MB-bf928ccbc0f8,sha256:bf928ccbc0f8345c05e19a1a9a67fdb04e1c8069be921bc0cc37fef59d9cf4dc,no_edit_found,
MB-bf98745b8a10,sha256:bf98745b8a10b2858ce550c313ec14313424d6f05637f94884cab0ca9af961b4,no_edit_found,
MB-bf98e565fc0e,sha256:bf98e565fc0e1f12e3fda5d6bb278aff36c993335e367cd96dbe9aff64741e99,no_edit_found,
MB-bf9cd0ee7120,sha256:bf9cd0ee71200b7498e22a47821075a23084acaf5aa50659345fb355bb5a4c7d,no_edit_found,
MB-bfa011bc0291,sha256:bfa011bc02915ff7c35d31b7af3093d535bb2970d1fa3c742650414c69e730fc,no_edit_found,
MB-bfa0bfc2d935,sha256:bfa0bfc2d93527c3b52732ca8879cee4e1fb2a465023ed52b8326b1757d1e721,no_edit_found,
MB-bfa3a51618d4,sha256:bfa3a51618d49e171b6ca6b9baeb9ece79d0b2a46bb5073510bfaced7e1f08a6,no_edit_found,
MB-bfa40a8e72ec,sha256:bfa40a8e72ecb8766d7e2f67abd286e326ba3848020d1a7444292bbd00730fdb,no_edit_found,
MB-bfa8be7d3c56,sha256:bfa8be7d3c566a3bb908262c944f3dae7cdf97104cf1b540b6e5edfa6511dc5e,no_edit_found,
MB-bfa9f01f5a2c,sha256:bfa9f01f5a2c300e587a91e6fe9a2c65e673a1ade74660a8b6d2a5a9cf39df01,no_edit_found,
MB-bfb68dba5b5b,sha256:bfb68dba5b5bf702c1efe19ecb5214fc9a73e3ca52814f471731219e262106ec,no_edit_found,
MB-bfc1d715191c,sha256:bfc1d715191cbf78375556171e5a17730806e9b503971ee1eaf80b22f8af2c9e,no_edit_found,
MB-bfc2c68f2f97,sha256:bfc2c68f2f97937aab1bd703085bd22ea60c08c1aac4266d03946fb381799e6b,no_edit_found,
MB-bfc2fa227ece,sha256:bfc2fa227eceeda10aea902b95a84a30e830511b0cafba68fdeacda2b9a44d38,no_edit_found,
MB-bfc32a23b928,sha256:bfc32a23b9286bb4431f5d300b93181834f7b2cb9c69d305b2859bb1784607c9,no_edit_found,
MB-bfccd5bc25da,sha256:bfccd5bc25dad0038d09b3141f26a02f437f91e69a199c499b95511dbd2653c0,no_edit_found,
MB-bfd6003ec33b,sha256:bfd6003ec33b119bedc38a630c0f4d6a4e2a424726e4448bbc6de67a5ec94aba,no_edit_found,
MB-bfd746e4a853,sha256:bfd746e4a8532a4be2c2512d98e6234e33d8c49ca23fcc81d4216e05c6a5ea5b,no_edit_found,
MB-bfddf957fcaa,sha256:bfddf957fcaa749eec1077fdf8aa03ae53238ed3c21a0f1e482783e46929c453,no_edit_found,
MB-bfde23023a7f,sha256:bfde23023a7ffa57bf0d5e27e40bfebea550478235163618bf5b18021f10d919,no_edit_found,
MB-bfeffc8040fe,sha256:bfeffc8040fe5a539d5abfad23235930df8a31e8590994e9d5d66e252d81e589,no_edit_found,
MB-bff0cd4b09a4,sha256:bff0cd4b09a472f2aeb8f203060206748ced8ad13c6441fdc1a3797b28575332,no_edit_found,
MB-bff134b4ba5c,sha256:bff134b4ba5c0c4ebb207e5b3f1f33b29f5a73913ea6b4b60b3f8c3e9586a229,no_edit_found,
MB-c00c42f9289d,sha256:c00c42f9289d64de8215e1d1a2a1d0a6da58a34a5a4ad95465f838223104c04b,no_edit_found,
MB-c011b801e098,sha256:c011b801e0987430c1023a036f4452a428e45c64ac58ad75295d4a43faa70154,no_edit_found,
MB-c020599a23a6,sha256:c020599a23a6ac95d6ba7a2bfccaf0cfbfd6b0a9d6df5cedbc4602ac73252a27,no_edit_found,
MB-c028e9bef1b4,sha256:c028e9bef1b42f46d188f55c227e6d5e66cbea3edfb0463aa6149a588b7783fb,no_edit_found,
MB-c032f276163b,sha256:c032f276163b37c07b5ddeaaa921b2c123cfa235c03bcbd2c2b0b8d3b747fc43,no_edit_found,
MB-c03e8f8522cb,sha256:c03e8f8522cbebf8fee0546a65018549a5246bda7aa54f9778068f7bca01cdd3,no_edit_found,
MB-c04a0e9dbc3c,sha256:c04a0e9dbc3c18d7d82cecae069446d43aafb432a03a982ca5b25995f9f8c41b,no_edit_found,
MB-c0655a6bb29f,sha256:c0655a6bb29ffe4dbbfd5e92f2a61493336d2953778b6b46c4ae25cf3dbed3a3,no_edit_found,
MB-c06a94a609e8,sha256:c06a94a609e814c2a1471131d60788d6960f5cf13a147a563f5cfbcabf35c688,no_edit_found,
MB-c06be9086e3e,sha256:c06be9086e3ef21eaa4b9d0decffe99dffb310548943d3774623737a66d3c68c,no_edit_found,
MB-c07b7a64f133,sha256:c07b7a64f13332917965fec1833f7a54ae59320b45a19802bf4b5d1bbd734b7a,no_edit_found,
MB-c07b7d4d86f6,sha256:c07b7d4d86f6bd2e2cccd467c88e018887aad91655aec0b0775d5d6946a9388f,no_edit_found,
MB-c07ba0df33b6,sha256:c07ba0df33b68e0060bd8c4cbab49367268d838fa78d899881c005302d687b80,no_edit_found,
MB-c086483ec562,sha256:c086483ec5626532d0482fb4c1d8dd61b3bc0e70987549a8afd705b1860ef665,no_edit_found,
MB-c089c4130a78,sha256:c089c4130a7842107b138bc0f3cd3bd385c171fa881f4fe74bf3eefd51c6c69e,no_edit_found,
MB-c0910911486d,sha256:c0910911486df07cae0698faa5ec2082ed7fe9284b43dd41ca6b8a93e98fcfe7,no_edit_found,
MB-c09be3e29efc,sha256:c09be3e29efcc41bac8311de508d7695ff027e6261d6b78f833b12540b9e510b,no_edit_found,
MB-c09f415f0288,sha256:c09f415f028862a50bdb950fd95621504b1d0299b47380fc655cdf3f588fc8ee,no_edit_found,
MB-c0a0acc54a31,sha256:c0a0acc54a31fb631d8cfe7d76426c693c08f1da4a17e89ad160a297fea419cb,no_edit_found,
MB-c0aa0e54bbcb,sha256:c0aa0e54bbcb693514c66d8dec1b0a3bf27c83ced1b9f13b0a4530b02d460812,no_edit_found,
MB-c0aaff05388b,sha256:c0aaff05388bf3f11ba66812247d4b724c12e8fe05dd1c63ce3b1938bb797c39,no_edit_found,
MB-c0b0623a119f,sha256:c0b0623a119f32cdd7014037870dc4de7a5acf5534caaa0fd5ede06096a1cf32,no_edit_found,
MB-c0b246039adc,sha256:c0b246039adc7aa5ab6a89280280225dde2ec00638680b781b43eee2e7285a17,no_edit_found,
MB-c0bd39b297e8,sha256:c0bd39b297e89b2f595fd5e7123e708464734296ecaf14fe30d8c2ffb517a037,no_edit_found,
MB-c0c1891b97d1,sha256:c0c1891b97d1e0852b5009880a033dd07e273653d0da6a9be02b3de39830911a,edited,unresolved
MB-c0c6331edab1,sha256:c0c6331edab120a7243b2cbc704f19263a9bf53b3ba1bdfdc6ef134ee57ccc6c,no_edit_found,
MB-c0ce666c2b71,sha256:c0ce666c2b71c15d325adbec17ff3f4ece318007c4e090f56bba96f9d1aab5e9,no_edit_found,
MB-c0d2a232911b,sha256:c0d2a232911b7f52bd41474716434cba88fce8310c329928bcc554a9ef88af3b,no_edit_found,
MB-c0d46edbea42,sha256:c0d46edbea428b500426bf075da50753524f71785ed81586d2f90f158cc400ac,no_edit_found,
MB-c0ea5253ad11,sha256:c0ea5253ad118bf5dc6b1a2baae6b7f23566d98bcd3f8cc414c4019a95966d2e,no_edit_found,
MB-c0f3d95bbd77,sha256:c0f3d95bbd77523e0aff9fb5f5cc067a6bb8a4ce5396278aeca2f4af4f3a80fa,no_edit_found,
MB-c0fc2b612a97,sha256:c0fc2b612a9796eca55a5952d365f78a00f16bdff90c9a7a34c0d172737f32f8,no_edit_found,
MB-c105aa5991e1,sha256:c105aa5991e13d753b0dd428d6348250040b926ff973b0846dc22c4508227b7a,no_edit_found,
MB-c10b346e0764,sha256:c10b346e0764fc3a1644d911639f07e51e8b90fc16d6dcbb6dfa826cda34c064,no_edit_found,
MB-c1120de224ac,sha256:c1120de224ac5a82afb4e1c1e6b0779a027c364ab992b2ae92e2a77b205d76e1,no_edit_found,
MB-c11803342baa,sha256:c11803342baa438ee64cc9a17b97fa9a164efe107d52250382cead0a90e0ed1e,no_edit_found,
MB-c121a08ae524,sha256:c121a08ae52428cba3a02ac4e7b34239f9f6c266b52ef366a53e57dd7aab9784,no_edit_found,
MB-c124eb0b5a55,sha256:c124eb0b5a55efd8f0749ecd4fbc03b96f2e70c7fc14f28c548d29b3b3d93af7,no_edit_found,
MB-c1287f1bb405,sha256:c1287f1bb405f1273ff4b55d5de4d034ad413818a897657a9755f384f34f9e23,no_edit_found,
MB-c14653cd9ebd,sha256:c14653cd9ebdcbbc153c9e56854550dbd3c582f8c79c524589de888b43e69ac8,no_edit_found,
MB-c14d14c5bcd5,sha256:c14d14c5bcd5be535109b53af6fcb4808a940343c7fbd6c6e35848423d353e0e,no_edit_found,
MB-c14fcd7025c2,sha256:c14fcd7025c255e51b67900a1ab6f312c2c7926bb962a06e9e1f878ae11613d5,no_edit_found,
MB-c163e40eadf3,sha256:c163e40eadf33a366f42bb622ab9072251499c9b27d71dcea69b3ed4a70a98c6,no_edit_found,
MB-c16891a929ef,sha256:c16891a929efe0a763593f9e84cf0be9fbae001dd5612fb782e863ef592c8871,no_edit_found,
MB-c16c7b933034,sha256:c16c7b933034c13750124ebb8fe77b74f63ec264a22cb8f25a2bff2f7dad5c11,no_edit_found,
MB-c16ff7c6defd,sha256:c16ff7c6defd83d24e7a6537419a0bf5d9ac04b66d544319b8633df67fcbe754,no_edit_found,
MB-c1813e6e67e4,sha256:c1813e6e67e456e37cc6c2d106b6c225b00977eb7703cf56f9b14a9c8946df3b,no_edit_found,
MB-c1860e5e3994,sha256:c1860e5e3994398933f878fd11fad8649244288a921adc6a612e7da393545e3d,no_edit_found,
MB-c189f592a005,sha256:c189f592a00580c649921a8d51505f4d1c5c538ef63cd3c4d070d4f547260357,no_edit_found,
MB-c18bb3003afb,sha256:c18bb3003afb62be2c34de2ec323577dbb12c5d58963b26af6a716bb9d8dc594,no_edit_found,
MB-c1942cd39dab,sha256:c1942cd39dab707835c7318915bfd07ca48c318382f17d02604aa6d1b77b2a24,edited,change
MB-c197301929f2,sha256:c197301929f27bf417523fc541fd52397b5e5f2ad9ec602b2383120076c42f27,no_edit_found,
MB-c1a94590cdab,sha256:c1a94590cdabd1e0a4e02a41cea279167835ff66a356ea65e6501d0d21846ea1,edited,unchanged
MB-c1ae1fa101a9,sha256:c1ae1fa101a9cb79ba57d04ecdc78d176ea28d46bdf7a8fd9c83259d7cbddf3a,no_edit_found,
MB-c1ae674970a1,sha256:c1ae674970a10b200818a0651fca3a123982b304cabb2c616ea1cb88573615e0,edited,unchanged
MB-c1b63e76fea4,sha256:c1b63e76fea481d499418009671e74456e800dce80884ff9b9dfa4ad18dc4249,no_edit_found,
MB-c1bb984082d3,sha256:c1bb984082d3960b5ea06fd4fa7793a92fa685eb7501c2f1f76f1ede0215f325,no_edit_found,
MB-c1bc1f7bf256,sha256:c1bc1f7bf256f17af3721cd273696b99aa2ff6c819c6ad31d07809e99c81eac3,no_edit_found,
MB-c1beeb6677d1,sha256:c1beeb6677d1e877e9a80e81b600f20dc7b83a5a3a7b6718d50a19767ec425fe,no_edit_found,
MB-c1bf0d485e88,sha256:c1bf0d485e8840d7379e48add76ad67cef8be012ebdfcca395f3e72d5a7b8dac,no_edit_found,
MB-c1c4852101cf,sha256:c1c4852101cf99dfce3765cc36847da0dc98b6d1a40cc2a58cb1cb274aa636a6,no_edit_found,
MB-c1c49da4a996,sha256:c1c49da4a996ecd79575ec618a36bbac06ae48bc8cc46380944d843b90540297,no_edit_found,
MB-c1ce2db42443,sha256:c1ce2db42443e9953bc5b8f1989f0b88117297499cc9b4bd027f905e8370ccde,no_edit_found,
MB-c1d63012f383,sha256:c1d63012f38305eb06610c7186de8e9a303b532ff568115674839a0f334dcb2e,no_edit_found,
MB-c1d6c3a008a7,sha256:c1d6c3a008a7250aba398d0625426e5bdd0be3af94cbebbe65ab56e92ec4e847,no_edit_found,
MB-c1d7e538f4cf,sha256:c1d7e538f4cfe3219ed159d8c1ca75a02099017b7f5cf212fca5978c847ae9e6,no_edit_found,
MB-c1d9b940cc05,sha256:c1d9b940cc05e3a146a209a1fba8b27935a5f5bcea4ecf3a21cafcd8612f23ee,no_edit_found,
MB-c1e0bc8674f4,sha256:c1e0bc8674f46dc18d490902f710098b66c240d8f4fba60a3aca5b346a70f832,edited,invalid
MB-c1efc2cf4186,sha256:c1efc2cf41863503e5efaf535d499b8d1194576506c12ba894624d8bcf4d6199,no_edit_found,
MB-c1f057ec3074,sha256:c1f057ec307426486e0c1a2ae1ed0f39922cc090edce27f180c9b3342c6ea759,no_edit_found,
MB-c1f9a38f2920,sha256:c1f9a38f2920e14c7301c0c23833549fcfff710f96402513bf372578d64fae5e,no_edit_found,
MB-c205ff359b8a,sha256:c205ff359b8a5da92c9d801b2f1d1e26a063f1b990f4261129273d30a5afa70d,no_edit_found,
MB-c20c906be399,sha256:c20c906be3991b4643ddf87ab83a9c15f22c15a19e6da7f3ff62223aa1e1b174,no_edit_found,
MB-c21aa8b8f2a2,sha256:c21aa8b8f2a21d4c7851e42d692dd1f2858eeb59721daa0f94227ded2bdbde95,no_edit_found,
MB-c21b02f2a436,sha256:c21b02f2a436db2a66226903ee933f3f52b2cebbb7a7eb43fe9500f6b66cf333,no_edit_found,
MB-c21c8dc9ea06,sha256:c21c8dc9ea0656b2ffcce561abea2a76db8ce9f83fd0814baf51e3b8d10fe2e2,no_edit_found,
MB-c21e03574f31,sha256:c21e03574f31c1021bb50c0260d9b357f91426b7efd389a359da194ce9e366d1,no_edit_found,
MB-c21e0ca463ce,sha256:c21e0ca463ced81a2e6369ff3a3e4616fd8b9cf83c5e428cfb966c537df885b4,no_edit_found,
MB-c22fb72a3d5c,sha256:c22fb72a3d5c525bd3b88a93495666b9245413fa7adc000185e83de5b146ac13,no_edit_found,
MB-c2317c673ccc,sha256:c2317c673ccc1924e1a4c464c0b55ff69fd185ed82b879cdfd9ab94a03ea9ec8,no_edit_found,
MB-c248468addef,sha256:c248468addefa7ac9a4a87f1c69bebb4110d9463d842c38cd64c645d2d9d6a94,no_edit_found,
MB-c24aaac82ae1,sha256:c24aaac82ae18af8c119b1d621023fa898c34f6323b1e9d882f785e770e10eb3,no_edit_found,
MB-c254ba559064,sha256:c254ba5590640a2066e273b96778a0646729e8b957ac1a63a2181ceb3f908490,no_edit_found,
MB-c259821132e0,sha256:c259821132e05829377f2710191423a84c7f0fa29382e32dff2d7f68fbbdc20e,no_edit_found,
MB-c27002784e62,sha256:c27002784e622ce8c2cb9f28b87583f82c8af99e3eb52456630dd98975570953,no_edit_found,
MB-c275d5c339c4,sha256:c275d5c339c4218f2b7d0143501521ecf7d94cbbed02cf2c12619feeed468846,no_edit_found,
MB-c2778f613077,sha256:c2778f61307772a7825bfb8be9bed01e9831649688a9a3b6f6828f14b7fbdad6,edited,invalid
MB-c2788aa172c7,sha256:c2788aa172c7e8a7fad084d94d9ebd5faa0c9872d82b6b38da126f1b2f0bee9f,no_edit_found,
MB-c27ce4c3b5e7,sha256:c27ce4c3b5e795b9aa0130ff75bc9e6b9584a395f777a488eecf7bcfd0626537,no_edit_found,
MB-c2892667f335,sha256:c2892667f335d53bb332b54dd90888fe430647349f4e5af3db8dee001bb5e4ab,no_edit_found,
MB-c28b61a66f59,sha256:c28b61a66f59910f3ec23146e42686cd2f63e6d760e84fdcced1c6341ecafb32,no_edit_found,
MB-c28ecc28ac81,sha256:c28ecc28ac815c324e4268bad7b2eeeeeb1c7dd917493947e384aae705cd45bc,no_edit_found,
MB-c299751a45e7,sha256:c299751a45e7b2f68de54fdc93d28ee15aaf63456ccd0346c0da9384691a3edc,no_edit_found,
MB-c2a468611516,sha256:c2a4686115162e8273df74ebe7fad68892927865532fc2cf3feceb61ea36165a,no_edit_found,
MB-c2a918115460,sha256:c2a918115460a9364a8a781ced33dc335b4435766baf863f02b8642c04427c58,no_edit_found,
MB-c2adb260f4a8,sha256:c2adb260f4a87748f6ee0db0358b37bf0351881f67ad56c439551eb2bf21de3b,no_edit_found,
MB-c2b6f4b8dee2,sha256:c2b6f4b8dee2e95c563dadcea56cab57e9af709cb66e5ae8e6e3f5cfbd0f93c2,no_edit_found,
MB-c2b77770660c,sha256:c2b77770660c923f298b408f0179ba04817f94cdafa988d557a6c1c7812bb209,no_edit_found,
MB-c2b98b0b475d,sha256:c2b98b0b475d7dc1746fcc86ed8d6a411ce3f3debf6c85e6fe1788d5d2255b86,edited,invalid
MB-c2bdecf1242f,sha256:c2bdecf1242f195fef8da2c24c54a045d6d4b1524db6d6918cc5adbb3763c686,no_edit_found,
MB-c2c643566310,sha256:c2c643566310bb48c02058d91a7cbe1ff83cf9eaebe46e3fa774a006b1f143bd,no_edit_found,
MB-c2cde67f1d31,sha256:c2cde67f1d31589e2e0d122cd3699fd2827f652e8f37982c36f631ef5f8b0ae5,no_edit_found,
MB-c2ea04c6c307,sha256:c2ea04c6c307d329945e5996f61c82f0a93e4c6f780bceaf08483d0c0b25a0a6,no_edit_found,
MB-c2eb7516e586,sha256:c2eb7516e58618dfb998a16433b93e721323ee349446706ef9f7c8c7b57d5aa2,no_edit_found,
MB-c2ec00a25371,sha256:c2ec00a2537110957af41c9db0fee08b282923d37094184871b84d6fb6b3592a,edited,invalid
MB-c2ee30ead068,sha256:c2ee30ead068c6fb451630d6757d907649b35ba38279262558145e4614fa8cb9,no_edit_found,
MB-c2f0ca095202,sha256:c2f0ca095202e82578719a7edfb8e57a4781c32c7eaab8b77fd6d5729596d24e,no_edit_found,
MB-c3021b4195e9,sha256:c3021b4195e943894a70e0a80b34967cc5531fb602bf90e08406fed195051170,no_edit_found,
MB-c3021ffd0461,sha256:c3021ffd04615e7d3bf4a8993ca37452ea95f78a49aa35495cd7850efe9827c9,no_edit_found,
MB-c3042bef07e3,sha256:c3042bef07e3dde40727795a4b6351e67014e7080f6d0a6a212375b690e560f3,no_edit_found,
MB-c304d70fbe57,sha256:c304d70fbe57022297382da977a1bcdcfac557d8a64f87d0b41c699d0a82155a,no_edit_found,
MB-c3138a316b97,sha256:c3138a316b97b7bbd544e6fcc75bc045b50ad657ebeae6f55ceb22dc3d3fffa7,no_edit_found,
MB-c3147f045895,sha256:c3147f0458958ad86eae62ee07175d65595da5e3dc1663e421b73e384891eb13,edited,unchanged
MB-c31b5217d7b8,sha256:c31b5217d7b8a59645399a8fea4756622974bcd50aa223c2073014735c7abce6,no_edit_found,
MB-c31c8f66d75b,sha256:c31c8f66d75b89638b7285264342a1c433835ffa8badb7e2204560c63af5c3f6,no_edit_found,
MB-c3201c569aa6,sha256:c3201c569aa6dfcc4277175cc9a077f9ba6588dd82e52808dc58ec063930d78b,no_edit_found,
MB-c323df627111,sha256:c323df627111a207514c2481509006ffd4b8b882dbf0003668458fcbb28cba87,no_edit_found,
MB-c329cb6736fa,sha256:c329cb6736faa236c441faad10115df14c0282261ac30977368b1b170ff704a1,no_edit_found,
MB-c32ba5bef610,sha256:c32ba5bef610f6e4df6db198cc33b8c8d33969ed42dc77dc73accaa062dcc445,no_edit_found,
MB-c330533c6ac6,sha256:c330533c6ac6a8d2adca3ef38bca465976e7a70261871c31eb1602ec03061f75,no_edit_found,
MB-c332bcf5a1b9,sha256:c332bcf5a1b93268558619b19e4591b4ed797ca2cef3bc3fe0972f1522c5b869,edited,change
MB-c33317bba7ab,sha256:c33317bba7ab3175680561555479bb41257d67d53e4940d600507409ffe6b141,no_edit_found,
MB-c33c2a0140f7,sha256:c33c2a0140f790080b165f0b74ffafea148b54bc24c412f4cc75364fe862c467,no_edit_found,
MB-c33d197c7873,sha256:c33d197c7873a83501d76c1204c262ae22b3811aae1522764af8e7d6be7b5c45,no_edit_found,
MB-c33e57a7f1a6,sha256:c33e57a7f1a6d75f7b00ce79c0911a365cc693ac307452a043f6557d1031e2a1,no_edit_found,
MB-c34c80495827,sha256:c34c80495827fdd168255c7e37d62daf544764bfa9dfd31911e7c2189ea683b1,no_edit_found,
MB-c35516bc3430,sha256:c35516bc343013bc1ffe1b1ce7cba381a436105e3fc51337d4f84137acf9154d,no_edit_found,
MB-c35545900106,sha256:c35545900106d9eb47870311eed501e7f13f86b8f66874b75cc861f50d0a5100,no_edit_found,
MB-c359b02b1323,sha256:c359b02b1323cc010e78c547658c154a4dd735ad38aa7718acab59aed4ffa977,no_edit_found,
MB-c35e1f1d08a2,sha256:c35e1f1d08a2c562d277fa71fef06b7a8d35e9b564636bfecff339b6a7053b1d,no_edit_found,
MB-c35ec2a42624,sha256:c35ec2a4262480b89fe57024dc83fa780082f24bb2a7c38143aafb15fde0bb39,no_edit_found,
MB-c37a79a79fae,sha256:c37a79a79faefe7eb40d2f9bfd4bdf7f8d64358f75c65b276a0450e6f732a660,no_edit_found,
MB-c37a9a782ae8,sha256:c37a9a782ae88c56880262ba1500ea57d3cf0edcb9436c766ab9321454b49021,no_edit_found,
MB-c385024c1ad6,sha256:c385024c1ad65a864263b2ccdda6f2cd37b302f8d1efc43168909190a8e98570,no_edit_found,
MB-c3863bea3f56,sha256:c3863bea3f567864e925f316142d76f949638ce24e8422f554ea5d96e5a32f6e,no_edit_found,
MB-c38d18303700,sha256:c38d183037009dd3bede5251729da5e41965de3fe49e63d61f78da2edd3696f6,edited,unchanged
MB-c3a642889bf3,sha256:c3a642889bf32d420e599bbe800d4ecf8233d8279626144ca804cf9f707b23f1,no_edit_found,
MB-c3aa795ced37,sha256:c3aa795ced3715385517f5738c0ecb263e172100c48cb2c3539d9a137c320c08,no_edit_found,
MB-c3aafb5fc471,sha256:c3aafb5fc47153599774782017cba53d17563f3466014eaaf1d097102dfbc6ef,no_edit_found,
MB-c3af14738051,sha256:c3af14738051a7307c1db7691fb4ad83e7d78c3b1034c74a60f5e45ec0a65dbb,no_edit_found,
MB-c3b0fefb0b35,sha256:c3b0fefb0b355537fb71f54f07e3eba81ff0e91e1755bb65bfc5fae298606bb1,no_edit_found,
MB-c3b44a2012b0,sha256:c3b44a2012b045914976b97040fa5c73aad2499fbc4826d60b68a7aedf236527,no_edit_found,
MB-c3c1641698e3,sha256:c3c1641698e3ed317ff9f8c020e2c2b03321af1c858648de3df49344bda87cf0,no_edit_found,
MB-c3cd2b3db881,sha256:c3cd2b3db881b182722ce0694166ab68564502cd5740a492c446586b9769e5b9,no_edit_found,
MB-c3d74e18d69b,sha256:c3d74e18d69bd1f18230a9e50f769c5d516119c27d5b7077f77c94fbf0b6c71a,no_edit_found,
MB-c3dadd9ea861,sha256:c3dadd9ea861494219d26ade92002ac1c78412efa49abd2978699c052d14183e,no_edit_found,
MB-c3f44b97d26b,sha256:c3f44b97d26b4ab9b7672bf398a098d8fd8da18ca37113bccd96003feed4c708,no_edit_found,
MB-c40ed8cbed64,sha256:c40ed8cbed648d1ff24ebbdff0df7596330a26fd77a9ad1ecc0ea870033ab9cb,no_edit_found,
MB-c4257d696f18,sha256:c4257d696f18cca4e2f67945a629f6b7d3874e888adf896658467bdaa766216b,no_edit_found,
MB-c430b0671a08,sha256:c430b0671a0805a66fe284364165cc9f510954bf70c6ed9cc3f5c7125d8f61f9,no_edit_found,
MB-c43423e695a4,sha256:c43423e695a4ef55596cca3e59fc88b3d6466b383acca790cf82436d8cce79ba,no_edit_found,
MB-c43e4dd03778,sha256:c43e4dd03778ba1d60af08b1ec00cb59eb1a26e00d7e91c25fe85fe3b71b0f36,no_edit_found,
MB-c443a62b0e00,sha256:c443a62b0e00a569e6afa5b638c2ef2df6c85d45ed439f7831a555d814abdc42,no_edit_found,
MB-c468e60ac065,sha256:c468e60ac0656bf7db33c9a80795d1f14918155379c5e2c3062c12c6064086c6,no_edit_found,
MB-c481e2659590,sha256:c481e26595907a09824ed1bbcfa3e441c645ff06a725f7e5b83ac15b494f28b1,no_edit_found,
MB-c48cc034f7d8,sha256:c48cc034f7d8c2a154b27bf7e602806cc473acf055590ea926b78f78ca677cea,no_edit_found,
MB-c48e0673a7f8,sha256:c48e0673a7f8a4267b7fde36ca77c9a61ae1909b593c80d23ec7a351def60d56,no_edit_found,
MB-c496c24b8dcb,sha256:c496c24b8dcbc2167768e8889ed053bf4ab363716736cbd46ecf577df5353c17,no_edit_found,
MB-c49c82c8f164,sha256:c49c82c8f164460578ef1b48aeba4a95293cf532bf8ddd984ae0c490eabb6dca,no_edit_found,
MB-c49cc2f00910,sha256:c49cc2f00910482728a4c05b9e6f87812640d7267b495ab48143f89af1983dc1,no_edit_found,
MB-c49ce4172cf8,sha256:c49ce4172cf87ba6469deb4da78453f136f3eeac0f2b085a6e5c8d645965cfa5,no_edit_found,
MB-c4ae5630552c,sha256:c4ae5630552c2652d7f5b8e45c9979df4aaf47d1dfebaeffc856dc60c1a7e099,no_edit_found,
MB-c4b387013842,sha256:c4b3870138429f33ab25cd2366221d33325c8754e441fe5723993e6ff71865b5,no_edit_found,
MB-c4bfb896f18d,sha256:c4bfb896f18d68ef8686a89fd2201e4a7331ee20128bc7ded1d0a5399654378b,no_edit_found,
MB-c4d4a004dc63,sha256:c4d4a004dc6335119ea09baf60fe462b092829acaaa5d6e4822a14278b582cad,no_edit_found,
MB-c4e7b0b6f3cd,sha256:c4e7b0b6f3cd93f6a73bdf669d62154e54e2828db37e20df9ec7b19c9f083e2b,no_edit_found,
MB-c4f0e5154505,sha256:c4f0e51545058cd0e2cd102464f68761be60da261b3cc7e01542bf4adf809bbc,no_edit_found,
MB-c4fc6e21b8f4,sha256:c4fc6e21b8f4decd5665e21f358c045641fa9ec843a11284118f4e147769ad45,no_edit_found,
MB-c4fcfbdf989c,sha256:c4fcfbdf989c0d23c094b216b77948fd10a4701de2fb77eefb851a9f7021bf72,no_edit_found,
MB-c5041c393085,sha256:c5041c39308564924f003607f79e3c537d4cb589af477e52a4e3d8ed7292d8ad,edited,invalid
MB-c5068182f1e2,sha256:c5068182f1e22b1f41e754c57221de415f043ec98f890582402654f4d3fd66f1,no_edit_found,
MB-c5146d3118aa,sha256:c5146d3118aaf33046923bcdf53c966a947af4f52e05880808904df92101a539,no_edit_found,
MB-c51da0c87186,sha256:c51da0c871867e8086f87c1394d9af157ac8863fa6ddce5c58be8749200c0a1f,no_edit_found,
MB-c5212f35878c,sha256:c5212f35878cea4b13c9eb433d736dc3a7aad5db86d0752d620600c25e63de11,edited,invalid
MB-c52650f2e131,sha256:c52650f2e131004b017ec7285e4ada30023ff79bee509931401c8c9d70e0f08c,no_edit_found,
MB-c5278d0a832f,sha256:c5278d0a832fca8e157735e9ff61d1a10d57ac65c733b7c0eb508421a79bee5d,no_edit_found,
MB-c53c59772a62,sha256:c53c59772a6200aa7d92c0569c94a3b2afe51af43949e34a95aa918fae6c5856,no_edit_found,
MB-c541024cc650,sha256:c541024cc65090ebf8537435b951434f85069a7de7ccece0f451228f4ed33a5a,no_edit_found,
MB-c5411736c8a6,sha256:c5411736c8a67e1e75e2b766322e4d18b78b51522550470c0e406c6afc8bd8c6,no_edit_found,
MB-c54282a45d43,sha256:c54282a45d4308085285ae1e7537276af7ae6c78a7ad4933cab32dae4f5a9f97,edited,unchanged
MB-c54b3dd79f7e,sha256:c54b3dd79f7eb26ee24fe995e92c41a99e9fd8d09169f0276c8cc8e90ae22e64,no_edit_found,
MB-c55b1586d35c,sha256:c55b1586d35ca13111701f295107f8ee9a8d5ece5fc62be4006387a3cba07d5e,no_edit_found,
MB-c564fd7ae9c4,sha256:c564fd7ae9c474e98eb7c3a3a6c10837ee1816ca358579e7eee41dc1959865de,no_edit_found,
MB-c56fb513c690,sha256:c56fb513c69035eeae95c4b7b7d8740ecb57cc6a2fcf34f43b9334958fafa614,no_edit_found,
MB-c57812462100,sha256:c57812462100f6033be57c152d8a5e3572347f3845c7270962e799f28d43b206,no_edit_found,
MB-c57c55bea8af,sha256:c57c55bea8aff3217d6a3fda4d427cc6be8fd38f984ba899ed8c2642765b13fe,no_edit_found,
MB-c57c6054652e,sha256:c57c6054652e4d30631ee4e08a640b2dfef24f4b2f17ffa0575070e3d8db7fb9,edited,unchanged
MB-c57c92c16a83,sha256:c57c92c16a83a03a433acd30fb513feeec730105e0d1c4673e5d4a1bd471df9e,no_edit_found,
MB-c5817d29b0a8,sha256:c5817d29b0a8b117605d4fc4a31cc6edf84e063ea1fec7825e5d62f1cfcbf65d,no_edit_found,
MB-c58d8fe6cd8e,sha256:c58d8fe6cd8edb8d0a7a97cd57d42ff070bf46b3918fb29b6d80d8199038a311,no_edit_found,
MB-c596eafddc93,sha256:c596eafddc9361448d6d07786e5c8f3d3991d0d8921be1e60aea0f431c8954a7,no_edit_found,
MB-c5a134eeab32,sha256:c5a134eeab323f2463412669ae37fcf6532d290f440677aabba6f3b7ece68a1a,no_edit_found,
MB-c5aa0e665ccc,sha256:c5aa0e665ccc1217dab8ecbd217626d7d4ccc6c34bff70a98e80dd463633a5ec,no_edit_found,
MB-c5abcd7c9105,sha256:c5abcd7c9105b5b49ff859ae998771074f2c528e4afb59eabb75119006c69128,no_edit_found,
MB-c5ac84ad1451,sha256:c5ac84ad14519efa163bf46dba9f210d2c788cdc272b638a813de38129d0f31c,edited,invalid
MB-c5b1616cd9ec,sha256:c5b1616cd9ecee73d919391e39a8e2b433c17c22b1d0d0c6f14a315e4d8c3f26,no_edit_found,
MB-c5c9a91399fa,sha256:c5c9a91399fa300c2b6c6215e08bd12118c7dd380898f30edfb16c3e3a9c8927,no_edit_found,
MB-c5d0e814c13d,sha256:c5d0e814c13dcd644dfe45aacffec03dfabb2586e7e939340bbd6200ad9eaa1c,no_edit_found,
MB-c5f587ea70cf,sha256:c5f587ea70cff4f2d2ea12ad4bd47042007f206db46caa4b22526ad11e34e7d2,edited,unchanged
MB-c5fb6b992d38,sha256:c5fb6b992d3870e60d4ad0b437663b7616de3df8e7b38451d2e57ea0fda99cf3,no_edit_found,
MB-c5fd1851a450,sha256:c5fd1851a4504fd513953bf3b3a909a73b4a356543e31c738956ed4f5d83f6c3,no_edit_found,
MB-c6079e2df5c8,sha256:c6079e2df5c8016fc77b3e801f890d932a84bd22a3cb9cfdb25e9b7af0c19cb4,no_edit_found,
MB-c60e17b61282,sha256:c60e17b61282108820c093e8d70f56792c49294c3bf11def7dd7d0aa8288248f,no_edit_found,
MB-c615870dad20,sha256:c615870dad20d5ac879322e3cc45d79b4e1eb6576ec0c64aedda07daaa044e5d,no_edit_found,
MB-c617bd93869f,sha256:c617bd93869ff840946602573b09cf3c945e466aea3bc50f2b4bfd4bc66ebdb3,no_edit_found,
MB-c61bd7aa1148,sha256:c61bd7aa1148ee55c831682c4d12de591f838fc5890abeca0a5790766138a0ae,no_edit_found,
MB-c61f1821a56d,sha256:c61f1821a56d715dfc4c5e0bd712923ba4ab7bcdb1f11db84234d95c484603ea,edited,unchanged
MB-c62f554d4888,sha256:c62f554d4888fd2548b42031794a3fce0dec5ea3b2c157fc09e3439ffe904161,no_edit_found,
MB-c63136bca33a,sha256:c63136bca33a9acdf7ced9554c81a868b8a450460cff97d27fab5e796d61cc47,edited,unchanged
MB-c6362caecb65,sha256:c6362caecb65ea1862ffa49263d3a9e769ecb80c22aea8e090617358665e5035,no_edit_found,
MB-c637d2473093,sha256:c637d24730931606f4e0a48dd929bbcbc9c2c581df1205115920e24411302e8a,no_edit_found,
MB-c647f9512bd9,sha256:c647f9512bd979291442ff77a36850131791fd4a20bdb1975bc389c23cfb9b05,no_edit_found,
MB-c649133aeb68,sha256:c649133aeb68b2aa3f148da82fed889b1f1b3968017249957dece3c3fff0c17b,no_edit_found,
MB-c65ab43efe85,sha256:c65ab43efe851e34c5e5af11dba55b11bdbb6b34e42ecf87d1c089722d861aa6,no_edit_found,
MB-c65cbd761519,sha256:c65cbd761519f6d928da298625b4211530ef56d80dcf815d909c0dc57cfe835c,no_edit_found,
MB-c66430e8c4e4,sha256:c66430e8c4e42fdc1fceee2814cf30bd19014d42514553923819cfbaacf4bf0a,no_edit_found,
MB-c66589bc22cb,sha256:c66589bc22cb7d214c2daf208ecbca42e862cc7466661aba7bda4851a571fd99,no_edit_found,
MB-c66809f32cdb,sha256:c66809f32cdb504d77f1f77e94efb9111143ff1ba77bb2f2774a73e58e481e6f,no_edit_found,
MB-c673bafe2289,sha256:c673bafe2289e1c9a09e0a8cdd0f3a7f0a1d7d6c73fe4a20711127141a38c8b7,edited,invalid
MB-c6746ce12bef,sha256:c6746ce12befd0f28f0c480ac0b981ee05cc0be2cd7e97197ed986f0c462f432,edited,invalid
MB-c681938ac5ab,sha256:c681938ac5ab648e14dc803d3226ab9444d5deae09bde6fd40cbd19f3bd7c86e,no_edit_found,
MB-c6941ae9fa89,sha256:c6941ae9fa893af776ba37e837ac76b80c67ffd66da0f92a0f2757fba06f5dc9,no_edit_found,
MB-c6948a7d373e,sha256:c6948a7d373e681ff0b72567373f0c9814e7ca533bb84900af69dd0a07f2d8fd,no_edit_found,
MB-c698faf73b76,sha256:c698faf73b76597dd9498b99cc704cc8d786a4e194c78301c1ea9dd8ce73cac4,no_edit_found,
MB-c69ca81f68cd,sha256:c69ca81f68cd289f9dfb1b73659b82bbc26c55dfaff698a69ae9dea96def83b0,edited,change
MB-c6a0d1b88921,sha256:c6a0d1b88921675c9a5eefbdaeed47c8e5ea49952c010f9d14ce99a988cad7b0,no_edit_found,
MB-c6a565d64700,sha256:c6a565d6470015a56aadb4c5f5acd6af37412dd68249a298679c41b811bfe8c0,no_edit_found,
MB-c6a694c2ea30,sha256:c6a694c2ea3007eeffadc6de47d33f073a7a3d018506d3ff2a6a340ee081df91,no_edit_found,
MB-c6a7578c0970,sha256:c6a7578c09701969dbb7b319cb3258693b109e993c35e193b22fb9796e5fff57,no_edit_found,
MB-c6a8709b0975,sha256:c6a8709b0975e29e698911ab3b97e9ed45b966c51a4cf04cc89f3bb2b699ac1c,no_edit_found,
MB-c6b0068fd4e2,sha256:c6b0068fd4e2432054748c0e7a49ece31a68a1be4d5fdc30f7a06e14f18cd29b,no_edit_found,
MB-c6b396753f01,sha256:c6b396753f0162148c9561b9210f45258c03790eb05c838246f04dede78d2e17,edited,unchanged
MB-c6ba3bd5f7ff,sha256:c6ba3bd5f7ffcbeec8d57bd7ccfe4461e38209020978ab9a06e55531c72562a9,no_edit_found,
MB-c6bc1842d7ce,sha256:c6bc1842d7ce8ff6da71da5b32b7483831cd0e953738d4d1aa2866fe6eecf18c,no_edit_found,
MB-c6c269b9d768,sha256:c6c269b9d768bbe3c735de0f367ffd0ab85a979fac5c5c743e8468df06ff0883,no_edit_found,
MB-c6c63ebb6c1d,sha256:c6c63ebb6c1d0855184785334909be768697907e261f1897b5ceef3a6d7d0b91,no_edit_found,
MB-c6cab090bf22,sha256:c6cab090bf2239af9371506fc57ba64159ec9c02f70251943322f39093ccd0a0,no_edit_found,
MB-c6cb0816690a,sha256:c6cb0816690a8a46d17d54c93f9d8d94e506a28f9919aeaf47e87f1984b1fad2,no_edit_found,
MB-c6e54b4e435a,sha256:c6e54b4e435a5b844358d8f242a52e2eff2a25a7e23a2649f828a464f406f41e,no_edit_found,
MB-c6e71d025b1b,sha256:c6e71d025b1b6f559587ec65cf8ff329dc2c1dd33eeb108c42a0e538e18b3ead,no_edit_found,
MB-c6ea1e4abc03,sha256:c6ea1e4abc03caae48f66d4dab607146d00371e76da243d6ba4fb8678111bf97,no_edit_found,
MB-c6ee6119cfd1,sha256:c6ee6119cfd139f0a11f79dae108baed4cacce52c1f42b70ed7a9b7839e62bcb,no_edit_found,
MB-c6f05443a7d3,sha256:c6f05443a7d37a78dab6c3e6f03276af3d1d9fdeb8ae6c3bb12b3f0ed9fa210d,no_edit_found,
MB-c6f24801fe3f,sha256:c6f24801fe3f6361184e918a07bbf79a9aa26accf091e3580987b8ec75ababba,no_edit_found,
MB-c6f5717f0aa6,sha256:c6f5717f0aa6a5f9c22c5a90343bf0504a5fefed3d3daf84ddb9590d376a7265,no_edit_found,
MB-c71659fbb19b,sha256:c71659fbb19b378dfbd9e25fa2796ca176ed699415500359147ca5f2a2301092,no_edit_found,
MB-c7208fe17b3c,sha256:c7208fe17b3c8a36346a478c2716b36bfc1d2986e29b4594669adaedf3e294b7,no_edit_found,
MB-c721d794e28b,sha256:c721d794e28b20c08367d653acba079aab7cd4560fc37adc57d4b558541747a9,no_edit_found,
MB-c7258fb8f034,sha256:c7258fb8f03428a0a004b766c09798435bc0ce6d3a6d5b31f1d03644967cd535,no_edit_found,
MB-c727a4beaaaa,sha256:c727a4beaaaa6bb220c27199cd6ee5e58b4fa6ac83aef65f7b0acc12f05f5c03,no_edit_found,
MB-c7292503f6b4,sha256:c7292503f6b4466a5a7f30b9420483ef0a120f75b220388a9604894e6f6b1736,no_edit_found,
MB-c738b9a2501a,sha256:c738b9a2501ac5d6f326fcd05d5217d1f36b04b816939731ba5ff8ac0c902f81,no_edit_found,
MB-c73cc541f1a6,sha256:c73cc541f1a65654e53d29ed5189f329472ff7a33b7dd07de740c958783f6049,no_edit_found,
MB-c73ea7bcf0c5,sha256:c73ea7bcf0c58769c51d2c205b4d9ed8db69c0aceca56e217ee18ed9269068db,no_edit_found,
MB-c747d66ff1a7,sha256:c747d66ff1a7538948d99954fa3912a33c2c8f3dac2abcbdbd2dd428fbd05a01,no_edit_found,
MB-c74ae7e392ee,sha256:c74ae7e392eede45339f3708a501a1216b97de2b819c6cb9c640b3a3c76070fb,no_edit_found,
MB-c7562d2a3a25,sha256:c7562d2a3a25314abb0bd3bfcad3aca95164edc6edc0b4aed1853ce31b8678aa,no_edit_found,
MB-c76a6054443d,sha256:c76a6054443d200aabdc566ebc78e5a5dc4fd4dfee19701a2fc1508d166c5334,no_edit_found,
MB-c7754f813bae,sha256:c7754f813baedc676e08d4f9d229b40bde6daf1d37a7de7ed3b41a6ccc75bf04,no_edit_found,
MB-c77563e036e9,sha256:c77563e036e96f8d43e925a8d2e562412d38022a02b390312685d5f6712c6d90,no_edit_found,
MB-c788a4ccb68a,sha256:c788a4ccb68a13b0783970f7af742b9c03b91c5ad20436c42cfc8489c5e715c3,no_edit_found,
MB-c78fd5bccc8d,sha256:c78fd5bccc8d5342fb418ac5c5d567c43438046f1b94ca5889d51d3a84c2f2f7,no_edit_found,
MB-c791d6f9af44,sha256:c791d6f9af445b3803d5fdbf906605858b6ba8e83b58b0bbabd61b634513e008,edited,change
MB-c79e50dff0fe,sha256:c79e50dff0fe894ec6145e54db36fbc95a823bb890c96b17effadae295c7c80a,no_edit_found,
MB-c79eef6159f9,sha256:c79eef6159f9690e2e0be9461fcc0ac8f7fd9032d6d958da095b1e2b919f3b58,no_edit_found,
MB-c7a434478de3,sha256:c7a434478de3608c4332ce93885e9f6acf1b38f2ed2a5da7d8c00175fdb07e03,no_edit_found,
MB-c7a54472d3f9,sha256:c7a54472d3f97dbc27ee60b9d0b611da1b082215401619a8a4803085c6cbff57,no_edit_found,
MB-c7aa67c20b77,sha256:c7aa67c20b77bb262014ef34557462f6c28570ff1c1747d02b855bd9af421180,no_edit_found,
MB-c7aad913da08,sha256:c7aad913da08f088e3acbec996f6e6e602bf752116f08c407df5e5a727722b9e,no_edit_found,
MB-c7ada909867d,sha256:c7ada909867da87bda06d99954201a7451c431467d1885f9738652671db74bab,no_edit_found,
MB-c7ae7b5b64ae,sha256:c7ae7b5b64ae28aeb4cd05b34d7e417e6d29c3b12f0619af632b799f20b692fc,no_edit_found,
MB-c7b596801bfc,sha256:c7b596801bfc6f4a8542b3ab92755256962975453d60ceb0dffed1d07d34c52a,no_edit_found,
MB-c7bfd9cdc81d,sha256:c7bfd9cdc81d65d25f5d1b70b1735c04a4cde4d7443c3284c24369000843468d,no_edit_found,
MB-c7cb336a261f,sha256:c7cb336a261f38a124eb1b933452b57452e0186157027b4ca33c4b9fbfd3c744,no_edit_found,
MB-c7d41f331fea,sha256:c7d41f331feacba003b10b0f5f0c80e16a960fe7203be848c598fcd02c679554,no_edit_found,
MB-c7db1564db1a,sha256:c7db1564db1a5b58837f3de18e7ea3829eb858a5eb13dd89216c06599e1d0862,no_edit_found,
MB-c7db268ac6b4,sha256:c7db268ac6b437ccd42b6b6a25d4b0c3784e6268ae9d008a12c7ffc4bd5d49c1,no_edit_found,
MB-c7df1c5f20f5,sha256:c7df1c5f20f5df5d641e1a945f94e18d095689f407960d3c010e36d10b9c9b7b,no_edit_found,
MB-c7e34462986e,sha256:c7e34462986e1022c1225770c68fd811aef7abab6dce084e7236e6f76e883b2d,no_edit_found,
MB-c7ef7ce47f14,sha256:c7ef7ce47f1403cf0899da680a5981c385d2e0fb9673889af112f09d6fa0c7f7,no_edit_found,
MB-c7f4ff6da526,sha256:c7f4ff6da52667fafe40ce527134332567fc0bc211d283e218a9ac5b8dfe06b7,no_edit_found,
MB-c7f998dae33d,sha256:c7f998dae33dc32db025bc113a12de1e764328cbc66c6c1b2ddf6728df55d3af,no_edit_found,
MB-c7fc818ab64f,sha256:c7fc818ab64f39618ae97b105ab558d880d4740836ee75306c8bccbef75e404d,no_edit_found,
MB-c7fd7a3ffa07,sha256:c7fd7a3ffa0773e623fa83272ad002ca6724f000059f934a1fe61ee3dea046da,no_edit_found,
MB-c7ffcd0d459a,sha256:c7ffcd0d459a0929f11fb888ccab0f00231fe5d59beab4409f22251a0dc70ec5,no_edit_found,
MB-c7ffdbdabeb8,sha256:c7ffdbdabeb83dad4126e757fd08df9699ea453554d244d83a6dc92cd178eaa8,no_edit_found,
MB-c800a70396df,sha256:c800a70396dfca38d7695a9f46f8d4b236bee24385d592a02012339e7760ba5d,no_edit_found,
MB-c803b7085a22,sha256:c803b7085a228ff41ab397a83d05bd55b5f9d7c6741520f703aef9b3f39a770e,no_edit_found,
MB-c808094c81e3,sha256:c808094c81e339eeb1a43a5a034d4089a9d3420aef7c4e8da71f8d70b8bc1fdb,no_edit_found,
MB-c80ba1ebdd83,sha256:c80ba1ebdd838a981a0fe024496d7aecbaf342a72ff262f5881a7fb202a6bf20,edited,unchanged
MB-c80e25132d96,sha256:c80e25132d967f95ffac8049ad46483b3d0f956c62cdeeb8c871d4d24f6edfc3,no_edit_found,
MB-c80f33b88540,sha256:c80f33b885400d97ca7677d9eb5f22f0b5186c4c2e3d38f91a1c3f4803a77ae4,no_edit_found,
MB-c8166b271af2,sha256:c8166b271af2699b05085a91bc3f0573c42b93c503cdd7a4e5e092687b926f37,edited,invalid
MB-c8186202900c,sha256:c8186202900c69192b628050a42f8e59d5f7b692b77a21345fe4dee918fabc5c,no_edit_found,
MB-c821c9f15e25,sha256:c821c9f15e25d945293b59f1f9d7a61c074f168c13e7145b551e2b1fa283d0c8,no_edit_found,
MB-c836cbb64b92,sha256:c836cbb64b92ecb0de9c6ae72a6f52f9fdd598cad3ae4cfabba96dfffc88bdca,no_edit_found,
MB-c8370c39c384,sha256:c8370c39c3847cf5fba79802304518bbd139dab89bed53a6ed1dfe71e3dd29d3,no_edit_found,
MB-c83bb5673634,sha256:c83bb567363467638df531bdd356ac8bd6b76a63ce3bf0841cc8ea239e75828a,no_edit_found,
MB-c83d7dbf5a2e,sha256:c83d7dbf5a2e404cd865a6b9b7b7b8d954db8e122754d8e42cbb0545d265d8f5,no_edit_found,
MB-c861a43c0d5d,sha256:c861a43c0d5dd69800b6a81be316fe542ac54f7fdb0588cc6e79e183fc4b67aa,no_edit_found,
MB-c86b5675c4ed,sha256:c86b5675c4eda2820382bc529ddae7754b6171f16d4e169358381b5abab4fdf5,no_edit_found,
MB-c86d632ed7c3,sha256:c86d632ed7c312dbaf689f6dd416079eaf87bc7d9081e34d668234047c6889de,no_edit_found,
MB-c889b7c01947,sha256:c889b7c019477c7d132237779d5431027180bd3e535a8867dde440d73e68f9f8,no_edit_found,
MB-c88f5edbd3b6,sha256:c88f5edbd3b6a4a19a46781b1d12ce75b0ae68107626fbccba4d302141548ecc,no_edit_found,
MB-c891881465cb,sha256:c891881465cbc44018ce93ed61f54bb9ce0f81e711107bd6dfc515c5bdeb5cf5,no_edit_found,
MB-c89b4c122ca9,sha256:c89b4c122ca9183a1b9d32ef355552afb7b48dc64aa7b0f4155b0061db15e0c0,no_edit_found,
MB-c8a2981ad323,sha256:c8a2981ad323ba7f695da626181e7e1bdde910d2036f4b377a823a33e23e3633,no_edit_found,
MB-c8a5a8af02d7,sha256:c8a5a8af02d7b259646fed104dbcad39ea26ad54ec874aeb42f04347363da2d4,no_edit_found,
MB-c8a5ffbbf4ef,sha256:c8a5ffbbf4efc39994ac60b6d040be4d5c842b91a74fdfab31ff598f3506ac43,no_edit_found,
MB-c8bda053b5b1,sha256:c8bda053b5b1fcb6e6c8a04b71201e4aa67dc9f9a088a1e93b7984a0b43a11dc,no_edit_found,
MB-c8c4f3cd2304,sha256:c8c4f3cd2304643f8936724be0155d0d421dac10bd70302eaed3b7e4ae023ae8,no_edit_found,
MB-c8c85ecddb94,sha256:c8c85ecddb94c598cb4898832d855af69d35704cbed651d137eabf921aa0f338,no_edit_found,
MB-c8cae11d11b5,sha256:c8cae11d11b5e5a76d1610dcd70b1d75ac0215392fe2d44f39f12e1923e06659,no_edit_found,
MB-c8cc800fa3e3,sha256:c8cc800fa3e36e7eb5060f60d2ee89d2562b396ebf08adf66712477484c531c5,no_edit_found,
MB-c8da8105c7eb,sha256:c8da8105c7eb2e7643cd3cefd816f863a9a61a082318283507d94d25ed22bb01,no_edit_found,
MB-c8dc585d93f2,sha256:c8dc585d93f28f5c66c210a6c0b2bc8bd7939eadef70cb994eaf923b5a54d95b,no_edit_found,
MB-c8df217a848f,sha256:c8df217a848fe83cf193b530af9af5633a4bb6b4347c0fa2cbd23bb68f3d6a0e,no_edit_found,
MB-c8e8515414af,sha256:c8e8515414af8a360c47332eaa831b45e19db28155026c8667893a43999f57a6,no_edit_found,
MB-c8f15ca8f950,sha256:c8f15ca8f950a6be54fcb78ff36ff36ab57e9816764daf5d6e66af2e5633e87b,no_edit_found,
MB-c8f2c1ff3607,sha256:c8f2c1ff3607b49c091caa90931478e3e2e81a9e68bac77f3aec6f13e9c738f2,no_edit_found,
MB-c8fffae8346b,sha256:c8fffae8346bb719f9553c248d93aa21e4e788e8cd6490e5dff8065dcaca4f12,no_edit_found,
MB-c90332635ac8,sha256:c90332635ac8f7ee9a28d7c7a4cea4ac2fd5515fc891b301d33ef49d047ea1db,no_edit_found,
MB-c908197539e5,sha256:c908197539e54d2fda599bc16418b20bfc3930cbf84310b81cf005b5b049fa58,no_edit_found,
MB-c91916d77b56,sha256:c91916d77b56309d57c9afb24b47e37aa5a2967f6ac0ca9d75047c9a3bc0b5f3,edited,change
MB-c92ca7c96df0,sha256:c92ca7c96df0a430d4286f15b57b955c3c797004af2879e5ef07ff683cbf5a0f,no_edit_found,
MB-c92fd219c497,sha256:c92fd219c4976c59e6355721cad7cb7f13e2f5d1d3e318f570b6a8f7911f2370,no_edit_found,
MB-c932b864c4ba,sha256:c932b864c4baa28e07001fd0c83b96c560daff673a9173cfb5fc5903a6d2e6da,no_edit_found,
MB-c93334c1288b,sha256:c93334c1288b90ec99c536c7dda1c3300dc2c12bdc0e0903e11f349946610a7d,no_edit_found,
MB-c93471d21dde,sha256:c93471d21dde191b6d1fa1ae9bfcb8b639a5298f52bdb3272364733ff97fe6fa,no_edit_found,
MB-c935e93155f2,sha256:c935e93155f2c10d723f494fcfdcf74e23624675b2d7af722ac7a9ce4035d9db,no_edit_found,
MB-c93e63890b6c,sha256:c93e63890b6c11f4a970ee2709ff7a12ef0c49f107822b038f8213f0c35039c2,no_edit_found,
MB-c947194de6aa,sha256:c947194de6aa7129d9589487c88cd17a5a4f8120502d38c4d8a8333e2d4422af,no_edit_found,
MB-c95a15279cb4,sha256:c95a15279cb4fb16f36620f17f2c64fc223eedb67f7a28b3f106efc8ddd730c7,no_edit_found,
MB-c961d8135066,sha256:c961d8135066bde8d182f2c8f08ecb3986465ce80ff3ee194a553c9f18b28d22,no_edit_found,
MB-c9635baa0efe,sha256:c9635baa0efe64154710e6839a67b5bf85dd56a08ad70af58e0a5cbc2c3328d2,no_edit_found,
MB-c9670ece2504,sha256:c9670ece2504991c1731cb04977531700bae861deab20f69fde5f6878a3f199d,no_edit_found,
MB-c96c6eb5b7bb,sha256:c96c6eb5b7bb5c10fa328de40cd4eeec1c91d5c646f35f38c750d581334927e0,no_edit_found,
MB-c96ef80bc813,sha256:c96ef80bc81385cfb1236528055d5d8391ec040e3b326f9fffd53f2120303020,no_edit_found,
MB-c97da9e823f7,sha256:c97da9e823f771c72d9578d9b4195bfc716635d032cfa402e387184bcc5fb38e,edited,unchanged
MB-c97f4fb85e43,sha256:c97f4fb85e4357eddc1685912bee5ccdde25c280a99301667199449a2925ec92,no_edit_found,
MB-c980747cfd7c,sha256:c980747cfd7c68079bc6541da3539e6f306ec43da5257e442f8006e21957c938,no_edit_found,
MB-c989274adf7f,sha256:c989274adf7fa52061496c6df11f7f2cfd6a03b7aa8c78181ab69f88c2191298,no_edit_found,
MB-c98ed8ee63bc,sha256:c98ed8ee63bcd1752532a231cad63a5077d9db306e32ce0d3fdd33bd1866fea9,no_edit_found,
MB-c9a3192f27be,sha256:c9a3192f27be3afe5c1772c79103da0d489e10ff8c1caf71a4136fe96434129a,no_edit_found,
MB-c9a5d8c27e0c,sha256:c9a5d8c27e0c5aec00d0bf2f76867ff072cd29c8b047992afb81d85859eb9d19,no_edit_found,
MB-c9ac4d96bd86,sha256:c9ac4d96bd86ef6d8eb3b0096b6a03bf77ca147d7f2e95c4162f721a5fb9eeb7,no_edit_found,
MB-c9af443ab06b,sha256:c9af443ab06b5dc84e578fae8d9fc190f2b0a3b446d4bcf5a8a4bd8fd04ebe50,no_edit_found,
MB-c9bb623211d3,sha256:c9bb623211d3a343f3075fc7239ec6bce51ff30122ebc576a3a52fd521052730,no_edit_found,
MB-c9c87179f096,sha256:c9c87179f0969b5c2bf574dbcb32163119073d1dab6bf2d0e47736d24d924f21,no_edit_found,
MB-c9dd9523793e,sha256:c9dd9523793e6d7938084f7ee9e30efd1c4d206d350c23354a0354974146108f,no_edit_found,
MB-c9e3e95a82ce,sha256:c9e3e95a82ce84e19beaf17272bdc118965d06433c92f17fe64e88dfca3b5ac9,no_edit_found,
MB-c9f4e6f21933,sha256:c9f4e6f219338541c6098c9564cbc0a099ab23cdb759c5ec8a2591a9d69e9bc0,no_edit_found,
MB-c9fec685d61c,sha256:c9fec685d61c9e9335042c19f025f9f72718aebf09dd426dd7d6ecd5e4867ed0,no_edit_found,
MB-ca0525e464e1,sha256:ca0525e464e15ec17c7201d3b410b2d7a370b51a28e696b055b8143763662497,no_edit_found,
MB-ca0984c1d4c2,sha256:ca0984c1d4c2eec600b2dad6108683c4424f89367229321bc06e9f117c73da8e,no_edit_found,
MB-ca0e6449c8c6,sha256:ca0e6449c8c6bc276455cf6763bd90ea16f2d5d1e2a4ba580fd67eafe0a8f623,no_edit_found,
MB-ca154cec029a,sha256:ca154cec029a0720a9a29883b9f8c15a670cc67acb7152510980ad36a13d828c,no_edit_found,
MB-ca30f99ac547,sha256:ca30f99ac5478da93982e33d58d7dfe7b0afda36ae4a8369a0f9edd8db195648,no_edit_found,
MB-ca33a33ad522,sha256:ca33a33ad5221a01f3bccc6cca927351e2401c627dbb63411f857652667e143d,no_edit_found,
MB-ca3a8b506882,sha256:ca3a8b506882694a6af1c25263f7ac205de64f71ff02feed7622426a16a4f563,no_edit_found,
MB-ca3c49077293,sha256:ca3c490772932ea68615584f14c022515b3104ef4f34535d54189b9d1a1aa2af,no_edit_found,
MB-ca43e439d85b,sha256:ca43e439d85b4bb6dfa232b6e9810e7ffcbf1cc475539c6ca61ff56588d83e85,no_edit_found,
MB-ca4c08106272,sha256:ca4c081062722380106cb1dc0ccbd77cebb8b090d11b035d6b85cf95b129fbc2,no_edit_found,
MB-ca548fdc748e,sha256:ca548fdc748e75acc1e4973d69381acab8a23c79d7d1a2edf7d771e1a03cd5c3,no_edit_found,
MB-ca60b6f3467f,sha256:ca60b6f3467ff70690b6874e92b1c601e10d2118af934851d021ad7daa41447d,no_edit_found,
MB-ca63684ff91b,sha256:ca63684ff91b1ef866891e7f359105bcd27ac5c6853618c3d8b4b81634ff11ef,no_edit_found,
MB-ca6584c27764,sha256:ca6584c27764ac8efed38a212fbd3176902a05ab4101989edda9652affe5c339,no_edit_found,
MB-ca6e1d69357f,sha256:ca6e1d69357ffee44663bb8817c5a2c465936b4768ae05998721404e719e3e8c,no_edit_found,
MB-ca70715eec72,sha256:ca70715eec7225669e8c841f5407250bb5d88066b7017b9df255e6e7dc677302,no_edit_found,
MB-ca78d7b8fcf5,sha256:ca78d7b8fcf5651349d570c76879b137613e027bffe809036425670ea693746d,no_edit_found,
MB-ca8447b67e22,sha256:ca8447b67e22bcc32b0a02f799f20b570bb496902d41ed7c5e4b4f31aaa0e88d,no_edit_found,
MB-ca86be7cd913,sha256:ca86be7cd9132a168a28aec5dcec7c6df3631195328f5d55df54f2696418619f,no_edit_found,
MB-ca92dc04ad13,sha256:ca92dc04ad13d8adf24c7c05242885e656c7d4986d5f14a6c046e8b146fc514e,no_edit_found,
MB-ca947ccf4d85,sha256:ca947ccf4d8508b737587487ff55e73e5eabb0a58065e83c604fe94eb5659678,no_edit_found,
MB-ca9620626aae,sha256:ca9620626aaed91e56f3fa2610e89fe0b8216e872555bbcf8e45d58ce63b3611,no_edit_found,
MB-ca969450a1a2,sha256:ca969450a1a263bf4373580b4bf71f0df41d984e0989b7fb606fe1aee0cdec13,no_edit_found,
MB-ca9ab1740544,sha256:ca9ab174054482b268a8254dd002b2373a9980eb84fd49b145d3ffa672a6259a,no_edit_found,
MB-ca9bd21538c9,sha256:ca9bd21538c9932e1abec5f62ae739f9fbe6835fc4bbe21e1fcbfd2d4f2ca979,no_edit_found,
MB-cab55b93dcc1,sha256:cab55b93dcc1619892df95fed2be08e8e9ed24fcb9b878cf33262e1780522e64,no_edit_found,
MB-cac1e705f5e5,sha256:cac1e705f5e53b0a4c3a8c11d4864aaa68eb0cd43e44f328bc71fdbf335efb87,no_edit_found,
MB-cac847775322,sha256:cac847775322d776aaf594ff2de69f5ac2495f2ce5e3f06061811d9cc30bec00,no_edit_found,
MB-cac98d48807e,sha256:cac98d48807ea3c4390ea20aacb2ba6c142d268b380542958088c1416c731129,no_edit_found,
MB-caca29f54d3f,sha256:caca29f54d3fa0c2f7b0f826fbae70ad59923a8c7ca1cdc4dae05e2a3ac165f6,no_edit_found,
MB-caca5e9f3c1a,sha256:caca5e9f3c1a6d9b04b6dad117e1e4b7165ef87d7082411a822d5209571b29d2,no_edit_found,
MB-cad60016f4a0,sha256:cad60016f4a077a1a0148b7f2eed7be67e4abebc444575fbce962431cbe294c6,no_edit_found,
MB-cae2dbe7a28e,sha256:cae2dbe7a28eaba3078ded1544c9d00d549221f0930a05dc5a72275777f9d6d4,no_edit_found,
MB-caec7d34ebc8,sha256:caec7d34ebc8c56ac961b6c601e93322850bea319b22396e18f019d1dbae4e96,no_edit_found,
MB-caf4a4c94336,sha256:caf4a4c94336a05ce740303efb95be8e2e3ede74f9db54f7d4a2ece2753c06fb,no_edit_found,
MB-caf8212f7cfc,sha256:caf8212f7cfc0f9a67aa9db8894e5b15905cdc02514c37a14e2740121b925796,no_edit_found,
MB-cafcc985357a,sha256:cafcc985357a06f0922b2b1b7b72eaee61da960ad7fbcfefa5537315782ed1ab,no_edit_found,
MB-cb0cab367ef6,sha256:cb0cab367ef688e39ed9425e456c26d155d8c1d070a71811b5836fb42dbba1b2,no_edit_found,
MB-cb0ed5b967d3,sha256:cb0ed5b967d3c748c2c7b35cb701729d4e582fd7fbc9f070b83587597bc54c46,no_edit_found,
MB-cb1b19e242ca,sha256:cb1b19e242ca813dfe2dafe9094e41cd78f8e5f479472cb465e24fb94ae81ed3,edited,invalid
MB-cb231407cf17,sha256:cb231407cf17efb14293fb88e426e49da7ee725e45ced2a85d26533237c38d4b,no_edit_found,
MB-cb25b7e622c9,sha256:cb25b7e622c94d1a2869f9436f79b1ce3a85f2ab0ef41dfac61fe7b0195ce78b,no_edit_found,
MB-cb286e03b5c9,sha256:cb286e03b5c9b226d5b29a86b40bf9b6dd45737302fac859b82e97c99e547e21,no_edit_found,
MB-cb28da1259a4,sha256:cb28da1259a46064ab29077c252a82b2aa0688dffe0e5e0ef11bd3cbdfe8d01d,no_edit_found,
MB-cb3206ef4852,sha256:cb3206ef4852c5572ece11834886866eb5d0c61669cd08c2dbf932cacdcaab09,no_edit_found,
MB-cb3628297e47,sha256:cb3628297e47251d40e67a18713677807cce1d7670136565820756d0a475f936,no_edit_found,
MB-cb4089fb5ddb,sha256:cb4089fb5ddb08912271c08474b06432c3223ce8bece3c499bd5788414abf2a5,no_edit_found,
MB-cb50df528e5e,sha256:cb50df528e5e02900bad1d5eb9951b9201bdaaca06cd2e0d0f361e3aed460275,no_edit_found,
MB-cb705f09ea3a,sha256:cb705f09ea3a48c9cb7c43cb7a71e0c947995916ae7d048f5c3d002b26066b9d,no_edit_found,
MB-cb70ddcaf714,sha256:cb70ddcaf7148f02cfbb2292527c7726852410377e03332a8fe71b26389b03b5,no_edit_found,
MB-cb72da41a707,sha256:cb72da41a707a75e6b5e11b6d3875ba46ddebc4f2f74d322c74691d4818633ad,no_edit_found,
MB-cb72e8ff511f,sha256:cb72e8ff511f0591a226890ba0cab83d35d50d05b2d4411af1288c356eb3bafc,no_edit_found,
MB-cb769411b3d1,sha256:cb769411b3d12b49af19113ef9ae8750c3ce85ae693cbdb3ea8982c9e498e11d,no_edit_found,
MB-cb7a60240ff2,sha256:cb7a60240ff2428239407f8b03246302f44ea879ded1206995d30ab9adf54a58,no_edit_found,
MB-cb7cdefdc33f,sha256:cb7cdefdc33f9d0e18b5d49aa23f51223f941b04c839e94ef3d94be114d43fad,no_edit_found,
MB-cb860e1ba0ae,sha256:cb860e1ba0aec4cb59b10854a1efda119937df5848c9ce0e91875bdd76e5fa11,no_edit_found,
MB-cb946936266f,sha256:cb946936266f8a7d5c3b69a453c856832f72bec02677a0c7aa5063a5a0a89558,no_edit_found,
MB-cb9da126b5b4,sha256:cb9da126b5b4cd2ec823e926ed90d2681ccb8588fba42b617401a3cb706c0b24,no_edit_found,
MB-cba60cf9c2b0,sha256:cba60cf9c2b0aa099def3b955e1934ca264cc2782f6109ddb687dd12df12b3ea,no_edit_found,
MB-cba63bee0c65,sha256:cba63bee0c65bc1ec97ca3de02778a31beb3df5b03c94e5eddc16fb4b24ab1b0,no_edit_found,
MB-cba769d62243,sha256:cba769d622436be981ead7ad787d5d126cae58ba0bf5ddda78adbd37627fa2db,no_edit_found,
MB-cba99a4b0ebd,sha256:cba99a4b0ebd02198ce5fa51e7211ca6c31cc1e5a8c699bdd6d5dcb36551a39c,no_edit_found,
MB-cbad0b0959ae,sha256:cbad0b0959ae3750b9ee346f5979143f287683e868641475629d8bfe9f368633,no_edit_found,
MB-cbb4ee524d49,sha256:cbb4ee524d4970271f64507dbc28ffd004989edfe57c115cb8ea36f9a4c637ea,no_edit_found,
MB-cbbae4939a29,sha256:cbbae4939a29508e95d540b08cb0061b2882bd66970c43b852128c24bce0049d,no_edit_found,
MB-cbdd2960a62a,sha256:cbdd2960a62aee95eba3c5c53b9299595e2f20874139b9ec66f2191df61311b4,no_edit_found,
MB-cbe123e53fa2,sha256:cbe123e53fa24ff0ee44509bc31f272df30a7b813962e9256613aa32ff20f00d,edited,unchanged
MB-cbe229efcf85,sha256:cbe229efcf85c9232e164b53d53af0712bcaff94dc0b104883871a72b8849238,no_edit_found,
MB-cbf29d149246,sha256:cbf29d1492464569e583409d15a784aeff1076d32a4acf4681c2f620cc329d48,no_edit_found,
MB-cc0826aa963c,sha256:cc0826aa963c6d1e4073ed16983b49f81eadf587e47e3eb59632e33f723f6495,no_edit_found,
MB-cc1039c763c3,sha256:cc1039c763c30bba6072d154a6e177e20f8cd970837124f38da1839fdcda4944,no_edit_found,
MB-cc1a01e0558b,sha256:cc1a01e0558b387b4d3833caaee91b193bf7ee54036a329125c1035a97e24d6f,no_edit_found,
MB-cc2cf0482fc6,sha256:cc2cf0482fc63459b361bc73b6bae63e335c0f34f943878ef6070e8a1ef91396,no_edit_found,
MB-cc2de2247a1a,sha256:cc2de2247a1a00f39a70059d0d218228130615cb204c0894c20fff2db71999ba,no_edit_found,
MB-cc336ae0ed63,sha256:cc336ae0ed6370fc22d9491289ce1e109aceb2c5bbd137df047bd7203a6ef815,no_edit_found,
MB-cc35444898a1,sha256:cc35444898a1ffb081d878cefb74b276af729f388c1f74e76c3dc752590b14ce,no_edit_found,
MB-cc3813daf743,sha256:cc3813daf743828a541464715404426e63bfa0881e68b7461c7c5a854afbc7dd,no_edit_found,
MB-cc3876300498,sha256:cc3876300498aa6e259a74fd8cb39d83818df15f51e6b3e83fe15506c5ae5512,no_edit_found,
MB-cc454fb7a9cd,sha256:cc454fb7a9cdb29c9739cda469f11bfdf0d92d2f9f2e90f1e2354467c61687fd,no_edit_found,
MB-cc48dafb596a,sha256:cc48dafb596a1c42d774eb5fc95d8c2eea4d1433669f84bc06267a809861e630,no_edit_found,
MB-cc53297a5353,sha256:cc53297a5353715b0d83a7cf7c4124e5e9fa743a3825a0f77198236dd314006a,no_edit_found,
MB-cc5c720d6e89,sha256:cc5c720d6e89bdb11dbac2b5518bf6636fc5d9a22567f1552463662713044bd5,no_edit_found,
MB-cc60c38a4213,sha256:cc60c38a42132d8cd1cd6708743b875212eb97cbf156215c7587b2ef712ef7ec,no_edit_found,
MB-cc698eccea09,sha256:cc698eccea09914bfd14b0f67d4a917eceae412a3eb5d3c903e526a3c2680097,no_edit_found,
MB-cc7212bbbb48,sha256:cc7212bbbb48ec9bcb91cc0189832d0215c739b6221366fc53c6e6cda49faacc,edited,unchanged
MB-cc7bcdefa81d,sha256:cc7bcdefa81df821d1157cf6702a45aa330ad4394627040eaf9da759491c1dc2,no_edit_found,
MB-cc7ea0d7a9b8,sha256:cc7ea0d7a9b8c073c915bbeeca79ab1197a6ca0bdeda7e3928ca1c65a5133e9a,no_edit_found,
MB-cc89cb70a5f4,sha256:cc89cb70a5f4e421e2549b136e2eae82b15210d86dc0b40630100264e1d6cfae,no_edit_found,
MB-cc8d03a87115,sha256:cc8d03a871158ccbf2900f5b8744b24b09e083745f6fee1031c5cd5d6e7820f9,no_edit_found,
MB-cc966774bcd3,sha256:cc966774bcd379a0ff0d661069d5a1599b7caec33500980f8782ef29053a78f2,no_edit_found,
MB-cc9901f61fd2,sha256:cc9901f61fd2b2ea6ab62aebbe8f66a30b23b26d04224a7477a7a75006de150d,no_edit_found,
MB-cc995539b416,sha256:cc995539b416daa984a7d4d9f2a112e67f9684400196d460571d38d9376bc899,no_edit_found,
MB-cca0c6ccf12c,sha256:cca0c6ccf12c55d3c382f80c6146c92757cb4a14a7001357b30561666ae8dff4,no_edit_found,
MB-cca5242400c8,sha256:cca5242400c878c1934a1a779981239dae53016c0d9f6ea431d208dea5431d1d,no_edit_found,
MB-ccabef43c638,sha256:ccabef43c6385331852ba456a92732dec917bf90e99b206947f7176c0b13d0d5,no_edit_found,
MB-ccadc4fd9474,sha256:ccadc4fd94744bd85c6f1519a5b4f5f96230f1eb05b6dc55888f9f7735c10263,no_edit_found,
MB-ccae63869199,sha256:ccae638691993d24360e96c400381e6c4bf000158ddc9d5e2023098707ca66cd,no_edit_found,
MB-ccb7fde9ab60,sha256:ccb7fde9ab6091db1c5b54a6f0ceefeda83b9affeab1dcfead971e44e3f1066f,no_edit_found,
MB-ccb866c0d3a2,sha256:ccb866c0d3a295a19b15edf0145a2cb63e6a3ff6b0440529e5813ed363587e80,no_edit_found,
MB-ccbd8ec8a791,sha256:ccbd8ec8a791f1555fef335509f9835bed6b7e5e76a30d1c1acfd95229077d94,no_edit_found,
MB-ccc982222902,sha256:ccc982222902a3275fb8302db4a61df846a56d721f187ab6d2a39f7c1a3f0198,no_edit_found,
MB-cccf367ac8ed,sha256:cccf367ac8edf375c4564fee1c63c47e6752bfda0ca9b98d51f13dbed3fec8da,no_edit_found,
MB-ccd936fbe780,sha256:ccd936fbe78086d44cc98d856f54da3ad0d85237526992b270830e6c41f32545,no_edit_found,
MB-ccdd1350dc1a,sha256:ccdd1350dc1a7a343d2753925b5925758c515d724c629b04eb2b33b369e482d4,no_edit_found,
MB-cce05a25a6df,sha256:cce05a25a6df3064dccca8ed197c9b8e87d689ea2fdd1d32d4a90d06a3e7a2e6,no_edit_found,
MB-cce70701a7eb,sha256:cce70701a7ebf86f8ef5d6fcd8665166924814335dd5712959c5219f88074a3d,no_edit_found,
MB-ccee5f161185,sha256:ccee5f16118564d7194eceac49415709fbab1a934150a6bbc214215013808796,no_edit_found,
MB-ccef71f7176f,sha256:ccef71f7176f99ff1ef3c6a86f18f0573ec8c6e2b8a75beb6e7ebdf066350513,no_edit_found,
MB-ccf92c67165d,sha256:ccf92c67165da0633a4f491aabbdac3f494553c77965e864ff34541a6cbb4b7b,no_edit_found,
MB-cd0305d1b7dd,sha256:cd0305d1b7dd614aee202f457e86b5905aabd1abd54df16ecfeacf9ef0a2d2a6,no_edit_found,
MB-cd09d0a9c6f2,sha256:cd09d0a9c6f247b84f2bffa7674656f620dea29c3423c3772dd09c94f5dfaa70,no_edit_found,
MB-cd0e5d718902,sha256:cd0e5d718902e41777d481bdb3e784ef2a807317311a3e6eb315380109c0b33d,no_edit_found,
MB-cd119abadcb5,sha256:cd119abadcb5e8f76a7c68006427d8602c533d44a00f4912d4c8a0c1aa1671b2,no_edit_found,
MB-cd14e695e6a0,sha256:cd14e695e6a07bee558b314970450771eddf90bbae5d27fdabaeeb01f053f0d6,edited,invalid
MB-cd15ddbfbc04,sha256:cd15ddbfbc0407b379be8b9ebf1e358a5d6ac592a888067dc2ad0ab18e89859c,no_edit_found,
MB-cd172f5a0e64,sha256:cd172f5a0e646d6792736583007a724a65fa8324250a8a1cca921ec82d4a6659,no_edit_found,
MB-cd175a36e2c8,sha256:cd175a36e2c86c610e404ec25237f5326890d32da4bd10d97941e6a9b7614ff4,no_edit_found,
MB-cd1a36997620,sha256:cd1a369976209c68af551f09a9a635ab2e8bf007c5dd2da3a5ed3cf0fce47897,no_edit_found,
MB-cd1e2eb0f73d,sha256:cd1e2eb0f73d6b57edebfd305561eb35f54c00d1153a4a56548a624cd848239c,no_edit_found,
MB-cd2a04df5c4b,sha256:cd2a04df5c4b1c7f176f8a42814f5baa20f357c0b3290af0f944af95243d31a4,no_edit_found,
MB-cd35ea21dae8,sha256:cd35ea21dae85ef2800e560ab6661917c2a744528b663e56cdb6d1dd1a16031b,no_edit_found,
MB-cd366777d9bc,sha256:cd366777d9bcb8dfcc165984dde4b23a531d0ddf22b025546b5685f72501ceef,no_edit_found,
MB-cd3d19a3fa53,sha256:cd3d19a3fa53a68a41660b9dbaecfdce2bf350442c019b77877c6ee485e708d7,no_edit_found,
MB-cd59ee16c3e5,sha256:cd59ee16c3e554ee411358cb3d85446a243aa7af4389f50936928f13a93bb224,no_edit_found,
MB-cd5a208753af,sha256:cd5a208753afdc3c35b6105767fb730e688b292d3fbfc72a3e0cd2f2b292bf21,no_edit_found,
MB-cd6474f7c98b,sha256:cd6474f7c98bdd2074fa4e1853b24ff543fa528de6fb6369d5eef12012e5d9d4,no_edit_found,
MB-cd668c447014,sha256:cd668c447014905588a5d85b8ed487830a73d51086b23422f3b2b45f4118996d,no_edit_found,
MB-cd6d2c975be0,sha256:cd6d2c975be0ae7aff004387694efc662473de962a9b272f3c02110240664c98,no_edit_found,
MB-cd82343e3725,sha256:cd82343e3725d016642427242a5d09f49c8220ba37c38a2df3d362936faf9f05,no_edit_found,
MB-cd85e98b3efc,sha256:cd85e98b3efcee5f6c5f191fda8e5ec5ada2498c8c5ff33c6ba4fdc4da6d12f4,no_edit_found,
MB-cd92a6dbbddc,sha256:cd92a6dbbddc831c637e7df203b1f317ac118842fafb39a30c5b10cebce32217,no_edit_found,
MB-cd93658d529a,sha256:cd93658d529a25db81d22847aba1fe577f03057be2b40c6130bb6bc0a748b0b2,no_edit_found,
MB-cd99f5bee0d0,sha256:cd99f5bee0d0ee4873a86186504940fd2970f45579107a92e6e5df8be8a77f2b,no_edit_found,
MB-cd9ef474f724,sha256:cd9ef474f724bf49726a8627f090627568d4c2757fe35b74bba6ed601c5cdd28,no_edit_found,
MB-cda5d2ab41b7,sha256:cda5d2ab41b797d4af66cce63ebcbcf2a267f1dc51d4c383d7821e2611a57a09,no_edit_found,
MB-cda9e7ae48a2,sha256:cda9e7ae48a2b634fee3d99ba94a8686b5dcee0bb3d958731c3b3ffe305ffd33,no_edit_found,
MB-cdace0dab125,sha256:cdace0dab12536eb7abadbf32af47b2da44a25ee5871725aba0316b91da96d33,no_edit_found,
MB-cdc85869c145,sha256:cdc85869c145b13816f3563d4cea62b64688bccc8f33104ca564a70df109b1be,no_edit_found,
MB-cdcb7902ee55,sha256:cdcb7902ee55d10da2960b445d45dfbc1e0f62fb49138cf97fecd5926a298ba4,no_edit_found,
MB-cdd152e0b9bd,sha256:cdd152e0b9bd96a0310573a988d50d0ab2e37df4f207c6d8af0ce732a7ca1a66,no_edit_found,
MB-cddd8f5a00f9,sha256:cddd8f5a00f915da5f3149de378281367cbf4bc6d33b81bef9befd3b0de0b8e2,no_edit_found,
MB-cdfdc0f2a147,sha256:cdfdc0f2a1475360fd75a5585fa8e6d696719114899b07c6bcdae2ad0528170d,no_edit_found,
MB-cdfee2f91203,sha256:cdfee2f91203ba066f354cfb319c0aa823547261cda390534ba3f9d9cecbcec9,no_edit_found,
MB-ce0493828be2,sha256:ce0493828be25ea5ba3d9a578ef32db6c435f9debafe6a458502ebe3e8c4ae4c,no_edit_found,
MB-ce06028e2a0e,sha256:ce06028e2a0e79c815a68eaf94715e412b2de4ddbf3d17129d7f064dda82dc3a,no_edit_found,
MB-ce0d93ae3277,sha256:ce0d93ae32771e7d6edff36ec1bcc714b7faae0974788583b53a22e82277db12,no_edit_found,
MB-ce117567e320,sha256:ce117567e3205adcb2fef1f04557868854e095206d3f5b41f661e7b31065faef,no_edit_found,
MB-ce1c8aeab876,sha256:ce1c8aeab8764ce6c1e4b73093fb8077f116f84347c75121d6071ead9a3e0ddd,no_edit_found,
MB-ce25779a8a94,sha256:ce25779a8a941f6529b1b472d7162fa536b3786b79576c68ff11fe213f1b87d0,no_edit_found,
MB-ce30230245ed,sha256:ce30230245edd8c0a467d62f122d7f0d5418612fcff6c3d3e904ba5036bdf1f8,no_edit_found,
MB-ce356fc9386e,sha256:ce356fc9386ed1669bc5349397487ff5a810bfc202d5a5608a4619a574a7531b,no_edit_found,
MB-ce3940cde2db,sha256:ce3940cde2db7e390af5784ab63433aff000acf243ee4c2ab8aec0e7d885cb21,no_edit_found,
MB-ce415f14d8dc,sha256:ce415f14d8dca2eb9702f5cf6247c1e609d90d10235d0f7ed21bb55f033fcc02,no_edit_found,
MB-ce470439c377,sha256:ce470439c377fdd563b165835794fad1c98310de2fe0a27f280d0a8e8a7d3483,no_edit_found,
MB-ce4c071c1e4d,sha256:ce4c071c1e4d1e39a029e61225521acebe29e207335d94acbd32702d4167544d,no_edit_found,
MB-ce615752e938,sha256:ce615752e938a0f076cf9621b76a98d7e1c7ce36c7c5437d1e2ef038e4a8aaac,no_edit_found,
MB-ce6282cef650,sha256:ce6282cef65094fd80a80ac7f1181df59221a68fe784eb920f3a5f226832544a,no_edit_found,
MB-ce6298b49954,sha256:ce6298b499540cb492b4458752c6f074cbc39095b1d6741978602b7b4e8e0cdd,no_edit_found,
MB-ce64b8833946,sha256:ce64b8833946e07aa769e87e3ca7bfa23d44b97cd0edbbbf629e40151678e42c,no_edit_found,
MB-ce6502b4ccdd,sha256:ce6502b4ccdd7c8f4e0e3f090c2ffb431cc9bc6a907e6652c85c3412a056793f,no_edit_found,
MB-ce6efd73380d,sha256:ce6efd73380dab00fc02ac709a20d2a853ead157e3853bae5d9fe1c06c9b63bc,no_edit_found,
MB-ce757582d829,sha256:ce757582d8293d370a63b74cf52bb8444069ab3d421924ed3ddca7b58b712d1a,no_edit_found,
MB-ce82437b4eb7,sha256:ce82437b4eb7bcf6b272e5f15b41e3eaf81ffb8a410fc95296a7f93419d0ae76,no_edit_found,
MB-ce95d526d186,sha256:ce95d526d186551cb990e1b891ad73d86fc8f9825dc6d69d22c951ed65f4aa57,no_edit_found,
MB-ce9edfe14b90,sha256:ce9edfe14b90ca1809dab1f3c38e94a09bba5e52ef23c4c0e0796afa4a0b0845,no_edit_found,
MB-cea92ef82495,sha256:cea92ef82495c19e6bcdc061d0560eacce00afda4c0ad47e6e1b0fd7b39b4836,no_edit_found,
MB-ceaedc0eecf9,sha256:ceaedc0eecf9865e233a96e40e798fcec2a98a688184635880d8c2e966814f47,no_edit_found,
MB-cecfc5bb4ee0,sha256:cecfc5bb4ee09f593f8ca12ae7e958e95e44ccddbd2a0f605027b82fe36d6f88,no_edit_found,
MB-ced04095aaea,sha256:ced04095aaeac9b01cc33aeb651208f47e31eaeae4e6102c8740640b6806805e,no_edit_found,
MB-cee5340c232c,sha256:cee5340c232c03d32f862ab4cf061002ceed8b2ab1b0880cf567fc4102fd6357,no_edit_found,
MB-cee5eb3c68da,sha256:cee5eb3c68daa91f0af064f7017e1e9054ee9f29f0d07d9f2eea0c67c637b030,no_edit_found,
MB-cef37880474b,sha256:cef37880474bf590ad7397a52d485f56c8686abf395e15801c8bb13f5309b159,no_edit_found,
MB-cefb0f06350f,sha256:cefb0f06350f796eb6baa628d0f90d38c3101e11f3e1db11901d252699ad7764,no_edit_found,
MB-cefc98b895dc,sha256:cefc98b895dcc42285e14c8276b9e2bd383f37b5e1499c0519922989ced56ea6,no_edit_found,
MB-cf0539b2f071,sha256:cf0539b2f0717aa4f18f7adc1293e0d4c01026f60c5ba9a37fec218c47fc6bc1,no_edit_found,
MB-cf061e35d0a9,sha256:cf061e35d0a91e01ad5f26e4d09a08afba607c721ad8107ddb8095f0d004d925,no_edit_found,
MB-cf14fb9d3032,sha256:cf14fb9d3032de936041c74d01241533efed045243213fa9270e1cbb965082be,edited,unchanged
MB-cf15a47a9bc1,sha256:cf15a47a9bc1ce2ba522817744d66031124b32e9af71c2a041030a7222ee9a86,no_edit_found,
MB-cf1e23221a2a,sha256:cf1e23221a2afde44d2d9168b608e5956baee210ebcbf150ae36689b34020a2a,no_edit_found,
MB-cf1e98b8bbde,sha256:cf1e98b8bbde4663f056c76bdf8d5fb619c657a091263879129b11f4ec11c731,no_edit_found,
MB-cf41e4637595,sha256:cf41e463759561393f5bf97d8b32efe92c44e48ecf7145e78e955c6b200d664d,no_edit_found,
MB-cf42c6b03ebe,sha256:cf42c6b03ebec5ef8a2bac794206fbcd17c8143645ca08f47699af16eb210728,no_edit_found,
MB-cf42e23c2e52,sha256:cf42e23c2e523d295f673d25e4d3ba363826d27f1c00bbd6221d21e9e6a0fc19,edited,unchanged
MB-cf49d231538c,sha256:cf49d231538cfd778f326c28309b628c2c83fbb776b6336657b102d9df2374e6,no_edit_found,
MB-cf4a1e042e0b,sha256:cf4a1e042e0b9959d65c38432a441a9a2ba4fda1a9255efbd36f64b0a54514a8,no_edit_found,
MB-cf4f27baf3c1,sha256:cf4f27baf3c1904b55cad218683efcda35948c5b73d63e3999d082d64f2c7284,no_edit_found,
MB-cf55ca8fd548,sha256:cf55ca8fd548bf1cf0e2371bdbb2df0927754a321462a597061703a09e00db68,no_edit_found,
MB-cf5a55e2bfd9,sha256:cf5a55e2bfd9cb7a08a2bb03fb2de120c9ffb0df9bff0fcb9a968e05aea2fc2f,no_edit_found,
MB-cf5ff97612fe,sha256:cf5ff97612fef2d580daa999ca59fd5c7c4858e9991c9c7c249ab8001bda176d,no_edit_found,
MB-cf7947d318a9,sha256:cf7947d318a96ab11cafccde03e5eebb165eaa9f719843e19f4167c6ffb56129,edited,invalid
MB-cf7f03bf95dc,sha256:cf7f03bf95dc79f106daa82718835f47452976e9f638666e61b040902c6b60ad,edited,invalid
MB-cf83b716b3ab,sha256:cf83b716b3abe18996387f642db21cbfe5b9e4c8e4c9cdcb5bdef7acfe31d6b3,edited,change
MB-cf8e1432ccd2,sha256:cf8e1432ccd2f902fda734624bf8918631871c78d8449ae8904fc48acbd32499,no_edit_found,
MB-cf9fbaa6a8b0,sha256:cf9fbaa6a8b0d604775c57ecd4299011ef101370bb8b581c2ed34810f242bb3e,no_edit_found,
MB-cfab7c604571,sha256:cfab7c604571e148707e70e1de1de533ecb2358fa826eb7939063dafc876fb05,no_edit_found,
MB-cfba39c6cfc7,sha256:cfba39c6cfc74cf37574c4351e3f1c824cf01bd9f750eebdb9468534a6b97818,edited,change
MB-cfcedbe81a3c,sha256:cfcedbe81a3c740710bd29c3c2e284008d2877aa64fab4c3dae716ff3dce3477,no_edit_found,
MB-cfcf339e341d,sha256:cfcf339e341d1dbafcb3791f75eded15bb663e17796ebfa773a73544cd713e0a,no_edit_found,
MB-cfd41fffe759,sha256:cfd41fffe759a984d2f886c2d265c3d2b62c92e58bcbbb9b3166745ea025edae,no_edit_found,
MB-cfd623fba7e8,sha256:cfd623fba7e8ea985042c021b25b322b749b1c02b04785cecf2f81e8ff23881d,no_edit_found,
MB-cfda9ee9b775,sha256:cfda9ee9b775a9d2b899e4c40beea05bdd178d9742dbbc9900bbacd7f45290e8,no_edit_found,
MB-cfdf10020647,sha256:cfdf1002064797cd40d855fcbb0908b6ada7b80ee78b84876f1051f84304fcc4,no_edit_found,
MB-cfe01f4720e5,sha256:cfe01f4720e54aa7106efbfd4e45dad4700c43265496068c95e08a0af476423f,no_edit_found,
MB-cfe0a9660807,sha256:cfe0a966080713fd6b3f070cd739c4996b24e5fe0d25f598bb1388bce3940b66,no_edit_found,
MB-cff5294780e9,sha256:cff5294780e994b3e773195f608f181590e6d2dd70a3449cf37057fa62c19807,edited,unchanged
MB-cff883d9cc08,sha256:cff883d9cc08fe70bf69033b4af13be7870a7bb43772767bc1e60ee388af0e05,no_edit_found,
MB-d000549f08fe,sha256:d000549f08fe37d6b4a59ac67fa19bab859e02df833dc8939fc5794ae58e1f13,no_edit_found,
MB-d006e862020a,sha256:d006e862020abedca9f6f66a7eb3d44eb07acf66abee19a1b1bfad09bc0058c1,no_edit_found,
MB-d00869436d8e,sha256:d00869436d8e1e5be0ef77f0d9a93ec26fa84f1ab90368a76be63249e619e3db,no_edit_found,
MB-d00b0a75d3e4,sha256:d00b0a75d3e426d844c2415fab86f9a83ad31635d5eb5a25329b441df9fcc98d,no_edit_found,
MB-d00e00607841,sha256:d00e00607841d606bf1d3ddc09f5dc32e69f8d74155a6689a42d11d523c94753,no_edit_found,
MB-d00e0c509e13,sha256:d00e0c509e136c243f6618cc2b4dce04aea726e19ee4c99720229eb8adee45b2,no_edit_found,
MB-d00ea0e2cb05,sha256:d00ea0e2cb05b7c1f08b0329d6f79ad35a887816553937ac0ad261bbf8cf45dd,no_edit_found,
MB-d00f3a39a5d7,sha256:d00f3a39a5d71829a0e946fd9cf8607f18cd59c113bcb2133e2ffe530f3618d8,no_edit_found,
MB-d0118c8d2373,sha256:d0118c8d2373102e0762f6d5f338d49329e8f77dfeb8dbb4d7738c4317624b64,edited,invalid
MB-d014cda9ecbf,sha256:d014cda9ecbfb09df73247d71af9c7c9ff2e6e3ddd558a0b79f4d25c9956b434,no_edit_found,
MB-d020673dea59,sha256:d020673dea599531444d6b70f3a3ec52d6e825f1a256619e300e9ecebfb76aa3,no_edit_found,
MB-d02841a30351,sha256:d02841a30351c41aaf5185743279d4c995920b02bce8f42c972a9f4433662485,no_edit_found,
MB-d02aa25f3885,sha256:d02aa25f388547b1316078d2bea9848c119aa3e00382be17f8c983e4d62c1f7b,no_edit_found,
MB-d03480898508,sha256:d03480898508c15f514297bc32a797641bd99edc0e71b3d053a5ffed0875d7c7,no_edit_found,
MB-d053ab082003,sha256:d053ab082003908ae645384f0153f28db80a37a49604d3173017ce5c8f3cd9bb,no_edit_found,
MB-d0608d474da6,sha256:d0608d474da6c71d33dcad7014daf4852d28d99523e1ab40400e75c89f261934,no_edit_found,
MB-d06849d5737f,sha256:d06849d5737f13f2f2d0838d1b12695c0a4b27572ec88852032c9cd24446b20a,no_edit_found,
MB-d06bb7343629,sha256:d06bb7343629bf16840d969bcef699d6743ccba40b155f89af378efa27a1aaef,no_edit_found,
MB-d07f5b8dfe6d,sha256:d07f5b8dfe6d8d1781ca42f48fd08a169a54caacd613b44e7b99eaa9760475e2,no_edit_found,
MB-d08814c790f8,sha256:d08814c790f8dc7a2435d876a9f95613df96d1fad995934c0412fb0bd7a566a7,no_edit_found,
MB-d0b380ae03f5,sha256:d0b380ae03f5fb69c9a2b798c2b3496856b95df3757a709bf44a2f1c2f7ee564,no_edit_found,
MB-d0b5f4793e07,sha256:d0b5f4793e0748709abf0e300e1ebac28a985511a62ebdd0cbc7bcf9e0200cf6,no_edit_found,
MB-d0bddab79f95,sha256:d0bddab79f95a8993c67118a3ef17c3f359df756f3c25d2616b7dcd59a908227,no_edit_found,
MB-d0d18437c4f8,sha256:d0d18437c4f8b532f1f0b4d1e4ea0ea5e59b636894e6076374d998952a513e92,edited,invalid
MB-d0dc62b2b070,sha256:d0dc62b2b07000d106bdd689de6fbc04b8005fbaea88588cdd3131583e2625e6,no_edit_found,
MB-d0dcbf794155,sha256:d0dcbf79415544ccb29af60f780dddcf84119018b85cd95d04f2f1871f4cba1d,no_edit_found,
MB-d0f2e4bca2d1,sha256:d0f2e4bca2d1ffcf7ecdd6326d35efd7f7dc6af45de5fce884c24c7e259201e5,no_edit_found,
MB-d10034759abd,sha256:d10034759abd61d45aef20733a5fcdb826c76d03aac4f15d0b7b430ed3cd158c,no_edit_found,
MB-d1072a3458ba,sha256:d1072a3458ba886e29c86fe793126a310cb6d2fddcaac5b0ddf14b6b9a247cfb,no_edit_found,
MB-d11560cd48a4,sha256:d11560cd48a464347fc1f85e0d86b02cd8927509a1488c6461ec04bc062c7b9a,no_edit_found,
MB-d11baac1014e,sha256:d11baac1014eb092ac05a7ccd7ebcf2c461c01c35709d6bc2ae5f1407678dce2,no_edit_found,
MB-d11f0b21ac53,sha256:d11f0b21ac53d2148b8db1bde54184adc5993d349d63fa69f9ffe573255f881b,no_edit_found,
MB-d126463bb5a1,sha256:d126463bb5a1b5cb730d5be09fc42e820a8547145f3a2e1e5bf4e3b5e2f6c2af,no_edit_found,
MB-d136b96ecacd,sha256:d136b96ecacd6d31e82a183b51e0d500da76222378bbc081564485e0ba441c1f,no_edit_found,
MB-d14276bd490e,sha256:d14276bd490e6342b3042f11a7b5155f24b86049292d32c220c6f5b03b5fb94c,no_edit_found,
MB-d14a02defa53,sha256:d14a02defa53b9fd0b157819a59a39d5dd38ac558d7200a9f8c3e24439ad3799,edited,unchanged
MB-d14d561386f5,sha256:d14d561386f54af513842d2bacb8c67c1dc7a7fd328a9adc6e19a7a0d976ba8e,no_edit_found,
MB-d14ec935ee1d,sha256:d14ec935ee1d1b2e24081ddd1ca9077109f2be4334a7fad5bda35ad010d02f7f,no_edit_found,
MB-d150f9327587,sha256:d150f9327587a830c9a4626d20f40901a9da7858f6320ba459984543a4ff3fc9,no_edit_found,
MB-d1535d53aad5,sha256:d1535d53aad5ee69c0a4b940d045af7d5cb1edfec3c5bf7f54dd85f4b1a7233e,no_edit_found,
MB-d15a47d51a03,sha256:d15a47d51a03de65d80dec71a44c86bc6ccc25dcd4973e4181f11a89bba3ffcd,no_edit_found,
MB-d161bcf39461,sha256:d161bcf39461216e6a0d805c8dc9dc090180dd5124edd043ef0c08be8ee2d2e4,no_edit_found,
MB-d171be8dc2e4,sha256:d171be8dc2e4ae20360deb289c2108929d0db41369e8dcdf63c19e95536a5132,no_edit_found,
MB-d172fd2a2841,sha256:d172fd2a2841d259a0b3aa0f4258af5f7c6e6c63c93b9d98b3438e50cf38b7da,no_edit_found,
MB-d17c324988ae,sha256:d17c324988ae34933cb82ffc17c13d5a4f22267074ae91a66ae06fc9f281d9d2,no_edit_found,
MB-d197a3f60f28,sha256:d197a3f60f28855851ba82dc11eb5fdc33266621771df2cc83ffa5c0c4008519,no_edit_found,
MB-d198ffaba948,sha256:d198ffaba9488ec06f0db65413bb6b703c4b06cba49df1b0d5f6b6ec0abec826,no_edit_found,
MB-d1b41757f37d,sha256:d1b41757f37da26df12040a21beb53ab06dfea3000d7d76c17c22c078405fb00,no_edit_found,
MB-d1ba2bf81e43,sha256:d1ba2bf81e43005d871bf4e77f0cff4ff664b757cd5770762f52f0ec3acaab9c,no_edit_found,
MB-d1c11e453d2d,sha256:d1c11e453d2d5d8210da29289c044567f511216348cc8034056133840da813a4,no_edit_found,
MB-d1c2cd896162,sha256:d1c2cd896162616100afdd966d97fd8c0e99f21b4b291f49f73d3990ee0d331f,no_edit_found,
MB-d1c68699a62d,sha256:d1c68699a62d5212d9c6bd5f7921002413d9e395741630649bd39747a8ae66b9,no_edit_found,
MB-d1c8a5ca6347,sha256:d1c8a5ca6347f815572f46dd37b4562fdbb557c1148c2177b42584a412e7ed43,no_edit_found,
MB-d1d14d2926f6,sha256:d1d14d2926f63e55fd0792310dc30180d07e3cb7f824a70adbc701e718b54dc8,no_edit_found,
MB-d1d2a37c2546,sha256:d1d2a37c254684c41c797d96f64b8c34f1fc8625b78468313d1a1d0178d5798c,no_edit_found,
MB-d1e665c326ed,sha256:d1e665c326edef11c9b313530c347b2056207ec974b26eb7895f28fcffd58e24,no_edit_found,
MB-d1feb6874811,sha256:d1feb68748111c67e8c2857c0c7cd82cac4c30e01b1df43b2f835401f4d050b0,no_edit_found,
MB-d2026ef5b345,sha256:d2026ef5b3458f5f5f362dc6fa8d72e76645c4535c12c8eb921c91eaa3163c57,no_edit_found,
MB-d20279a748c4,sha256:d20279a748c43ec80a2a762cb803cf6fdd60dd85bfab63ceaa4901a2a8edf6d6,no_edit_found,
MB-d20780b7f774,sha256:d20780b7f7742cadc349678151f0b6a2b9d04bef300ec302641aebc7d0868028,no_edit_found,
MB-d20f70752a94,sha256:d20f70752a94e76809a04a41f63f04b4cc1a1b0cf7b7c0d251fc8cd3e66855d7,no_edit_found,
MB-d2362b00a4c1,sha256:d2362b00a4c1b4063a54b934d70a7b1fbf648337d4331265015bac6a3eea2eb3,no_edit_found,
MB-d236c6f0106d,sha256:d236c6f0106dc7a3710a304f41aa3a38f781141cccbe8cf620a54be90e6ee632,no_edit_found,
MB-d23da26b09b7,sha256:d23da26b09b7f4f1ebfe5ffc25264330088935b9197959d00689761e0040e4c8,edited,change
MB-d242a37e810e,sha256:d242a37e810eb8bf47ec694be471fc7ab988136c08815509224ce43342289ae8,no_edit_found,
MB-d24416ebf25b,sha256:d24416ebf25b758103ec31bbea2838d71c890242665cedee8e2a0f137a2c3ec4,no_edit_found,
MB-d246b25f92e0,sha256:d246b25f92e06dda6749e18ea5113132f23ccbbfea8bfbb425030aaf6d1ad185,no_edit_found,
MB-d24e44205b14,sha256:d24e44205b14924f283ba13fe267ff87d0ed7cd00a5ced1eb2ed22b1e3d46dbd,no_edit_found,
MB-d24f89b69992,sha256:d24f89b69992f508e979c2e75e4ef02ebd0bc6cae206bf30eab37aedc62a9d3c,no_edit_found,
MB-d2598a089ec3,sha256:d2598a089ec37e514316cb32088f8094a93abf9ad7d78744a489fcdc3ae458e6,no_edit_found,
MB-d26c1c804d34,sha256:d26c1c804d341a50da4962a7eadbc6dd3cb1b1473b80b16ca0a243c25bd14a09,no_edit_found,
MB-d26e0db40bc7,sha256:d26e0db40bc76a91b010c8fb56dcc61b9354b412faa6df37e608c26e1c18b5ed,no_edit_found,
MB-d27c0c96d2da,sha256:d27c0c96d2da0d41d7638043e641d5491fc0c32a696ff39fa2088fdad9a16c0f,no_edit_found,
MB-d27e7f3ff7c2,sha256:d27e7f3ff7c22923a1375039f2876581e5443d1d87a8bb67ee8b814ffe02e7b1,no_edit_found,
MB-d27f6a93a619,sha256:d27f6a93a619ab6e2ea4521263666866a7cff6297aee36b959f7a340bbc60416,no_edit_found,
MB-d299ba0bbbf2,sha256:d299ba0bbbf29d9ceebdf3cad35eafd876cae3999521cb4213b44536505a4218,no_edit_found,
MB-d29ac78cb8fe,sha256:d29ac78cb8fe1528bdf3e1ce6bc8002c1a9277f09785d2fe6ccab9352a7bb2e9,no_edit_found,
MB-d29b5a157945,sha256:d29b5a15794549881fc534d87b0a25663d0639543fc3b7cd05dadfaf46026899,no_edit_found,
MB-d2b08fa2c6ee,sha256:d2b08fa2c6ee426330d46041831632cd1bc92bbf1996be2febfe05e755a90116,no_edit_found,
MB-d2b9041e17d6,sha256:d2b9041e17d6238f87b7ed54c5fbba47841737a5688d842961cf2b26921977a6,no_edit_found,
MB-d2be28f4c326,sha256:d2be28f4c326f6c756dc0a397768dd3fe03db0912ce003e84700e1f3047a5996,no_edit_found,
MB-d2c6da7a54c0,sha256:d2c6da7a54c00cbba4ab79abdbd665fd420a11a1c12f524213afbf79193800c5,no_edit_found,
MB-d2cc06dcd4ca,sha256:d2cc06dcd4ca68d9c975d3398ba49c8a3505d0bdc0ebb7e88ced7683addd8b0f,no_edit_found,
MB-d2db95c865fc,sha256:d2db95c865fc7379d87f61d67630f8df6b3dc4aad46e35f69922d8d2830d808e,no_edit_found,
MB-d2dfc47213f8,sha256:d2dfc47213f80e9ece68b496f5d0f9a639bd156fc25c584b2bc257739f978058,no_edit_found,
MB-d2e10fb13fae,sha256:d2e10fb13fae4c1a8bd73096da0405dbea2f20ff313ccd0f763ee856cd8fb09a,no_edit_found,
MB-d2ea709935a3,sha256:d2ea709935a36e806a4c0807d3d2b8b88991a4cc22903142aa2092b5a957b17f,no_edit_found,
MB-d2f05bc8b1e9,sha256:d2f05bc8b1e971825623cf9e6c19f212d4f3cab32e4853ed875b4117986e9564,no_edit_found,
MB-d2f884536b8b,sha256:d2f884536b8b93a9cae79fa8cd9b1dd29fa2ede4b640c69278018434dbd8a33e,no_edit_found,
MB-d2feac03bc28,sha256:d2feac03bc28c3b8ce67c2bf4925930abd9b81c0bbcf156c2683110f188b6332,no_edit_found,
MB-d30999bb52ac,sha256:d30999bb52ac2b570f784666606f1570235aead90cdcac92aad5f6bf6e03a62e,no_edit_found,
MB-d3178cba65f0,sha256:d3178cba65f0fe11ce6896f1192d977e780acdaf0ccf81f07b70622ed0955d71,no_edit_found,
MB-d326d9012eff,sha256:d326d9012eff5b320cfdcdfe613e1ba5d90246b087f86def1dcd7498ca83de65,no_edit_found,
MB-d3285797f77f,sha256:d3285797f77f38ab3f392c359a7ba0bdc81fa1ad7c6072953c5ce08f3531911d,no_edit_found,
MB-d333e8c8f4b0,sha256:d333e8c8f4b0fe7eb519eac05687f349dc99a31e16f4962d585731b6688c811d,no_edit_found,
MB-d33e0e9d24e4,sha256:d33e0e9d24e4b43552917c3a5515c87e09b973b4aec9258db11da702b2f16452,no_edit_found,
MB-d33ff34e3431,sha256:d33ff34e3431ce3894df802e33e9b483c24ad2bc95b5a482df8b27f3067b66cd,no_edit_found,
MB-d3464ed5840b,sha256:d3464ed5840bb9a3e45496ca06404592b013afe3ca1e0aba0662687fc747918a,no_edit_found,
MB-d34915188889,sha256:d3491518888949466b0f293d6708fa4726a1a7deb37c7f45b274c8cdd41ed4b2,no_edit_found,
MB-d350778c0c88,sha256:d350778c0c88c86377c9870cd1b00149d1bb82636c9488eab70f2f95446783d7,no_edit_found,
MB-d3529c56ce99,sha256:d3529c56ce991ba4d8b59814d30e29551e5b574ce0399c5ce5f1c5b8b4a6ffdb,no_edit_found,
MB-d364c01c5dd5,sha256:d364c01c5dd500ce5a1f42a91a7090d833dae47ac424f93e4ca25429fc46bb6d,no_edit_found,
MB-d36af26031da,sha256:d36af26031dae20d9d08feee1848823d751a586d9a2077aa5cc7fe00fa3e487b,no_edit_found,
MB-d37121f612a6,sha256:d37121f612a6ea3984e77eb7ac4c23c1a97afbec321ce55101a7610b607acb9f,no_edit_found,
MB-d37272756240,sha256:d37272756240afc5467f3f14fb973f2778e7d56ce97932df7977e0fd2965f43a,no_edit_found,
MB-d3738ee9a955,sha256:d3738ee9a955a184b43eadcbda18b81f6d8027444bb5675fbde8afb097f9a80f,no_edit_found,
MB-d37dea39bd1a,sha256:d37dea39bd1ae41ef50349113a1982e469a89a77cb1eb8ea66b4028e62d07b97,no_edit_found,
MB-d3a5dd66046d,sha256:d3a5dd66046d07e5ca563e1baecf9d3523b9f55690f6c311121b3ed03f3b6821,no_edit_found,
MB-d3beed4d0984,sha256:d3beed4d09847f5fc2de5a74af82661cb5be39d3f0c255b10b24937862e28dfb,no_edit_found,
MB-d3c1c76e7267,sha256:d3c1c76e7267d0fe21f6e10008d66b982c0bbb3c47263d3a0fc00ac704484a07,no_edit_found,
MB-d3c382b93603,sha256:d3c382b9360389e7110d8260008c98f773e5dbae6abbc2f2d427beee0f1129d5,no_edit_found,
MB-d3cdc2e62a56,sha256:d3cdc2e62a568b9333e635068a6612a9624ed2cf23ec8dd43dc71935733fb4d8,no_edit_found,
MB-d3ef5c070d82,sha256:d3ef5c070d822f311fe5cf87cc386bfeb2b3fec58d88821f607aaea50b30b5fb,no_edit_found,
MB-d3f5a3160cef,sha256:d3f5a3160cef55d4a0ae72da5d5aefd4c77da008249bd71cdf1b4703cf4c27fc,no_edit_found,
MB-d3f9a5e5a57a,sha256:d3f9a5e5a57a1ac124fd05aaca01b9ebe96f19dc9a7347fc91082d0d8f5d214c,no_edit_found,
MB-d400365588d3,sha256:d400365588d3e0b1b9273d46fb0d6a267d610be441d0bc98d4de55a5d416bfdc,no_edit_found,
MB-d40b7b64025d,sha256:d40b7b64025d17db33e567b8e5b7a32fbb16b1e6ad54ecdad1cc8b69b6b47344,no_edit_found,
MB-d413416ec1c5,sha256:d413416ec1c520067acbdff650b4cc48dbac1a4baec97fbb8977c1670605041c,no_edit_found,
MB-d43036ad7817,sha256:d43036ad781730d1a19bdac7143340974262ba8a7cd930ed5cc8725ec0c544fb,no_edit_found,
MB-d4303a3bd049,sha256:d4303a3bd049356c3223869d8f2b36b64fdca7ae4a83f1d107c4a3d39bd0c946,no_edit_found,
MB-d43d96790e95,sha256:d43d96790e95910047940c99fac08337831ac965db3d4964a7c511328114baf1,no_edit_found,
MB-d4434add06ac,sha256:d4434add06aca74fdf3f12faf50c2631861d1395e77b1677c3040ba74007fe06,no_edit_found,
MB-d445b000c82b,sha256:d445b000c82b52f14b714754f1ba276328ca5fb476e0dbd7d241c9d898337c5d,no_edit_found,
MB-d451db73ef8c,sha256:d451db73ef8c8de99cdbd8c6b9e4e4275984b2b7399b9d8914799b233edbb411,no_edit_found,
MB-d4681642c135,sha256:d4681642c1354118550d9697dc0b55fa1887c67782bf32c84015285cc9ef2e6b,no_edit_found,
MB-d492794cebc2,sha256:d492794cebc2159c09e6cae16203c67e3a44066d04fff0e800aaffda5f997839,no_edit_found,
MB-d49383ab4fec,sha256:d49383ab4fec5e6befed7bc759329b703889095181fa9996fbd24112d86714ae,edited,unchanged
MB-d4951dcf97a8,sha256:d4951dcf97a88e37f56d4f913b5baa0aa442ef22178e8686c04e5603b73b2d16,no_edit_found,
MB-d49a5d2f3871,sha256:d49a5d2f3871c7f8548e26cd41a7aaf7993093fe6765a5ab518b438aab8c9411,no_edit_found,
MB-d49c5dca207a,sha256:d49c5dca207a0eddbd8cd0db1e42239aa734d59150ba53754623f6d77fe279f2,no_edit_found,
MB-d4acee537624,sha256:d4acee5376242cbd55e81fcbacf47de9d9b7dab88b0097fd401c60a6f64279d6,no_edit_found,
MB-d4b12dc5089d,sha256:d4b12dc5089d8da1050ef36aeebb625bd4a02e033f457a75c4ddb707ebf10b73,no_edit_found,
MB-d4b41b990a72,sha256:d4b41b990a72d3b6943b2d9e3d38b81b669ebc748757dc88ac9ca652d6dd6dd3,no_edit_found,
MB-d4c111c9db5f,sha256:d4c111c9db5f1042c7bf8ba7bafc786f6205e0ac91f408e8176fb97baa1f3277,no_edit_found,
MB-d4cae9c586ee,sha256:d4cae9c586ee13c84a5462c00bf299fcc6131904b74aac3bb6e8195f12735cc9,edited,unchanged
MB-d4cb84c2e8bf,sha256:d4cb84c2e8bf89ff32c1c5298d3e47863e710498ba747644dec2c7b91d3227b7,no_edit_found,
MB-d4ce640abf53,sha256:d4ce640abf5306c2c973b25d526fe67d7bd7a90e8d333b3ce3d6fd9c6949525e,no_edit_found,
MB-d4d7d3e560e0,sha256:d4d7d3e560e0519657bc80004a0f2ca199488ad9359d2857ce1e677b6cc91526,no_edit_found,
MB-d4e004b57158,sha256:d4e004b5715827673f9dfb2ea6b1f935794b25c588aba3859905d8deea2d20ba,no_edit_found,
MB-d4e6620df8ca,sha256:d4e6620df8ca54d2a0979a139d5044a0b078f94247fed704b995387fe04d4a93,no_edit_found,
MB-d4e775f081c3,sha256:d4e775f081c316c2a9755c0d719e85f2f1cb12ac76d1f5eb0cdd910505fe8564,no_edit_found,
MB-d504663469bc,sha256:d504663469bc122ae5150ab4694b90858192caeac925b0846baef1633f13cde2,no_edit_found,
MB-d50a18e51899,sha256:d50a18e51899b3c684fff66f18803637b9f1219efbebf044580e326e03fecd4d,no_edit_found,
MB-d51ce0e8831f,sha256:d51ce0e8831f2f050a05015491514e987ccb13fb56bb56f5d92a775abbd82446,no_edit_found,
MB-d521d11823ee,sha256:d521d11823ee3a57e262cfe214d9b73248f76f91efb638cd4a52bf94e917c6a5,no_edit_found,
MB-d535bb45bfb9,sha256:d535bb45bfb9dcf29fdd5450405398eda687ac8609a351817fdd0e22ec81874b,no_edit_found,
MB-d53f5e2e326b,sha256:d53f5e2e326bd5b8586eb1d34f6512266ee68c7db26174b266d8458c3ede5480,no_edit_found,
MB-d5447a7f6c5a,sha256:d5447a7f6c5a4e9d2febd44db3a082a01b64f49a33b923cf1dd6e0bba2c37d1f,no_edit_found,
MB-d54ddcf01acb,sha256:d54ddcf01acba4446832a673261d92e49f7c9eb365ef04ee9df4e6a76d4025a0,no_edit_found,
MB-d554e77d8c6e,sha256:d554e77d8c6e078a489041d5f40c70c7d9f4712c9c64bd18a45203138b3f301a,no_edit_found,
MB-d5561e0edd40,sha256:d5561e0edd40443f56e5f0c2de56e13fa7864747865d18b74e37f53f495516a1,edited,unresolved
MB-d558c73263cd,sha256:d558c73263cdd01685f1f35c93e4aab32cad5affb6f8f0682585e557f25b9e08,no_edit_found,
MB-d55c2488f2cc,sha256:d55c2488f2cc993f69d21e83f99597fc9068bc2c62ea6704d5d527d8c7bf17b6,no_edit_found,
MB-d567d4db2ab5,sha256:d567d4db2ab56376b0548a5aec0f342a0524d0a541f159d4afeab4f026983227,no_edit_found,
MB-d569847af0cd,sha256:d569847af0cd47afc9890bdc2de45d6cb7ecf37701ec4b88bab0d28326834ddf,no_edit_found,
MB-d56b63c1e8f9,sha256:d56b63c1e8f9691d3ee83694e408dadb93edcb85c353dde8a9d7036877c10e66,no_edit_found,
MB-d56f2fe54333,sha256:d56f2fe543331f93d8e27a940468d1a4d3a8e2e5ec1aae9b3def19f0d334bf61,no_edit_found,
MB-d56f6d7d3b8f,sha256:d56f6d7d3b8f9be77bb492e8fdbfc5ea1bdf003690242e14972e08a379c78499,no_edit_found,
MB-d57e568fddd4,sha256:d57e568fddd47ca0f59869b8e39960476d76d2db2d6f7f23a44d7aecdd00c74c,no_edit_found,
MB-d58f58810342,sha256:d58f58810342e53e1f47e2b26f7d498b50e3de9dec0a4c33d43eaa49540ffd0e,no_edit_found,
MB-d59cc5d465cf,sha256:d59cc5d465cf5ce92f463ba82f35b179ff71a253a82fefabaad22a6db7faa0ad,no_edit_found,
MB-d5a33c9dd127,sha256:d5a33c9dd12704df1cecc8274264d28183d51ac6078a58b3d4f10ffe602232ce,no_edit_found,
MB-d5a5569dfadf,sha256:d5a5569dfadf53c5816c47a548dc98d7c86ad5364962f9ef41aaead48c2b133e,no_edit_found,
MB-d5a7bb87a0cf,sha256:d5a7bb87a0cf383d965f3e74c942ab2d7c07e76ec723431bde83bceb0f77773a,no_edit_found,
MB-d5b6a4fddad0,sha256:d5b6a4fddad080ef91a8f0d557f7049897423dde5ddbfe99bc64b4b5716e0bf5,no_edit_found,
MB-d5c81faabf5f,sha256:d5c81faabf5ffd10c2925bfadb5f478da5ad65a852cddd27107e5362328cd0a1,no_edit_found,
MB-d5df0b1ea21c,sha256:d5df0b1ea21cf0386ac2b53bb4d4c824896092b43f29806f68d7e33b75cba0c5,edited,invalid
MB-d5e4413e5e34,sha256:d5e4413e5e34ac5e77f40291c540e5528f40139dd40a4d4355f0b5f9b18dbe96,no_edit_found,
MB-d5e5a04e378e,sha256:d5e5a04e378e28f47d41654a30bdd4858d61966661f751fe73affc05f4801e4e,no_edit_found,
MB-d5e5c37181f6,sha256:d5e5c37181f61d93bd1fe64138a1a0290762863394067805122f5583b8f54e8a,no_edit_found,
MB-d5f2eb50eb5e,sha256:d5f2eb50eb5eff17bd30163054822f92bedc71bb450c78426b1e1a3c01963a28,edited,invalid
MB-d5fd7a8e15da,sha256:d5fd7a8e15da2d0e793da4b637907576d7db93fb58ce11b55907be1ab63286b0,no_edit_found,
MB-d6015ff1ac26,sha256:d6015ff1ac260a40d02fe5af933019026879fa7e3e716fe5745d333683da0da8,no_edit_found,
MB-d614531d8a20,sha256:d614531d8a20a518658fda80eb66ad87aa431221787b358fff34ea10fb991726,no_edit_found,
MB-d62e434cd2ed,sha256:d62e434cd2ed05f5f358948336b967bb172aba28d223977dbab2b2aed139c45c,no_edit_found,
MB-d62ed6527223,sha256:d62ed65272239323562cc1938c5e23540a80f8e2eee167b13600a48bdd6b1c37,no_edit_found,
MB-d6369bafce7a,sha256:d6369bafce7adb994fd27dd0045ac75170dd5868e37b36b10db3ad90e9612984,no_edit_found,
MB-d63be21d3233,sha256:d63be21d323300030dcfa5bdc7e569d2ac85781c6f48f62ff535e220e7a67d9b,no_edit_found,
MB-d6480d5e91f0,sha256:d6480d5e91f0a032d7f5044ba1c00dcfa1a2dfa94a73748e03c44ea7c8715bf9,no_edit_found,
MB-d649d7d78519,sha256:d649d7d7851910102bf03d247ec17353ce40ccb9759b7139f92954ae3f8ca78d,no_edit_found,
MB-d65194b25277,sha256:d65194b25277e5242fa1ace604c2b6b25ac111f4f28e8bb19824395b6461cfa7,edited,unchanged
MB-d6527479bd5b,sha256:d6527479bd5be40a372e74544ff47332c930627ef85ef39641ccca06f4127afe,no_edit_found,
MB-d658e34af320,sha256:d658e34af320741e002652aca17519aeaa8adbcf0427bafd75b11be245a23879,no_edit_found,
MB-d667fae516ef,sha256:d667fae516effd82fd6694951dfaee10e3aba3ee0f868dc4e7152d944423594a,no_edit_found,
MB-d669b0edd958,sha256:d669b0edd958d02eeead6ddf7f98f42f5c7dbee3a904d86451485ea8efba4d5d,no_edit_found,
MB-d66f0bdcf40d,sha256:d66f0bdcf40d89365387d005cef869ffea052583074686a4baad44b00f6e81a9,no_edit_found,
MB-d6767fbac384,sha256:d6767fbac3847205fa90971d70f54bd67e700cc85dc5f202f84b76b64ac8da22,no_edit_found,
MB-d67a3cace41a,sha256:d67a3cace41acdc8ccc097ab98702339626c275d4eeb6ce47b0964260f7bff36,no_edit_found,
MB-d682014dc4c9,sha256:d682014dc4c9e08367548ad21a4cee1655aacdda87e2a8f3dc8d09c30bce278f,no_edit_found,
MB-d68319d1b1c7,sha256:d68319d1b1c79bf3892e54ddbb06097afc72cddff4a41b1ffa88495cb9dd3480,no_edit_found,
MB-d68b744febf8,sha256:d68b744febf8ce6824d2eb5cc60bc4f078ae3bbc7fbdd482ba3ffa6dbc2cda6f,no_edit_found,
MB-d68f65960538,sha256:d68f65960538cbf861929d5d2e765d5eee66a6891b546e1c5b5d7c717c0a2fee,no_edit_found,
MB-d6a32cc65403,sha256:d6a32cc65403d8369637336c62e90b941db4a7b73381d3392c88c0cf50c57854,no_edit_found,
MB-d6a61e7e8fb1,sha256:d6a61e7e8fb1adf0a2d6006725321401233b99409ea0112019c5836bd21901e3,no_edit_found,
MB-d6b19aaf53b0,sha256:d6b19aaf53b054e7bd179d6b6ddca435e9682a04c2d4e14e91ceb6444d04f443,no_edit_found,
MB-d6b69cddb032,sha256:d6b69cddb0320f225fd0db75db7670bccd649bf19d6d785d37a8f73ef028c536,no_edit_found,
MB-d6b8dcff7a47,sha256:d6b8dcff7a47e5b8582e475142f4e3d3d4f1c7f8bef706544fd52a925999bab5,no_edit_found,
MB-d6bd2ffed2d2,sha256:d6bd2ffed2d22f72cb4eb3771f194e65710067a11a16a99cf43ae29482a4416a,no_edit_found,
MB-d6cef259d64f,sha256:d6cef259d64fc7fb3e443f0f1a14b28b4589f54d195bf6c83330008afc0f1b74,no_edit_found,
MB-d6d7244319a6,sha256:d6d7244319a6c5da0a1899ea27d72437d75a9bbdc6cc6bcfb7c7e2fd7be198a8,no_edit_found,
MB-d6e0d0f13be9,sha256:d6e0d0f13be90b5818e01844334e4cbadfdfa1018c99b6f1d25339ec37713bab,no_edit_found,
MB-d6e561feab27,sha256:d6e561feab27c7074758905519353733d86bdc74d3a78b8fdea2dade843ea0e5,no_edit_found,
MB-d6e5f085bba4,sha256:d6e5f085bba4ca472a666c990a6bce041e608ea04aee4ddaf7534f9d62ffdd0a,edited,unchanged
MB-d6e8b1c81ea8,sha256:d6e8b1c81ea87bccc1a0ba0ae113d5e76062b8163ed4b9f10b2fef68fd21403f,no_edit_found,
MB-d7093abe1ee2,sha256:d7093abe1ee2eb8dfad0e54a51cd2309b270c6f57c1a333c41432c167aac95b8,no_edit_found,
MB-d71cdfcc6453,sha256:d71cdfcc6453c908d8b518f3844f62186551b490d71e37902c0e94d5b320ac4c,no_edit_found,
MB-d71cefa998ef,sha256:d71cefa998ef76a0a135db0e6f3daeda44c9a0eeca619d65b1598b659ad8ad61,no_edit_found,
MB-d738e8886d0d,sha256:d738e8886d0df5dd602c0c0ad3d35b03255674e87dc7580447fc7ffdc282c5b9,edited,invalid
MB-d73a44f4bc30,sha256:d73a44f4bc30feb708c30387cb134691f4d39c74f7a50989f13fa1aabba4ce4d,edited,invalid
MB-d74c45c224da,sha256:d74c45c224da5f0c962021e8b774a7be0e1330ff514c75bc3a1216a8e5364014,no_edit_found,
MB-d7532757a375,sha256:d7532757a375639cd7b70427b73afbcfed56776c4002498adeb8f4096ee67b2c,no_edit_found,
MB-d756c3b49e25,sha256:d756c3b49e250d3a14ae85b23248d102be01c23efc05ccb85793b8b7f963a7f7,no_edit_found,
MB-d7577c06e985,sha256:d7577c06e985f3489c48a9cb1ba9231ebf1cf6adf8fbb8dbd91e10b94c59c6d4,no_edit_found,
MB-d7717a837d92,sha256:d7717a837d92c196e5cc48e8873a0eec33ee06da04dcd3b3d1621c6890a7850a,no_edit_found,
MB-d776d3f5f897,sha256:d776d3f5f897e881ad694c4dcf11db5bc3c13aa5e084ddce24751d532a9c5a8c,no_edit_found,
MB-d779719eea4e,sha256:d779719eea4ec45c852dc11a21987f9d43bd09c46f5e4a74cbf4ca9d0199729c,no_edit_found,
MB-d7950b9c13fe,sha256:d7950b9c13fe13aa64e3278353cc7c00722b91a9a0a3e773f01999920c6fbc26,no_edit_found,
MB-d7957479d39d,sha256:d7957479d39d634277ac8df48bbfdc1f05d45eea25a5cb344a500952ff275502,no_edit_found,
MB-d798e6b9c20f,sha256:d798e6b9c20fa8e14b4b98b52fa8abddc390da25c9237bf05fd5d188ea185535,no_edit_found,
MB-d79a807c86c2,sha256:d79a807c86c29ede9282f920fced458fad8edfadba4717da3a39247fe7e35c4b,no_edit_found,
MB-d7a08a21f87e,sha256:d7a08a21f87e09ad1175c80fb92209af9d7f1b95f42a9a0e004010746c3f8631,no_edit_found,
MB-d7a7ac9ab50c,sha256:d7a7ac9ab50c22f272d1290b64d0622d296b759d6134542377fc1c359db68ec4,edited,change
MB-d7b6334803e2,sha256:d7b6334803e2f4f443eb53962e0cff7c3e9c274c15640c20e12fd7ef3e6c34b1,no_edit_found,
MB-d7ba01efa5b8,sha256:d7ba01efa5b85613b4b0cf97b5fe8c1039e369af7e43101f73c593be9d11d115,no_edit_found,
MB-d7bd37082ced,sha256:d7bd37082ced3615e7f1b293290034ede3b48e3e2e0ff596714319dbce07938f,edited,change
MB-d7c29ce11312,sha256:d7c29ce11312f1991e62a059bd06f29f8609501ef65f3771c1a92ddb1eb72fcb,edited,change
MB-d7c926d66b48,sha256:d7c926d66b4836d53dbecfee5b51db467c52842841f880be76de6b98d7ef0c76,no_edit_found,
MB-d7d9e00abad8,sha256:d7d9e00abad84bcc8f2c5e57b460ae31ef6aa73baf1407e0e58adff6fa86b934,no_edit_found,
MB-d7da9bb99f0c,sha256:d7da9bb99f0cda9f2bbfbcdc6f84cad79fa8a263810c88b8bfba2b1fcf51f3ff,no_edit_found,
MB-d7df6483fc25,sha256:d7df6483fc25347cc58dbb0bbab0d540bea14964a0e1e0c73b5eacb6af64f0f9,no_edit_found,
MB-d7eb27c85c0c,sha256:d7eb27c85c0cd1011b977af48a96ad3f8e4f016175cc64d44aff4aa7cefc730d,no_edit_found,
MB-d7f114dab416,sha256:d7f114dab4161c2004ddc2e0e6ced5d3252949321d008f9b1ec0157bf053795a,no_edit_found,
MB-d7f6d73a3649,sha256:d7f6d73a364930055c1911e1c8dc88d0f5f46044a4b7faeb02c7c87b6cf0c9c1,edited,invalid
MB-d7fc2bd4d8f9,sha256:d7fc2bd4d8f93223bf220f6bde31c9885305cc73b50b47699ce596280ca3b8b2,no_edit_found,
MB-d80bccdfd72e,sha256:d80bccdfd72e09531fe961dd8d045143ad021f57c72ca8e5054ff5046106d6c8,no_edit_found,
MB-d80de754e875,sha256:d80de754e87520239b9c2751bb488aa20dc701365e84098c9652d65464508872,no_edit_found,
MB-d81688204e58,sha256:d81688204e58be3810c934b2830af02f74139c4adcb359778ea4152f418f7bdb,no_edit_found,
MB-d817f7c933fe,sha256:d817f7c933febb9d9d3ae40ed22d731af58e0a9bece14dafee889442572e4cc9,no_edit_found,
MB-d84626290872,sha256:d8462629087272e010fede56cb71770a10f2dbf59b178656abfe92454975379b,no_edit_found,
MB-d84e7d92bd8c,sha256:d84e7d92bd8cf71dc58cb78e9d1b4a460aef3e0cd36b355cc57ba1699491a4d9,no_edit_found,
MB-d855acaa75e0,sha256:d855acaa75e0c90be24c456089fdb5003b655a735fd9619139dfd93e8420dd85,no_edit_found,
MB-d8562ed4ef7d,sha256:d8562ed4ef7d66c2a4eb29614d978396354042df4efe58b66c1610c67e9121d7,no_edit_found,
MB-d85f94e8dcea,sha256:d85f94e8dcea93e06c18e3c669e3b17f2cc9a836e397e8b8c957852f85767a60,no_edit_found,
MB-d860890b008e,sha256:d860890b008ef2433db64cc7a2a918736ffc226b3c66f6f850061efa72f8fbf5,no_edit_found,
MB-d8634b8842c5,sha256:d8634b8842c536ca128b95e02d75e6ad6373b36806c15fe9f5b6ef2996c40db0,no_edit_found,
MB-d878bce40046,sha256:d878bce40046a4625d941cfa8660aea82b3d5d862bf9b4bc8a9f4d89abd2e538,no_edit_found,
MB-d87cb56dbdb5,sha256:d87cb56dbdb54ea6506b9737c45429fd83a5139c89f3a88fa5c1913450d55da6,no_edit_found,
MB-d87e184b5fef,sha256:d87e184b5fef703eddbb5a995a2d8a0198478d1271ce370a0ada62366cba3971,no_edit_found,
MB-d880c185ffb4,sha256:d880c185ffb4a5168190166fafa6db325a65422e2e7216b6ca0cfd254242afec,no_edit_found,
MB-d888b7b5cc3e,sha256:d888b7b5cc3e3f67a6de3559e87b1bcd25f916668c20fb378e131454814f65c3,no_edit_found,
MB-d888f23c7886,sha256:d888f23c7886615f217ea8fb7e9aced582887229d96380ee7d6dee83938081e4,no_edit_found,
MB-d890cffd03e3,sha256:d890cffd03e3e26926fea76d50eefc375d20726ed83d7e64da368c94f2fb9c35,no_edit_found,
MB-d89bc75c6597,sha256:d89bc75c6597db45bd4890eb16a02ac29b72b1404b50f90eaea667cdffacfefc,no_edit_found,
MB-d8a9b20f7dd4,sha256:d8a9b20f7dd487b6ddda0114433ea3aa2e91b349722cb395803cb289dbd5e212,no_edit_found,
MB-d8acbe6f7315,sha256:d8acbe6f73159081e5977066aeb424e08baff193bab032f10c2758a0faf7c3fe,no_edit_found,
MB-d8c41f89581a,sha256:d8c41f89581abf24f23207fd2fb6909fe48b49bc18a33e5bb960b6532454eb53,edited,change
MB-d8cf36d65e02,sha256:d8cf36d65e02fd41e3edbfcf303c175e6a9ce6580edf8aadb680d7134bd30c37,no_edit_found,
MB-d8cf9c866d3a,sha256:d8cf9c866d3af6dd2eba18a4b39e3f673bca440f8b9a4ce1c5a5ceb66d20ff13,no_edit_found,
MB-d8d06508407e,sha256:d8d06508407ee8002c53611f7228f0c0c08bbb318ddd7bcb1537bbd2afe0a382,no_edit_found,
MB-d8d276a1a43f,sha256:d8d276a1a43f58421561a02a50b257cd061bc468d5c351cce6657a79d6f682b2,no_edit_found,
MB-d8e6e022a6aa,sha256:d8e6e022a6aacf4ec3a792f8565061121e755652a885bd68fd22715feac9d33c,no_edit_found,
MB-d8e71aac8079,sha256:d8e71aac807963c1bddae1647dd14b34b241d6679316a734c6fe9433c1fd39ec,no_edit_found,
MB-d8e7602566ad,sha256:d8e7602566adf20f807f7ea11749c41751d6430a6375d7d16aa61c682b835dc2,edited,unresolved
MB-d8f51f5a0f5c,sha256:d8f51f5a0f5c6a4c6005487a09416057d5de40883abae22e8b6ae75e2cbdddaa,no_edit_found,
MB-d8f694894668,sha256:d8f6948946683e9acb4bef4d0af62ff5fe12e316f4f16b89ce96fd7937b55811,no_edit_found,
MB-d8fe5d253f46,sha256:d8fe5d253f4651d9795b2f0ef4b2974df0bdd156164bc6f77b520500bfc348f9,no_edit_found,
MB-d9018e201b58,sha256:d9018e201b58fe16eb7266521cfd75435c0199e2d6a2dab8b9e7c593ed33e922,no_edit_found,
MB-d9083f137eb4,sha256:d9083f137eb4a800ed45ca0d3cdc52c16480c5a137b5fe48a783a699a1f60a4d,no_edit_found,
MB-d908470e8346,sha256:d908470e83465c02b07e32fae421e304c7349d714e24035dfad968c2f7aac4e4,no_edit_found,
MB-d91bb1e662a7,sha256:d91bb1e662a728c4bc32d210b53181938426b6b26104a2ea7bae402d2695577f,no_edit_found,
MB-d92a33409db7,sha256:d92a33409db796a42829c4e106bbcae1d42bf09205b1c8a856059a9cab5d3cc2,no_edit_found,
MB-d92ecef54c5a,sha256:d92ecef54c5a439d0bcb5d5f873aa53653b5542f605c4afde21e9481d2ac7592,no_edit_found,
MB-d934761d1187,sha256:d934761d1187c8df812c8a28371d2dd62dd289643160b31a7660a0bf761884a1,no_edit_found,
MB-d93c602a2ad7,sha256:d93c602a2ad754201183da1db566840d9074d363ae0ac8d2c816fda5726db478,no_edit_found,
MB-d942c50ec64d,sha256:d942c50ec64deb042aa585bb3270be0ae92c7ff913c34b017a969bc976001c66,no_edit_found,
MB-d94622da994e,sha256:d94622da994e3ebafbb042936f0ed0714c9d29b1ed76965c2d21209a6beeccd3,no_edit_found,
MB-d949996133cf,sha256:d949996133cf5ee0eecb5c50124f9fe029b30a42afdc7cdc20ed778c806a3741,no_edit_found,
MB-d94d4beeea8c,sha256:d94d4beeea8c534647828690eeb90035b3fb0e1cf4d6ef02f616eb9d1f4d9805,no_edit_found,
MB-d9501e03cbbd,sha256:d9501e03cbbde5869a78873a9f7a4eaeac8733635ec4239b37d366dc73aee277,no_edit_found,
MB-d95853adc6a1,sha256:d95853adc6a1cfd40361346634cf350a123e8491eb23022c3453f8fc5c1b9660,no_edit_found,
MB-d95c36888169,sha256:d95c368881695b6f51e56ee8c6dff84b4d0870f62ab0b48f5b0d52da74fd8f27,no_edit_found,
MB-d95eafb88d69,sha256:d95eafb88d69aafb9e5abe7016e7bcb9fdac2934c1603829082858c9bb653fdf,no_edit_found,
MB-d96548e8f3a2,sha256:d96548e8f3a2ca57222d817211612dc4ecbd1e71412a6fca0bc0ab5f6e027bec,no_edit_found,
MB-d972bc418fb3,sha256:d972bc418fb37377f2b27e77aa4b008fe543ba6ab7724a42f2de2a40af5cf525,no_edit_found,
MB-d98379cd2c3d,sha256:d98379cd2c3d317990513141dfd510404290c23e11c301b1e56b92c1e4d89a08,no_edit_found,
MB-d998cf9af59a,sha256:d998cf9af59a8b38df65c91057efd9843e7ebbf720e10fb7be8d45cb103eabb6,no_edit_found,
MB-d9a311f1098a,sha256:d9a311f1098a092b169c87427838d6e388842374160ba6a429f4e1d3aeb95d10,no_edit_found,
MB-d9b843ac5216,sha256:d9b843ac52161620be72e1180adfa32507b889f67ba9bf55a0e0573ea2c177a4,no_edit_found,
MB-d9c349e25512,sha256:d9c349e25512a03a2d8c09e07c5ba10727da698519d2d43c6fb4d98bee95c98d,no_edit_found,
MB-d9c93dcbb98d,sha256:d9c93dcbb98d98af551cc6fd9ecfeb0275d0751c39961af58df51ac782c1b407,edited,unchanged
MB-d9cd39c55bf6,sha256:d9cd39c55bf6b72d4262469ba2f6d5d7190122da7f64ee4853cd3fd32f7105e6,no_edit_found,
MB-d9d68941518d,sha256:d9d68941518dd3b823b4673722995e76a610d0adb5ee08a0eb6e4d71c0e662b5,no_edit_found,
MB-d9da16d084e1,sha256:d9da16d084e1b52e547f0afd71795f4cb79fad29bf3d664809a4a20439848471,no_edit_found,
MB-d9dea283b84a,sha256:d9dea283b84a8b9ba441484552ec94bc77b67151b1c62497c3b715188faccc7e,no_edit_found,
MB-d9e5784b324e,sha256:d9e5784b324e07c4334afcf0f295626ce1455c6a52210afabfd8655b87b87d92,no_edit_found,
MB-d9f1aa14b12b,sha256:d9f1aa14b12b71367fcd0c39c45a70a0aacffb79dbeace6a8b23e7a56a336dae,edited,change
MB-d9f62adc36f2,sha256:d9f62adc36f248ff76e2f1fae07299d4cbce9a0da6b5b84d8cb53076a00ad7c4,no_edit_found,
MB-d9faaf4b06ca,sha256:d9faaf4b06ca00088f6df578fa940c20bcb8aeb70a7f4a1ef31d026afa9cd8b3,no_edit_found,
MB-d9ffc9205637,sha256:d9ffc9205637fb413af3ea24b56e27ba7ad11bd95912f5202dee25e28a18998a,no_edit_found,
MB-da007eabcff9,sha256:da007eabcff919e43828ffe00f4a0dd39816eaa1eda214687297539475dec10c,no_edit_found,
MB-da1cbaa38c93,sha256:da1cbaa38c93531fe627dbb6a83e941f1ec09ee0190d79981213202424f9c5c5,no_edit_found,
MB-da1cd49404f1,sha256:da1cd49404f1848a32f3fe2c1edafe8ff84bca791039db27cb1859be9ba8d513,no_edit_found,
MB-da1ef28f528e,sha256:da1ef28f528e4d2b9b08b5270f955cc31960a4cef262469024d55d52e38327a8,no_edit_found,
MB-da20f4990c89,sha256:da20f4990c89376d6382fe7d4103a2d05f4d78486a7de15cca3ad695a36ff54f,no_edit_found,
MB-da3921e06ccd,sha256:da3921e06ccd44e1e77d37d66748c17d11b65e86acfe52c4ac126dc1b275d1de,no_edit_found,
MB-da4b8740526f,sha256:da4b8740526fb0507b87ccce4e463277838794373cbde6f93be9bb4f719a8a41,no_edit_found,
MB-da5047578c0c,sha256:da5047578c0c9d655ac053fd51787a04b8a90874ebcb257b4a73ea9498c68dd6,no_edit_found,
MB-da50cf2e03d0,sha256:da50cf2e03d001881c84cf155c70c6ce9352a98771b4af49efeeff7e9ec0d332,no_edit_found,
MB-da521d1804ec,sha256:da521d1804ec810e243928cd3fb0d01008b07e0da1864623fc562a0887f02a03,no_edit_found,
MB-da54a018317b,sha256:da54a018317b3fd3d71907ef467275816382161b13ea9bff4fbcd9c2558a8d35,no_edit_found,
MB-da65f0707a8d,sha256:da65f0707a8df7450de315f199216dc6ef34125facd9acdf5de23dd2d81bf49a,no_edit_found,
MB-da663a12dd3d,sha256:da663a12dd3d1cf15c928affcbf1b5c038e7c490e51b8b1210dc5d05bc2c7acf,no_edit_found,
MB-da67c282e191,sha256:da67c282e19167543352c4ddca3ea0d40c0dcb39da492380b08e1d575e3161af,no_edit_found,
MB-da6908829303,sha256:da6908829303b968f1688ceb0a413d14ea69803fd5e2f12e299940ab2d625b20,no_edit_found,
MB-da778a4b1494,sha256:da778a4b1494c60978d1eb0299810cb17402d36c06b6df6d716e4cd339b2b04c,no_edit_found,
MB-da7f0504b3c6,sha256:da7f0504b3c6e7cc8d6cc929b97232dd5acbc6f6da6bc428e17b8ee426d2a7a0,no_edit_found,
MB-da94023ae233,sha256:da94023ae23376af1d6d70278f690fb2bc24120b7621fd96bc802f1c64281ee6,no_edit_found,
MB-da949bdcb41d,sha256:da949bdcb41d2bc611065a4ccb78297a5a2e71a8e7e917898ea7cf2a163abfde,no_edit_found,
MB-da94a26a2514,sha256:da94a26a251410b2eae950c45159255b8554a774e6cc5aa83397b886de9dbad2,no_edit_found,
MB-da997b414c43,sha256:da997b414c4326624967305be62e9cc75fe4fe3aede27f6fc0bf4f0a7c693800,no_edit_found,
MB-da9d2d75a32a,sha256:da9d2d75a32ae91442326e27564a1ba27507703703d4ddbae3aead413297c8a3,no_edit_found,
MB-da9f72202ee9,sha256:da9f72202ee90e4dde71af0f07394e92ef4b504679df612b467eea69e3d42938,no_edit_found,
MB-daa07e9a0470,sha256:daa07e9a0470509f6f844147eb5a6d8bf0148b35fb0a8142c52e69432f732001,edited,unchanged
MB-daa8c5b95358,sha256:daa8c5b953588223e252f60d4034c528a56b4860336df791228d8d14ce18c79f,no_edit_found,
MB-dab725ffbdcc,sha256:dab725ffbdcc1f4c062979be5668a065156206ebe7d1e75781302663ec74f715,no_edit_found,
MB-dac2d2fa6f02,sha256:dac2d2fa6f0285e202faca02e91d8b4a722b9d84315474b365df97ab801f7477,no_edit_found,
MB-daddd540e7f4,sha256:daddd540e7f4ddf054b249950b7dba09e72c0826ffc7b968762dca07110bf286,no_edit_found,
MB-dadea4b0573c,sha256:dadea4b0573c26315f1347dbb23da4be290787259390bf1a368af1c262224b42,no_edit_found,
MB-dadf5625248f,sha256:dadf5625248fbc2d55ec59ff9e17599b3aa2b493325be1abeba5ede46c4ec6b9,no_edit_found,
MB-dae227c5adba,sha256:dae227c5adba98c7477849d46432d5c8bd0be5880dd741cca37fe631ca76bfb7,no_edit_found,
MB-dae319eb287c,sha256:dae319eb287ccb6280aa78ee73796b6f6d91a69e8e127786c29c6b6d7481977c,no_edit_found,
MB-daf454f4a3cd,sha256:daf454f4a3cd3ac057570e177fb0a01ab526dd7aaa569684ba70e8e3d817be89,no_edit_found,
MB-daf9b4412aba,sha256:daf9b4412aba5e8d46d4b53084577e84fdfc18f19f80e14a2ad3688a4cadbd15,no_edit_found,
MB-dafa042b6d1d,sha256:dafa042b6d1d81108de66c16caedbd202ffdabdb5d9ec18eccaa3567b25e1fa0,no_edit_found,
MB-dafa436754e3,sha256:dafa436754e32cb384fec46b07d4abcd2d24369e0c9b9bbcc4f4a854936719da,edited,invalid
MB-db0049b19108,sha256:db0049b19108808351a0293dedd71f7b9e56f78407babb194b39e7ad40280321,no_edit_found,
MB-db00935f9e5b,sha256:db00935f9e5bb60b9e06c33217c4dae5ba97f38341b90b1bd0b8d0332e595288,edited,unchanged
MB-db043c74e390,sha256:db043c74e3907b662747bad677e18f835410405cdf5d08a8addd5aa6f8420905,no_edit_found,
MB-db06df4e447c,sha256:db06df4e447c2d53a96e5395be383cd5b84e336bbe16e32de45a78097e93d778,no_edit_found,
MB-db137a84ce91,sha256:db137a84ce913dd39c2e018bf63a7075d6ac8a148789baaaadcc1f7185ea58b8,no_edit_found,
MB-db150e17507e,sha256:db150e17507ed4d101e825c2fd431d524bc12cb7584d04be2d6ba361b7063086,edited,unresolved
MB-db17b6daf84d,sha256:db17b6daf84db99c3a33c42c42cc439990ccb300b048a0b0ca2dbb633e4b063c,no_edit_found,
MB-db19aaff5cc9,sha256:db19aaff5cc9439eecd0b4e0e6e630bce9e6defc1d7749a252d66089e0139d71,no_edit_found,
MB-db283007f02c,sha256:db283007f02c2d0697df037281632f6365f4804a20dcddd8f80ed4a0e9594dc1,no_edit_found,
MB-db31ac33bad0,sha256:db31ac33bad0e582cdcb7bc3e0019e3bfe55b2c2253c74e4d2ee29a2a86eb18d,edited,change
MB-db3a7cf11e97,sha256:db3a7cf11e974c9efd9403587216f788738611a2949eaeaccb2ca4e4bc4af243,no_edit_found,
MB-db5443bbdd43,sha256:db5443bbdd436ed3ee894f47d8d4ae7857515d46d42e84a8dde7c5a8de52ef81,no_edit_found,
MB-db5ed3acfbd1,sha256:db5ed3acfbd1f570cf10053dd66a56ce8556084c694d299f3d29899363a95e32,no_edit_found,
MB-db66d552e6b6,sha256:db66d552e6b61b11c1010cb4fa7aad170444767f1a423098a1f6bffaa7a3efe2,no_edit_found,
MB-db733c55f16f,sha256:db733c55f16fe9e2012a12422f4f7145c4d9b55927504a17ac936365850f9971,no_edit_found,
MB-db7c0348d5b3,sha256:db7c0348d5b3be709393f367e6edd4bbaffbe4167d36e230bf60508be4d5ca70,edited,unchanged
MB-db7eb476182e,sha256:db7eb476182e7fcec64fb009e292b738b6a3729088dac3e787c9612c461fb670,no_edit_found,
MB-db802834f08a,sha256:db802834f08a0a49fa6b05ad8bfeeb93f6256952dd4d8cd35eea3b090b0cd29c,no_edit_found,
MB-db80e6737cc1,sha256:db80e6737cc1c2c3e72dd00d088c601b9cc36b1e1bb7a43d11db543b617c6a04,no_edit_found,
MB-db8529acee31,sha256:db8529acee310e1f89dba863f915ecfb5002c76f54dd784ff5b50988b602545a,no_edit_found,
MB-db882cdd6552,sha256:db882cdd6552956ed7ba551bd8afdd1877ffee707eb03cda5905dbaa199195e0,no_edit_found,
MB-db92ee4e2199,sha256:db92ee4e21994542ad4b9b7fdef906273064575ed050c2043bfc01767afacc46,no_edit_found,
MB-db93b49c75f8,sha256:db93b49c75f878d463ff69c827613c0e0373e0f396cf10ad0ca419cb0a5d0708,no_edit_found,
MB-dbb3ba550cdf,sha256:dbb3ba550cdfaa6131de36ea4aed965b9b85149ff255ef139009c30032a9505c,no_edit_found,
MB-dbb66b8cfdf8,sha256:dbb66b8cfdf8c933ea6314a2d17f697cea71718c2ad971a1470cda74858b5343,no_edit_found,
MB-dbb846a6246d,sha256:dbb846a6246df84f526af2a00c87f0ec2f5f0b4f245e6facf833c94edd584d81,no_edit_found,
MB-dbbbcd21b7fc,sha256:dbbbcd21b7fc936bba447422753c5b8f44259345756e8ff9d3695ee0bd976b20,no_edit_found,
MB-dbc4ee3d5c30,sha256:dbc4ee3d5c30e55a516f042eebb99c9d957a606343dbe646a48766decadf1e3b,no_edit_found,
MB-dbc8038e3efe,sha256:dbc8038e3efeaa797e54388d5f081910a3986ed0d414fc8da247f40492faee21,no_edit_found,
MB-dbc82464edb3,sha256:dbc82464edb35acb1feca1fbdacea36fc878fcd3e6451b45de033787b787e712,no_edit_found,
MB-dbc8f313d048,sha256:dbc8f313d048956a849571ae3166bdd3ca9afed8375d9bf71e508cd57d31d05f,no_edit_found,
MB-dbca83d1dc2a,sha256:dbca83d1dc2a1620709880705d65b4102de3b4f5bbf4f94725a6be38946b0f30,edited,invalid
MB-dbd3ba264207,sha256:dbd3ba26420739c0822b87762d5c34a464d658e402beb7a2f96c6185fd48e3e9,no_edit_found,
MB-dbdf9af69bdb,sha256:dbdf9af69bdbcc5116b7ab34214ba32f419fc49b15f704470e7c269a135953fd,no_edit_found,
MB-dbe40de3a3a4,sha256:dbe40de3a3a4678cfe9d4f0ba121ce52b0b0a8165b6ad9598d3afeece5bc7c3e,no_edit_found,
MB-dbe8cffcdcc5,sha256:dbe8cffcdcc54f213d509e125876cb781060acdb7a0ebcd24e692ada53280410,no_edit_found,
MB-dbeb43a0d4ec,sha256:dbeb43a0d4ec5c69357b6050a30b265762186307071c4f430c1bfdd1fde12613,no_edit_found,
MB-dbeba9d12f9c,sha256:dbeba9d12f9c366d04e7c1187fbea5ded4424e5b00204f5bd31dc54afd8acf77,no_edit_found,
MB-dbeeefe49797,sha256:dbeeefe49797253a9471ec784a8bd5f629e04bfbcebf80ec1c030f2bae3b92bc,no_edit_found,
MB-dbf342379e6c,sha256:dbf342379e6cb9daacc6d95262d1554c91068827ae0c2ab3719d2880c5e12505,no_edit_found,
MB-dbff5bf52565,sha256:dbff5bf52565932fb4063b939d18461a0f0bc44f5a7d49556b21e3c412c60259,no_edit_found,
MB-dc02c7214bdf,sha256:dc02c7214bdf86e97ba2377277bfea6bc90b8c80877caf6cc7adc31d6065c0ca,no_edit_found,
MB-dc0a482d1d8d,sha256:dc0a482d1d8dc4eb0e809174bac179f585f9bc9705bd008eaf6a8569e72b5c32,edited,change
MB-dc39730af674,sha256:dc39730af67446a68e9013666958f247ebc1e72423f16728094604b21407b37f,no_edit_found,
MB-dc3fb06a72b4,sha256:dc3fb06a72b4dc3fd7fc637a4db3f9efc5e452b12ba3d5bf9f76e9e442d18450,no_edit_found,
MB-dc47a59ec2bf,sha256:dc47a59ec2bfafa31d0813e954e2db0e4f48b84179195440321b00ea24270b43,no_edit_found,
MB-dc4d2c876726,sha256:dc4d2c8767267acaca7ce3156ee91c193d4ad48224012e6705ece9be0f90f958,no_edit_found,
MB-dc640c7ad5bd,sha256:dc640c7ad5bd19a98dfa80f490d4e4a3ff77727f5ada41f7cb9111023bd98581,no_edit_found,
MB-dc7ba2a739c5,sha256:dc7ba2a739c58c630cb87553f5aa32e60684b6af09ead9b877021716e3b026d7,no_edit_found,
MB-dc7d1fc3cf63,sha256:dc7d1fc3cf63300eb9f4f203707ddb158b760df29daa81011c4308dfb48b47b6,no_edit_found,
MB-dc7e1b73c065,sha256:dc7e1b73c06514e1b7de3a6c8522c9d213ea53f4235f0f2f9fb36a96b1dda87b,no_edit_found,
MB-dc86f9991e4f,sha256:dc86f9991e4fb0bec0313415917594053883b705328e9472e34a97da56665fb8,no_edit_found,
MB-dc8f7e84da25,sha256:dc8f7e84da250d8ecd25fa2266a8bd72e231da07f45d84afefaaa15e9fe15f59,no_edit_found,
MB-dc91f58e1335,sha256:dc91f58e13357a44f4c042c06254b943a0665a756eace56debf05a25493eaafc,no_edit_found,
MB-dca7e4d4430c,sha256:dca7e4d4430c7452a98857c5e522dd72ebf0c1cb39c60a750a28f14c38fb4ac7,no_edit_found,
MB-dcb2f25fdec2,sha256:dcb2f25fdec2b1336e14b7c5c046d5714a810e575dfcb9c5d1c403455e3818b6,no_edit_found,
MB-dcb51eb7b51e,sha256:dcb51eb7b51eee7601e9f7219309fbc2198637dc429fcbf1273313b854fb56ac,no_edit_found,
MB-dcba33f57bb2,sha256:dcba33f57bb226f32af44665961d981505bca77ad28053e664bbc4ee14b7a319,no_edit_found,
MB-dcba5ce844be,sha256:dcba5ce844bee7accd5dfb0f04da15d9fe5884a3ffcfe5b7562ab8184a36c5b8,no_edit_found,
MB-dcc5f27f1232,sha256:dcc5f27f123248036e83c22353e652558ff8d6f73df3403451d10596bd591f41,no_edit_found,
MB-dccc23027829,sha256:dccc230278296804cb1d044b3521cd3caf3c72f3ebab54e961ef806aa1627b6f,no_edit_found,
MB-dcd9c816b56a,sha256:dcd9c816b56a8ab23317c7b92d7b903d8232ffaa7fda6406645b1741628ee2e4,no_edit_found,
MB-dcdd6c6a5f7a,sha256:dcdd6c6a5f7ae2deff980b625e1ab9ca08a0e106ae1477085c0c3d5d5acd9f0c,no_edit_found,
MB-dce60e86d777,sha256:dce60e86d77790c0ce299a57a29b028961c7c5a05a6513238acb0ee4e44f4ff1,edited,invalid
MB-dcf0e935a696,sha256:dcf0e935a696bb26e0badaffc49f047c15c83e42c2a626b3f705954715a55ba8,no_edit_found,
MB-dcf29527f973,sha256:dcf29527f973c72a7dd2c4cfba8476650b874195c1925cb7501a189056b7bdc7,no_edit_found,
MB-dcf516cb5e98,sha256:dcf516cb5e9803e8a08f64906b75b40ab01092f180f219bfc296ce5544aec9dc,no_edit_found,
MB-dd00e4b046ea,sha256:dd00e4b046ea7e5758496246a031e01c7207b79e17765d759bb358d201ad37e8,no_edit_found,
MB-dd02c9fa77c2,sha256:dd02c9fa77c2c66de49b5bb95392e87c6dc42742ddedaa34822172d5bbde8b23,no_edit_found,
MB-dd07d2e3d05f,sha256:dd07d2e3d05f20964f16bee2857e277b5d7e39610f1e2815b28e310984fef9ce,no_edit_found,
MB-dd087dd89e6d,sha256:dd087dd89e6de1b2f95be9cadb007febf7f649509079ce8c71171bd653c37a09,no_edit_found,
MB-dd0c40aa63bf,sha256:dd0c40aa63bfd16edd1392563807884ff876145b957d53653b0cf95789f55ad1,no_edit_found,
MB-dd1239d635f1,sha256:dd1239d635f1f5350b94c1dcce94e749dbd47a4c41bff60620fc41d24c25bae1,no_edit_found,
MB-dd1648959272,sha256:dd164895927272caf1344b9c673a8881fb352be29b62bb0a70ab5ff64b72751a,no_edit_found,
MB-dd1712e72a09,sha256:dd1712e72a094d91b9195acf82e038ec1ddc84f442164c8e20274cda944c67d5,no_edit_found,
MB-dd1921c887cb,sha256:dd1921c887cb9f960ac2103e0ce473324f87aae29ca95956e2b27b80eb8901bb,no_edit_found,
MB-dd1b04367afb,sha256:dd1b04367afbe14de7b0a9588e9c07737a7e2b298d417c4e80053b59dc981302,no_edit_found,
MB-dd1c3f0eb0a7,sha256:dd1c3f0eb0a7eeb346f119ba0bca87a50cf9c3570bb382a6edb253ddd9de631e,no_edit_found,
MB-dd217bac8e43,sha256:dd217bac8e43a1ebfd86f263270aed7398a09e369546f5837073bfd66fe2b64b,no_edit_found,
MB-dd21f944d27b,sha256:dd21f944d27b526155a03eeb458d1e1aad7bc2ad75b265f231ac6a7c68f78411,no_edit_found,
MB-dd2d17908cf7,sha256:dd2d17908cf770c4b786b68bcd60f2c21e2f36bf932c317e22b7449f02919ac4,no_edit_found,
MB-dd402027c5fc,sha256:dd402027c5fcd30572641c26a8dcf3f322d9b0895cc56abd2ef2ab1b50859213,no_edit_found,
MB-dd62433de8c5,sha256:dd62433de8c5ba6276655ea4961a5e0c2faa3b27af64e9c80cdc817264daad8c,no_edit_found,
MB-dd653ac3129b,sha256:dd653ac3129be4c757e373b44a535c05f54d1a830d19e098339a6a6668a30748,no_edit_found,
MB-dd725301747f,sha256:dd725301747f2981ffaacd0f37dba9c9f7a4d945485a5468717c9a003deeafc3,edited,invalid
MB-dd753cfcbe63,sha256:dd753cfcbe63aa2e4062d2cdc9133d311d8720233ff24100f5610af1d5627731,no_edit_found,
MB-dd7bf9768b20,sha256:dd7bf9768b20e92269cbf4319532c089a1cd8d434cd82225a5a82d6dbc048de7,edited,invalid
MB-dd7c19294ba5,sha256:dd7c19294ba54d08b40d62b6250f05e9c3af876f52c4e81b7bd7eb1ed0a94374,no_edit_found,
MB-dd80b408443e,sha256:dd80b408443e7900696b801675f97a8b663476256201c7a52738648717e0928c,no_edit_found,
MB-dd8160e38319,sha256:dd8160e3831941021da066532af0187cc4b3883bb2eb96b45fd8ad481204472a,no_edit_found,
MB-dd842d3403e4,sha256:dd842d3403e4279260698f9bc408dfeb3335c13ff751a35199b012276715ab2e,no_edit_found,
MB-dd866b225da8,sha256:dd866b225da88ff2080a8378ab36a148ab0ab4bedcc752a25aa28b0d9cfb30ba,no_edit_found,
MB-dd8844074781,sha256:dd8844074781d9f6c5398b93ec637f92122130db385ba3b87d737d9d132d4a9f,no_edit_found,
MB-dda443170993,sha256:dda443170993e0fa5ec266e6855bb722763f06dcabe2b68561ca1b888d025cb9,no_edit_found,
MB-ddad57849fef,sha256:ddad57849fef9655d826669295017b8ce1172453d9dbd57e8f5a25849796941f,no_edit_found,
MB-ddad6a33413e,sha256:ddad6a33413eccef8a15387f13d3f4aca9748ceb55c607962a843266885965aa,no_edit_found,
MB-ddaf38e09897,sha256:ddaf38e09897ea1ae97fafb27620e4ebf0974337240ea32021d4092c2f894d29,no_edit_found,
MB-ddc8531f8761,sha256:ddc8531f87613015d19eb4326c164e7e9922b469ce222ab97bd6c4f71d7a18f2,no_edit_found,
MB-ddccd2cd2ab0,sha256:ddccd2cd2ab0af907cf5800062f1a87ca1f1a19f9248c3fa8f44dc4483cec26f,no_edit_found,
MB-ddd658554448,sha256:ddd658554448f4d85e852da8e9a8d20a986365744ac775ad77ad114a1a22669a,no_edit_found,
MB-ddd9e823f047,sha256:ddd9e823f04776b7ecab7bbe35bcfce1af208590d6936951d563a00c1a7a9cd6,edited,change
MB-dded440b8ba9,sha256:dded440b8ba96b65dd77015e1258b357485d0e98957a94b143b1cd4cc203f111,no_edit_found,
MB-ddf7df488475,sha256:ddf7df4884751f018631df4194e368f36e7657220a6816f1dc9020b20a08c220,no_edit_found,
MB-de0529e77c59,sha256:de0529e77c59f8401a432b90b8127e180e93af442698b5f363149ea045066c20,no_edit_found,
MB-de067f4777b8,sha256:de067f4777b8d189aa2a9f1da7205d8a30ae5dd6a0737f7ee5401872b5d4cc3c,no_edit_found,
MB-de0eeddd91ee,sha256:de0eeddd91eed3899130a45c17fee9312d3215ef0fb07a9c930f5659f9533874,no_edit_found,
MB-de108fa497c2,sha256:de108fa497c22aa88df7bda346320ff8dbc43bf0810142c51946c2eaa091326d,no_edit_found,
MB-de13b65f332d,sha256:de13b65f332d9bbde8c5ded25a7eee20e1f377b32d2e4f676f9790bbc90a6eed,no_edit_found,
MB-de148edf451c,sha256:de148edf451c09f0bd47249242c9f69a706e5b0668e4c3f3b46aacdb5b5b5f84,no_edit_found,
MB-de154fcba8f6,sha256:de154fcba8f6f502a14e07e0d9d052fc36e8d03df8c8b838f78a8aef3eb4ad12,no_edit_found,
MB-de1714195d79,sha256:de1714195d79a3f4ebeb770a02c36b16b48af9e2663d8e973496324af1b5af07,no_edit_found,
MB-de17c0ebd849,sha256:de17c0ebd8492a9b1d21a5057871baffe2b15bcd24d117a9aa29115c26b21fc7,no_edit_found,
MB-de1f66db4774,sha256:de1f66db47740b3cc18bfebf935524c4589bfe248b4dae10df3694d949a5182b,no_edit_found,
MB-de234ff373ba,sha256:de234ff373babb92455bd79b0b776ba137848004d836064e7397ced0e2f606b9,no_edit_found,
MB-de363ed15e6f,sha256:de363ed15e6f7bcf18f23fa67978c491be33425641398acce952fe6ca7d6b7ce,no_edit_found,
MB-de3b078f134f,sha256:de3b078f134fbe7eaace64913df7f3ace50a4346f738b167d2e1a2ffb04664ff,no_edit_found,
MB-de448e92a798,sha256:de448e92a79823a86de08d36b737d8de2529ee07da4c0b62cc3d367e0062f3d8,edited,invalid
MB-de4678ae1be6,sha256:de4678ae1be640c3114d503e43b5958d3329bc9429dae8a89b2ffd955fe1f9ea,no_edit_found,
MB-de4790d61211,sha256:de4790d612111433e211b56c0642b62f1b49d1ace165c15bdff340559b538c71,no_edit_found,
MB-de488d7d9eab,sha256:de488d7d9eabce87e2310c0b1caa3977c23042ce7819eba81e8e7977de01417e,no_edit_found,
MB-de513a288338,sha256:de513a288338552cf3d4d68b0a8310aa75f1bb7fbf7eceaf0b7c5794cb7e6648,no_edit_found,
MB-de56302884ff,sha256:de56302884ff5e5820312b1bf72e74c5f1993f687852279780bba14ec7c0ba2e,no_edit_found,
MB-de56f00fc3bd,sha256:de56f00fc3bd6ff36c7d4c6d9ca38abd68b2533001cd332c60dbb0d890831564,no_edit_found,
MB-de5c20a086d4,sha256:de5c20a086d444f4988f260ce05509508be476ea115c9f2d24f24a85164f0518,no_edit_found,
MB-de604165a298,sha256:de604165a298dfd9dde822e83ace091229a4fac86f1aa7dd19ddd13d99b6db69,no_edit_found,
MB-de6771f6d7dc,sha256:de6771f6d7dc2bea4356213f6ee1f8cf99016dd6f538ab1d10a799a30dc5ed00,no_edit_found,
MB-de6b1acf34c1,sha256:de6b1acf34c1dc4a0cd4bcbae4d43a93727b6d706c7bb1ce64b71bdde66fed74,no_edit_found,
MB-de843d44553f,sha256:de843d44553fe3407328d0a2c8fee8df5028d362e9a1725c098c90454112ad9d,edited,invalid
MB-de84ac264eb8,sha256:de84ac264eb81653a0a70f94d4a880f2a3dfb917944f932b1b564c5f9d00c1bb,no_edit_found,
MB-de8bcaef8b14,sha256:de8bcaef8b141d40c6e0ab9a492cd38b5607c5c16a3a6dfcb15944a0718b649c,no_edit_found,
MB-de8f3f7b3bc7,sha256:de8f3f7b3bc74152b12a97fca37409629f3acb11460d4010102d09216f0b1d18,no_edit_found,
MB-de90c03a28d1,sha256:de90c03a28d1235c024436549c44bf32a4b5428202fc45f1b49c9d0a67e5da34,no_edit_found,
MB-deac345cf556,sha256:deac345cf556bbeed9fee7259c42dfd76a4ea1112658e10518942a71d797afde,no_edit_found,
MB-deb1ff2d3f07,sha256:deb1ff2d3f07a1c0b856dfc83da8821c8629674704ebd7b8f4e6c5fdbda22771,no_edit_found,
MB-deb6d7ae0bd5,sha256:deb6d7ae0bd5b64a63a608988d09f467cbe511374ec29e094a6046b40edcc3c9,no_edit_found,
MB-debb5606ae28,sha256:debb5606ae28facdcbbe1552c73084709bbcd0403d930928f5bee8e3e45fb61b,no_edit_found,
MB-debd2d434ca3,sha256:debd2d434ca3eb0da0a790a93c64796723e089f17b6463ba7b31d2bc5220e5ed,no_edit_found,
MB-debfea3ce5ff,sha256:debfea3ce5ff50dbf554c3864a76ee6e17339af8fdbaca2aa66da48b66e4ab43,no_edit_found,
MB-dec8ea3d4c6c,sha256:dec8ea3d4c6c990b7b6c1881e43ef0920b467a1a84a7a782463f2f27accc5797,no_edit_found,
MB-ded2e07016ba,sha256:ded2e07016bab45229ef78711ffc30dc2d407909570fec9acc9a459e61c31d0f,no_edit_found,
MB-dedb6764e15d,sha256:dedb6764e15d94d687d6ed638607100a0d359986e8f77380d74a410101f123b4,no_edit_found,
MB-dee65dfffad7,sha256:dee65dfffad78a742a684d800afa46fdd85b9dcf2d788d9ea71ba92937cb4736,no_edit_found,
MB-dee94dbd105b,sha256:dee94dbd105bef57b3137fdccd60353ff46c7a0f7c9a342b330b204cc50ab2f3,no_edit_found,
MB-deee45a51905,sha256:deee45a51905f6e9da7b7f492ab567a331f2cf639b004aabe16e99dda770fe61,no_edit_found,
MB-defb1cf87b44,sha256:defb1cf87b44d7f6eb7da9d3f6b5eb262a74a87cb41a448f0580234c67b01861,no_edit_found,
MB-defe79208aa0,sha256:defe79208aa0faf4f66d792976eef0aedd54bac502de540019ced7bcf0c57784,no_edit_found,
MB-df07a871ac3e,sha256:df07a871ac3e67f54ebc9a5a6c1509ca15cbe4e8c8da3b37145c93b5def87184,no_edit_found,
MB-df0a154f805d,sha256:df0a154f805da21c5083f171264fe29c8daa6603d08e3a8490dcda3b1a2f370c,no_edit_found,
MB-df0b52953775,sha256:df0b5295377585a68dc05fdbe6500c1a35af199853cc28453fc5f5856c60d7b2,edited,unchanged
MB-df10a840f0cb,sha256:df10a840f0cb9cba68ea2f1958a027e375e650b5ff7b710ace5469f1b428ad5f,no_edit_found,
MB-df13b4b6bb68,sha256:df13b4b6bb683bcd363c5af609b42ae56c940a05f906672d96472325ed4cf036,no_edit_found,
MB-df18c8dbb070,sha256:df18c8dbb070d83ae42ce05becf2e58054dcd846e739f5706caeac517ba79a15,no_edit_found,
MB-df1a147c2119,sha256:df1a147c211941323a0bf6bc41b99ceca5fc94ef397de174d4a8ca34c0492c2e,no_edit_found,
MB-df26cd75a277,sha256:df26cd75a2775d674aca9e0942291244261114484f1a18a51b59a3df903c2863,no_edit_found,
MB-df2a5e0fe6fd,sha256:df2a5e0fe6fdf016a30b5a22330fb5496a0cc147a4aee5bfba90f5dc31120108,no_edit_found,
MB-df33bad4d462,sha256:df33bad4d4625b9bde204e0c38114af290d273ceacc991e02dcaff9ce0b89523,no_edit_found,
MB-df36339be013,sha256:df36339be01385595f2f92a7019232943cfe06b6229912ab3b987f116991a7fe,no_edit_found,
MB-df3b9c1af4c5,sha256:df3b9c1af4c516cfb6f5c0f203b49fb99c096f0b3e4ce7d3d5e8a0a1c1928182,no_edit_found,
MB-df40c5dd244e,sha256:df40c5dd244e0bebc1d9011dd1adbf5aaf39dd94994062614c396099cafb584a,no_edit_found,
MB-df571cf21c14,sha256:df571cf21c1499f0844327af13a6015b3e163783f957e314ecf4bf85ffcf5daa,no_edit_found,
MB-df5b0aafec67,sha256:df5b0aafec67a6efd1b58236b482553900ffe8adfbe2b609f2ebd589d8229e82,no_edit_found,
MB-df5f2323c0fc,sha256:df5f2323c0fc4770ca9de29de49ae4bd47f4693c4b8186ddc97855c491a76489,no_edit_found,
MB-df679f49f51f,sha256:df679f49f51f9c9705fe04b36c2ae24d525b1f6979ae586483a61fe73e3e29f1,no_edit_found,
MB-df6afcc718e6,sha256:df6afcc718e686424b8b532ece5959737aa4d108bfa4dae127dd28087788d8c5,no_edit_found,
MB-df7093baa06e,sha256:df7093baa06ebc2db184f3629294a56ca9399a559b2a27863f1e49b5a5795d74,no_edit_found,
MB-df776e2328ad,sha256:df776e2328ad76279875589800f8ce7ea98e051fe7019f3adc1a4a0303c0d813,edited,invalid
MB-df79e3ca0458,sha256:df79e3ca04584a052903e1af08b2eaf4e2ef1430703d18455b57922dfb6a92ad,no_edit_found,
MB-df80105e95e9,sha256:df80105e95e93686eb3ec6c13ae58def96bcb19868752e0123d272595b60e3ea,no_edit_found,
MB-df803fd6d326,sha256:df803fd6d326f14b723f3907c19e43d727d366418db9fe07bc839939c9b3a3c0,no_edit_found,
MB-df8a525b97ed,sha256:df8a525b97eddc29008c8b81606a21592b8e8f51371e76644a8f3e51d9222c54,no_edit_found,
MB-df9881b7a758,sha256:df9881b7a7582fc887b665b1961d40831561d4dddb20d2f9e9e6427f2d21c234,no_edit_found,
MB-df994f04aea0,sha256:df994f04aea0f9165785eee7768846f38567201831b9d8058f5d9b4d570395ef,no_edit_found,
MB-df9ac990652e,sha256:df9ac990652e9127eda3cb51176b193ee824ad465ede6993f0b606e09ac02dd2,no_edit_found,
MB-dfa467e69034,sha256:dfa467e69034b897029951e2c09ea58bbcf6a01d2415528883974ee7d9e2db82,no_edit_found,
MB-dfb400f188eb,sha256:dfb400f188eb4f8f2eb3e27772b2ba754acad88889287af18319c54182a98d98,no_edit_found,
MB-dfb80715eba0,sha256:dfb80715eba091ba454e05a5dd4097a228a3d02338e0f63eb2c1e3b00a250673,edited,invalid
MB-dfbb47482465,sha256:dfbb47482465dd1015cc94e2a3ab28d80dae975a1cc5bd924227d19b2b8d153e,no_edit_found,
MB-dfbee4e02632,sha256:dfbee4e02632abfb95f2f6488eefeb119691e9472d93ddb85005cf8e604583f7,no_edit_found,
MB-dfc0b65804ba,sha256:dfc0b65804ba8c3c1f7a96dd09ecab13e6b5849e57f16125b0215578b7a62028,edited,change
MB-dfd25d499442,sha256:dfd25d499442d63e256bf87e4edf9c7d25c0c2980578f243a27dd55ad14a1e0a,no_edit_found,
MB-dfd72c54d90d,sha256:dfd72c54d90d32932d683dc273776da5737b88b7fa790d2dfe6aba8029369247,no_edit_found,
MB-dfe37dc67709,sha256:dfe37dc677099d5dea50b476dfad0681f122ae345da275e5ca5e8cc9e4ac938f,no_edit_found,
MB-dfe8c93bfd1e,sha256:dfe8c93bfd1e656fdf1b18c00a61e15fd757ab214e13fbf76d49121fcfa428d4,no_edit_found,
MB-dff021d862c3,sha256:dff021d862c3b83180797a9ca2ca0339450ae875a6e66b29014d027707278f18,no_edit_found,
MB-dff6ce4b0577,sha256:dff6ce4b0577a7d05779b0b74d443541f7f5c1767bb1b393983847360e3746ea,no_edit_found,
MB-e00069f5ee61,sha256:e00069f5ee61deff4cacd8bd43176118dfa4fe80e474306c4fcd07380203f9ec,no_edit_found,
MB-e0044a14703d,sha256:e0044a14703dd37e53190901320f5ffd890ec4175568c62a6db0876ac8f18300,no_edit_found,
MB-e01422ea4933,sha256:e01422ea4933ebe0f7b65c25570c33be9d465897869da8139c154f359fc2593d,no_edit_found,
MB-e015d9a0d9a4,sha256:e015d9a0d9a4368eb43cdb4f764dc03e36eb7b71bd33e78eaf2f3125a3e926b7,no_edit_found,
MB-e0186c7c0a26,sha256:e0186c7c0a26cec40500ac124291cf3ad4fe05d1562a0093559ec8b9f569f187,edited,unchanged
MB-e02353f22fa5,sha256:e02353f22fa5f5e58f26c295eda7edf173a26079abd240425e4fefa5ebe67d98,no_edit_found,
MB-e02c2a51c0ab,sha256:e02c2a51c0ab10a17242c46d24e3cd5f7e362ea326b44953aaa0902ab7991559,no_edit_found,
MB-e032d8ae764b,sha256:e032d8ae764bb857ec0397374231a0fbabd415ade65fa3fe28531ef2bd266d84,no_edit_found,
MB-e032f68b5de6,sha256:e032f68b5de6f5f8c4daad0fdbfd5fe95e9b3cfaf9636624da16e60dfa0627c5,no_edit_found,
MB-e03bf97dffe8,sha256:e03bf97dffe855225310913c082377b98762d129ee6494dfb3c2cc0ee5c138e0,no_edit_found,
MB-e042070b1171,sha256:e042070b1171e364a189438461ba74f8ea0daf58b2e06ca191c39f348e11daab,no_edit_found,
MB-e04578f6b3fb,sha256:e04578f6b3fb2a89284474b2221661191873d0b6780b178b853a6884cb5afdb9,no_edit_found,
MB-e05d901d19a3,sha256:e05d901d19a3b52b02e83a553d9f543ed4418f8c6811e8b5f9d8131df6667e09,no_edit_found,
MB-e05d9a9e6b04,sha256:e05d9a9e6b0478a976e04648e0f9b5452f5c0a225e5c96004cd9b9eaed0010b4,no_edit_found,
MB-e0663dbf8a57,sha256:e0663dbf8a574db332ecf987e4bf51337a89b272e1040f6180cad0150a22a7b1,no_edit_found,
MB-e06cb1195fa5,sha256:e06cb1195fa5598d793e6f8a43265b85623bacf9d1cb1065a25f3cd349cf72ce,no_edit_found,
MB-e06d01006fcd,sha256:e06d01006fcdba1f862076665015484d56c6780331289e800aa1b07b5bfc0534,edited,unchanged
MB-e07708add48e,sha256:e07708add48e99e14856ca16259c524bf578897b3ea39f040ddccd651477d1f0,no_edit_found,
MB-e07cc63332a4,sha256:e07cc63332a4ed79cc98651056dbaa1dc146107211e74ed98f7a3043cb1cf472,no_edit_found,
MB-e0860f18bec0,sha256:e0860f18bec0da4ebcc898bb1f3ef614bf059cd161f5476311559edc73af506b,no_edit_found,
MB-e08e4ee15d3f,sha256:e08e4ee15d3f8e0dc16308457cd073386fac66f0a72914cab0842f343e7bc823,no_edit_found,
MB-e090795b924f,sha256:e090795b924fc3d258d13ff49d4be943386b4009fd3646d41b3f80ea2424bed5,no_edit_found,
MB-e09189de87e3,sha256:e09189de87e3d8fc91ab88bf306f671ef5c7a75845557fa8ae760fc3d725f826,no_edit_found,
MB-e099f7f4c867,sha256:e099f7f4c8676f06efb5394445e5244b2ee1415e569abdc87e69f9d1666ec67b,no_edit_found,
MB-e09ae00ad16b,sha256:e09ae00ad16b2fdbc3c69e5a22aad0f72e821f32171e8cb6373dd0e1a4f5511e,edited,unchanged
MB-e09c38a075e8,sha256:e09c38a075e8b91901f06db4cd1a79fc9d5e559cd18d16f22486928599dabbe2,no_edit_found,
MB-e0a272d54757,sha256:e0a272d5475754931b730721ede4a7f65de7f6d20804fd0a6e1bfaef2ab0ef50,no_edit_found,
MB-e0a79d9fa179,sha256:e0a79d9fa179c62f86992a4e0f0ab825656f1e1b4ea0903ad65b818843c53ce2,edited,change
MB-e0a9367a3502,sha256:e0a9367a3502f24c5b644b7c74a7f6d21ec9b03347c11ceede3cef3e4631abfc,no_edit_found,
MB-e0b61f43139b,sha256:e0b61f43139be85ee3a192b20d46cb0a3e0aa6f60b65d892fb0eac66451484de,no_edit_found,
MB-e0bc5b4e6ff0,sha256:e0bc5b4e6ff08b273af8736705fa4fdb48c6bd79f4fb093e84b034a8e2eda1e5,no_edit_found,
MB-e0bdf8fc668d,sha256:e0bdf8fc668d28dd6a3c0c4e23ff83cfa0a4565e59aa4088cd580a324265c88b,no_edit_found,
MB-e0c2b8462c24,sha256:e0c2b8462c2498b30e70481c5a5d6ee29939034a7f9da757ed5582e04e41cb89,no_edit_found,
MB-e0d6551a96f7,sha256:e0d6551a96f7cde32948b44a5cfb2d28b7553d72b6f7cf1c0e16ab60bc8b841f,no_edit_found,
MB-e0d7327efe9f,sha256:e0d7327efe9fa031f377aa471641314ce3228853018aacacf62a7e11dc24ed09,no_edit_found,
MB-e0da3a9f056b,sha256:e0da3a9f056b802c1442546a61b84cd8d4bb84321c9e779b430fd7d0c08dea5f,no_edit_found,
MB-e0df179de6ae,sha256:e0df179de6ae44ee3a670532bec757832819460f643a5ee44b5ff3ff6e08930a,no_edit_found,
MB-e0f980c99914,sha256:e0f980c999148bd83e4647a3e1963b4f087fe54368015edaec9c8e5f241537dd,no_edit_found,
MB-e100e58b92b2,sha256:e100e58b92b2e78f09b019fbf38c45dbfc598e20fc46da694bb7e2f6a42edbda,no_edit_found,
MB-e101ced1cff3,sha256:e101ced1cff303bbdebdd30fc9c8d78e9601c60045dc6cfd15caf655a58962e8,no_edit_found,
MB-e104490bd182,sha256:e104490bd18228fbe6c9e1663fe0d7e43e844a35250d6bce86211883dcb5e161,no_edit_found,
MB-e106075ceccc,sha256:e106075ceccc5942684bdf04cc339ba01649420c106a899626065b4121b434d0,no_edit_found,
MB-e111755c5992,sha256:e111755c59920ad8995b18f835db2559d0940b018cd242b845fffa6d76b6fb1c,no_edit_found,
MB-e122c5f2e072,sha256:e122c5f2e072c700db7186a76336facbc84f17743e97b98a39492b95dc313413,no_edit_found,
MB-e125665f9446,sha256:e125665f944656db91563d96ba867d5f2c428d47239fb3a92bb2ed3d0deacf4c,no_edit_found,
MB-e1294e58ca1a,sha256:e1294e58ca1a9dc53b6bca8775becee61f914237a8a11860ae56aec9421b38e4,no_edit_found,
MB-e12abe251453,sha256:e12abe251453b2b10f2912a32c16ecc53c6b155d265d795c61fbce1288dfbdae,no_edit_found,
MB-e12d49af64fe,sha256:e12d49af64fe848e159a77b607670de54dfe318bae42440c7921bfd7601f5340,no_edit_found,
MB-e12ff0597976,sha256:e12ff0597976927f736c7d62247abb196ae0112a5cefdc0eb8bae86e72724f3f,no_edit_found,
MB-e14112bfdaff,sha256:e14112bfdaffdb603c26f6d3f8ed277aa4d6ad09251b9cb41fb4ec76b65bda9c,no_edit_found,
MB-e14331e6659c,sha256:e14331e6659c135f5ba67b4eb9310d1ab0578f2355cdba479dd39e9df512bdcf,no_edit_found,
MB-e146cd09cfe8,sha256:e146cd09cfe89808b44b5c12fe8217351508ed932cf42277bccbe2008b81f3d7,no_edit_found,
MB-e14ea27462bb,sha256:e14ea27462bb140d0fae19f29e4305fbb8f7896894ba986742f4c4098626d373,no_edit_found,
MB-e1629818f6a3,sha256:e1629818f6a32ecfde99caab5b134c909c920e0c59b5b9a37e1329c4b0471da7,no_edit_found,
MB-e1648f11b1c9,sha256:e1648f11b1c942be30f49568a59fe011038a87cb4bc11ae06b3402ea8b5c3e4d,edited,change
MB-e167cb4b745b,sha256:e167cb4b745b42ba6d55609418191ce96ef246cd9bddd5039b3684401e23df77,edited,change
MB-e16d3d150d3f,sha256:e16d3d150d3f1fa8f70095d0af3ca378b5d5fed3c40461c2da3c4436dea1d675,no_edit_found,
MB-e174e6a6c36c,sha256:e174e6a6c36c145d3e24ce9efe92c8db7ea6b0d775551d047c72512d32829802,no_edit_found,
MB-e175af4ffa73,sha256:e175af4ffa738253476e7fd1a3de73a46aee07bb7ffb647d8226e87e486b2396,no_edit_found,
MB-e178a8b8284e,sha256:e178a8b8284e1c6da3df65f1c214a288ff9db7904d37a6d587104f4ad0e44fc8,no_edit_found,
MB-e1918534b5ec,sha256:e1918534b5ec117026c2bcd1a9c16756984c55e919c9b476c918f17583092d2c,no_edit_found,
MB-e192027ffe6c,sha256:e192027ffe6c8e5e68c0c12b2f78f20a7c9d3a79d9b4af3d96d92a212dbb8bf5,no_edit_found,
MB-e1935358a1bb,sha256:e1935358a1bb311d8f7c49c3e9513b3c622002748897f21a6f4b9e3ad9a33f32,edited,invalid
MB-e198bc6df758,sha256:e198bc6df7585b91f6861c312c9ee6577dcb77611fdca42d1614a7687040ba1b,no_edit_found,
MB-e1a37110d19e,sha256:e1a37110d19ed07d043c64fa8ee8ecb1271bf4c7194ecde0e64b4eeae423292d,edited,change
MB-e1adc5262758,sha256:e1adc52627589d74080736da651f5f9295ad279e8b23f1a417f180d2884d8296,no_edit_found,
MB-e1b1df4f768e,sha256:e1b1df4f768ee870c81c187d0f68b433ff8a89d076b54e055209bddb95337342,no_edit_found,
MB-e1b2bbc06e85,sha256:e1b2bbc06e85a7f72bc8bb3dc18862a458b3258fbda670323b988802d28ab61f,no_edit_found,
MB-e1b382488268,sha256:e1b382488268449e7032ed9634464dd8a428d94bda76cb83b77242ecf7892af6,no_edit_found,
MB-e1b9157e0f2f,sha256:e1b9157e0f2f4c2c37ef91a79dbfddf172455a858e399bc320f2853cbc7351ce,no_edit_found,
MB-e1ba2b13b4d0,sha256:e1ba2b13b4d077be6626acb965c40249371fe9a3ab60a5156143a9966a58c93d,edited,invalid
MB-e1bf3bc85e80,sha256:e1bf3bc85e8069dd7d88c004762053d24b83c4c656878ace3e8d04879a1cdd74,no_edit_found,
MB-e1c1beace28e,sha256:e1c1beace28e36fcc2cb4c997f1ba6f4b535afede8b7eb65af46b62704d1a43b,no_edit_found,
MB-e1c474285f50,sha256:e1c474285f503fbe026109ed640d6603d3fdd983f4ba36976089ff0b2854aecb,no_edit_found,
MB-e1cbd6707a21,sha256:e1cbd6707a21d80c1edef7485592f37b9786bb1be56642d7aa900acfe5004826,no_edit_found,
MB-e1d8d06ee61f,sha256:e1d8d06ee61f90bc722d7a02da33add4e75e193da481508d87d0704155cb83e2,no_edit_found,
MB-e1e0df1f9ab6,sha256:e1e0df1f9ab65f4f4be2384e144a1436893c220cd832af9a6a23698cdefde338,no_edit_found,
MB-e1e32d2987ea,sha256:e1e32d2987eaee4a96d49b1a984ae5a47c0dcca7181d015312b9adb073bbad83,no_edit_found,
MB-e1f088294d0c,sha256:e1f088294d0cb94b510815971ce868808323fdebae80cb56367c06ca902a36ab,no_edit_found,
MB-e1f5b6e7a3c9,sha256:e1f5b6e7a3c95e28d76e97656c43a4363d88b0ede9341be03e454e91e57adf88,no_edit_found,
MB-e1f87963cb63,sha256:e1f87963cb632a1c1702f8a264a241d9a3f5dd6a5540c7e55da995efafa58e9d,no_edit_found,
MB-e1fd44fff92a,sha256:e1fd44fff92a1d189cade16cfe1b76a3d7b8a42aefad889ef30408951cc3727c,no_edit_found,
MB-e1fdea8791b7,sha256:e1fdea8791b747d0b86809efaf88aeddf37737bea7d6566a3333f8c138179dce,no_edit_found,
MB-e203f1dfd757,sha256:e203f1dfd757f5c6af30419e587e9ef4857a6a0e32c80109a728de6e0059332b,no_edit_found,
MB-e20ac07d9a89,sha256:e20ac07d9a89c93bcee9b8a125ac16e8562b2e640db17c31092042a3f25ccc64,no_edit_found,
MB-e20ec11037bf,sha256:e20ec11037bf68ef29b54afcda5752256b0f007a40da39b19c9d59dc1555deba,edited,change
MB-e217a3e6fc4b,sha256:e217a3e6fc4beb9bbbb28501837f8702a16df086f86365c88fdb2c7ebb87dc10,no_edit_found,
MB-e21fefdc28d6,sha256:e21fefdc28d69bcc6c3630dfacf4fe676e54c95f3c2d0af974e5d115053ded89,no_edit_found,
MB-e227ba9a211f,sha256:e227ba9a211f3bc3c1c8e761ed7a4b55fb83bc4b89826543c87e431feab6c694,no_edit_found,
MB-e229853b0250,sha256:e229853b0250c1f17bf7a2f2adc4a9248ff4ea8548d8a4b24246bd3c486162cb,no_edit_found,
MB-e2331fde6dfa,sha256:e2331fde6dfa55b2cd1952474842a15d2236ec7f3d31b07f33b1972a7189a5f5,no_edit_found,
MB-e234814a968d,sha256:e234814a968d2d24ad0acc30f67440b46cadf78741e2155763b5c5f0544a14ae,no_edit_found,
MB-e23a2b944130,sha256:e23a2b94413046624ba22a34e0b7e521087f249ddef372ad6be024e5cff84f82,no_edit_found,
MB-e24742a0cec6,sha256:e24742a0cec6830a02c7394ed247ec58da8815a5dc6ee823c001811833aaf2ea,no_edit_found,
MB-e24a5696f557,sha256:e24a5696f557e85230c3def4abe3937211002658f1f771d5546063a0421cde93,no_edit_found,
MB-e24b60403406,sha256:e24b604034064539610dfbb2ecdc871418449837b41f095dc4ae81fcc6f48dd6,no_edit_found,
MB-e25be9d4c52c,sha256:e25be9d4c52c151d1e4f090008071e865c48cde8bd0f5165df14bae974f3f7d2,no_edit_found,
MB-e25c54726048,sha256:e25c54726048176f7fd1d5c6e6ec936eee6d361efa22e446df8def801267a014,no_edit_found,
MB-e25cf0168efc,sha256:e25cf0168efcde3320e0d55078768f1f1db4eee2646b09bfbd121f78d009d2bf,no_edit_found,
MB-e25da82e812f,sha256:e25da82e812f97d21a6945c86647ceca154277d102e5c418ca18b595266ba436,no_edit_found,
MB-e261a60f7057,sha256:e261a60f70579f340c3f6916730eea60e275ec6bbfde69eabc59f8b211a4fc0f,no_edit_found,
MB-e26bebb193b8,sha256:e26bebb193b813144c2afe349ece29b390a73a01d9a749bfa4b6d0cb5b0eecc4,no_edit_found,
MB-e2810c7c3097,sha256:e2810c7c30972b78db4ec64a9256f545a1a497364c88fb73c8fc13d45f6983ed,no_edit_found,
MB-e28a66c5f2bd,sha256:e28a66c5f2bd5669d0ea72d074013a36ec9d6c58c56664e5c18b3b54bc66f18b,no_edit_found,
MB-e2967538c583,sha256:e2967538c583bf7624c766b0f8ea65d40e2473d846c49c9b0e0bf3817734f4eb,edited,invalid
MB-e29729a2b3ea,sha256:e29729a2b3ea0e8ff2418effe3d288588d5104d982e87e8dff9a60f2c3e85adb,no_edit_found,
MB-e2a6980644f4,sha256:e2a6980644f4d83d41b569d5417d2fd711e969c66e42146c37b5b9dacc065f05,no_edit_found,
MB-e2b56bb6de21,sha256:e2b56bb6de21a46865e8ceee250b16e45d141eb4dea440bcc64f5d20ee235d46,no_edit_found,
MB-e2bb719aca62,sha256:e2bb719aca62687a3fec182ddfd3bdb3fad251332f796cba8beea3daef621066,no_edit_found,
MB-e2ce30f3fe3b,sha256:e2ce30f3fe3b298e6c99e930cc7219ff419d6d023977025f93ecb78d337b8ba1,no_edit_found,
MB-e2d600e68197,sha256:e2d600e68197756089867af7e0e54389b61ab68dbe4a19f784381bae53b6e237,no_edit_found,
MB-e2d8d9c3a836,sha256:e2d8d9c3a836d6ee7053aad22a1e0136a69eaef8daf21323941ca493608841d7,no_edit_found,
MB-e2db31ad2812,sha256:e2db31ad28121a09ba980713ea64e82a958fb20817b42ceb850fe346e5f2c8d4,no_edit_found,
MB-e2db7e221465,sha256:e2db7e22146589cd8ca7e0bbe6a7f72cc2b7d5711ad98787ea4db03ebba66c00,no_edit_found,
MB-e2db9d93a1b0,sha256:e2db9d93a1b059d6986bccd25e3e865fae8832ad3854c22c8f960a48a7dd938a,edited,invalid
MB-e2dc0bd22c7a,sha256:e2dc0bd22c7ae993cd61f05a05618dc3bd46fa1a7d2b968fb53aea360bf86e99,no_edit_found,
MB-e2e35adabbed,sha256:e2e35adabbed82758c42af0bc3463df63a1f34ed20a0532bea4b84d946e241a3,edited,unchanged
MB-e2f8df9ca340,sha256:e2f8df9ca34025c8e610d6afab4df99b72e0e49ac67a35ee7a3456a757f0d4a4,no_edit_found,
MB-e2fac5728a83,sha256:e2fac5728a83bb3a943e2b2ae223c7507d9e1f1c51aa6f846bb11fc384a0cac2,no_edit_found,
MB-e30062baf207,sha256:e30062baf207c191af0ca37f33dcd8c2b0af3db6f8942d5ebfb65dde268d0de4,no_edit_found,
MB-e303f6fb4d3a,sha256:e303f6fb4d3a6ef50984f5ee97b6c11323177acbb49cc386fe83d92183fbc1b7,no_edit_found,
MB-e3059e5a5f27,sha256:e3059e5a5f27dc48982ccc19eba4e4cc80501636a7c513cf6d414dcbe0fce000,no_edit_found,
MB-e30fdfe96825,sha256:e30fdfe968259ed774f41f174ee093e4a60e4d2523f56560212bbc950ed8b92f,no_edit_found,
MB-e313ee734e70,sha256:e313ee734e702f71e7cf43f43b0e9e3f1b2348b892f21e407136415cff0d1658,no_edit_found,
MB-e315f29836b8,sha256:e315f29836b8ef35a88d86fd4f67c34ddb36f1da7acba5b6c7d54e08f50aba71,no_edit_found,
MB-e31ca1220c37,sha256:e31ca1220c37440105b975b9a36712a6e4c59e58d44c9ab4d99e1581dbdea237,no_edit_found,
MB-e3278d86d748,sha256:e3278d86d7483583e79d50aa68b434482ca9d725edd5a859f15695a228bf6664,edited,unchanged
MB-e3377ec8b662,sha256:e3377ec8b66216287b6a7d7ce9c4b2e5026703d7c1b0172e6c58a3fe7dbbbd18,no_edit_found,
MB-e33aa16f2a28,sha256:e33aa16f2a2814f45ccb6ccd2daa714b855ccb46cc3f69aa0997d4b49960ae39,no_edit_found,
MB-e33f9dd16fbd,sha256:e33f9dd16fbd3dd1ad2e400d7091786dbc7f6844c5601eae445fe2d4683dcf8b,no_edit_found,
MB-e3432331bf63,sha256:e3432331bf63c6e46c645e8e16baeb5e600a8a9c707c99967d93a774f3aa0892,no_edit_found,
MB-e347d16850ca,sha256:e347d16850ca0af41b3a76f0e028f7f5e9898c60cd9bba71031134eb4b8934f2,no_edit_found,
MB-e34cd69d578b,sha256:e34cd69d578b85bb03b4ecb1ba664f9dd11a9eb28497b25298dec120066c6781,no_edit_found,
MB-e3602cde6a3c,sha256:e3602cde6a3c0b2ddf1336f68cd51f19807c74e4d02af92cdf23444b7284b9f5,no_edit_found,
MB-e36266fc67a7,sha256:e36266fc67a7f144d33051f45f50568641dfd8d5e55802de0319966e0125c37e,no_edit_found,
MB-e3637347045f,sha256:e3637347045f268ff7d7b99ba485b1dbea7b7d6ab8baf13a90677c78caeacdeb,no_edit_found,
MB-e365b243693d,sha256:e365b243693d0291eca4df898cabee019e3332e0cef265859dd3e120a0521eca,no_edit_found,
MB-e37047d9fcb8,sha256:e37047d9fcb811febd43f9bbb3220ca371e1a75577aeebc9204ddc98a3f0109e,no_edit_found,
MB-e3760c2330e4,sha256:e3760c2330e47db6892ad000481d940ab73f226b41c0733e75ef59ef6e2e6ed4,no_edit_found,
MB-e37b023ee463,sha256:e37b023ee463b0776c75ab457fe56b45f77bc282e5013a7508580f3587b5f485,no_edit_found,
MB-e37e00d247c6,sha256:e37e00d247c65b811152ec0e2af6a8be50f1c329e98555badddd75d466ac0b45,no_edit_found,
MB-e380ef3dbad7,sha256:e380ef3dbad74bdd3ffd8cb77673b65cf88e8c7ad894e33cd35324a81cb28c98,no_edit_found,
MB-e38640c4a9db,sha256:e38640c4a9db67f7bc7029f7cd718bfad7af199fbb944617c2952cd7430df6e4,no_edit_found,
MB-e38e02d9960a,sha256:e38e02d9960ab89294673c60e94bfde5d287f3b1598b08ee7102714f1e85a3b6,no_edit_found,
MB-e38e4dd410d9,sha256:e38e4dd410d90c576d229e96b4905bf717978201d5e5aa67d7142a227f3e999f,no_edit_found,
MB-e393c39c143a,sha256:e393c39c143a91a956b0fd2eebaf05d20f4ced9b1a5d46c6a75568864a7fc08b,no_edit_found,
MB-e395e79b37b6,sha256:e395e79b37b6f11554fd652c5ecdb52a45e5fa282b5c3623cc69317807b1725f,no_edit_found,
MB-e395f0e327fe,sha256:e395f0e327fecb92e333ca5676e5db634bc210a66f4eea64d6e92b74a289f4ba,no_edit_found,
MB-e39a72a4b690,sha256:e39a72a4b690746f6683a92cf5f4182dd308e708c3ebf6010eb67d2865d6d565,no_edit_found,
MB-e3bdf591b095,sha256:e3bdf591b095413b0798c6d256384fe68b2c5adaa12c7efe723832f91da32bec,edited,change
MB-e3cbcee232a1,sha256:e3cbcee232a114435ec1966038551efaf2aed762de6b53b30a2e9ef504dce0ec,no_edit_found,
MB-e3cf12f5ee15,sha256:e3cf12f5ee15c5bf47778388e6ef15cf6b2156ce3d2ac1182e575ea059d9113e,no_edit_found,
MB-e3d164233cd3,sha256:e3d164233cd38a90896f782ce1493a83f0f5c3d401024093a171c404b8f97f4e,no_edit_found,
MB-e3d4296eae48,sha256:e3d4296eae486ec9d3e2210e1c533fe9ce8a31d11ed83da8846420fd9afa5b19,no_edit_found,
MB-e3d6cf0203b7,sha256:e3d6cf0203b79feeded5d891e6038274aa1a79e99e9a7de0b408b14a8af0dde7,no_edit_found,
MB-e3d9125c2d64,sha256:e3d9125c2d64fccd2dd39aa004a5ffda28c7e7ada2ea351f1aa4466cb5bf837f,no_edit_found,
MB-e3da1a546b05,sha256:e3da1a546b054eaf1fbb00ec91fcf0c50dc303b7b8ba8fa880166b5a809b8207,no_edit_found,
MB-e3dd624dfaad,sha256:e3dd624dfaad5be0540b69ea9922b67c0ff85ffc1b23cfa0894d0b98be84a3a9,no_edit_found,
MB-e3e2326fd89e,sha256:e3e2326fd89eca7a4824de94d604a709db37da55af345b4600da7154d47742dd,no_edit_found,
MB-e3e734fc7c6f,sha256:e3e734fc7c6f0d2f73cb65873d42ac2010367c8a2306227ad3c80162c7e1b0b1,no_edit_found,
MB-e3e810cd704b,sha256:e3e810cd704bf97c0e47cf5e498eb11191036c89346c8586f311820f7b401e3d,no_edit_found,
MB-e3ed1b4bf803,sha256:e3ed1b4bf803873fcf6fd86db13a461c69a784273af8e0fdc46bf63d28871ec4,no_edit_found,
MB-e3f58bbfe9e0,sha256:e3f58bbfe9e097380087431141306c4b6e8faccb711f190c2c185e0050505526,no_edit_found,
MB-e3f74a27866f,sha256:e3f74a27866f029c839c024ddd769758424f3bd221d44b0397d7e9d582396101,no_edit_found,
MB-e3f9d1a9ee85,sha256:e3f9d1a9ee85e752bb81ae8f44a8467db111e7b3cfd19ff4f5e60c87c0f7d904,no_edit_found,
MB-e40327ac8928,sha256:e40327ac8928398bf9f50fd974f3259b13a164b789f49b63884fbc228f711538,no_edit_found,
MB-e4060a70ac1f,sha256:e4060a70ac1f2ffee341461644a51461f66ccf00f74c895c37de23b179e62152,no_edit_found,
MB-e40e0712714a,sha256:e40e0712714a240f55cc3bfe4c240b2fd207c5cc0b1d7a22a6aae74a42a72fe9,no_edit_found,
MB-e4149e126e06,sha256:e4149e126e06044609df2a8d09463ae3b37c0957350d3cb917ca85a2c027385f,edited,invalid
MB-e41f5207cdaa,sha256:e41f5207cdaae5cc6dff38c0f25fdf0dd67668b6c07d8eee670a610e5a69f9f3,no_edit_found,
MB-e4229b26da45,sha256:e4229b26da4582a1cbb1ae92fd083176884789ace0979fac7345cece819742db,no_edit_found,
MB-e42742512803,sha256:e42742512803a4b5652e85c567afa587cfdbfc0f86e0cec3d1a77a8381829508,no_edit_found,
MB-e42a990770be,sha256:e42a990770be864672d5444db077d1cf84a4fcca4d85ea834f68139776456c89,no_edit_found,
MB-e42b534a7e07,sha256:e42b534a7e07be9eec9ce22fa24aa5098c393c1de2dbeec917a0390d53cbd50d,no_edit_found,
MB-e42fd2ba3256,sha256:e42fd2ba3256511d03855f38652cfe3d19df9fa717ab7b2b63373a579bfd4f29,no_edit_found,
MB-e4324971bc51,sha256:e4324971bc51cf3a4ca8c3484ef1c4ee76849bc9585677a577e0e77f37d2703c,no_edit_found,
MB-e43f568228d0,sha256:e43f568228d0abba1ee4c81307273806c1f852d273be6946f273b58cb7163ba8,no_edit_found,
MB-e442178b361a,sha256:e442178b361aa10da0e128911c6b6ed1b89671e716b1a94fa6153b67d4ac5f07,no_edit_found,
MB-e44bd6c19a1e,sha256:e44bd6c19a1ef345e3da545cdc205089f9cb7ea4be1b9389f218a651a54936b3,no_edit_found,
MB-e453c405e830,sha256:e453c405e83078791cd016492791a84ca544fa541fae2bbaaa6f13cb8e8fe39b,no_edit_found,
MB-e45e9e8aaaaa,sha256:e45e9e8aaaaa034abe323257869ef79e3be3e599b21a7cd58e17c38f166d7001,no_edit_found,
MB-e45ec2fe4b8e,sha256:e45ec2fe4b8ef13aff7449b1edcec2ff3079085b21444d5ebdd801ed4275bf3c,no_edit_found,
MB-e47293de46bc,sha256:e47293de46bcd9e886aefc355f95e3162f662a7bac13a4f7148d57ef0341a724,no_edit_found,
MB-e47757ced5dd,sha256:e47757ced5dd06cd984cebf41a578806a9dbc6a97ddddaad9a20b635871c9101,no_edit_found,
MB-e477aa1a4bce,sha256:e477aa1a4bce6c3a5e9bd76c6531c1a6e0011782453f034fb6ee6642ba1cbe9d,no_edit_found,
MB-e478eeef487f,sha256:e478eeef487f2ded0791f2bf7be87a7c14c0e7b09554f302b4d7dfcc60fdf4ea,no_edit_found,
MB-e49066157461,sha256:e49066157461af3e4279ecc16f937c1948627e81d6fe3bfaf638c3d15e7de68f,no_edit_found,
MB-e490a92ef804,sha256:e490a92ef8045c18ebe6b2a7e13abb3a40784286203209535e4879a6f2a2b41a,no_edit_found,
MB-e491fe9f825a,sha256:e491fe9f825a4b21859fc0bbf5c2e0b58d53a73b09d90010c484e16b5e37259f,no_edit_found,
MB-e4c10a984f21,sha256:e4c10a984f210dae475de96d8769d31e9ff39f8c1847bd6e70a5014f92c1f34c,no_edit_found,
MB-e4d7bec8a1b2,sha256:e4d7bec8a1b268aa7b3c0a24bb6239ce8fc161705e38587e43150f3e64189498,no_edit_found,
MB-e4e71e359d27,sha256:e4e71e359d2761f5e79ee8b65489ff196f81b767e32bc90565cffb57052c5918,no_edit_found,
MB-e4fe04894103,sha256:e4fe048941039f28bf406742ce640d24a27d789adbf7c46e832127011e0f12f6,no_edit_found,
MB-e5039e521595,sha256:e5039e5215954a3b920312a9ffda912c9c94d2691de71e2cfdf2039545e8c144,no_edit_found,
MB-e5085d6292d1,sha256:e5085d6292d1170a73c967306c429e31b3ca1d5005f80c5bd32d4eb7efd2b4a6,no_edit_found,
MB-e50d92386a19,sha256:e50d92386a19f1e4803fb05538dc43ff4efe98b5b000e557a19e00d91e0a3436,no_edit_found,
MB-e51a47880b0a,sha256:e51a47880b0ad0469e860d7c8dd6d3882ea817d6119c13fec6865c494b79e188,no_edit_found,
MB-e528580b1b02,sha256:e528580b1b023a03091a394678cd967707a4dd6e484042b77d7387c8c7f3243d,no_edit_found,
MB-e529840c9271,sha256:e529840c927106b206a97fd109b31b703d6ab78667793e0a3a3f2e677c21363d,no_edit_found,
MB-e53004dae495,sha256:e53004dae49589a2d53c4dba983edc9224d3764cc36b38cd74f02c78fffedd74,no_edit_found,
MB-e5366b6576d2,sha256:e5366b6576d21298fab647e9cc40a49196d161a3dd5d8082edee48292b35ef69,no_edit_found,
MB-e5385be2cb28,sha256:e5385be2cb289141f56afcf9af82d98c9c993927cad48b2ed5070e027c0d29d3,no_edit_found,
MB-e54e4455761d,sha256:e54e4455761d2ed8ca7696315b2da0cce2421dbc4bafc9f87724d622f6351e9b,no_edit_found,
MB-e56320a895fc,sha256:e56320a895fcfb55c278befc8e87e15540fb0d40457675594b76d198c1ebe19e,no_edit_found,
MB-e567b120930f,sha256:e567b120930fb31de5ce0d1cf5819881e163ba861df1efc373391dae06b9ab6a,no_edit_found,
MB-e580d0710cb1,sha256:e580d0710cb1b48428e82748fadeb52fd4b23b140b2c345248761e9fe78a19f3,no_edit_found,
MB-e58178a531bb,sha256:e58178a531bb412a2f03b203b4bd9ac3c1cab9d2d6169410abae164d547fa629,no_edit_found,
MB-e585a232d0ac,sha256:e585a232d0acbf8a2b3cdd72f227e2042505b65a1b2860e293f96e6edc2329f4,no_edit_found,
MB-e586bbec76e0,sha256:e586bbec76e08fec8e10721442a8f3a9943db7029b1f9455a828bd232fbd9aa1,no_edit_found,
MB-e587ffadf380,sha256:e587ffadf38069f427122d5c69ab290a6332a14ded5348da3fcb23b6ad91be6f,no_edit_found,
MB-e58bce94d7fd,sha256:e58bce94d7fda6791234fa7ee4b0b7741b6c2557d519399a1013c05da07714b1,no_edit_found,
MB-e599ce314719,sha256:e599ce314719ea50a86e44c02f8cdde1e3b4efcf0a0da45c2fdf956930196c99,no_edit_found,
MB-e5a263fae97a,sha256:e5a263fae97a23fed0f69d9b5fe3c800c016de50035a444457ece640f5d73af7,no_edit_found,
MB-e5a87ffbefe6,sha256:e5a87ffbefe6cb4a8f6e0b431713782a1013ea0770bbcaa27d835c196d7ae95f,no_edit_found,
MB-e5ad11a59066,sha256:e5ad11a59066ae5256ce0f76bd872b4790e0cf7039a2eba2b957ec0b43c2c554,no_edit_found,
MB-e5af3cb38b17,sha256:e5af3cb38b178e8f39dca17736861c3929f208d6305894b7bc8c46b6c30dd1b6,no_edit_found,
MB-e5af72bb0e92,sha256:e5af72bb0e92178d5309c2273e948f11ef7f9e2a431a146f44406452d1afb977,no_edit_found,
MB-e5b72cb31135,sha256:e5b72cb3113579786f802e381a00361e412765c4de15ebcff0cc53039c4c699b,no_edit_found,
MB-e5c4aa1da92b,sha256:e5c4aa1da92b31e9f0506d3f76d91174d1d0df6896f03ef01e768de0dab1335f,no_edit_found,
MB-e5c9830bc7aa,sha256:e5c9830bc7aa86849838b95bb90dd6190728d2012997a2929b60a936eb8cdde9,no_edit_found,
MB-e5e617914826,sha256:e5e61791482622a8fa40d2a2152b8cfa279734c45b50b640d046eafaeb9f34e7,no_edit_found,
MB-e5f7609a6a47,sha256:e5f7609a6a47889d7765e638e0fe0cc29916816ecc35777ec1141eba03e93d46,no_edit_found,
MB-e5fe262d8f44,sha256:e5fe262d8f44490f23c51747d9e3f262eb9c49501ee92e456d564bf14630aee6,no_edit_found,
MB-e609560356b3,sha256:e609560356b36b3dcf5233ff93fe00131cc0ee460953ae745c8379c26657177f,no_edit_found,
MB-e60c6f0f9d21,sha256:e60c6f0f9d21051275312b530c7eb1f8df48a2f3506c71d3fdf98592e87ac61c,no_edit_found,
MB-e6139b99c68f,sha256:e6139b99c68f10e5cbee8b0f6b711aae87cab207773080b9e176259768a6fa65,no_edit_found,
MB-e617a2081025,sha256:e617a208102593f94f6c6fb130cf2818bb9b53e509115a9300adf145d94fbf4f,no_edit_found,
MB-e61d77f5fc19,sha256:e61d77f5fc19f21abf2a7fce779c367877601a5b0af199fab819927e9a340165,edited,invalid
MB-e61de408d02e,sha256:e61de408d02e1bec8e5209eaa16f6d8b605a015708032208ffc3565565ebc6ab,no_edit_found,
MB-e630738fbd7f,sha256:e630738fbd7f65683635ee632dc9649b9c2ad14827f6c2f033ca5d35c9607216,no_edit_found,
MB-e631847288ec,sha256:e631847288ec4a6759b4d7aa06d2e8faf06bcfdf16ac2eac6a5176069912f866,edited,invalid
MB-e631ad14e7cf,sha256:e631ad14e7cf7a384bfe7271267e61ef580671c15edd01104c4b853932a9128d,edited,invalid
MB-e6331371ae92,sha256:e6331371ae920eb4ec43724171eb3447621715b63300472e736471a3472cedb4,no_edit_found,
MB-e6479f923fc3,sha256:e6479f923fc3ae66a8f0c785d5cb7fe7e4b0fa33fc908a2ba784f4fd7c23d8fb,no_edit_found,
MB-e648af965d41,sha256:e648af965d4101b7451c091db0fd58cbb497b203f73cd562f71a1f745dde0696,no_edit_found,
MB-e64abafb0e73,sha256:e64abafb0e7396de08123893e3f687f9e0184910a7a86a1348227eadde89b7eb,no_edit_found,
MB-e64c172c55c6,sha256:e64c172c55c64ad136bce7203ac27a8615dc333c8e495fdd9b235b03f07587b2,no_edit_found,
MB-e6543da1899b,sha256:e6543da1899b4b60fd803ce0048180aa6d41b5c4d2046c23ec589769bcae10fc,no_edit_found,
MB-e655cb12f45e,sha256:e655cb12f45ee740774cd1823f117c2229583f20a59354214668aa2a9c459c65,no_edit_found,
MB-e6584b34ccf3,sha256:e6584b34ccf39fcf1c83589750d42c45a8e19ad550ad6833b860457356970fd3,no_edit_found,
MB-e66286551549,sha256:e66286551549c40a9bafd2863e3f16edf1f634589db1197863b4e69dce165632,no_edit_found,
MB-e66c0c249d5d,sha256:e66c0c249d5dbce4c6bed5c0ed606f59beb89c2b7d9679989df4f96bf7d7dc14,no_edit_found,
MB-e671309f54e9,sha256:e671309f54e9085ecda6abdd09bb62506adba08e3273815c84d07abafa175536,no_edit_found,
MB-e67d383dd0a8,sha256:e67d383dd0a8eeef2d6e2df291a88ed16055097c84aea19583a1b5a42e8c6e39,no_edit_found,
MB-e692bff653ac,sha256:e692bff653acd0a6525881a14b17f5fc5e81e44026d3801e35d1af086a8da9b9,no_edit_found,
MB-e694f5a2c761,sha256:e694f5a2c7612f0a0e6f783a050559da39bd86b2434298948891f32645fe568a,no_edit_found,
MB-e6a006b54e2e,sha256:e6a006b54e2ec779c2f93019f26404dd7759705ab8ac3414cafac70e1b4a42ae,no_edit_found,
MB-e6a1a79c730a,sha256:e6a1a79c730aab55242e97e318d992dea08987db43fcf4eb14b00d82e2de2112,no_edit_found,
MB-e6a3f21f5b18,sha256:e6a3f21f5b18849b988a50647857c027ac2bc82094ed3ab14f6847c66d52cd22,edited,invalid
MB-e6bdc4d5c931,sha256:e6bdc4d5c931057bcf5ab5e80ace17f52c1960152d4e9263b2a7d8787003d118,no_edit_found,
MB-e6c09abbce40,sha256:e6c09abbce402b7c32ad4607f560db8d4bbf96e389336d19a25d257a38389429,edited,unchanged
MB-e6c1482a4cc5,sha256:e6c1482a4cc5d039cd444dbab42de31dea03ea7ad12d1063064fc4a91fe28165,no_edit_found,
MB-e6c91ea92bc0,sha256:e6c91ea92bc09f3441db90abfc70449e9c1af2d2359c0ea2ab477f563673b5db,no_edit_found,
MB-e6ccc416a62f,sha256:e6ccc416a62f7d2e4d3481ee2b6e636857021bc399dd850c0f694b1f374799ee,no_edit_found,
MB-e6cfe72ff3c7,sha256:e6cfe72ff3c73b558f7deed15d420993e63501b7f3b3212c70660a5e9ac14369,no_edit_found,
MB-e6d106a641df,sha256:e6d106a641df6fc1f28cb97348a8248c15ae632415e35d4af94b01ffad06b6ea,no_edit_found,
MB-e6d99f8aac08,sha256:e6d99f8aac0824d6bf604c031518f50f1b30ee0562d481cd398be5a8760f59db,no_edit_found,
MB-e6de42e5d57b,sha256:e6de42e5d57b4da7ee42d52122ef020c17bceb95881cb9397fa2ff855159f4a3,no_edit_found,
MB-e6e292cd432a,sha256:e6e292cd432a769cdb68b3cdc71bd2eeeafb596969ee4e3140dea95f2a0545bb,no_edit_found,
MB-e6f2bc7b4ed5,sha256:e6f2bc7b4ed5991aa11252f9f3c8d4f3f3cff136dac225b40216ad0f2f29d917,no_edit_found,
MB-e6fa7166fcf3,sha256:e6fa7166fcf3868f5cbeb05dce44945acefcc099c410c4983216bb247a3a0256,no_edit_found,
MB-e6fc39c7bbf8,sha256:e6fc39c7bbf8f84a242105d58b46df4263fa77dc859c0eb6e6a2abb407aed593,no_edit_found,
MB-e70e35a9c208,sha256:e70e35a9c208cceb8bde30b760bbb54f184296e2e4aaefe898effe17e96ba0e4,no_edit_found,
MB-e70f08428500,sha256:e70f08428500716ef92dcb0b5c12e634e68adb83fae3cd889a5bc4ea771fcefe,no_edit_found,
MB-e714819bc930,sha256:e714819bc93078bce394c101f8b523997ea2835ba679c637e5b1c4634abb2299,no_edit_found,
MB-e73427a74b5c,sha256:e73427a74b5cced38773ee2793ee2bbf5e6c435bc070f9794174e7f1268b6a0b,no_edit_found,
MB-e73cdc4d16cb,sha256:e73cdc4d16cbbf581032ef9c1ba7b7e69b427d7c14a166e062e5ca0d48f35b3c,no_edit_found,
MB-e73da7e3be88,sha256:e73da7e3be88175969fc28eb47a593ef92df31528beb5d1b98b5abb9d6df8486,no_edit_found,
MB-e74c8e21bfc0,sha256:e74c8e21bfc0290d188952a8df5d03aaf656be93782e0a11a09dec056cda61cb,no_edit_found,
MB-e75fdfc6f6e6,sha256:e75fdfc6f6e6b013b471860f29cd439fca2656576306575b0c943bf624be215b,no_edit_found,
MB-e76257b1f1dd,sha256:e76257b1f1ddc343ed0d33aa72048d0aa0c479fd524e75b0dad09c4ca998f744,no_edit_found,
MB-e76e6ef2ed34,sha256:e76e6ef2ed341ed74fe06331963c0d58ec6f57fb1d20b153cf481631f60f723a,no_edit_found,
MB-e77bbb1f9869,sha256:e77bbb1f9869d9013b02f56e45a12f083f0edbd0cd9b27e8708a3b2c239c384b,no_edit_found,
MB-e78414425329,sha256:e7841442532951658859431ff0a28bb0c276778f7dddb5e811b47c47876d2ee0,no_edit_found,
MB-e79b336458af,sha256:e79b336458af0ba588c11314e55e3169db80063ddec30f3f4d0aa1cd4fd5b2de,no_edit_found,
MB-e7adf0e0bda3,sha256:e7adf0e0bda30557028dd80d606186652c8e6016423b5fe5f171be9926f48d26,no_edit_found,
MB-e7aec2955705,sha256:e7aec2955705300c2eac3008ad928d12eec74515eb968a289742b422435ab0b7,no_edit_found,
MB-e7b7c94b726d,sha256:e7b7c94b726dcbde34841fddf4a9452fa7f12e6d8bfcd1102543a8c1d912133f,no_edit_found,
MB-e7d384c2301e,sha256:e7d384c2301e722e6159f845c06f6f5f1dfa3bc7e08a52c177157d1a774c0fb6,no_edit_found,
MB-e7f64e714a61,sha256:e7f64e714a61ca30826e9ef575c50f894c2f44cfa9d3428ba7c5573854f3abb6,no_edit_found,
MB-e80149eb09d4,sha256:e80149eb09d47c6741993a21e98ea6ff91305871a7504938ff064bdc75b718e0,no_edit_found,
MB-e806ef9df194,sha256:e806ef9df194495857c3d6dd165fc1e788ab566c9f4e45906083673896fe0ef2,no_edit_found,
MB-e80cbdbe873c,sha256:e80cbdbe873c8e89f6ecf845a5aeb8ebb26178f88cb89b79dc5012183f80deed,no_edit_found,
MB-e80ce21febda,sha256:e80ce21febda1fc7064511d38994b7172683cdd07f4686e084cec646de1a3fd0,no_edit_found,
MB-e80e3417e36c,sha256:e80e3417e36c7a02e25d7944b6753593369563279cb32d63454f15278a8ce042,no_edit_found,
MB-e812890269f1,sha256:e812890269f18c5c5632e975fc5f7b4603681dd8966edb39850d1370c25016f7,no_edit_found,
MB-e813fd051f3c,sha256:e813fd051f3c0617834aa48bc609df35ea09f54cba3db891b59f8090400ff2ca,no_edit_found,
MB-e8180bad1117,sha256:e8180bad111781dde1322f4b4b48bf8de86e2bff0b0e361eb299b37dba0248c1,no_edit_found,
MB-e81f14ad3b27,sha256:e81f14ad3b27fc27084a464a1d07b2311eb7cc2c1fe3bc7198081453c2e934da,no_edit_found,
MB-e827616be3a3,sha256:e827616be3a3200abad96eb36475d078efdba6f4d5146db62699e55d0fbfb0c5,no_edit_found,
MB-e83f4e9d2660,sha256:e83f4e9d2660a8ec47e56872b454e6ccdeba0166b4b72c178052d8ec85deef5c,no_edit_found,
MB-e840f3da5a5b,sha256:e840f3da5a5be4820ad011b0ccd67fee1168c30e824147e43a38a5af5c07d658,no_edit_found,
MB-e844d0231dd6,sha256:e844d0231dd68d758b5a1f776853564424ad8de4f54f13fb7b71020fb1a415c7,no_edit_found,
MB-e84d5f08fbea,sha256:e84d5f08fbea9a385c9f9d378a2742f3b39dec46c74630ba26735f43300588f8,no_edit_found,
MB-e8518079fb77,sha256:e8518079fb77083d63b148320efebd63e61b12f4304d1bc668cd6c07cc7ce525,no_edit_found,
MB-e85631685070,sha256:e85631685070b1eea8c828cb6a582c92bde104b43878701b184d9a9e64de23f7,no_edit_found,
MB-e862278a64ea,sha256:e862278a64eabddfad1b460e7138b0ea011a46d29f482c89202ccbca209efd47,no_edit_found,
MB-e86c695fb482,sha256:e86c695fb4828421437a9c6f7335d4450f5e68823625a3128e9585ff96463a45,no_edit_found,
MB-e86f7de2d89f,sha256:e86f7de2d89f3b685a2894f2ac6283859f3c96933172d5e77a2735401fa605bd,no_edit_found,
MB-e871fbaed5de,sha256:e871fbaed5de8c7e2bc97393e5d59e124ec067a848b913ecdca925fc666b3ab8,no_edit_found,
MB-e881dd16dfba,sha256:e881dd16dfba8468b3a2ef5b375a62931ae57a26ad103d279ba58e5aa36eb3f1,no_edit_found,
MB-e88b5ac62eb9,sha256:e88b5ac62eb9b6517bd74c9a29532dda08b00bfede71e72508d487a78f29ae88,no_edit_found,
MB-e8901e38eb1d,sha256:e8901e38eb1d3da7ea490a093ea5feb6464b23477f06d56e83e38b431f7f539b,no_edit_found,
MB-e8a901f114e4,sha256:e8a901f114e461232d2537b270adde54923261ef918afa467f7283fb4be389a0,no_edit_found,
MB-e8b66fe89726,sha256:e8b66fe89726d4a76ba43516394f2458aa02f0dafdcc5ccb6f2546b4b701f102,edited,invalid
MB-e8ba2fde7f90,sha256:e8ba2fde7f90bc66b07d61f398c282c1f674c2d05dff81a3ec6e7f95b75ae7b0,edited,unchanged
MB-e8bb0d7a34ac,sha256:e8bb0d7a34ac70c7bdf72fea207b68e9a96cf576372d939fcad35fb0c8990b4b,no_edit_found,
MB-e8c16507853b,sha256:e8c16507853b7dfc3b12ecb537aa5f52ce642966c4768a000792f9a8b7f6dbe1,no_edit_found,
MB-e8c25a845647,sha256:e8c25a845647ca721b5adc91de4b302a2f6503c9afc280839a3103abd7613bcc,no_edit_found,
MB-e8ca018b34ce,sha256:e8ca018b34ce15fdee522925513f2692ff61217d621c09f5d6676a1cd3d7586f,no_edit_found,
MB-e8cbecf3e337,sha256:e8cbecf3e3376c54671ce73e6b956fdbd3f5574d8425e98da3851c69834bcacf,no_edit_found,
MB-e8d4972195d1,sha256:e8d4972195d1d53a9e8ecc863eef65d3bd83c21c603275ff8ecf2c9539282344,edited,unresolved
MB-e8e2431deab3,sha256:e8e2431deab36933c5150d2a273e039eb058a32c374680a27f30f2b40ebeabfb,no_edit_found,
MB-e8e75cc5fa27,sha256:e8e75cc5fa27dfaf310ece856e9f634d5d9968a69cbd4a5f0ad8db431a4409b8,no_edit_found,
MB-e8ed800767ce,sha256:e8ed800767ceca0715a48d6a192cf99d13b62c9663e0c41590f7ba66f53867e5,edited,invalid
MB-e8f048ba5cd0,sha256:e8f048ba5cd02d3b0caa4af7c9b8133be11e9237d8500cb1c76262d6000ee41e,no_edit_found,
MB-e8f113a066bb,sha256:e8f113a066bb5b808d8349cf999d0b48523f9735ca90abe9a6dce537b94e5310,no_edit_found,
MB-e8f71c48b006,sha256:e8f71c48b006b8f4fd17289b041393ed0c7cc6965c41e2f435b7c90d776bfdb3,no_edit_found,
MB-e8f961985650,sha256:e8f9619856501e1d09133e2b57669b91d15450e12784f4e798a579808cc1fb18,no_edit_found,
MB-e8fab504156c,sha256:e8fab504156c1fbcb0ceef5ac87f6fa96220aff51273e14c2ea927eea5a23441,no_edit_found,
MB-e8fb9efd4258,sha256:e8fb9efd42580a38d726b739c126cd2584f97622c7651382284d3bdb13196964,no_edit_found,
MB-e905c448172a,sha256:e905c448172a79e51c673389a9f262334d317b8e0b0f1477de59486337921623,no_edit_found,
MB-e91e91ab565e,sha256:e91e91ab565edd1260a01c49337b9bbb376dabe0989ec5a5c9864c0a12ebc852,no_edit_found,
MB-e935bbe5e225,sha256:e935bbe5e2253da2a2b805119968db0a46345cad169098d704b94b95bb5b0112,no_edit_found,
MB-e93703ed8746,sha256:e93703ed87462c8334e7ba63e0f96f19d3e75e50e854ee082e1547654d0ecfd5,no_edit_found,
MB-e937fb6ff340,sha256:e937fb6ff340eb97c323e6ea9ba3ffa23183af0569f8c58f44c5e5c95bc4b2da,edited,change
MB-e93a7b12f2db,sha256:e93a7b12f2db4c7444551a92b6448d7ae027b29b0b00f3584fbfdc0e6fcc482a,no_edit_found,
MB-e93e5eaf6b9e,sha256:e93e5eaf6b9eb8dd4291575aed4305efbd5ecb4ce763960022e955a795d27d48,no_edit_found,
MB-e94cc25ed93d,sha256:e94cc25ed93d32aa7f428b141872df8e5549bb428d9260e69a4fd4169eec816f,no_edit_found,
MB-e94d8f66b84c,sha256:e94d8f66b84c247147cbc9d4885f1b05c8b273ae07d67cc75ad5e2be34c271af,no_edit_found,
MB-e94e997473d5,sha256:e94e997473d58a392ed53e44a25055962a870c7b9cb5f4194a54a283f9f82c4e,no_edit_found,
MB-e9582cbc8748,sha256:e9582cbc874835dbcd5d7add442d6140a5243d0ed9e0a516e7b14a877598d096,no_edit_found,
MB-e95cf168c552,sha256:e95cf168c552bfd63348f75ce44024bea316c35528df1b2f4142f595297485b9,no_edit_found,
MB-e9611dcd1467,sha256:e9611dcd146700357fdff44dcf693b8bb01619595e15b1b95d34d5f161c7f93d,no_edit_found,
MB-e9631760b193,sha256:e9631760b193aa47e0d6c6c3ad6accd6d08a3d401426e962454e811934c9713f,no_edit_found,
MB-e96c80eff08e,sha256:e96c80eff08efedba510e5c1d4731dfe04a3f4ec1874bacf927233290f68f20a,no_edit_found,
MB-e96df908ea91,sha256:e96df908ea914f3d6a1e413549ea0c739067336392858667166586c218d8f6c3,no_edit_found,
MB-e96e8e0b0f99,sha256:e96e8e0b0f9941873b4fcb511086825ce8848df16c3155b27f221bb3f4f34017,no_edit_found,
MB-e971657f22e5,sha256:e971657f22e5223eb09385e8e19ee6d008a3b63e86c0c7ee4c7b6d6191e3482b,no_edit_found,
MB-e9812f6102a3,sha256:e9812f6102a3e8a12f065dd72b6d2c230a9314184dcf3bd69faa73c908e3ef52,no_edit_found,
MB-e99df1a0e139,sha256:e99df1a0e13975c2b05082624130b5310edfd02437e2ed52fcb3c8800dc06fb8,no_edit_found,
MB-e9a16eddc68f,sha256:e9a16eddc68f4f31d39b0e961f27782c328604f428f223d2cf6575eabb45ed12,no_edit_found,
MB-e9a47381e8db,sha256:e9a47381e8db29e8b35c3660ed6b800b94a1a7c56be6fc5cddd23c5c32580f3f,no_edit_found,
MB-e9a6a3cc2e02,sha256:e9a6a3cc2e02a1fd0ab70a0d66d3fabc859a2e53062ab3865aef281465d9e1de,edited,change
MB-e9c65a36e5dd,sha256:e9c65a36e5ddd963458bffc36d8436e21ceb92d760df59132f8eb11d820737fa,no_edit_found,
MB-e9cf06613c64,sha256:e9cf06613c649a8ed0ee8e305695c69359e9d9edcadb1b1d20c03399ee3515b0,no_edit_found,
MB-e9d32741de1b,sha256:e9d32741de1bf9886e4ba0b4e9a8753721c7e3f5cc0e2b0e4cf21fe4cc8cfead,no_edit_found,
MB-e9d8c98bb8a9,sha256:e9d8c98bb8a99a63b4d486b1c6ee8710108e9f0b55352d439b4c5f51f466ad4d,no_edit_found,
MB-e9e44abff2d3,sha256:e9e44abff2d381ba147aeaf86704c81bbd421d5699b4ade5ea800ee9a6cdf60b,no_edit_found,
MB-e9e76fbcfff5,sha256:e9e76fbcfff5abe73c9a9dc55421c8c273b11e03e5698591fa21495b059aaebe,no_edit_found,
MB-e9ea2ee37229,sha256:e9ea2ee37229f151df82909d3049787fa6312199a5a2735afacfdc7d45eb80c6,no_edit_found,
MB-e9ee6c3389ac,sha256:e9ee6c3389acd45a35f07188549f8d7b913f444c6a2dd4975db740fb697cd066,no_edit_found,
MB-e9f1b4364f4f,sha256:e9f1b4364f4f3c6c8935a383af816d296ae23bf0b25f456b645f87dbd8eeffdd,no_edit_found,
MB-e9f691610235,sha256:e9f6916102354d458e6a89a130768d3b348a88a7923196e3f649ca4df062edc0,no_edit_found,
MB-e9fda205b191,sha256:e9fda205b191627e356e537a9833241fe503d047f42e96e0c9e9aac3231f1cb8,no_edit_found,
MB-ea02552721b1,sha256:ea02552721b151b7761084b4928f398aafd4f7d171d922dc2eb7acbc416a2a3e,edited,unresolved
MB-ea0372b5751c,sha256:ea0372b5751c5582a46def6f63049e8b394645ec7e91ed59c62188973c1846c7,no_edit_found,
MB-ea06465844ed,sha256:ea06465844ed434651b6ababc12b68d7b992e8f9d5f2128d4bc702926d8bf1da,no_edit_found,
MB-ea12a3533ab6,sha256:ea12a3533ab659a8fed974582f6950e45d29a4ef35ae011c1a70a67d8a20aa22,no_edit_found,
MB-ea1429979521,sha256:ea14299795217b7e672ab4d18d0b30517e1c5201fc27a7e8edc1472a7409338a,no_edit_found,
MB-ea1bc5cff28b,sha256:ea1bc5cff28bf0c94daa5eb0974e278f9f1d3e79dd0c4846a2a7155a8f7355b6,no_edit_found,
MB-ea20f70872de,sha256:ea20f70872de8d43013b8802ae0e002b72de482c9c370fe16d3743811a15d4d4,no_edit_found,
MB-ea2ca4fd4c2f,sha256:ea2ca4fd4c2f3f4f60308beedf2bde0dfb346e7df0275a6e67ad39abc2b3223b,no_edit_found,
MB-ea2e634dc35a,sha256:ea2e634dc35af29b2b0209ebf5d94edf18393e80c776a23db42c795299b562e7,no_edit_found,
MB-ea322fe382b3,sha256:ea322fe382b337c4666eaf1f797a8ffd5e680ba467d64df91c3562b53924c300,no_edit_found,
MB-ea38ba471b10,sha256:ea38ba471b10a80675d42f717b56cb5c815d22d9ca99dfd3bf5612bbc2f772c3,no_edit_found,
MB-ea3c3b44c699,sha256:ea3c3b44c699c62330c73c18a323cb416358b0f2f4fffbf62ce37da550ed7377,no_edit_found,
MB-ea3d9018fd36,sha256:ea3d9018fd36620923512fec7e9b3d202420fc0a50be7706c068cdaaa51bade5,no_edit_found,
MB-ea49c269853f,sha256:ea49c269853fddfd06387503be5e7ba032695ccdc379ddaa9b11775fb8d4bb8e,no_edit_found,
MB-ea4be1d6a802,sha256:ea4be1d6a80217bd597181e4ec583d5ffdc9bf3e5dba61bd045523d03b5dab20,no_edit_found,
MB-ea53e763453c,sha256:ea53e763453c8fb01358c9fb52ecea43934649e2c978f346bb84de0bbb1a9fc9,no_edit_found,
MB-ea5c2a49d858,sha256:ea5c2a49d8588319171d2df6ad7e5ce5b1b405f49e7725dee3f43a4f3f1185e0,edited,unchanged
MB-ea69fffeae5f,sha256:ea69fffeae5f01b1b8b672e1ebe076591652ab8b671848cc3aa398f8d3566b42,no_edit_found,
MB-ea6ce355df1e,sha256:ea6ce355df1e222ede9a87f1d50106bd203c9732137558aaf1082e59db3c5d23,no_edit_found,
MB-ea718945cc5c,sha256:ea718945cc5cbaad66851edc4b8107e6215dbbe4a919c60f8d332b35ed026bb3,no_edit_found,
MB-ea8cd0a435ac,sha256:ea8cd0a435accd37e55ea2e1218caa83091e80f8bbfc07c2f6ed09596bb69487,no_edit_found,
MB-ea9a7c512586,sha256:ea9a7c5125869ccc34ba9885d3734860dd182b303b5675b4db1c5711b3e31018,no_edit_found,
MB-ea9a82fb6662,sha256:ea9a82fb6662a3077dbb3c5155eef61f61f18bc9640997f8adf44634f48bb641,no_edit_found,
MB-eaa67e308407,sha256:eaa67e308407be24ae5b5e353980ec4df95a06a3793add4928230a8ed4fa4367,no_edit_found,
MB-eaab2fbe83d1,sha256:eaab2fbe83d130737b0bad5bf43550d135f22790528427b9d56476a50962b85f,no_edit_found,
MB-eab3daffbba7,sha256:eab3daffbba785ef22c2110a10eb35a70ff505ed73361c71c53f658283d5aa82,no_edit_found,
MB-eab70b57b7a7,sha256:eab70b57b7a71d7a577c90693b31a45701cb029f46d89ac8809ebc2008e779d4,no_edit_found,
MB-eac00b60d3bc,sha256:eac00b60d3bc1df2e1a5613d94562ad63df58971251f02a6ad2f0de08b70e628,no_edit_found,
MB-eac9fae8b333,sha256:eac9fae8b333e8bef82be2ea37c497e27dcea2536fbd5000204121a9d7a2c80e,no_edit_found,
MB-eacc36317977,sha256:eacc3631797742b66bf6afdb3f412f48f195af11f2dee04b19d7a12b30cbb74b,no_edit_found,
MB-eae9707637f9,sha256:eae9707637f96b57b8a77c1666122128a585fec4d0e5a4c689e73c58fdfc89ce,no_edit_found,
MB-eaec1c59dc08,sha256:eaec1c59dc0887440ea81a4c36064c465b4e48c939fa3a23315cc75a4e59e922,no_edit_found,
MB-eaf12948a501,sha256:eaf12948a501cbce1ef3b26451195ffba7d7959f918135105010a61d14a9da17,no_edit_found,
MB-eb0797c95ede,sha256:eb0797c95ede990775f88b2ed86679396210fd164325a235652d29e67528cbf9,no_edit_found,
MB-eb085f07801d,sha256:eb085f07801d1597aca91547f14a04f495d9fd8b96d8481ce971e3f1d6212d46,no_edit_found,
MB-eb0e09d111ea,sha256:eb0e09d111ea473ebce6f74fc1c9f3cba4f94b9061006dac388511e25ccf3e46,no_edit_found,
MB-eb1d68521d20,sha256:eb1d68521d20c693ee26771d279fcb9db6d9202c03ca5e1125cd1c4e5065beb5,no_edit_found,
MB-eb28fe92c8e9,sha256:eb28fe92c8e9cbb485155af9faed15db322840cbfc05e04f599816bb65a50f27,no_edit_found,
MB-eb3a48fc92d2,sha256:eb3a48fc92d25d65b93ef8ab0e81b57b2cf833da158669354fc5f214315bc8be,no_edit_found,
MB-eb4c0bbf17eb,sha256:eb4c0bbf17ebf3ea3f6f082ad68714bc7f59053c4d590ceeaf2e3209d86ce4ff,no_edit_found,
MB-eb4dd98b7193,sha256:eb4dd98b71938947d6c3bea87807888917b6c999b6245dfcde9e22dd2210ff1c,no_edit_found,
MB-eb4e3d9dd7b8,sha256:eb4e3d9dd7b82ae1a69bd4bfb39247ae73d7187ce634939de33725b09d62b42c,no_edit_found,
MB-eb502cb2cf73,sha256:eb502cb2cf73ddee637da0e0c36ecc4111072a63745a3001f9494a75f13ff48b,no_edit_found,
MB-eb51ea464dd0,sha256:eb51ea464dd0594ac26f2395352eb52b304593c55bedaba866523b9c6551e6e9,no_edit_found,
MB-eb526f69944a,sha256:eb526f69944adb0d9e3c5ec6aeda1a9a20c7d0cca79f0e7d53f4a7e780ec8c7e,no_edit_found,
MB-eb58c799e0c4,sha256:eb58c799e0c4cad9823dc1a8cd0cb233c4757e3e0bd5199fba04b3127976414f,no_edit_found,
MB-eb5bd1e26d37,sha256:eb5bd1e26d37a88bd7003b68ac51cd4a87f54dfa401d59fbda3db149aa970269,no_edit_found,
MB-eb5f94ee5853,sha256:eb5f94ee585343d6b9813d29f421cd2e9e07cdcde1c58954bb0cbd217d51b909,no_edit_found,
MB-eb66bda79a74,sha256:eb66bda79a741c5f8a35f715cad1fd1b094c6a9575ffd671106e63775521ed4a,no_edit_found,
MB-eb6b2e383d04,sha256:eb6b2e383d04805758d7563406f95068599a8b6b2ab37bdb3d639095024ea762,no_edit_found,
MB-eb80b9db1f41,sha256:eb80b9db1f415639903574f1940bc24936326e3c9252e19fe257a2fabd9fcb04,no_edit_found,
MB-eb9356b21148,sha256:eb9356b21148da2bd406faea528b8ceb773e47f8c6a99e19e79c6ad00c698c97,no_edit_found,
MB-eb948584a209,sha256:eb948584a209b243cff8bb6be9262686e1d0c56e9d24becd7bb1f726ad21c5b1,no_edit_found,
MB-eb95c2e2ba2d,sha256:eb95c2e2ba2def575f1cfb786b3dc343cedc6c7c23b2f82a8fc33d05e6593962,no_edit_found,
MB-eb99158016d8,sha256:eb99158016d867699cfa40caf88b05f5853c01a5811efcd9256a2d8e749ebdba,edited,unchanged
MB-eb9cbef9b7f9,sha256:eb9cbef9b7f9670fb9ad02940fec44947dc05a1914684a5f564dcf5d9c6391ad,no_edit_found,
MB-eba86b89ec2a,sha256:eba86b89ec2a3d43bdc56c7f21b9f03c9f1068b9660c3b9e7405ba082fd51e8c,no_edit_found,
MB-eba882459838,sha256:eba882459838d33915fd8aa8f9da26b015ec0489c0b4e288f2ecbddc992e92fb,no_edit_found,
MB-ebb5e0e423cd,sha256:ebb5e0e423cd737b7d8411dde88a90e1dda356bd5af97e77000fe90af71c54a6,no_edit_found,
MB-ebc1c8efb4af,sha256:ebc1c8efb4af1591b766a0d68ad5e52421f0284a5d592a65e8531a31dd9e9d36,no_edit_found,
MB-ebc4275407b4,sha256:ebc4275407b4119102426c6f18d29af3c16396a6316d6565ef4804e3d085a696,no_edit_found,
MB-ebdc3c01826b,sha256:ebdc3c01826b8079cdc76cb017f95d809e823ca5a19d55b93f976795375ea1f1,no_edit_found,
MB-ebdede9efea3,sha256:ebdede9efea388c34982cd92db115476b11fd373745b1f7ad74b59790d86ebdd,no_edit_found,
MB-ebe4ee187c7a,sha256:ebe4ee187c7a1f538abb5461a9bb95bfe3b4bf210ef5c5f6c8e268b8fcb3005d,no_edit_found,
MB-ebe56564932b,sha256:ebe56564932b9ee2d4baf8ed2b23c817c11c51ab43929be2d0115d3bab3f9010,no_edit_found,
MB-ebeca82b3134,sha256:ebeca82b31349c506fdc3d94d2ab2dff5ca30716850bbce97dd4f8e2d812e81d,no_edit_found,
MB-ebf2ec6a3976,sha256:ebf2ec6a3976484a187b7b3bffef71e470744d1a1eb675413d78c1eb9b277ddc,no_edit_found,
MB-ebf5da0430c0,sha256:ebf5da0430c0c3b581890c42df148f2d4413fd5578a0a0817966a3688f57b7de,no_edit_found,
MB-ebfb717dd359,sha256:ebfb717dd3591f5ab05e9361b21cf00cce855063de3c7a4b561ccb855c1cc645,no_edit_found,
MB-ebfdeb3ab027,sha256:ebfdeb3ab0272e8774c0d170a79f51bf41f8218fb3273da859967be72bb7a307,no_edit_found,
MB-ec05024e6141,sha256:ec05024e614156309395f37e7a6cd8e76f6e9a05b6566d70f9d32660dc2ae9f9,no_edit_found,
MB-ec2858fc7231,sha256:ec2858fc723177390139580bf818216d28c9a99f75e3c8ee9fe3f118ebfddeb2,no_edit_found,
MB-ec2bd0ca0732,sha256:ec2bd0ca07323f03adb7588e3beb813e4c60e67306da310c1f9b4256cb1226a7,no_edit_found,
MB-ec31f4966917,sha256:ec31f49669173a814b7db1c1d026b22b012ac885552fb6a816f2ec8d0c1e2771,no_edit_found,
MB-ec3842937494,sha256:ec384293749464bdfd1a3bf9b99171e7c1e67873170a7276e14b7cdbd589d33a,no_edit_found,
MB-ec3a5279f52b,sha256:ec3a5279f52bb285318e507ef4452b02b712a906a0ab27a7820e6d41eb36a656,no_edit_found,
MB-ec3d1053e6e9,sha256:ec3d1053e6e997b8bbdd28e5bbc02604d630322c2f0e3273ec96e9a67d625871,no_edit_found,
MB-ec3f8ceacd6f,sha256:ec3f8ceacd6f0c039424ee193fdca134506f785fc1f38ce23866962357dff553,no_edit_found,
MB-ec44928f941d,sha256:ec44928f941dacee22dc9c071cdb7e5568ef9bdc674db2f5d60c3be0c9b5652f,no_edit_found,
MB-ec4c34292ede,sha256:ec4c34292ede3b4fd9c68a176b609e20e9b52193e679b778153d84964a908c30,no_edit_found,
MB-ec5e7ca5808f,sha256:ec5e7ca5808f239dff12610bebf754115b13bb64a06d9c86102de845f647449d,no_edit_found,
MB-ec5f53272c10,sha256:ec5f53272c1092ef5e8e4dc2a00c624a3dc12c4a4c74c39fd1ba16960b57245f,no_edit_found,
MB-ec63fa34a014,sha256:ec63fa34a014a6b877db8c06a3460943a8fce5273a768e78a8ae74f903d8b528,no_edit_found,
MB-ec65c12f0cd2,sha256:ec65c12f0cd200a68133faaabd450483a492181f7505d19d3e014727c172fb0b,no_edit_found,
MB-ec684cae8bbc,sha256:ec684cae8bbcebda391dec3cbcd7e8dbb3a50f86cfd45fb38f37e1bd124287d9,no_edit_found,
MB-ec7bb724ed63,sha256:ec7bb724ed63adf2d4a9c47b77e39cdf5feaf01b425c4817e965e5208a3e6ced,no_edit_found,
MB-ec8ca9dd5f9a,sha256:ec8ca9dd5f9a692cc87ffb8771bfbc5dabba65a2e4f218f87eb4790d647481e7,no_edit_found,
MB-ec91c9214fa8,sha256:ec91c9214fa8ceead0db6a640a65f4785bfcef844e25fbb26185d2831f6957bc,no_edit_found,
MB-ec9341c14e69,sha256:ec9341c14e696da7876526ada8d310477484b9e3a47a2ab9d7f98afe45f78dfb,no_edit_found,
MB-eca7022d2739,sha256:eca7022d27397e98f1adce7eb333442f1946b7853937d4e4dd8ced9a3e461b51,no_edit_found,
MB-ecac123a9b5d,sha256:ecac123a9b5d211ec470354ef7ff80b7f93674e1cd74584c2778a2a477ac4831,no_edit_found,
MB-ecaf98dde674,sha256:ecaf98dde674b7bce8f5fc4cef96d9df38adb6e07ad3e0899c105ff63e42b982,no_edit_found,
MB-ecb6a50c642a,sha256:ecb6a50c642af8557e7658af390d99be7243a381fc679c77f8e95f4407084e3c,edited,invalid
MB-ecba4623deb7,sha256:ecba4623deb784c89f7b226ba1c85e9533903afa20499ff58cf3a211b3de54b6,no_edit_found,
MB-ecc542187f04,sha256:ecc542187f0468c1ae6676e53075a709ae5f06084279407b255000bf2ec710ed,no_edit_found,
MB-ecca2b90391e,sha256:ecca2b90391ec6f9e09e5cb2277f1eb0d2e0cf68819c181fb4b8b465c991c614,no_edit_found,
MB-eccc540b2ea1,sha256:eccc540b2ea14f4b650b17a6940d3bdbe46a8b2ab496543c98355dbe147c44e2,no_edit_found,
MB-ecd16fef28e7,sha256:ecd16fef28e7713f5bc318a1ccf7326edae6b0a591150472ca766f98afac902a,no_edit_found,
MB-ecd4debd3950,sha256:ecd4debd39500fb78dfd240fb1ce4cf6dd3435ca0f764bd2198a0eedcb1f9d73,no_edit_found,
MB-ece78b3123b1,sha256:ece78b3123b1f6f4098d3fd421c66ca8ec6aa48fc1fe71b6f17dbfad511a830c,no_edit_found,
MB-ecf2e296789b,sha256:ecf2e296789ba17d2b8d789f337a34cc9b17e7d54c1dc5b7acfe35dd4b29e00b,no_edit_found,
MB-ecfc897ca6ac,sha256:ecfc897ca6ac3989eccd2a51a9eb86b702b7808df0a764165e47fb3d8ff57af7,no_edit_found,
MB-ed0948ab3ed9,sha256:ed0948ab3ed970fc628479e11ee9abff07612c027acf4a17834e293207e255f3,no_edit_found,
MB-ed0f9c2ec3a9,sha256:ed0f9c2ec3a9dc89ebdc7eb90b0dac83c38d32c1f7ede75d9725c2a475f6898c,no_edit_found,
MB-ed210fe19560,sha256:ed210fe19560235b80e51d59916151a34280c9227134219f19e5f7326b71b475,no_edit_found,
MB-ed2310437114,sha256:ed23104371141b6a15d6d5f72d08728c6398f2b957ca34be2d1a7a75f43108c6,no_edit_found,
MB-ed246dc8f898,sha256:ed246dc8f898239db2b90d195e08c41108f017c93a246d1d8d93fc5ae4d1add1,no_edit_found,
MB-ed254b7e4cf8,sha256:ed254b7e4cf85a7594446f98d98ec8be466a9ad38505e78ed063283be2e8d297,no_edit_found,
MB-ed2817738e9d,sha256:ed2817738e9d760fd4e989e678c99935ce30de982d11d69fbd81e31a0d6640fc,no_edit_found,
MB-ed2928b1f8f6,sha256:ed2928b1f8f60cc97e9b1703e76c289e6d9c3df7c08b7b84b054d5a5344f76d9,no_edit_found,
MB-ed2ece57e1af,sha256:ed2ece57e1af14bca7c86d227d1811c5da15ba865bd5259773a7baf304a337a9,no_edit_found,
MB-ed3c5ea0f092,sha256:ed3c5ea0f09297b1f247cd418ec9b4d618b08474258398676f8e7a841faa099c,no_edit_found,
MB-ed43082a1ff5,sha256:ed43082a1ff5c3be9f1763e9ed996a41b1d8239c2b8563a4c3abbdb53e33597b,no_edit_found,
MB-ed4ff1bb81d3,sha256:ed4ff1bb81d352993d09a80eed2937b926cd14842ea2196aff26ead35f687a50,no_edit_found,
MB-ed5095976c78,sha256:ed5095976c784474cd86ddda7cd1b626a68a1e8a2d7ce095209a6b6877d865b8,no_edit_found,
MB-ed5843a6e8cb,sha256:ed5843a6e8cb8af4b96365dd9965af3c2c305fd614580bd831c432e0132c50e5,no_edit_found,
MB-ed67af1ccbfc,sha256:ed67af1ccbfc5a0f0dcbc2a0a71edb9d98f69fa86de0abc62e90f81b8b8a15b4,no_edit_found,
MB-ed6b56de5e28,sha256:ed6b56de5e28946af012b11d524a02e32f7a4681646924e602f1ad12b20ae020,no_edit_found,
MB-ed7060fe5a2a,sha256:ed7060fe5a2a5a45ea52f4a75d5f7be6690b8591fbbd8b968e2cdf2e484a9fac,no_edit_found,
MB-ed78487c58c7,sha256:ed78487c58c7eaf1faa494e35829b583bcd6e0492688a5b1ddfd9d1d7d9147f1,no_edit_found,
MB-ed7df34f0573,sha256:ed7df34f05732db6f2710576d59dc0701679ad1b8d21db9f44ad9ae6964549c3,no_edit_found,
MB-ed8a96abfe57,sha256:ed8a96abfe5746dd417ab32d0860bc681f65e8561bcc38965298f4b23c05956f,no_edit_found,
MB-ed8bd05e2fe7,sha256:ed8bd05e2fe70f64b87887e0e776a37c80b7284d31ba57b9c4105036b1ee28ed,no_edit_found,
MB-ed8be20281e8,sha256:ed8be20281e8c63a3365433ac28832ddc0dc34b8b89a1daa4e625e1a0d34c3a6,no_edit_found,
MB-ed9800d8ed56,sha256:ed9800d8ed569e6c99c665cb128604b4c37dcde2de49df4d2fa7f11dbef1c384,no_edit_found,
MB-ed99f3c8b4c7,sha256:ed99f3c8b4c7a9f26be59da806cd7e9489ee405f7a7332e712c73699c09a799d,no_edit_found,
MB-ed9adf348ca8,sha256:ed9adf348ca8d50ec86aa8b4241b8af7486346d3d7e41869381d59722d65b46a,no_edit_found,
MB-eda31458edc2,sha256:eda31458edc2ac8245926dfc664665d55871090bd89c90231a43d9396047b488,no_edit_found,
MB-edaa72721595,sha256:edaa727215959d17a2aa056b41fded2e361f426cc563b0bfa22f74681990a53d,no_edit_found,
MB-edacbce13837,sha256:edacbce13837fd3702041a75a0b7da0e74cd6c815e90f6252b759339e92fda86,no_edit_found,
MB-edb5c058f57e,sha256:edb5c058f57e312f86a88cffa7a13495c83acb204d377c9607130d981df556b6,no_edit_found,
MB-edbc08be3553,sha256:edbc08be3553eabb57b8038975e935cfffa6fc8f51f60f2fe7f93dabf437075d,no_edit_found,
MB-edbdeebf564a,sha256:edbdeebf564ade71685e2d1611710082e79a30f0153941a0f507b712d553695d,no_edit_found,
MB-edc435af608b,sha256:edc435af608bded3ef270a578551a879089603f71cec04950346b93c51c4b59e,no_edit_found,
MB-edc54e67323e,sha256:edc54e67323e1201f87258654b972d35bd167bd7ccf4c384a71cddc67dd2ed06,no_edit_found,
MB-edcdf6b7f9c6,sha256:edcdf6b7f9c6b5f1fb3c9a1562c0705ccd41507b692f2c4cd319d240e8606d50,edited,unchanged
MB-edcf923f3b3a,sha256:edcf923f3b3a578b91350f118b1caa9e4307e8fe8b43c7032518c0a172692597,no_edit_found,
MB-ede05914c033,sha256:ede05914c033d6e27216eba7c98100df194fd3b48eae1442991907f8126cfd83,edited,change
MB-edefe66c3560,sha256:edefe66c3560e6ea9baa4d4e2d0957be30020ff845ccfafc5819c075ef9bcf9e,edited,invalid
MB-edf2d4861ab0,sha256:edf2d4861ab0e89266d075b62316bbc13de0f2cedc66f6e0361524bea60d6447,no_edit_found,
MB-edf4087e2be6,sha256:edf4087e2be677bc9269bcefdd03330bef9e5283e92befb55c9b5bf735be4500,no_edit_found,
MB-ee0c5c420202,sha256:ee0c5c4202025075df85bc483abb69d86b01c815fe9413b3b1266b6c84d4399e,no_edit_found,
MB-ee0f29fbe9f8,sha256:ee0f29fbe9f80e09c79fba4f9804d94eaf2d47faf5f286dc298c63cc6241f6da,no_edit_found,
MB-ee1545e12fa4,sha256:ee1545e12fa40892bf845293ca917900cb045ea6176710e89ae7ac4cb2e389fe,no_edit_found,
MB-ee1710fe49fc,sha256:ee1710fe49fc2c5f381d2ded3bf5f3ee269a859b34278ab78540dababdfcbd39,no_edit_found,
MB-ee191f05a5f3,sha256:ee191f05a5f366df21863cadad22cf1c9666778d8bdda5b5c1523941873931b5,no_edit_found,
MB-ee239eec42e9,sha256:ee239eec42e923ce4c564ddb9a90fc290ab0936aa3913f1b7d0931b0ee776cd6,no_edit_found,
MB-ee241b95474d,sha256:ee241b95474d0c3d10427c66d25ed8c8a2e0ce0fc48be81d3a4bd3c952fe5212,no_edit_found,
MB-ee28a47bd009,sha256:ee28a47bd0095f7e2a191efada53f74b71c0d81debfb950916cbce7f7fe235b6,no_edit_found,
MB-ee2ae269aa66,sha256:ee2ae269aa66580ee74328977b9346adec8a04c19054e2b28c333dcc2e655c83,no_edit_found,
MB-ee309a70b872,sha256:ee309a70b87296c73d1f045b117e54fa6d1064c66a667cc61a7ed80c441205f1,no_edit_found,
MB-ee359a447f63,sha256:ee359a447f637217269b5ea01f3776f2162bc269ffa6f66c714651061c8529af,no_edit_found,
MB-ee43ffb55c34,sha256:ee43ffb55c345fa6bf95d8790c5a32287737346c710dec900975e91852a49365,no_edit_found,
MB-ee4d26e4452c,sha256:ee4d26e4452c2e587ad8b7200606cc72ff8a438010ff95e0942aa2379a34cfec,no_edit_found,
MB-ee4e79551f40,sha256:ee4e79551f40eacde23a2bce1cc46b27451cc92e8668b16a5d4c5c809b51d933,edited,unchanged
MB-ee578b0a3d3b,sha256:ee578b0a3d3b737ad3da0962a3aa497083ce79b5807ac51e6cffc7f12ce0c53c,edited,unchanged
MB-ee5a44217e92,sha256:ee5a44217e92fd7e53bbb27572f3da39a3aac1bd59ff8ea9874c45eae8ff6bab,no_edit_found,
MB-ee5be968b5fc,sha256:ee5be968b5fca64cc89201bdfe671e707112b5d369a8cf78b7f9c14ba2e197cb,no_edit_found,
MB-ee6a684ea06c,sha256:ee6a684ea06c05654c0639e0eda0a291c83af979940118b87bcbaee0690677c8,no_edit_found,
MB-ee7037ff722d,sha256:ee7037ff722dfc5da241c7c11041e3b07570e86c26858031145920fa68a627fb,no_edit_found,
MB-ee751b88800d,sha256:ee751b88800d712cf676f34c5349cdb4b91cb53513a6e141db350db79957804f,no_edit_found,
MB-ee7883a667f2,sha256:ee7883a667f26db258bb25124f931d21105bed08691de71c60049aa0a872375d,no_edit_found,
MB-ee7bfad5eb43,sha256:ee7bfad5eb43b1ede302a9f303cfe6dd01f038dd90b4d7af557b63b0e3b7a3bd,no_edit_found,
MB-ee83d637b9f5,sha256:ee83d637b9f5898545bae12c49452c6e7a36d4dc2e1f63abeef727fb4920ec85,edited,invalid
MB-ee8d837677b3,sha256:ee8d837677b382e257d1c18a323e635e216fa6139be94dce17c844618dc89522,no_edit_found,
MB-ee8f2d1e8c47,sha256:ee8f2d1e8c47b061cc07aec307765a9d68a1cd30700104d6ba480d78e49e6adb,no_edit_found,
MB-ee96ce9baa08,sha256:ee96ce9baa085ad09799fc644c73f778e523353639a10c11356e13764836682f,no_edit_found,
MB-eea0a1609e6b,sha256:eea0a1609e6b1bf4b5c586f43e19153f47275e6393b394f07bf2a9fe85fb2222,no_edit_found,
MB-eea89b4700c2,sha256:eea89b4700c23567145dd5027365222780c0f2c84993d4b84a6defc6b4f02c5d,no_edit_found,
MB-eea9c2519c87,sha256:eea9c2519c87e79d541e821460c7196d7c2c7f18d13634ba0907f7da9ff33554,no_edit_found,
MB-eeadd4c292e7,sha256:eeadd4c292e71d397abba9f03b5b1a882dfca0e4f1460b11e429f410be3657a0,no_edit_found,
MB-eeb3bfb20f2b,sha256:eeb3bfb20f2b9cdc055d294af12de818d0c3c7476e90896145880316cd6248ff,no_edit_found,
MB-eeb7ff07bdea,sha256:eeb7ff07bdea0d3be02dc7e4064948c2065bbf2bca541407410ed5ea857630f0,no_edit_found,
MB-eeb9137e8914,sha256:eeb9137e8914e7fed7ab9ab2f2aab0fade4e39684689cccb2144c41e0802c015,no_edit_found,
MB-eebcfb1b2b0a,sha256:eebcfb1b2b0ab3c10912627a89de01287c42f5c7cbb42148981a40e0e0b2536d,no_edit_found,
MB-eec71841f35f,sha256:eec71841f35f1797dc1355e8f83ffc532a9858293bfdc624766bedba9bc6a5ed,no_edit_found,
MB-eeca03c9b3a7,sha256:eeca03c9b3a7ca7a01ef4d2f1922d66422273cf09899e8829713b6614e35321b,no_edit_found,
MB-eeceedbc5f18,sha256:eeceedbc5f18aa28c375b6114b3a563f72bb8827c13911585d544704b993a031,no_edit_found,
MB-eed0a654bc3a,sha256:eed0a654bc3af171334ca0fc55b92463acf028551882b574f89322d7a6ed9d13,no_edit_found,
MB-eedc59dd20ac,sha256:eedc59dd20ac485c6282fcfc5a76631c5da15c113513cef594602c8b4058ade9,no_edit_found,
MB-eee061fbead0,sha256:eee061fbead0ae8ef8611dcd9b57154e4841378ef39064063a43744ee10fa4f8,no_edit_found,
MB-eee0e4a4d447,sha256:eee0e4a4d447cddcf7b70fb4ae45835be89b9acd90d5b2cf91f011901905a302,no_edit_found,
MB-eeead706d2e9,sha256:eeead706d2e94578d514f78413179fb050614866002000e37e70f2cdda55454f,no_edit_found,
MB-eeee68a1cf06,sha256:eeee68a1cf0602283d3f9c4d2e25e6ce579bd808cac2bb2616db588ba7e0efcf,no_edit_found,
MB-eef20ea634a2,sha256:eef20ea634a270e2eebad3ecf24c44d719494d2bf74f1b51d16a3a034c684d8e,no_edit_found,
MB-eef803473ccd,sha256:eef803473ccd1b5019869edb50b36061425c7782301df5dad2dc71e788c50a0d,no_edit_found,
MB-eefc106f7225,sha256:eefc106f7225c835f9e2b11e6f43850e68ecd1c2b3cb9beee4564e5a58a23cd9,no_edit_found,
MB-ef08390d65bb,sha256:ef08390d65bb4217c58aeb105d52427a0a3098557fe33ce938894a90a54904c9,no_edit_found,
MB-ef0dcd9bbaeb,sha256:ef0dcd9bbaeb0da813c5846537d61a50c5ef2e28a721ec8903d19f22e9712cd2,no_edit_found,
MB-ef0ecd10788c,sha256:ef0ecd10788c77f1df05443536d34e536b3229890d9ff13d5f15a396dda42acb,no_edit_found,
MB-ef103b92e32a,sha256:ef103b92e32a031f5d682bcc959bfb0ab789f63d8eef7f3e2205ccec46e18c79,no_edit_found,
MB-ef16d393ba5d,sha256:ef16d393ba5d135b1d95e701b42ce11fceb9fabcf9f7ec199f750bcfcbc59b91,no_edit_found,
MB-ef1785acf069,sha256:ef1785acf069de6e0e7e307e6491de62bb56a3dc4300881e42536d85d5acc617,no_edit_found,
MB-ef1b804c0946,sha256:ef1b804c094606d44b839f19b999006f9f9051ee2a9e3a2f8a3e9cb70aa78272,no_edit_found,
MB-ef1baed75334,sha256:ef1baed75334d02071af5e39c57b2b118c018fec4e355ec953394970ab38e939,no_edit_found,
MB-ef210118060f,sha256:ef210118060f4d2500ab6f92f6cb3bbe31d1207404b0f95660e475a0bbfd4aad,no_edit_found,
MB-ef3060d507c5,sha256:ef3060d507c5c331f16fa61ccec5c7bf25df280e39542c12abca9720da820b8e,no_edit_found,
MB-ef30776e14d2,sha256:ef30776e14d258aedf7ca2096d62e2cdca4f2aed32d0e1fbc7f2ee1ffed2ebd6,no_edit_found,
MB-ef3c536fadc3,sha256:ef3c536fadc30144d030c7d82c2d874411ccee734de68096b8ef6b3030956fd5,no_edit_found,
MB-ef3cd5331eb9,sha256:ef3cd5331eb99c8e304931d89f91160ae19313c212723b160615bf253bceef3f,no_edit_found,
MB-ef3e4b655310,sha256:ef3e4b655310707f36c7219d9d1d714f3254f089032fb1985c3d10898f0efe94,no_edit_found,
MB-ef4008c3bf3a,sha256:ef4008c3bf3a57d8d6fa87b726674252fae485b2a66fb4542f5aad649768c277,no_edit_found,
MB-ef4793d65e97,sha256:ef4793d65e975cd290e16d30d5ea559834801bd76a478c640eee0f273995144a,no_edit_found,
MB-ef52e549d8c9,sha256:ef52e549d8c94f1c79eaac69d6be13b4f6d5476ac8ed0470ffd20aa84f618aa0,no_edit_found,
MB-ef5399260d13,sha256:ef5399260d13b3176bb63b70297408f1bf9ed6543f1a333d122b1983929b11f1,no_edit_found,
MB-ef54c8102fba,sha256:ef54c8102fba7de334bd12515e1a12e8471de1566fbf025352a8e6e2411583ab,no_edit_found,
MB-ef6710f3fc01,sha256:ef6710f3fc01207f4a0b19f5d7307f1c1c8ceecc59b53c2223bb4be18febd3cf,no_edit_found,
MB-ef6900a1eb2d,sha256:ef6900a1eb2d9e0535f836a122dc444968121d61a47b70ebba6c33f47f757565,no_edit_found,
MB-ef6c3a302631,sha256:ef6c3a30263138dc0a6fd31f2472a178d3e2c6dd7e1f1861bb01f5f403618f6d,no_edit_found,
MB-ef71da111447,sha256:ef71da1114473c423e990be0eb0e4d77afa42e0e8ab7eff586fc0e2e4b580e25,no_edit_found,
MB-ef7465f452e6,sha256:ef7465f452e68e60be43e8a57392b915c8bfe06d12809ea4be2fadc188818acd,edited,invalid
MB-ef8fdcb5f364,sha256:ef8fdcb5f364db7b668170d470e806a16c3dffb50dd30d8eec4aefa1b1264e67,no_edit_found,
MB-efa1f82b8305,sha256:efa1f82b8305819230cc1a460d279bd57475a0e1a908583d5fdbbb4195829e13,no_edit_found,
MB-efa4349ef6f5,sha256:efa4349ef6f509dd9939cb199b0ddd7b9d59712cf04750f0aafd6d925e89b700,no_edit_found,
MB-efaa0aaf678a,sha256:efaa0aaf678aadd5f39dce6d44e2f34f2090c7e16ec93ce4fb450e7dca7ea8e7,no_edit_found,
MB-efc294b21523,sha256:efc294b21523100eacfe7b65e2e4499c9fb53dcd2c4492cdf04871fddcf42355,no_edit_found,
MB-efc4643ad845,sha256:efc4643ad845ed8e36d816bee6d10ec2d66f7279dc0a7061afbe92a0b855a6e1,no_edit_found,
MB-efc5464d3cad,sha256:efc5464d3cad556b78135f0e5f1bcc45788c5276429fb66aaffba800f4bdb4de,edited,invalid
MB-efc5cc54aaef,sha256:efc5cc54aaefeb4138adaad3ca13f53c826ccc0264bf08e100112ef634863618,no_edit_found,
MB-efe91bb69d69,sha256:efe91bb69d69b707977e0dc95b136c7540295e040507be162e83501d9799959f,no_edit_found,
MB-eff046aad03a,sha256:eff046aad03ac69f52fd794d2f437baffa451bad54421fda3c6a8eb59dd9b3cf,no_edit_found,
MB-efffd198959a,sha256:efffd198959a4a4ae0be8aee5ce36233824d82ca0f838e78d36b45ce7e627cae,no_edit_found,
MB-f007b6fa8209,sha256:f007b6fa820959a5fe8141b0a7b3d8ab8815b9d7b78d69109af10d11ab1dcc9b,no_edit_found,
MB-f00f1c8afe5c,sha256:f00f1c8afe5c682ee0687b0dd709fa4b77e27970e2888936f4ee72aadaf79e68,no_edit_found,
MB-f0171484ca4a,sha256:f0171484ca4aa62174fff6ab1ad577e60c4addeb523cddb77d084d5b311d2d6e,no_edit_found,
MB-f028f0a4ac0d,sha256:f028f0a4ac0dabcd64b2ac49521c184586036b97bf176196907d3c6cafd17d72,no_edit_found,
MB-f02a05b0dd1f,sha256:f02a05b0dd1f41db629a576e08aa91d88bca17f5625a20bd3cec29ddd78223cf,no_edit_found,
MB-f034d3b934a7,sha256:f034d3b934a7fd3b09dcd19ac7e1e39f390f42e44e4ae69ffeb01a4b2c5cad8e,no_edit_found,
MB-f038ba535ea4,sha256:f038ba535ea43dc62797ef6c5bb221e83e543ba080263a98e6b4f0458033a21b,no_edit_found,
MB-f03d9cf0135e,sha256:f03d9cf0135e0c6b72b25e04ad22ca5bcddec6f54fdf2c2907923e53dce0b18e,no_edit_found,
MB-f03fc2fbc15b,sha256:f03fc2fbc15bad6a5dc601913b73af0b7f3aa019f1ff0bd2d364bd981142fb9d,no_edit_found,
MB-f043c995f7f0,sha256:f043c995f7f020a8af8b15598b45fa7defa1d45c6553e75b4f039efe6fbdbf7a,no_edit_found,
MB-f04699673802,sha256:f04699673802fdd4c5d5ea64c1078ae5d066c135652dd5155b381d230aebfe9e,no_edit_found,
MB-f05683395fac,sha256:f05683395fac79c6d30429fa6006ea2b09a5c4dbc8c1eeb90e4cbed0ac38488d,no_edit_found,
MB-f0595c6593d9,sha256:f0595c6593d947f7edb018f8bff42c6457de608d2990a57143c95a9fa149455b,no_edit_found,
MB-f0677e5e611b,sha256:f0677e5e611bec7332149535cb6bd53a88378849a45c908ada2bc8b0f3889796,no_edit_found,
MB-f06aa1264344,sha256:f06aa1264344e8d7c9f95dfc4588285729d87d64c2538ddc30fd51509508c3b1,no_edit_found,
MB-f06d75067e9a,sha256:f06d75067e9a90e983b5082f2eb421015d7c194db1602c4eca03b4a80517c59e,no_edit_found,
MB-f07f5f381502,sha256:f07f5f381502cd69d902dfc855b5391cf73fbd521ed80dbc93d8c557e6d4ed8e,no_edit_found,
MB-f09667299c64,sha256:f09667299c642dd9df2d1cb1ff0f80d964305c6434a50f1019bdf83a95d770cf,no_edit_found,
MB-f0968a27a06e,sha256:f0968a27a06efb24049ce9a916d0979d6edd76ed057edb597c65e9a8f87284fc,no_edit_found,
MB-f0a37e0a62e8,sha256:f0a37e0a62e85e92101aad06864a565b9a0c2ce7811570e4f4751649f29ba988,no_edit_found,
MB-f0a68cf96638,sha256:f0a68cf9663890ff0e7e2429b189b9aab7db0c8268f6a01b315f41443e30e658,no_edit_found,
MB-f0bb3b739ef4,sha256:f0bb3b739ef4974b56582ed286fc28daf7cf032f79ce2dc89c54ffad1453c3b4,no_edit_found,
MB-f0cc3f4b9455,sha256:f0cc3f4b945540a8312c28c9298967654e15f4a2930025d7c7766fe4ea9d996c,no_edit_found,
MB-f0db63d9a46e,sha256:f0db63d9a46e421c13f4e97860f063921edc7087638d7b9679d1212666fcb3d4,no_edit_found,
MB-f0e156e198f5,sha256:f0e156e198f503678c6e56e8ee44cd4be7cd40992128911063e5f10ebf7b34b2,no_edit_found,
MB-f0e8637362e8,sha256:f0e8637362e8173cd2922a267ede00a792c1275ef18cb5a5132e401d66cff11d,edited,unchanged
MB-f0e86b102409,sha256:f0e86b10240993b228760d4916dd58d8522ec706601266b2b9510ef907b8a1ac,no_edit_found,
MB-f0eff01fb188,sha256:f0eff01fb18820ed1e019c59980fa4ba7018b76397952aa0f150330845959431,no_edit_found,
MB-f0f14e93be38,sha256:f0f14e93be38777ea9a4538fb8ff1d564b4fdeb3bc20309a182589dc7c3dfcc3,edited,change
MB-f0f59b29c30b,sha256:f0f59b29c30b9678371d893776ed2315a1d88c4299ff5ed28eab9f9b0439d43a,no_edit_found,
MB-f0f89e02a046,sha256:f0f89e02a0465ff79e9c80582fc8ca97af573d65c0f0fa63bc7693b966bcbccf,no_edit_found,
MB-f1076a64fb42,sha256:f1076a64fb42ba907ba8e7d46f998bbc6d7d7053adf124c7b92362675e0eb47c,no_edit_found,
MB-f10c75b89359,sha256:f10c75b893591ebfea04c9e9dc60bb9940f08a7e2d6e04352818aadd30b20533,no_edit_found,
MB-f1175918d5c5,sha256:f1175918d5c55f81f0c8bc8e82035a53ce1d497a1731ed03c7b6ab9c05d11798,no_edit_found,
MB-f11c29f48f3b,sha256:f11c29f48f3bf6e6d58864b4ad1a6951c4f9bcca73540e1e2a460f822a1ee1a7,no_edit_found,
MB-f11da161262f,sha256:f11da161262fcf9cf595f0d3a23d5a4c62185511fa11feace1bbe8fa627ffa73,no_edit_found,
MB-f1226589e778,sha256:f1226589e77890da61d55bf98bffe611070d98bc3ee63d7fe61aa98429e606d5,no_edit_found,
MB-f122e463d904,sha256:f122e463d9045998f4939ad101eff25272a8bc14aad7f9102da15b54b12a0a17,no_edit_found,
MB-f12a2c5390a3,sha256:f12a2c5390a371e3ccd4fc573068cf8b2d745c85399a8a9e2c3b0438ff9fef20,no_edit_found,
MB-f1333047cafb,sha256:f1333047cafb1fc616c5785bd8eb69ced93b38c35105a4b4bb1d1bab05d3a802,no_edit_found,
MB-f1347cf8a4b4,sha256:f1347cf8a4b476719fc57742debdeff9481d447727c34b5b2c2c9d5e4156ee9d,no_edit_found,
MB-f143cb9a9b73,sha256:f143cb9a9b737f0cb9d054b3efe47d4139300c72e037738d41ddb78865c49f22,no_edit_found,
MB-f145fb67ce45,sha256:f145fb67ce45cf9dbdc1dc063d23772d7e56eed5970c03e71b9bdc1df8290667,no_edit_found,
MB-f1518e92926a,sha256:f1518e92926a14a7768615b146c55a3f63a7a9eb2eb543252a68718c52d4631f,no_edit_found,
MB-f151f9211efc,sha256:f151f9211efc7048262fa66774973d2ca8f58a1453b36e11815426dcfdfce293,no_edit_found,
MB-f153f8e164bf,sha256:f153f8e164bf3de3ec39d8206aa6235e10d08328e93aff3ec6aba249322c643a,no_edit_found,
MB-f16de8158374,sha256:f16de8158374a6378dd6ec18e03d4fd03e061d9e988b4202c1f692f22a142b1b,no_edit_found,
MB-f16fd5f59493,sha256:f16fd5f59493310d1a6b7a745038868ab287105800af47fc51071fa756392654,no_edit_found,
MB-f17025b820dd,sha256:f17025b820dda0630f4577c93c99397b2c243cc837844afb79b8c9c7fee37d3d,no_edit_found,
MB-f1758bba1990,sha256:f1758bba1990fdda020da89a3c4eb09edfec1b5e49daee2d14bc5ad59f59e3fa,no_edit_found,
MB-f176e59942dc,sha256:f176e59942dcfa20b53bbfec1a96d2cfab91aa66c3d638b6f3e1be065e04d4e2,no_edit_found,
MB-f1794479830d,sha256:f1794479830d0e0b87cc23aa0cb1e5e484c5456469491055baf5dc3f5c51c0d3,no_edit_found,
MB-f17e38c241e1,sha256:f17e38c241e161d7b341a77d206036f0ade5ee4f79cdc9d6704c58f6ecf8cada,no_edit_found,
MB-f191fe2c26b0,sha256:f191fe2c26b019b833716d64572edb6b6dd2cfead67a1135e39027bb8837542d,no_edit_found,
MB-f196dd74be31,sha256:f196dd74be317e9c83ea04fa7a6f83f3b9d4cd3c6272d27157ff058fabbedc02,no_edit_found,
MB-f1a26e0c56db,sha256:f1a26e0c56db91791e3f1ed60fd1098287fad87e32001a2552db6f5f00279881,no_edit_found,
MB-f1c73c1c689d,sha256:f1c73c1c689d8a5034b0c66ea635d96758db46ff7b9f0cd8000f9c909ed3b6ff,no_edit_found,
MB-f1c9a47b0d7d,sha256:f1c9a47b0d7db6e745cf2ac3634c2f01a0d2720cab85ba59c15f7ad6d64ca6e4,no_edit_found,
MB-f1d077fc2fbb,sha256:f1d077fc2fbb38e250a8046b971c0ccdff85effc8633d3e9d8bfe8ffeee3d65e,no_edit_found,
MB-f1d55f09a518,sha256:f1d55f09a518d888d9f1ca71c0673c4a4aaef4341a7f2aac7769584e36fce98f,no_edit_found,
MB-f1d5ebac68d8,sha256:f1d5ebac68d8195373ffd106ab4207f656b5ec25ef0b6a4983865d555995b8a0,no_edit_found,
MB-f1e2909e5905,sha256:f1e2909e590545e1840724a39547ff112017c9895155b5aa7193bb42bde5c2d4,no_edit_found,
MB-f1ee30326e7f,sha256:f1ee30326e7fe8c01b2e03b53223b8e4bbcc981426d1668525135c065e2b3bf9,no_edit_found,
MB-f1f3a5bfb0bf,sha256:f1f3a5bfb0bf6147eb257e5631f289f8b2956df30e80285e291ad1a9f69cbc9d,no_edit_found,
MB-f1f5f77678df,sha256:f1f5f77678df0c57670640e366179eb35134a5135411e59cb701ee2f8e0a4274,no_edit_found,
MB-f20acfcb1972,sha256:f20acfcb197212104d69fab107c5508613c1780824493283a6b33e42b1111c40,no_edit_found,
MB-f20cd0217cf2,sha256:f20cd0217cf2010263cde500f73b44acfe03ba86f5a16abaedcc960e77bc29c2,no_edit_found,
MB-f210b2c238ae,sha256:f210b2c238ae6fd5f5ab374d48afcde18545e7ccb1062b78d8e453463c75af89,no_edit_found,
MB-f2159169a593,sha256:f2159169a593afee156398bba975a02cd62bbf351d8e56a1fde1e9419d3506e8,no_edit_found,
MB-f2201abfc41a,sha256:f2201abfc41a4cbfe4e7d1d899b4808160f93f03cf783c137dd699d51cbea0e8,no_edit_found,
MB-f22c087e3005,sha256:f22c087e30052b20a7b8c90078849f4b85dbf3f339945d67faf7925d5b46b0a8,edited,unchanged
MB-f23a02e8f934,sha256:f23a02e8f9344bc167d496f8a18ed829f298b4c9c199d9c8fa56aacc9fe96097,no_edit_found,
MB-f23ee89733ed,sha256:f23ee89733ed10f417b96ee388488b204ff43697441fb0cff9d19d7eb7489d1d,no_edit_found,
MB-f2424be21b32,sha256:f2424be21b324fc9cb987eb9524cca394be09370732d7bef3bebef2166132ce4,no_edit_found,
MB-f2487b00b762,sha256:f2487b00b762fd4c5f901a5549390477d2152965365986c147d79e9320526008,no_edit_found,
MB-f24b55a72673,sha256:f24b55a7267368c07092ece63466e16864f2c7a45b2cf7b63e861b40b8d82dcf,no_edit_found,
MB-f24c4665ab4e,sha256:f24c4665ab4e593321d8b5d2b58bd6eff21b8e0b765a77ad82b5122babe6dd11,no_edit_found,
MB-f25259aca367,sha256:f25259aca367d3d0a605ad55992fcbdf84f5449c7d237f278aacf4ab086d45c6,no_edit_found,
MB-f25d4c08f226,sha256:f25d4c08f22643dcefd28ab5b687ec39a49d7f0cdcc8e43418196aaa7d6d750c,no_edit_found,
MB-f25d4d61bb27,sha256:f25d4d61bb2787e7664e324e02cb73fb424fbedb56050817d7b1ce3804fdb808,no_edit_found,
MB-f262448ae9eb,sha256:f262448ae9eb581653298fb92c0a11caccc0c72ef96f462f985db67b838fe7be,no_edit_found,
MB-f271622dfd6f,sha256:f271622dfd6f52d84d28aa425d4ca3231af7d8aa001a9e19067566e60dd0515f,no_edit_found,
MB-f276568e9cd4,sha256:f276568e9cd4c8810e70eaff847b919296c8f19518af74989f692c9e2d09a5be,no_edit_found,
MB-f277d8d6ede3,sha256:f277d8d6ede3f8060403691770e52838a6b364d69090f47f007172460a2e82dc,no_edit_found,
MB-f27fdd3b29fd,sha256:f27fdd3b29fde41ad3ea1b0fe8fce446cd5d78a61aec567cac8c4482f2c7bc05,no_edit_found,
MB-f28263160d96,sha256:f28263160d96b367243525edce12f60fa5908be20c1d906913c4e0c00fab70cb,no_edit_found,
MB-f2884a0b1b06,sha256:f2884a0b1b060c3d959f4ca560f71bbac66b21a4254d1571554329408197cb46,no_edit_found,
MB-f2891ac4d966,sha256:f2891ac4d9668f98011ffaa5a08bdd77d046451c679d5140429a4ed9c3e06332,no_edit_found,
MB-f291e242d7e9,sha256:f291e242d7e94088c3716992031d2a05ec65aaac565ad5aa1897d5ad49748b7c,no_edit_found,
MB-f2941f42ac0e,sha256:f2941f42ac0eb15db1b043671d64f42ffcd21cad4e08432d1053b14b4cd76d28,no_edit_found,
MB-f2a142447de2,sha256:f2a142447de2bcc4c0802724abf8c3b903933e962cb6ba56d6506084a6d7078f,no_edit_found,
MB-f2a201e0d4a0,sha256:f2a201e0d4a07493240241c6ed55c08311a10641069ae14c15030ea082386659,no_edit_found,
MB-f2a2f80c2a7c,sha256:f2a2f80c2a7c49c70d63dba032e72d0ee79864da373b109809159b0ce3e37cd5,no_edit_found,
MB-f2a7f05477b3,sha256:f2a7f05477b3bc9fe5e218234e7e37d61292dd4d24ac150d52d4ea3cc57141c4,no_edit_found,
MB-f2b3a3cd376b,sha256:f2b3a3cd376b27ebfaa36170a219afe55147756e624b6a2d5cad97b897ca1050,no_edit_found,
MB-f2c37a0a447b,sha256:f2c37a0a447b10b04a4605a57620cefe5e3ea465592c5ee9d679d0c1154eeb05,no_edit_found,
MB-f2cfc8f5f21f,sha256:f2cfc8f5f21f37b2a39f7eba0f97dfd1681a7f4234ca5f88c0b8b8af48d6073c,no_edit_found,
MB-f2d572add0ee,sha256:f2d572add0ee3a1021e53440b7e1dabb56dd43256f11dbfb5ff9bc705f1603b2,no_edit_found,
MB-f2f1173708d0,sha256:f2f1173708d055dca9af22e412b129f25766ab92ee999d3ff3f06d56dd42b0a0,no_edit_found,
MB-f2f80ce0b57c,sha256:f2f80ce0b57c9af6095d05748d64af8a59c4024b16151d867b957896a2faf37e,no_edit_found,
MB-f30181b4b5af,sha256:f30181b4b5afe4b8ad70df0a09574bb7814141d987c0bd9b479e98223c60bf8f,no_edit_found,
MB-f303cd991e35,sha256:f303cd991e35d98bf5456eae280c74ccfb5a7b1d8a397c0d70dd4a6fb370eb39,no_edit_found,
MB-f30d666f08ce,sha256:f30d666f08ceb04bcdda9999085127437f90df3dbaadfd3a61ff4826c444db15,no_edit_found,
MB-f31156e1f38c,sha256:f31156e1f38c84fb69b743a3361586f8de6595a2ca840cdefabaa5971a6c224e,no_edit_found,
MB-f311cff5e394,sha256:f311cff5e39406e6d1765d15f6b7b8aeefbb246b98e4a07a7b7f15fee138534e,no_edit_found,
MB-f3174767ae46,sha256:f3174767ae46c6dc27d868ad5a3932633aa63ca3eccbd2bc4bb149f939a81caf,no_edit_found,
MB-f31953c91e54,sha256:f31953c91e542becfe65acfbeee52e33a829c0aeef9eb3774226bc1a7fcd736b,no_edit_found,
MB-f321313f9f87,sha256:f321313f9f87f8607d25e4d75de9535271802ee4593bed66b08781eb97cc3102,no_edit_found,
MB-f323a5407e7f,sha256:f323a5407e7f3923755a7d032840d0db59c5263eb0ba298593381429774b6a7f,no_edit_found,
MB-f32d3574fc61,sha256:f32d3574fc6171c8d7c358f91ea531a5487045230806ffc61358665046193af2,edited,invalid
MB-f333100fec54,sha256:f333100fec547f2edd6c1911dc6cfb3cd25aa97b540fde2d421d929567c25f83,no_edit_found,
MB-f333a1a5580d,sha256:f333a1a5580d184b20f4b5d1f160946317c08c0c75cb491cf266c5e55e581f48,no_edit_found,
MB-f337fb47f6c1,sha256:f337fb47f6c1a9059616a6a75cfa055a8e3912d32c34cca2d3563a31886613e1,no_edit_found,
MB-f33d3d37bd42,sha256:f33d3d37bd42aa1bd20b93030e62b79c461516e991c8cf6ff6dc936c2814ca93,no_edit_found,
MB-f340fd56bc66,sha256:f340fd56bc66487a92ba2957ab04e4b8fadbb860b50d9152fe103b486ca1f25c,no_edit_found,
MB-f37d3a4814bd,sha256:f37d3a4814bda954032c536d7bd7bbf2f879c5aca96252e44f8afaa4735a509b,no_edit_found,
MB-f37daeab42fd,sha256:f37daeab42fdefce0dcb0376fba1cfbd1cc9e3e2e60be5dee295d67387e10b0f,no_edit_found,
MB-f38743325b12,sha256:f38743325b121e4bcdf857a78857725b5f99d09054af077e408828e30442a746,no_edit_found,
MB-f3a8df2eb2d7,sha256:f3a8df2eb2d709b1733f6d0a4bea4fa8209b8e2603f729a14c47ebf03039b1e1,no_edit_found,
MB-f3b2aa54517a,sha256:f3b2aa54517aee2c4b7acfa0cdc8ff340578b4b0f75e4ecbddd07e59eeb1137c,no_edit_found,
MB-f3b6441c66a2,sha256:f3b6441c66a29e91568c6910c6da43e64834b1cf245d37f99215121517cf716d,no_edit_found,
MB-f3b7b8986cc3,sha256:f3b7b8986cc309c9e9fe139e9e0a49779e9e508b7646b46b881f7147c06f25ea,no_edit_found,
MB-f3bb1b65b922,sha256:f3bb1b65b9224a5e6cc5b097db93484958ec901be1b38bce93f74bae6671cf14,no_edit_found,
MB-f3bf5ee6ef3b,sha256:f3bf5ee6ef3b745515c1bfade3ae6bf2ee4ebf0e645800ddc3f75c63e77446f1,no_edit_found,
MB-f3c13aef3bbf,sha256:f3c13aef3bbf6294de677f0df64e4ece05a4a5994f8cd3705d1a67720cccb500,no_edit_found,
MB-f3d1f997ea78,sha256:f3d1f997ea78d36e4ea9afc4fd32cb8c88c7c266d57843e5a9645060960535a7,no_edit_found,
MB-f3dcce020579,sha256:f3dcce020579218acc0850bde3f7aebfd415909a1b365c4af05d0e6d092253ba,no_edit_found,
MB-f3e205116e7f,sha256:f3e205116e7fc6b2a166a8ac42775a704c41eeca205d785bc4ed644c9244246e,no_edit_found,
MB-f3e9473ff6b6,sha256:f3e9473ff6b652e096be6e5cb860eb2a50bdb68469d8deb75afeb7ef4faed759,no_edit_found,
MB-f3ee708fedb7,sha256:f3ee708fedb7f2ce9cc3912788b87071221f0accb357c1ec42d0ff8936638d30,no_edit_found,
MB-f3f44554ee8c,sha256:f3f44554ee8cf4c707e5ca6e86a88e03ab19cc88e69cb7f8374b1cbeb95e5686,no_edit_found,
MB-f3fad8f91a9d,sha256:f3fad8f91a9d0511b573de28333126859e8aa70ccf60c1691014a0b9535884d2,no_edit_found,
MB-f4041f511bf3,sha256:f4041f511bf3a638e9a9095d2307a5c29bcbefbd427658fcbf48a11b2d7a0fe1,no_edit_found,
MB-f41ae1e07cba,sha256:f41ae1e07cba083696d081f11aedc4c707424cd7b52151ee862dee242d8dc92e,no_edit_found,
MB-f42949788b30,sha256:f42949788b302f40d435587c3dc79c32e8ec7765ebc4865e69b1a6ccd4ce35f6,no_edit_found,
MB-f42a92f130fd,sha256:f42a92f130fdef6b8f30927e08ef1421bc4eb331c36e3c3ce3ce024f8c484386,no_edit_found,
MB-f42d2e3b3c22,sha256:f42d2e3b3c2236fbad7310beda1e1aeff12621ee42301eab9006db82829e74bc,no_edit_found,
MB-f4305e1e5778,sha256:f4305e1e5778cb9a746c8750970cf1e2a7b76a3c8caede9cbfff5f266dc2ee55,no_edit_found,
MB-f43130d77fa8,sha256:f43130d77fa8c476a9fed0b3d5b0b4d4e3b0b1dd114fded7429f60aa998a64f1,no_edit_found,
MB-f4320946b3f9,sha256:f4320946b3f9141892ece17f23e9e1731091423fa9a32cb13cefe437a46a22a6,no_edit_found,
MB-f44fba585174,sha256:f44fba5851741dbeba2a6c387265411c20ec0ec01b123e1f7211bcd5a5a0b157,no_edit_found,
MB-f4515ebfdc92,sha256:f4515ebfdc92145d886da062941810a448929b3b6d380c2bf2867062d1a06313,no_edit_found,
MB-f453ba7e882a,sha256:f453ba7e882a9441f85076451b16027529ba8e7d0a540631f461d674d0629ad6,no_edit_found,
MB-f45c38c45387,sha256:f45c38c45387036360f9c529663370fcd75f87547afe272b925322a81bca2819,no_edit_found,
MB-f4618f9d86b9,sha256:f4618f9d86b9811eb004fe8cb527c13150149a8250a59f5007e2e4e7d8e9caa4,no_edit_found,
MB-f46722934866,sha256:f46722934866594bf8d26dfc58f81edceef651b6942dafe729e40b548e01d7f8,no_edit_found,
MB-f46928513020,sha256:f469285130208f5e6abfe15886e2c51def1670559e76d37226602b225b535280,no_edit_found,
MB-f46f01e62b1a,sha256:f46f01e62b1a34b3de8f7d04cb0f0866685967250b0be2a85ed78d927cb8f3d4,no_edit_found,
MB-f47fa10596af,sha256:f47fa10596af7debe3f9e06bbd4d40a257f59ac8363622008d56a2a4c4c60367,no_edit_found,
MB-f48faec46a04,sha256:f48faec46a04c3b64ef498c8e9d9e73c96a26d52fe930bbc97b69203c2ecdd29,no_edit_found,
MB-f4a8da014f8f,sha256:f4a8da014f8febf9e12dfd3ad6d62220251150cc63aab1a0061ff388bd800760,no_edit_found,
MB-f4aa2a25a54c,sha256:f4aa2a25a54c543582e359a4bd8263d8421867324fb76a19fbeb182b939d613e,no_edit_found,
MB-f4ae71ba6172,sha256:f4ae71ba6172d0df0d513b936145ed91ebe3ca36cd9fa387b58223f4376ca8f7,no_edit_found,
MB-f4b940bc9979,sha256:f4b940bc9979b1fdbe2f27570f433001cf4a37637f3261d8b9cf54a52e910b3b,no_edit_found,
MB-f4bfbc911243,sha256:f4bfbc91124392ed90bd12a0dca3a47a9953c86e5aec896f076ce3c9275099cb,no_edit_found,
MB-f4cd56dbd55a,sha256:f4cd56dbd55a06e74beed7867500e63f5ff7458a47bb6770d157d455a6627b34,no_edit_found,
MB-f4cd789885cd,sha256:f4cd789885cda3fe0ef91ee412e02e500fe25d99052d0e29bc2132114c02a685,no_edit_found,
MB-f4d3e4b39eb0,sha256:f4d3e4b39eb0201b9319dfcbbf3ec605e225f956b485dbdb0d6831877295825d,no_edit_found,
MB-f4d9aacb382d,sha256:f4d9aacb382d5f1c25baa1e6e2177da89372358b49822f43c8a17e0349a2bf8d,no_edit_found,
MB-f4da3fd06f6b,sha256:f4da3fd06f6bfb5fb4eb6c184f462c7e4f868689e55da2261aa19738974f67bd,no_edit_found,
MB-f4de27d32ca6,sha256:f4de27d32ca6c3359c3f85ebb8d363e7082b0c05e443a51fbfbf68784722389c,no_edit_found,
MB-f4e84c3c0456,sha256:f4e84c3c0456032d914d4f1784d657c09e9f923d635f16e913801adbbaaa037e,no_edit_found,
MB-f4ede97aad9d,sha256:f4ede97aad9df8ab865aad9682ef2f9b0982601db5913d01bed229958a9b2ee2,no_edit_found,
MB-f4f031a83b8e,sha256:f4f031a83b8e12058d732273c994b35028c76e4eb382e89044e3e701bbd88584,no_edit_found,
MB-f500ee8f95f2,sha256:f500ee8f95f25b75f79fef2726a60669ed2189601a934b42c6434644623c764f,no_edit_found,
MB-f50bb9c60462,sha256:f50bb9c604627d645949ae2df234f0f7d01a8945ec780d38f402410b447ce58f,no_edit_found,
MB-f5111fb3a8bd,sha256:f5111fb3a8bddf00c8d2e20da72aaf9733f4e35cfbeb4baad5655ab1e174a8ed,no_edit_found,
MB-f519cdfaec64,sha256:f519cdfaec64714e6fbd3f7d82d9631f6a41140fb7de9d59e76cbdd65ed90196,no_edit_found,
MB-f51f38242e94,sha256:f51f38242e94999bc588b1f953ee9d2ce24e87b55b5494721800a92d900df80f,no_edit_found,
MB-f52a2d5aa6f6,sha256:f52a2d5aa6f6cbaa0bf636697c86e4685a8edf91911aaca741932e138f5e6e68,no_edit_found,
MB-f52cbd9fc0d3,sha256:f52cbd9fc0d30cf3510ff6c10426f53e6fcb1c9f812a856c6e84d22e4f18dea6,no_edit_found,
MB-f5383e905701,sha256:f5383e905701d23cd47ab1ffdba78b8545652da1ca7ebf67b8381e4138e43d74,no_edit_found,
MB-f540e0f4b8c7,sha256:f540e0f4b8c7cd88ec4e95c31019e45c06b1126ff5715c5d5076239b54d30f1a,no_edit_found,
MB-f54fa74e527b,sha256:f54fa74e527be227fd746bc29041dae02a8a7be7a072f7db70181a7004193f9e,no_edit_found,
MB-f56863f36e3e,sha256:f56863f36e3e8fc95928bb2a99fbe014aa1c82e85a1960313c4c00e7493d20a1,no_edit_found,
MB-f56c406cd189,sha256:f56c406cd189df633505644019aa6c9d6af590a2adfe5a09ba058b6a24297cc5,no_edit_found,
MB-f56d1c00b831,sha256:f56d1c00b8314d87b13e823d20e5f6eba9a8ee1b88862a16866fb1a2121cba68,no_edit_found,
MB-f572016da97f,sha256:f572016da97f26243e90bb94ea732ffba42d3b65e93007f2a51b7fcfb6a67845,no_edit_found,
MB-f57dfd6bfc32,sha256:f57dfd6bfc3207ceb336118949bfa0b43794af340578096e1253d9c5d726d8bd,no_edit_found,
MB-f5806e730bf8,sha256:f5806e730bf895b0ee7274defab7cee27a3ac990b2c4b73e83f5d3f4589c53a2,no_edit_found,
MB-f58111b7a47b,sha256:f58111b7a47b5f2e6f1c23d34db54eb9bd24bef1037fc789fadd62fad212999b,no_edit_found,
MB-f58126a305d8,sha256:f58126a305d8c16eb8e7f8fa2a2e933f26e2d27d05223e1423aab80bda40311a,no_edit_found,
MB-f5845fa5136f,sha256:f5845fa5136fd41aed42193d4530b9f18565b1066e312c3f1493a8bc618932aa,no_edit_found,
MB-f5993273f83d,sha256:f5993273f83d3fedb699850dad0fee081b5985e4ce6e29db8a8c9c385d1741f5,no_edit_found,
MB-f5a482a41b83,sha256:f5a482a41b83b51f3abd0f9b403322b726c6db5ddbfb4fd9d4f4c3a336287ba5,no_edit_found,
MB-f5addb725220,sha256:f5addb725220f78cd4e439e0c48cdb59f524749b79acbac667ba7f2499186ff5,no_edit_found,
MB-f5b8b440a973,sha256:f5b8b440a9732782dff610811d86738893af4dd9da064daca6fdccfd29748c0a,no_edit_found,
MB-f5bb22015294,sha256:f5bb220152943d3e82e574ee7fdc1003866bbb65009926b96065431e1af53cdb,no_edit_found,
MB-f5c0559d9a96,sha256:f5c0559d9a96e17f276896dc33b58b14dbadc5a78a6d13fd81df3ca645ea0899,no_edit_found,
MB-f5d3b2afe34f,sha256:f5d3b2afe34f892543b54a718abe7bb93d5358119ec2048b1db54649f0907cdc,no_edit_found,
MB-f5d58051a8f8,sha256:f5d58051a8f812af980fc66fbacfa4c33cba5027194dc3bf49f6cbe2fbfdeaad,no_edit_found,
MB-f5d7339e85ad,sha256:f5d7339e85ad0dce319c8e0dc596510bed19c1ea4befaa1a1668fcfd691000c6,no_edit_found,
MB-f5d74e2e1234,sha256:f5d74e2e1234734b6c2bdfba20ca2536ef25902198d0970fd3473678173f05c7,no_edit_found,
MB-f5d96ad2f2e0,sha256:f5d96ad2f2e0162a5f9be358e1e3e81db40f5c7cd49b0730a8bac7c5e6255a5c,no_edit_found,
MB-f5dbf93957d9,sha256:f5dbf93957d969febd1d4fd8b2f696a6468f759ce774dba7b4412184e0dc7874,no_edit_found,
MB-f5ef1d15e4bb,sha256:f5ef1d15e4bbbda2bf7291a29bb58779107cd44388dd266bf23047a2f3c36843,no_edit_found,
MB-f5f89812d188,sha256:f5f89812d18800d28ae729e30c9d745767307b0eaeae689bb615a43628668c10,no_edit_found,
MB-f5fdd8808714,sha256:f5fdd8808714eafef213bc1698d5153a1dbf6b56146d08aa1b1159d95b6056ba,no_edit_found,
MB-f60731de9c96,sha256:f60731de9c966b21d5d571333a60459a1e0e1a51caa234b9073de5994143c8ab,no_edit_found,
MB-f609e727a16a,sha256:f609e727a16a219a11b98a8ade44d78df59e712e2adf508a042b6cadd8b56795,no_edit_found,
MB-f62883d9021c,sha256:f62883d9021ce568139199ef725727bd3c3340672abbe2d384bfaad54f72c757,no_edit_found,
MB-f62f7a3d4049,sha256:f62f7a3d404937715d4966c64a83618466870bef6057924c67122f4ce1e7c21c,no_edit_found,
MB-f633a8853f67,sha256:f633a8853f67d8a370e70106a499ea84287078863255a9451edb211e8ced1da3,no_edit_found,
MB-f63781162576,sha256:f637811625761153157b33001e88206b53bd72dfd78da2979b8173dfc1066b15,no_edit_found,
MB-f638356f863b,sha256:f638356f863bca7a7cb0920b77c8a60aad95d44d305cd893dbbb237a04310e71,no_edit_found,
MB-f63e9ac586fd,sha256:f63e9ac586fd9d87ff07fc94da8eae9fbf79ccea3554cbd2ea9cfab31dd121f6,no_edit_found,
MB-f648105019ad,sha256:f648105019ad7144aee76c25bfb129dca1b1216a50e9ab3888130b633f15e1b9,no_edit_found,
MB-f64dcda0e2b2,sha256:f64dcda0e2b2d3a60f1158a4ee232d8851b574528dadb1e7849f9fe4653fc585,no_edit_found,
MB-f6515f66e817,sha256:f6515f66e8178f82c78ef7c863bc24fa145cb9764dd15bc592b77400340d726c,no_edit_found,
MB-f65c62bc4f95,sha256:f65c62bc4f95ef0ef29fa282650fef88926c25399727389c301336e66b05330c,no_edit_found,
MB-f65dbeab3d21,sha256:f65dbeab3d21770cfbdb06e402d647b2c17d5a5d4dc54fce003f78b7e9f3b27f,no_edit_found,
MB-f66933532447,sha256:f669335324471aba71446ca19aff4e2882d9ebc66f456b0cf1ab33f70ea2a343,no_edit_found,
MB-f66efba67fb3,sha256:f66efba67fb376e97983117f60e0da0e8bde287ffe6b74e5c284e63afe0d939d,no_edit_found,
MB-f672d443ec5b,sha256:f672d443ec5bf7c82c159fd3e6dce1fd9e618eacd5507db350c9bef5549966d3,no_edit_found,
MB-f67d98405780,sha256:f67d9840578097e629bb3669a65e56484126142b38749c8f4fbdefc8baf126d9,no_edit_found,
MB-f67e4f6acfaf,sha256:f67e4f6acfafda322e49efcd1af40e9858c128cb77a375d07ed45a547432f735,no_edit_found,
MB-f68556042564,sha256:f68556042564f03f17ce92e3a3dabbd4de3b07b91b73a5e36a08010337ca9254,no_edit_found,
MB-f686420bac27,sha256:f686420bac2777909a1ba39a63824ca6e3539d13e58fd6da0fac3fc20059af6c,no_edit_found,
MB-f68b2f86c669,sha256:f68b2f86c669f8ec0e6bd1d437f368f6610497f5d71868361301041893a282f2,no_edit_found,
MB-f68f38e09411,sha256:f68f38e09411cfd5a3be0a6c2ddcd90c0c08203b1de1a3a083df0588260cb4fb,no_edit_found,
MB-f696a524ee8f,sha256:f696a524ee8f44ad2900141cb8ca2a5ab8f287b7a69afaadab4ba72615677d74,no_edit_found,
MB-f69cfbd2022f,sha256:f69cfbd2022fa1ddf4a9fb1b1d1b84a6f66e64809d8e697dbe834c17887522dd,no_edit_found,
MB-f69fc6bfd51c,sha256:f69fc6bfd51c1cc00ea3c742f4e12b7f065fc752206bbe78c858248987fa52e2,no_edit_found,
MB-f6a2b9a7b0bc,sha256:f6a2b9a7b0bc028a6b017f84f1596a82821e6606aa02c8711e44601c6ce8876d,no_edit_found,
MB-f6a5697d743f,sha256:f6a5697d743fd60c7c0dc5cf9f480d1fc96f7a4151c486cf752873767532bae9,no_edit_found,
MB-f6a680a0708b,sha256:f6a680a0708b6fe16a387efe5ab16ab5eff827e70e20c389db1f2c5caffbdc2e,no_edit_found,
MB-f6a994bfd985,sha256:f6a994bfd985a1133e56276d338f7a4c4c3f9cb22f9730cbb4e99fbe8d5d5fdf,no_edit_found,
MB-f6b1bb6f2206,sha256:f6b1bb6f22064f890afe3f54fd67dbd9cd9997180bb31ffdb5e30d8e5ca982a5,no_edit_found,
MB-f6b25eb078e1,sha256:f6b25eb078e170551f5bce31f3b59fafa2525fd8909d3e12053930f57cdaf17a,no_edit_found,
MB-f6b3fb0ef2a8,sha256:f6b3fb0ef2a8fb653da73f6a9ccb72b79af3ba913909a1c9c75b4a3bb6bcf6d9,no_edit_found,
MB-f6b5983e94f7,sha256:f6b5983e94f74c9eb8abb63b77ff41d14fc8b2447eb9633483a8a5b8f7754d4a,no_edit_found,
MB-f6b6f8c1baab,sha256:f6b6f8c1baab49a66fa9c24ebf781c449e52d04e029512823f78c351d20211bb,no_edit_found,
MB-f6c126d32b1f,sha256:f6c126d32b1f0fb82d08f8321338021d2f63ddcc2a7f4fe942b249cb94f62a63,no_edit_found,
MB-f6d3c4e41920,sha256:f6d3c4e4192068a499be4c654c094282219b319e2beb83523cf51014c08a78df,no_edit_found,
MB-f6df6a062d41,sha256:f6df6a062d41575818603c469dfbbf362146bacb5630cebc4e0a42d85858256b,no_edit_found,
MB-f6e1a47d0d20,sha256:f6e1a47d0d203fa40407762bf2ceba0682e1f8ac12ce0df8e3d1cbc0e6dc655e,no_edit_found,
MB-f6fd246ce7b8,sha256:f6fd246ce7b881f465fb80b60527a7e5cf75301785199522ac69431bcfba5272,no_edit_found,
MB-f7060a140a85,sha256:f7060a140a85fc0139f8a99a613b16d9bd5b6971405179573bfa00c5c72966f7,no_edit_found,
MB-f70857aa4a48,sha256:f70857aa4a48b2b48cf646775e6aa0303d922717feecea9b2dbcc8bb79a14d3d,no_edit_found,
MB-f71e2498fff8,sha256:f71e2498fff84b9b222ad25de2a3ff69053064317837232cf89e7b383b2b7745,no_edit_found,
MB-f7221384a09e,sha256:f7221384a09e87edd34dd7677c422ef27e8ba948a56b05daecc4207110f265c6,no_edit_found,
MB-f723171a71e1,sha256:f723171a71e1ce9d5ffd69455859ef6f9871a0504eeeeb4a1b5da51539a08d02,no_edit_found,
MB-f7252ed2bbce,sha256:f7252ed2bbcec5ac19bd729ddaaf7103576f48599151313f471d2e6a6b9f2d91,no_edit_found,
MB-f733dfbbfb61,sha256:f733dfbbfb611876de99607ca6f46622c049f3472c766d6bd8c99307ae6253e9,no_edit_found,
MB-f73f068e9cb6,sha256:f73f068e9cb6678a245bda628e391a71e080545a89a9f0ae9ef22cefed2e5fac,no_edit_found,
MB-f743b91de33f,sha256:f743b91de33fb58f396e169ba81779d267380ea231a096bd6a5df1cd1daffdf2,no_edit_found,
MB-f7580e4dadf3,sha256:f7580e4dadf37626f64db6ddcad5d5085c3cc55b83f4e7117a3a7e8c57a43b04,no_edit_found,
MB-f761321bb45a,sha256:f761321bb45a3319ef0b1a4e4838a8d81c0b58d3ec4701167bcd547999c14915,no_edit_found,
MB-f761c3a48286,sha256:f761c3a48286889edf9b31c6f353f5931cec0dbbe1ee2d68232d6d3d4192b4d1,edited,invalid
MB-f763332d4cad,sha256:f763332d4cad1d613a44e360d4419a5f19b89a3b221fb6a3464e99f75039d3e1,no_edit_found,
MB-f76540735570,sha256:f76540735570e5453cd9ac0cd18a283b60fb4e764ee486e5eff805b45f8860bf,no_edit_found,
MB-f7670459cea2,sha256:f7670459cea25e326db512268b039fa5dc7109cf4008b47021b93466586a4fa6,no_edit_found,
MB-f76c63415e67,sha256:f76c63415e670cdf483de5f568820b1b60371537924966db0dd38a847b79f052,no_edit_found,
MB-f76f7aa563c1,sha256:f76f7aa563c1f457b84745e7579a43df22731f54bc90776622238f221d2d3d36,no_edit_found,
MB-f7746e3d5fc0,sha256:f7746e3d5fc01d7ebaa4cb4fe13a9ef8ca8cc3050d29cd754df9b70aa756684e,no_edit_found,
MB-f778b73444fd,sha256:f778b73444fd82bda167203bb07a1bd24d206ad8b7acf1bc46dda43f4f02381e,no_edit_found,
MB-f77b750ba34d,sha256:f77b750ba34df7795f9a834e10bfa65f1fa21b92f6640dff704180359fe140e7,no_edit_found,
MB-f77c83a553f0,sha256:f77c83a553f03faf5785a5651b94a2174324d31285791c4736943c1ebfd8744e,no_edit_found,
MB-f77eb345e17e,sha256:f77eb345e17e86b8af9f749e64e71dad899d7b98fbcb3963c65b18a89fce1a38,no_edit_found,
MB-f77fe2d54d93,sha256:f77fe2d54d93119698a179b6a8a047c5b8c00af0b930170372de9286fb47a2d5,no_edit_found,
MB-f7878e000e8b,sha256:f7878e000e8b52900c0da5f9676af29641fd55d659cafcc573a8c1dfe3674d00,no_edit_found,
MB-f79f3add869e,sha256:f79f3add869e0a8a508c2a8c2105f6202a7298227551ff96aabf547219dc9d30,no_edit_found,
MB-f7a1bc469009,sha256:f7a1bc46900906e710e0c0fadfb915fbaab2e4b760f67c806f89da771efc9044,no_edit_found,
MB-f7acb7622c51,sha256:f7acb7622c51feef926565caa1e04e1916fb1740fbe7ac528da6bfcc6dad353a,no_edit_found,
MB-f7b2253b9c21,sha256:f7b2253b9c2130de7d336b55f2f1ef831d2ccb2cfd8a5e3ab60c48f03cb8af67,no_edit_found,
MB-f7b334f050d3,sha256:f7b334f050d3b940fcd418be7ba5ed9a5ce719077488fdbe0f36636ee09d4882,no_edit_found,
MB-f7b3e4ceb9b4,sha256:f7b3e4ceb9b492ed8ca9748789235c2b4745870e0c80ea2d3703351b5645f0c8,no_edit_found,
MB-f7b62a945a38,sha256:f7b62a945a3825d54a40309bbffd3920a4334555576a11652b03a6e29496571b,edited,invalid
MB-f7b98847306b,sha256:f7b98847306ba1b0d1444bba09ee0b9e42dff82ddf7401042723b36926bda2cc,edited,unchanged
MB-f7bc39afc03a,sha256:f7bc39afc03a46b902efc4faf564792dab427745b2602c93d690c01768114d0b,no_edit_found,
MB-f7be554f51ba,sha256:f7be554f51ba21280336ce7d0e102b058527b6672b21947ef276fb1eb70df58b,no_edit_found,
MB-f7cea7458d1f,sha256:f7cea7458d1ff9f104e8f248c6722ca7b35202d69924cccfcb94e4bf15bf90d0,no_edit_found,
MB-f7d25b6a8328,sha256:f7d25b6a83287539fd12b5349e41f21b52c1a9a4bc67ab1be89c846ba12d68ef,no_edit_found,
MB-f7d2d60c7e76,sha256:f7d2d60c7e76ec91fbb8b92bef75d248a8fcf1df1898d0aeb9780c651b7ad742,no_edit_found,
MB-f7d9d389cb43,sha256:f7d9d389cb43f1dea2a6a6dabe7e257b059221035b1fc00585816c933a3cc4da,edited,invalid
MB-f7dcf8153542,sha256:f7dcf81535421b0dc0afb4ee075386436c27c43f136881089130db6dcbd4c24c,no_edit_found,
MB-f7e3744342d4,sha256:f7e3744342d4f37d83cbfba963c20732cfe5619abf16ad89d87bad56368877a2,no_edit_found,
MB-f7e7e907e2a1,sha256:f7e7e907e2a11606ec0b664bc403ff51dc65400ba2ab494fec4f8824e506f73f,edited,unchanged
MB-f7ef4000d59f,sha256:f7ef4000d59fa772dae6d5dea33f60e1453383bd86a027354c9f08be2096cf97,no_edit_found,
MB-f80579553240,sha256:f8057955324005dcd5dbceb0cfb54da4bea3e3d2e251f68de292c647bd4dfbf8,no_edit_found,
MB-f825b66d9f80,sha256:f825b66d9f80dbef441c0111d1699e520cbf2ef5559b3078522623c9bd48271b,no_edit_found,
MB-f82b5fb5d679,sha256:f82b5fb5d679b744d987ac43e26eda594ba92821d5dde49ab2d164e8df03c728,no_edit_found,
MB-f82dcb1617c1,sha256:f82dcb1617c1cfcf1d8cb2f5dce42e779fb51e83aaf4dd9bc5e46d48c6732317,no_edit_found,
MB-f830ef4318dd,sha256:f830ef4318dd2e5ad1e171916fa86dbd0ee9df922e9d1859a8e23669e13f39e3,no_edit_found,
MB-f834fd42409c,sha256:f834fd42409cbd3e4606657152508eadc7aa22fb7e5054cfc0cb834e837ae79e,no_edit_found,
MB-f83a2cab928f,sha256:f83a2cab928fac916b72f82021dab280fc5826935eda82560d45be3d00eb21bb,edited,unresolved
MB-f83f945cd76f,sha256:f83f945cd76f14505f02a0502bf30e8b95b5ead5a50246ccc78998e37297fdb5,no_edit_found,
MB-f8446f4fed08,sha256:f8446f4fed08e7234fb4b349912a529c66ed98f3eb195245bcecdeddee35b84b,no_edit_found,
MB-f844711bb375,sha256:f844711bb375ed0a4eff8c1125bcac5f3d8ff32baa5be6b8322c68981a45ea94,no_edit_found,
MB-f8479c3e4bc1,sha256:f8479c3e4bc135a005f8be2ae4a3538ffa294428b95165537df12f35c2706807,no_edit_found,
MB-f84be55398b0,sha256:f84be55398b0f7843586bc177fa71bd7a3cb08b04d05cdd4230faec2fd547cf4,edited,unchanged
MB-f84e37bddf93,sha256:f84e37bddf93eff378b846057a5071fd6b4f530d785687c695e94d44c06bcf2d,no_edit_found,
MB-f851d80ca369,sha256:f851d80ca369aff3ce9943c10422fc3a5a0cd540c3473bdece5723f3c8384d3f,no_edit_found,
MB-f859bd7bfffd,sha256:f859bd7bfffda8bbe67ee6f74778815bb537a9c3a5a0bee43c6037658da5b98d,no_edit_found,
MB-f86245431194,sha256:f8624543119400cc844f19823ff11768bff9021a513e85014c2ee9f23bcb2aad,no_edit_found,
MB-f870c67699a9,sha256:f870c67699a95473ac1003bd88578a7ab5c44ad7f99a72b7cb866429072a6333,no_edit_found,
MB-f883936b8bf1,sha256:f883936b8bf19082447966f1c97ae472f034220f7ddb2241ee0472133f8f0261,no_edit_found,
MB-f88910fe53bb,sha256:f88910fe53bb8fa31a3a2fc153bbf49d12f666aec996c00823e5e031efe9391a,edited,unchanged
MB-f8942d6ee2c9,sha256:f8942d6ee2c952f611f948ab888fee9afd0e6ed066e638ff28892986bda2e722,no_edit_found,
MB-f895844c692b,sha256:f895844c692b14d00499ab8e06e43f6613340ab778475d3d38cdc47a3037acc2,edited,invalid
MB-f8af44c189a9,sha256:f8af44c189a981665146e2e5569b32cd3ffbdd32fe313567342a2af8f89ee187,no_edit_found,
MB-f8b2a53c4d3d,sha256:f8b2a53c4d3d208535fb3d5950b841107b526d4e3ba3de71b338091da9e9e9b9,no_edit_found,
MB-f8b88aa2e163,sha256:f8b88aa2e16317c44a721708fdac8a4427c97a8e7f0554c75564c07b2b2e2cba,no_edit_found,
MB-f8cf34c934de,sha256:f8cf34c934de9845308b814511f5a3556842aa46255dbc1be67b10ca5f2871e7,no_edit_found,
MB-f8d1528b6293,sha256:f8d1528b62936b3243a4cc09630c02d4111b3fe244001f9d5e45cc340fa72201,no_edit_found,
MB-f8d7cb2c41c6,sha256:f8d7cb2c41c653da168967ed4cd66bfc951e607be0454a65eefc7761d18c67d4,no_edit_found,
MB-f8f180fc2530,sha256:f8f180fc25301b0558cb711d3bf26f51f4bed13068d23e10200fe55035d8ffc6,no_edit_found,
MB-f8f59a6c3d93,sha256:f8f59a6c3d93e4807546c328be57d214eba9b4ac4f5631ec55bb0d42cc250061,no_edit_found,
MB-f8ffd1f8b561,sha256:f8ffd1f8b561e03212552655db2e52e0b20bbe23a6a3dc862911ffe650982456,no_edit_found,
MB-f907cae1b9ad,sha256:f907cae1b9ad47e4aef8809cc7740e226e244a68d6fa49c7607105478875ce8b,no_edit_found,
MB-f90c771a21a5,sha256:f90c771a21a5cf75d24697d4eed5c0e690a541f5573b8e921dfa162d45df10de,edited,unchanged
MB-f90e871d50cb,sha256:f90e871d50cb5333061eb79dabf205cd70ade024ae1488d7bf1554ab4fa77062,no_edit_found,
MB-f9154c9b7dae,sha256:f9154c9b7dae022da0bbb2eecf70bbbad9137f2f7fd303aa0238cfb91370a90a,no_edit_found,
MB-f919f7334116,sha256:f919f733411693ce24ae6a5fc7278c01a27ea84801ff2bcfceb3a4b7fafdcf12,no_edit_found,
MB-f91cc14bf9be,sha256:f91cc14bf9beeb81f26fc5409a5e63c84590bf217e19027e0ad4a5efcff1a7f5,no_edit_found,
MB-f92cbb4cfeb5,sha256:f92cbb4cfeb5bbaad861f58fdce27c63cdc8dbadf7de0edaea84e4f06805dcbe,edited,invalid
MB-f92de4498e41,sha256:f92de4498e4113fa0722848cc4b1767af07fcbfac7aae2b0fd89d1cb8eaa90c7,no_edit_found,
MB-f9313e626cd3,sha256:f9313e626cd39e40e552f0ab251ad03e5e32f3cac45c8c103d436891b51553db,no_edit_found,
MB-f9315fd12f10,sha256:f9315fd12f1069b5d76cf711a746a49ad050951dd914b9143d95e5bac5339b12,no_edit_found,
MB-f932dd80caf3,sha256:f932dd80caf3d586b842ce77a2aa6ad803e64ba9e257f87df39e7220308b67de,no_edit_found,
MB-f93447982c85,sha256:f93447982c85b4754879661d136307de4cc175dab6efece8c1e7d0ef952178e7,no_edit_found,
MB-f95998334571,sha256:f959983345713a1c89cfae0c911baca155ee836f8ebd924d7758ec3868560587,no_edit_found,
MB-f95bc052d071,sha256:f95bc052d0714e752999247df9399fb5258cc13aef039692f62d33c76762fea8,no_edit_found,
MB-f96148b719a1,sha256:f96148b719a137f0e8af6c6e476051684d21540ebcb3b7f7b7a6010490a98287,no_edit_found,
MB-f968cc588e6c,sha256:f968cc588e6c5027b30234a768b4d61374b46709fccdcbab828a74a08f013bcb,no_edit_found,
MB-f96b56ef37d2,sha256:f96b56ef37d22e2d49bae65efd96225df60021f588f52057e94b5fa240f56781,no_edit_found,
MB-f971a5811ac3,sha256:f971a5811ac323b1fd1385bddd0ff012254968691731c22de3dc3609ef617e1d,no_edit_found,
MB-f9726bd31056,sha256:f9726bd3105600271482031750c4ea5ac663a37099d47f1805bb5819a88f0782,no_edit_found,
MB-f974a90af7d6,sha256:f974a90af7d616905ae2515d64a5ff6094a043c151e6e619d6ea9b7a0cd5b780,edited,invalid
MB-f975c0c522d1,sha256:f975c0c522d134476a2a3de63e1bc63452bf42d2311f94a36c9fec96a057af7a,no_edit_found,
MB-f977d3fc331c,sha256:f977d3fc331c79619123b538e3fd5c904c71fcfecf7fab6bbe01d9ca3855dcdf,no_edit_found,
MB-f97a7c9714c0,sha256:f97a7c9714c095f93029138580a903484ba0bcce840793c42a875a5581ae0bb6,no_edit_found,
MB-f986481c68f0,sha256:f986481c68f0cc16fb3909c203e1d21a886c722505c101cf7f14f323b6456888,no_edit_found,
MB-f9873e98741d,sha256:f9873e98741df3e9add10c2ad2c84451ff728fab8a572685c2e8d4694a6897d3,no_edit_found,
MB-f98a2d57bbcc,sha256:f98a2d57bbcc83ee616ede48b8e21af4ac8f35bba8a3e80e17f906f4aa1a06d6,edited,unchanged
MB-f997f354152f,sha256:f997f354152fa4b1b55bce0b2add1de39ba75dc32eeffac7bce06d08121ad019,no_edit_found,
MB-f99da25775b4,sha256:f99da25775b43df56d706a74219f41e2095c23840d9f5e4d1bb30a27d8010410,no_edit_found,
MB-f9a19c700a4c,sha256:f9a19c700a4c9140b7cfad0577072105b1681077837e915d800a909e614f1196,no_edit_found,
MB-f9a9d8792c66,sha256:f9a9d8792c6643eefd8fc482d9f387b75dce75a27b0be603a2fb4493cfb80aca,no_edit_found,
MB-f9adfd35f7a1,sha256:f9adfd35f7a18056a463f34fdd26114c65098ef739d2d29a93cf9d1d80664427,edited,change
MB-f9aea37d6476,sha256:f9aea37d64763647280ef2f981d6b096aba55e98450435e371cdbc7682c96f28,no_edit_found,
MB-f9c141ed5d3b,sha256:f9c141ed5d3b8e7e77585e8f544c2b89e4ce08a1336ad52e9295d598cd4f97de,edited,change
MB-f9cd720e01ea,sha256:f9cd720e01ea310d578b555e9fec084674ae7d2b43e42d8b8904e98d308e61f6,no_edit_found,
MB-f9d42a8b76e1,sha256:f9d42a8b76e14b50fd24357242254014e245b553d3e78edddf56b7bf47494a54,no_edit_found,
MB-f9d4e86f6e2b,sha256:f9d4e86f6e2b01a210c92d6734beef4d2530152f5c51d51bff06c1765d75a9f7,no_edit_found,
MB-f9df803fcb86,sha256:f9df803fcb86603aa5600cb571a0c7ca0f07bb9e7ea2c16b8f5b8ff6ea37d26b,no_edit_found,
MB-f9e26bd3dfc5,sha256:f9e26bd3dfc5e87789e1dc8c842e8ff4a4574fd6e2c0e817ea5b4bbf40ce8ad7,edited,invalid
MB-f9e382f92697,sha256:f9e382f92697e8aece0260b4a0171c25b28e5aa71f5ea1999ae05934d544a09f,edited,change
MB-f9e709fa0e55,sha256:f9e709fa0e555019e0b8b35bdb38902403696f28dbaf5edd6be440943d05ae1f,no_edit_found,
MB-f9e7b07109c5,sha256:f9e7b07109c586b7459710bf8a7e2296e6c22f9881732ffffc45951407b44e50,no_edit_found,
MB-f9e94e324e20,sha256:f9e94e324e20d5d85a9de3b6e68a795428cb9eb4730095d3cb4902fd32104728,no_edit_found,
MB-f9ef1e06121f,sha256:f9ef1e06121f101d1f0cca0d0f827504a4e2f08957e9124c8514f92d20c430b2,no_edit_found,
MB-f9f431802245,sha256:f9f431802245a514ce14be7760126c3f0c204e7c76e0eedeaaf66eb52992d9c0,no_edit_found,
MB-f9fcf342fb9c,sha256:f9fcf342fb9c39020a0cd2291e35b8ae5745ed9fdcc13803099ba7771c9bd43d,edited,change
MB-fa06588251af,sha256:fa06588251af48e8f34a0ced594b271ded3c3546732932a87294d1fabcc7023f,no_edit_found,
MB-fa20d94220d3,sha256:fa20d94220d3e85a639a9f7057b987d90aa408433901e45a5591b9d0c5f0a7f6,no_edit_found,
MB-fa20d9c66562,sha256:fa20d9c665625a692abbcbc264d85ef32525ac98818d7af42eddb9bd88fc822e,no_edit_found,
MB-fa289ca80329,sha256:fa289ca803291af5ab362bfa94edd7c035194ff0d9585bc8363d8b99c4864717,no_edit_found,
MB-fa350ed20e9f,sha256:fa350ed20e9f0727635269d30d78dbdc1c5158af54c48842ed67bb139c15be76,no_edit_found,
MB-fa35b487a565,sha256:fa35b487a5658a63d23bae053392b5f7e8e652ea57d58d88e35e3cdfde8db8bf,no_edit_found,
MB-fa36713708d4,sha256:fa36713708d4c5a6c76190ce409c9ff8f8758e3f9b04ba8023ef16d92f4405ff,no_edit_found,
MB-fa3ad0f887f5,sha256:fa3ad0f887f5eddbb931c96f703246c5338b33ec6f1f24182981d81a22068c2a,no_edit_found,
MB-fa3f66daadcb,sha256:fa3f66daadcb3f7a50c2bb6edb9df0affb32cd773c9fc53fc6c19811648664e1,no_edit_found,
MB-fa419f698fd3,sha256:fa419f698fd38538a54ce3742b1bddf29c64263b7c1ae8a22f15152d96d54282,no_edit_found,
MB-fa47bae17f2d,sha256:fa47bae17f2ddbe58f4aabd6db4b4ddac2de3da6ea7e2d3dfb9465e83565000d,no_edit_found,
MB-fa540affca57,sha256:fa540affca57eea05b32089417c21e57a470049f113000ce1001d5f284db0cff,no_edit_found,
MB-fa5a10c61a84,sha256:fa5a10c61a84def974dd44619592abc6e12b6dc6bd6e5fdee388adb4b92cbda7,no_edit_found,
MB-fa600592748a,sha256:fa600592748a6f9e0173aee9b50c890a2c0b36c8667deca75f8a6da93eaa4479,no_edit_found,
MB-fa63657f0dfa,sha256:fa63657f0dfa3b0e7f02bb5c02873b630cacf9f2239b02fa1f3090bee4b63bf7,no_edit_found,
MB-fa69d864ecb1,sha256:fa69d864ecb13f0a5415df3b77b0458aec8de31618267f75418dd67093f1cbea,no_edit_found,
MB-fa6b0ee0775f,sha256:fa6b0ee0775f38961143f6b4816108bd5691c958c65245c0f358e13716b7f751,no_edit_found,
MB-fa6bd029ae0a,sha256:fa6bd029ae0ad6447999bc5e8304816a3e17a545b9ec4bc5ab6dcb59d68be817,no_edit_found,
MB-fa6c40bc20c4,sha256:fa6c40bc20c4737e7b13252a555b45c141403e53340ef788afe5ed1e918fa3b9,no_edit_found,
MB-fa7102cf7b05,sha256:fa7102cf7b054d76cf17a61cd91280fc60384f509a5b79ccc88eff0406fc827e,no_edit_found,
MB-fa7bbdd4284e,sha256:fa7bbdd4284e2676bdf35df3af2405c949a4eec20ddb2ba69c91491189c4c4b2,edited,change
MB-fa853bc49b28,sha256:fa853bc49b28427204fa5f4d44add6020e7992b120098a2ebe114c4c9215b987,no_edit_found,
MB-fa886cf95eff,sha256:fa886cf95eff2096e1ea3e46ed9f0bf1d510cf2bce7d38a8126e9ba7407dd1de,no_edit_found,
MB-fa8872c7c482,sha256:fa8872c7c48290334ead77f0818fc6c45ea03dd4289fe484d57974951ffc8299,edited,unchanged
MB-fa8e0e4b824c,sha256:fa8e0e4b824c5c701870fa411473b97c85572c7afbd358c6db61527b6aa70b42,no_edit_found,
MB-fa9951a58647,sha256:fa9951a58647ca7dfc7c2741c4ec41534aee20d2187565ca4130f1698f74d227,no_edit_found,
MB-fa9b1354af9e,sha256:fa9b1354af9e7842c70edb42d6062dec53a9de7e745a78d52fb7b4b38d79bce0,no_edit_found,
MB-faa739c936c2,sha256:faa739c936c21589356aab9fcd447d990b3e371641409c3eb9c872fec8f562a1,no_edit_found,
MB-faaa4ca1857c,sha256:faaa4ca1857cb1c17e0ccadccde8dbd5d7f3ee4f8f8f3d87e48a29efd27d005f,no_edit_found,
MB-fab7022df8a2,sha256:fab7022df8a2ab04a1be2b1837e37a9a2059fd02ac8b01d65e731158787c733b,edited,unchanged
MB-fabf5f899d00,sha256:fabf5f899d0006af8d2a455714c2b3264d2c622483dd70403fb19d42045cb65e,no_edit_found,
MB-fac5c28a815b,sha256:fac5c28a815b6af89e02e3f4109673640809f5de2d7960f3a2f8cfd975f45759,no_edit_found,
MB-fac92dc0f12e,sha256:fac92dc0f12ee0f351d2fad17cc645c405cef106e3a7082b4007c0525c1abf6d,edited,invalid
MB-fad1eace1aa6,sha256:fad1eace1aa63087b4252204d1834ad155f2960e82f85faa9653b96d11e55a2c,no_edit_found,
MB-fad4c0677553,sha256:fad4c06775531dce9d77d385391f121129c8b8abc10ff72179e77a4f6866aba7,no_edit_found,
MB-faecf276f2b4,sha256:faecf276f2b4865d8c05a24212fc30d8b707caef53c19f49c174d37f31fe9d27,edited,change
MB-faf53fdcb538,sha256:faf53fdcb5380c4ea5d85cd956bd25cdc882bb5870b526fa46993c0a8b8c61dd,no_edit_found,
MB-fb0278d85832,sha256:fb0278d85832b3b3ae34acf050a9cbe22ee5748809abae0b7fe36a57e5e3b586,no_edit_found,
MB-fb07c551e651,sha256:fb07c551e65164da416f565a08b9885fb5159dea15006a4c70db917b0a0a6242,no_edit_found,
MB-fb0ed59392cb,sha256:fb0ed59392cbbbbb784b7f10476fbcfe33de9d6765dfe0ac94d810f8012d672e,no_edit_found,
MB-fb15c4d48abd,sha256:fb15c4d48abdb3711c42a6aa4918e05a73647717592c87dc7719d19ed06a2522,no_edit_found,
MB-fb17a1fb7541,sha256:fb17a1fb7541a35a51e60ee28dbad26e8447d782eff5c360db7db861b4f9460e,no_edit_found,
MB-fb245f45a7ed,sha256:fb245f45a7ed05fc81fd79d9de2c33c4d8e7ec19d9ec68a5add58a11f49be95a,no_edit_found,
MB-fb3b6750494b,sha256:fb3b6750494b22d9133d5ec315978053637a45b8dc04c0f16a432d3cf96e84c8,no_edit_found,
MB-fb3f6ace3995,sha256:fb3f6ace39958f690922380e3d58bc363e530b5c3e53c92e92949c3126d894de,no_edit_found,
MB-fb572103f0c5,sha256:fb572103f0c5be493fe7c77431e72937bf9a1589a07bcb53948c9e106007e485,no_edit_found,
MB-fb5bb5a804f5,sha256:fb5bb5a804f50ed2a769b840e9ed48f558518538279399b4001783246c7f4fd1,no_edit_found,
MB-fb648c6f5d0d,sha256:fb648c6f5d0d4e882d0c4e1a1972802aadb0f005d7bc8a2f5d29b7c5eafcea0b,no_edit_found,
MB-fb68a4ab5b25,sha256:fb68a4ab5b253f31c352d19b8a8de26b7d8dc27cb899269caf6abc3ec3fffd40,no_edit_found,
MB-fb69906558bb,sha256:fb69906558bb48c3970470e46289db531015ca8b1b0d2f3d418a647416676908,no_edit_found,
MB-fb6ba9e73b87,sha256:fb6ba9e73b872eb4fe970de47fa5204104690486a23ebd4c6d593e76e9739d32,no_edit_found,
MB-fb8b4084fd94,sha256:fb8b4084fd94755aab7b29c269e3a41aaecc7314bf95299cb20ed0c2558bbf58,no_edit_found,
MB-fb8cad638c58,sha256:fb8cad638c58afeba4232b9f579a0eb4adee22539ac91dfcf3bbaea2993b3c53,no_edit_found,
MB-fb9779d6ca1d,sha256:fb9779d6ca1d8b4f202766feeadbcc122f6d820ec2b340f614cf2252fadd06ce,no_edit_found,
MB-fb9f061f73a6,sha256:fb9f061f73a6609904987ef8874940f6c45eb38880ff5643998bfd97eadfe00b,edited,invalid
MB-fb9ff9820bdb,sha256:fb9ff9820bdb2fede0450bd5aa6ee12c1466252f1986fa3f0db150f5ce660261,no_edit_found,
MB-fba231200567,sha256:fba231200567cb3c899c7d2436e431fe20e5ba8fc37c39c49889e9269663c72a,no_edit_found,
MB-fba82053f536,sha256:fba82053f536208c9185ea9319ed7c63d0b37e0709783945ae9dbcc9e3bce9bf,no_edit_found,
MB-fbc4e00d5abc,sha256:fbc4e00d5abcfd264572ea83bf2caa6ede00c6f11662e9fee60606ef24833d90,edited,invalid
MB-fbd4f5a3c57e,sha256:fbd4f5a3c57e6776e79c283b897d1b12144add9a1f0e6c2b093e14d36594fe38,no_edit_found,
MB-fbd86862ccb3,sha256:fbd86862ccb33add3388f2b43ae46426dd0bd3c27ea9936b9da965c3f01fd063,no_edit_found,
MB-fbfdd711c4ec,sha256:fbfdd711c4ecdf1e9a50079bd94cbed25607cbd8a1211881129b2e60d36e5266,no_edit_found,
MB-fc06e4e9c06e,sha256:fc06e4e9c06eaaf4568d4a9ddd8cda94c9c5038d9254e3687f8e435e22da60bf,no_edit_found,
MB-fc070b5b14f8,sha256:fc070b5b14f8aab85328989ed5fa97ca944660d0e198634302e69a3f972b6e5b,no_edit_found,
MB-fc0712c721fc,sha256:fc0712c721fce15e6690a472b293a8b76b1a3d6c69cea3ed65230992a96db8f4,no_edit_found,
MB-fc0b149f913a,sha256:fc0b149f913a673c0d5433d735b4a9d9f29a1236c6a17464f6acc1edfbbb1459,no_edit_found,
MB-fc0b8c8fa29c,sha256:fc0b8c8fa29c7796a0f181d9a8a9fff28bbae69677127f8f5f0e88a87122ecd8,no_edit_found,
MB-fc0f83ad00a3,sha256:fc0f83ad00a3c886aba60031cb355a8947cc1d894db40847e68950b0a181a127,no_edit_found,
MB-fc1302183a4a,sha256:fc1302183a4a24dfab1e92f0e8580b367e836fb80d356a533b4019a6d3268af8,no_edit_found,
MB-fc19a62b6712,sha256:fc19a62b6712e5569bf1558aaa9ba3bbe6ed9db6a4689f5dda5fc020e6948c22,edited,unchanged
MB-fc2f36758885,sha256:fc2f36758885f52275df444c34ba91d439c7a215212cdf9756f6ae3ffe4a8b07,no_edit_found,
MB-fc32ca622b34,sha256:fc32ca622b3428aa000d1fff0e9ebc87881648ceebf04146f3a831a802116b30,no_edit_found,
MB-fc36900e2ae6,sha256:fc36900e2ae6bc88fb2725ce12d7d2757be2a1af70893eae7900947a04040458,no_edit_found,
MB-fc38c079399c,sha256:fc38c079399cb8748ac9ee20f6aa3e85d0e6d062e49a805ab0c630b145504f7e,no_edit_found,
MB-fc3b45d9c9ef,sha256:fc3b45d9c9efb94dc36665b2efe116d94983192a9e3af56630eecfd879168828,no_edit_found,
MB-fc3c6815febf,sha256:fc3c6815febf2d398aaabccfb027c7f0af6a00224a43537ea0aaacc7f6a2ab8a,no_edit_found,
MB-fc3d92259e68,sha256:fc3d92259e68d8dcbd5ce2cc807d49f51b2ebe6b4a413f08f1c0e8887c2af773,no_edit_found,
MB-fc4d5dcfec23,sha256:fc4d5dcfec23f65eb48299c54afaea01043e6994ccdddf22193264f5e7e0982c,no_edit_found,
MB-fc5b2782329f,sha256:fc5b2782329f70d9a413a9bdaf26223bc5f13e36cf74005960874966a60e9ff9,no_edit_found,
MB-fc628ccbb3d1,sha256:fc628ccbb3d1366276686cbb0399266fd09ab7bc9385a3a72be80c7eaeac264d,no_edit_found,
MB-fc686d83b7ef,sha256:fc686d83b7ef46830c9b1d5f17b754a5987e18802770089a46ed94dec575f7ae,edited,unchanged
MB-fc72a49172b4,sha256:fc72a49172b422536ec64a3ca1e4579c2e3e2b531373530aa5241b3f98e58388,no_edit_found,
MB-fc75ea78ec04,sha256:fc75ea78ec04d7f6ab178a90f788ac1886b86f86b9a45a1c10d0bb866740488b,no_edit_found,
MB-fc791860cfd3,sha256:fc791860cfd3eb27753e7b1dddf9acb359654e065a50e54039a0aa2a8e4f3b38,no_edit_found,
MB-fcaca0de3efd,sha256:fcaca0de3efd9e4c29689266b5459ce6e5a62db561b2ad2e88c8881affa215ce,edited,invalid
MB-fcb301966cf4,sha256:fcb301966cf4bb36779c10ed49476f1b779387e7f845583a8f430865bfbb7c13,no_edit_found,
MB-fcbd5905253e,sha256:fcbd5905253ea79e0269c648dca8173ef8d2ac6f12431c1279ed7077cea41516,no_edit_found,
MB-fcbf5917ad50,sha256:fcbf5917ad503ccfc6f9213a07c65f2aac542d32e0d38b589b7b0b834a8a7308,no_edit_found,
MB-fcc02499bf7b,sha256:fcc02499bf7bb5ad72ceb9046d0ec2295323ca13b1b27b839d93e4192ef9c742,no_edit_found,
MB-fccda42f9405,sha256:fccda42f94051287d8a7ec82375745225fd34df1056fad48ccab7831bc5aeb9b,no_edit_found,
MB-fcd399bb6617,sha256:fcd399bb661715171e927b7d6b782804387c651c94ce612200dc7ef4ec758852,no_edit_found,
MB-fcdb87da01e0,sha256:fcdb87da01e09b4d75c3de91317378ff2c8b23dc71429cd5a2fc428583f36997,no_edit_found,
MB-fcddae20073f,sha256:fcddae20073fa1d3468a11c74cce41e2bdda22dde05269883693018d527e3081,no_edit_found,
MB-fcea0309f796,sha256:fcea0309f796fa27e971130109033a06117ead31bc986bfe656132bb21880e3a,no_edit_found,
MB-fcfc9b5ca522,sha256:fcfc9b5ca522a6a555a8d62c3b3d319ea8a58ef13cca3212cafeb37c3c1d9729,no_edit_found,
MB-fd0dae9642fd,sha256:fd0dae9642fd2390fea785e06609ec0d54ddac0f99cf8cb38f1df0577a5dead6,no_edit_found,
MB-fd18f8c4eb74,sha256:fd18f8c4eb7412014f15b605119fda8718f8ad17f95a7f852b412be9900bd132,no_edit_found,
MB-fd27e6adcb22,sha256:fd27e6adcb22b777b8ae686aeff8bfadf7ef806e4d5fd2ed8df28ce2c5b38ff5,edited,unchanged
MB-fd27f0e68b16,sha256:fd27f0e68b16918b8195e8f7c0692c5fe11b3cea4fbc0dc538f13bb8a35ea98a,no_edit_found,
MB-fd280df8febd,sha256:fd280df8febd90dd335e31e336040d2fee1266d8c3be214ad164dc99b738d4cd,no_edit_found,
MB-fd2baaa5f95a,sha256:fd2baaa5f95a698afe9964e3c60798c06bd1ce4bc5be899976b211b5a621906b,no_edit_found,
MB-fd2d4d1f10e6,sha256:fd2d4d1f10e643863c3f45da735a3fcbc0a079952d657a67926ac572bdb1da24,no_edit_found,
MB-fd3e50e2328d,sha256:fd3e50e2328d96ccffaac92b48edc9afe1c6368c94f70425d2c8bd301941c24f,no_edit_found,
MB-fd4e9f6a9d9f,sha256:fd4e9f6a9d9fe89f1a2d6f14892f4d73fbe115fc4e85a10b5e2dc564e523d3aa,no_edit_found,
MB-fd5c47530e1c,sha256:fd5c47530e1c61b4457cd4000730aa6fb695c251b57fbe6b90fdbccd7ae180fc,no_edit_found,
MB-fd5f49a07218,sha256:fd5f49a07218ad62af51807e22e05b483dff002ac1bca27668cbb9ad703ed129,no_edit_found,
MB-fd66632b5e73,sha256:fd66632b5e730e5d69bab021f9113fe2783408c6363500b4edfb9ddf422f503f,no_edit_found,
MB-fd6cd0847405,sha256:fd6cd084740518cb2f1c821d655ca5b6ef4b08f4a09ed1d64a661e3118bbaee2,no_edit_found,
MB-fd7c0c85bd23,sha256:fd7c0c85bd234743ba2eb0aff5837a2bfd26ade7280d3819eae3bf3dc0f6dd99,no_edit_found,
MB-fd8f10317784,sha256:fd8f10317784f9ad4cc53ca0e824f9ec8c197e73991e91771633e4baf3c5a590,no_edit_found,
MB-fd91c552c98a,sha256:fd91c552c98a61afc75efb420de3bb16946f8bdc525961e4b45b0ab02df2eef1,no_edit_found,
MB-fd95e1f8468a,sha256:fd95e1f8468a6931d6104f64f6a4819cd7001022cc8bc8853a5c01dc899423cb,no_edit_found,
MB-fd969c5284f1,sha256:fd969c5284f1bd876b82ec426a11ce4222944e32d9c00de3f21057b691dde4b9,no_edit_found,
MB-fd9a9bdd49e0,sha256:fd9a9bdd49e0b3b529597a83453ff64ac523bee5807385d73af4da1df2078794,no_edit_found,
MB-fdb6ade76150,sha256:fdb6ade76150fce80835364706a32b898287b29639445398516f2ca0be7940b9,no_edit_found,
MB-fdc1c813545b,sha256:fdc1c813545baba9099b810443d584dccef62ff73fc38be8d33a8ec4e047525e,no_edit_found,
MB-fdc4e8a20d0f,sha256:fdc4e8a20d0f7b877c850f6dc453fac6301142631beb9ccc687f45863e138dc3,no_edit_found,
MB-fdd028091d9e,sha256:fdd028091d9ee6944a436cf7acf8478098e94b838765d9ef3c4c404380a59427,no_edit_found,
MB-fdd777b7a4e5,sha256:fdd777b7a4e543244ca9f2da2aa2e42edee71fe55f78dd63ca0239fcc8a29137,edited,invalid
MB-fde5c639ef4b,sha256:fde5c639ef4bb73868f8c8b47bb6341c6bc2e13f9ba7eb89711d2f103397c97e,no_edit_found,
MB-fde6555d193f,sha256:fde6555d193f322caf97bfd63f1bf5cc297b1f0ad260d0238b4c19e787957d19,no_edit_found,
MB-fde8383caf22,sha256:fde8383caf2218f4ddfb72a04ec9a7cf86de25069129f38501ec45b140d0c1c9,no_edit_found,
MB-fdf141418433,sha256:fdf1414184333270018dd5b7d19765ff46a64c7df06b6d15726db8cf6af481bd,no_edit_found,
MB-fdf9ad03ed14,sha256:fdf9ad03ed144c7124f0c10d9339c02095be4ca60c076d7b0fe839484c6f778d,no_edit_found,
MB-fdfb33b0b96e,sha256:fdfb33b0b96ecb962ef5745289fe5c886dc710e637989f51f616eba14f0c1918,no_edit_found,
MB-fdfd1f88111f,sha256:fdfd1f88111f141e07508d34dd58aa276f7875816017509229c3930285fbc5aa,no_edit_found,
MB-fe000c39af3f,sha256:fe000c39af3f14422150953a4bb81a6e670de70129fb7519805cabfaa5e61338,no_edit_found,
MB-fe0174a5637c,sha256:fe0174a5637cbbec66d9e1c76ad858fcfd30a09029203e614f350ef73794f0f8,no_edit_found,
MB-fe0490e17f41,sha256:fe0490e17f416dfa93ab09819044ea4c2002303d13ae60896ccfd80c0a7c4793,no_edit_found,
MB-fe089621175f,sha256:fe089621175fa7ebcd9d472f1edfa6e4046e93f10b92446ac8f791cf9a845f29,no_edit_found,
MB-fe08e8238859,sha256:fe08e8238859c397d16f0d3b9234a05cbc0fbd4bbd0ee33798062f34fee848be,no_edit_found,
MB-fe0e114cf996,sha256:fe0e114cf9966ed51213c1af37f4606b5a98b569a4271f5f1e8d25d51c5d3037,edited,unchanged
MB-fe15655aeaf3,sha256:fe15655aeaf3798ca93a4809f0d97fdb73c8974acbf8a7cfe98916372503ea5c,no_edit_found,
MB-fe2469c527fb,sha256:fe2469c527fbae9015b6653b5e2e12a3cac3a9e840da913e54e80609a5521fc4,no_edit_found,
MB-fe30a1d4e7dc,sha256:fe30a1d4e7dc07096911f6ab60832517396467eb6e984a9da5906a03fe387f9a,no_edit_found,
MB-fe31104e73cd,sha256:fe31104e73cdb7d26eda6f76132d63b4a968be95406136c8bc1741497f653967,no_edit_found,
MB-fe33197d15dc,sha256:fe33197d15dc6d7bbebefe75c8a7e1ad4e6945e1245f91fb432846a960b76022,no_edit_found,
MB-fe344dc23c35,sha256:fe344dc23c35cdba018daec082b923a69ca046bb910d00920bf91032e3ee9ac5,no_edit_found,
MB-fe35e2b5c7dd,sha256:fe35e2b5c7dde67ac9fece8872a18337cafdef5fb187edd68781b5350cc1d4ce,no_edit_found,
MB-fe43f2415085,sha256:fe43f2415085c1cfb70640cc731e2c786a153a5e82622e8436dd3e5bbcc1ec59,no_edit_found,
MB-fe448687636d,sha256:fe448687636daa237138982a6f888c1db9afca4167f6f19c5d050af55afa431b,no_edit_found,
MB-fe4d9e21d46f,sha256:fe4d9e21d46fbd20d70ed3808027022b00960d6b6fa61d78c8cbb6021f04ca97,no_edit_found,
MB-fe507e5ea12d,sha256:fe507e5ea12d6bb59d8ea6fd43f5f04befbfa1a8b6211aa0f21ecffb93178b25,no_edit_found,
MB-fe536d1aa540,sha256:fe536d1aa5405b2022718cab7112e1389d8f6a1f4ec507949512454d55ed2572,edited,unchanged
MB-fe5511910bfc,sha256:fe5511910bfc055e453e611aea2ed19ca19d8178c9eee7a7ebafcb85cd0bbb82,no_edit_found,
MB-fe5e0d70cc35,sha256:fe5e0d70cc35134fe0f8aae1259979bef64349538862f56ef401fafcc49887de,no_edit_found,
MB-fe76d0c53bbe,sha256:fe76d0c53bbecbfe6046586aa704bb60f25269692ae24efd1c29e2fd04757b6e,no_edit_found,
MB-fe79e883409f,sha256:fe79e883409f3436a91535a5d886bdb3a9f0819b81a8bafdd45255f9e396c29d,no_edit_found,
MB-fe99cc57f49f,sha256:fe99cc57f49ff43be354b4db8207a421e846b95b6ae5d9e2aee023016687cb22,no_edit_found,
MB-fe9fbf71708f,sha256:fe9fbf71708fbc41a482c16a1cbfbd19f292239f20cb8ac62859f02e491f657d,no_edit_found,
MB-fea28411abff,sha256:fea28411abff3df1f4a4a509f75e39bb96a85b473af4712f5bb715904fff9a03,no_edit_found,
MB-fea8edc978d8,sha256:fea8edc978d88cd848900b01e86419d985c8d037aafccd91a6ed7a7c1fd00462,no_edit_found,
MB-feb16683c010,sha256:feb16683c010acbe530c82efc59b939c76b240184c9c153ecfc566a7f20fb995,edited,change
MB-feb3240995a1,sha256:feb3240995a186a53da227be944cbd00ea200a53877d634c1712073e15aa6ebd,no_edit_found,
MB-fec3a8cd60eb,sha256:fec3a8cd60ebc0b60f57b8465602e82fa8918f05c239c8acfa2f545fa9deab27,no_edit_found,
MB-fec56408d2b8,sha256:fec56408d2b85910cfee47eb06576b476e35bae3082e883c4fa8a5cf84c40147,no_edit_found,
MB-feca474c7f45,sha256:feca474c7f45c9df221e84bb0ee6c5b11a9a9d2add608f41e0ab089bb782cb8d,no_edit_found,
MB-fed619164ccd,sha256:fed619164ccd87b9d0b2c2eddcc63d76ce0f00f0d7e5252cc5ed218b3e215fb2,edited,unchanged
MB-fef23058ea50,sha256:fef23058ea50e0791e64e795e172ee98289bded67c96a5b638c335eb6f7ba134,no_edit_found,
MB-fef2d44457c6,sha256:fef2d44457c606d49b2066eadefd6bbf4d1364ea49cb87a2010f2194f394e54a,no_edit_found,
MB-ff0b5a175219,sha256:ff0b5a175219d356f7bb8e2f96eb4c87b724e238a5febf8f8ce46ad0ef2221b0,no_edit_found,
MB-ff0e83ea0eed,sha256:ff0e83ea0eed6b6ead3a715f5b93566f36ed1e790625a310bfe4aa9fdd5084cb,no_edit_found,
MB-ff26e81014cc,sha256:ff26e81014ccddb8c2a797b8a7e932fdb2f79fa681619ddad15f621046366e9c,no_edit_found,
MB-ff352c3e0376,sha256:ff352c3e037625d0df0b72c2c0ecceafc4b6aa5e68654e56403765bb8bbe7559,no_edit_found,
MB-ff3c9a3bbc20,sha256:ff3c9a3bbc202afc2762a611ee6bac731691e2937b3639f96bcbf99cbb7d0a04,edited,unchanged
MB-ff42b737bee0,sha256:ff42b737bee06dd991bcbbddb8169b057368c9fb3a24ce364eff7c7026f23c96,no_edit_found,
MB-ff52517d28df,sha256:ff52517d28dff8849c29d3b5155ff5e103bac6a1e0bf0ac5b8f9c3ed1a2e0778,no_edit_found,
MB-ff55090f2905,sha256:ff55090f2905a3604276514431ac155408f665bba77f4a8d36bfcbe1623f5404,no_edit_found,
MB-ff558879ae0d,sha256:ff558879ae0dcc3f9bd1e72c3e136e137de66ba43ee42fb264a59fd9fcb01b3d,no_edit_found,
MB-ff56d4eee837,sha256:ff56d4eee837e76c2c775a0c0c7ed05156fdd144c29455e1c5b4a0715de59047,no_edit_found,
MB-ff660e567352,sha256:ff660e56735293d61e45fca5d9f7ed01b5c3a4eead2d40c0386aa4d6699dd4a5,no_edit_found,
MB-ff6aa0e83ec8,sha256:ff6aa0e83ec8fc13400336c4e191a28549af0c5d8bef2eaf3147c129dd633667,no_edit_found,
MB-ff783cb75872,sha256:ff783cb75872325d86a53e261f81f0a3044ec954aeb14f5a93258e8b6cf2d9c0,no_edit_found,
MB-ff87c7977ea5,sha256:ff87c7977ea5721a835a93956d282ad33d4403375cf6b2d90d9cfe70b369ed0a,no_edit_found,
MB-ff8a917298ed,sha256:ff8a917298ed3b5474fdc0574e304b0145b3437d6baa38307be08aa82fb94c3d,no_edit_found,
MB-ff8ab60eb7b0,sha256:ff8ab60eb7b016ea288c1c2a6d0c986c813e72f6e5426297a759e32f1c9f891b,no_edit_found,
MB-ff9c9d4bd2b4,sha256:ff9c9d4bd2b405ab9ca9ddda7be74e7698e366b3d1bdff6a63e8a098d3ef98a9,no_edit_found,
MB-ff9eb663b4c0,sha256:ff9eb663b4c007cefb98ceb6e8ec3112d5c6a5d5f5d028e888c20ca60963b5d6,no_edit_found,
MB-ff9f904c8536,sha256:ff9f904c853647723a4b2798ff7b5dbad5bf07f01f058548cf4d2d3d8aee60ac,no_edit_found,
MB-ffa367ecf129,sha256:ffa367ecf1293700a2e617995a79f1821100ef520c4454196a9cfce6374a12d4,no_edit_found,
MB-ffb165ab64fe,sha256:ffb165ab64fe17f28032fc0c5600405b13f7eda05943ef521be22bd3b19a9037,edited,invalid
MB-ffb7d2408aa0,sha256:ffb7d2408aa0e5aa64d049d86f17fe139eed9e228320cb57686e60518f817749,no_edit_found,
MB-ffba7fd74244,sha256:ffba7fd742440fbca5842963b83545e45b2c3fa21219f8f98b8f2b05c99d08be,no_edit_found,
MB-ffbb91f9f875,sha256:ffbb91f9f875509a1901793864369ba76085dd5c600fe75bb1423efe193733cb,no_edit_found,
MB-ffbd8eb51fc2,sha256:ffbd8eb51fc2fc3cc8638f2b872a2588da318293253cbbce896289d09a5ae7bc,no_edit_found,
MB-ffbe638ef010,sha256:ffbe638ef0101a9a633d2ac21b9a3b04e2573b448ce9a5b6d6dea0cc00262f84,no_edit_found,
MB-ffe3b301185f,sha256:ffe3b301185f4f9412a56f260d8b4029c23990ca23904014fe7239bcde405dbd,no_edit_found,
MB-ffef99ff55ef,sha256:ffef99ff55efbe3170880f86e9b4ad168b2ee3ea55ab169f73c7380399006ca6,no_edit_found,
MB-fff5197994db,sha256:fff5197994dbba6fae8160a251c98a28582048075f5f2af4f48694e13b310409,no_edit_found,
MB-fff9bc7e09d8,sha256:fff9bc7e09d889a211a92fb10594837b662405ee6f579e3438ef1683f20210a4,no_edit_found,
MB-fffb72987aa3,sha256:fffb72987aa339477875427a03116b15b9804b957ead1dab182e9870389f3676,no_edit_found,
MB-fffbc50891d2,sha256:fffbc50891d2d8de505425bc92b2ec9a38e8d51ad39d5527ff84f67f5e2eed92,no_edit_found,
