pair_id,repository,old_tag,new_tag,mist_changes,existing_method_changed
release_00000128->release_00000129,10xHub/Agentflow,0.5.2,0.5.6,0,0
release_00000129->release_00000130,10xHub/Agentflow,0.5.6,0.5.7.0,8,0
release_00000130->release_00000131,10xHub/Agentflow,0.5.7.0,0.7.0,20,0
release_00000131->release_00000132,10xHub/Agentflow,0.7.0,0.7.3,0,0
release_00000132->release_00000133,10xHub/Agentflow,0.7.3,0.7.4,0,0
release_00000133->release_00000134,10xHub/Agentflow,0.7.4,0.7.4.1,0,0
release_00000134->release_00000135,10xHub/Agentflow,0.7.4.1,0.7.4.2,0,0
release_00000327->release_00000328,4lx69/jellyfin-collection,v1.4.0,v1.0.1,0,0
release_00000328->release_00000329,4lx69/jellyfin-collection,v1.0.1,v1.5.0,0,0
release_00001013->release_00001014,AI-Hypercomputer/maxtext,moe-v1.0.0,tpu-recipes-v0.1.0,0,0
release_00001014->release_00001016,AI-Hypercomputer/maxtext,tpu-recipes-v0.1.0,tpu-recipes-v0.1.1,0,0
release_00001016->release_00001017,AI-Hypercomputer/maxtext,tpu-recipes-v0.1.1,tpu-recipes-v0.1.2,0,0
release_00001017->release_00001018,AI-Hypercomputer/maxtext,tpu-recipes-v0.1.2,tpu-recipes-v0.1.3,0,0
release_00001018->release_00001019,AI-Hypercomputer/maxtext,tpu-recipes-v0.1.3,pre-nnx-v0.1.0,0,0
release_00001019->release_00001020,AI-Hypercomputer/maxtext,pre-nnx-v0.1.0,tpu-recipes-v0.1.4,0,0
release_00001020->release_00001024,AI-Hypercomputer/maxtext,tpu-recipes-v0.1.4,maxtext-v0.1.0,2,0
release_00001021->release_00001022,AI-Hypercomputer/maxtext,tpu-recipes-v0.1.5,maxtext-tutorial-v1.0.0,0,0
release_00001022->release_00001023,AI-Hypercomputer/maxtext,maxtext-tutorial-v1.0.0,maxtext-tutorial-v1.1.0,0,0
release_00001023->release_00001025,AI-Hypercomputer/maxtext,maxtext-tutorial-v1.1.0,maxtext-tutorial-v1.2.0,0,0
release_00001024->release_00001021,AI-Hypercomputer/maxtext,maxtext-v0.1.0,tpu-recipes-v0.1.5,0,0
release_00001025->release_00001026,AI-Hypercomputer/maxtext,maxtext-tutorial-v1.2.0,maxtext-tutorial-v1.3.0,0,0
release_00001026->release_00001027,AI-Hypercomputer/maxtext,maxtext-tutorial-v1.3.0,maxtext-tutorial-v1.4.0,0,0
release_00001027->release_00001028,AI-Hypercomputer/maxtext,maxtext-tutorial-v1.4.0,maxtext-tutorial-v1.5.0,0,0
release_00001028->release_00001029,AI-Hypercomputer/maxtext,maxtext-tutorial-v1.5.0,maxtext-v0.2.0,1,0
release_00001029->release_00001030,AI-Hypercomputer/maxtext,maxtext-v0.2.0,maxtext-v0.2.1,0,0
release_00001030->release_00001031,AI-Hypercomputer/maxtext,maxtext-v0.2.1,maxtext-v0.2.2,0,0
release_00001058->release_00001059,AI-Planning/l2p,v0.1.1,v0.1.2,0,0
release_00001059->release_00001061,AI-Planning/l2p,v0.1.2,v0.1.4,0,0
release_00001061->release_00001062,AI-Planning/l2p,v0.1.4,v0.1.5,0,0
release_00001062->release_00001063,AI-Planning/l2p,v0.1.5,v0.1.6,0,0
release_00001063->release_00001064,AI-Planning/l2p,v0.1.6,v0.1.7,0,0
release_00001064->release_00001065,AI-Planning/l2p,v0.1.7,v0.1.8,0,0
release_00001065->release_00001066,AI-Planning/l2p,v0.1.8,v0.2.0,0,0
release_00001066->release_00001067,AI-Planning/l2p,v0.2.0,v0.2.1,0,0
release_00001067->release_00001068,AI-Planning/l2p,v0.2.1,v0.2.2,0,0
release_00001068->release_00001069,AI-Planning/l2p,v0.2.2,v0.3.0,3,0
release_00001069->release_00001070,AI-Planning/l2p,v0.3.0,v0.3.2,0,0
release_00001070->release_00001071,AI-Planning/l2p,v0.3.2,v0.3.3,0,0
release_00001101->release_00001102,AI-as-Infrastructure/aiinfra-atlas,v0.1.0,v0.1.2,0,0
release_00001102->release_00001103,AI-as-Infrastructure/aiinfra-atlas,v0.1.2,v0.1.3,0,0
release_00001103->release_00001104,AI-as-Infrastructure/aiinfra-atlas,v0.1.3,v0.1.4,0,0
release_00001104->release_00001105,AI-as-Infrastructure/aiinfra-atlas,v0.1.4,v0.1.5,2,0
release_00001105->release_00001106,AI-as-Infrastructure/aiinfra-atlas,v0.1.5,v0.1.6,0,0
release_00001106->release_00001107,AI-as-Infrastructure/aiinfra-atlas,v0.1.6,v0.1.7,0,0
release_00001107->release_00001108,AI-as-Infrastructure/aiinfra-atlas,v0.1.7,v0.1.8,0,0
release_00001108->release_00001109,AI-as-Infrastructure/aiinfra-atlas,v0.1.8,v0.1.9,0,0
release_00001109->release_00001110,AI-as-Infrastructure/aiinfra-atlas,v0.1.9,v0.2.0,0,0
release_00001110->release_00001111,AI-as-Infrastructure/aiinfra-atlas,v0.2.0,v0.2.1,0,0
release_00001111->release_00001112,AI-as-Infrastructure/aiinfra-atlas,v0.2.1,v0.2.2,0,0
release_00001112->release_00001113,AI-as-Infrastructure/aiinfra-atlas,v0.2.2,v0.2.3,0,0
release_00001113->release_00001115,AI-as-Infrastructure/aiinfra-atlas,v0.2.3,v0.2.4,5,0
release_00001115->release_00001114,AI-as-Infrastructure/aiinfra-atlas,v0.2.4,v0.3.0,0,0
release_00001149->release_00001151,AISecurityLab/hackagent,v0.2.3,v0.2.5,0,0
release_00001151->release_00001152,AISecurityLab/hackagent,v0.2.5,v0.3.0,0,0
release_00001152->release_00001153,AISecurityLab/hackagent,v0.3.0,v0.3.1,0,0
release_00001153->release_00001154,AISecurityLab/hackagent,v0.3.1,v0.4.0,0,0
release_00001154->release_00001155,AISecurityLab/hackagent,v0.4.0,v0.4.1,0,0
release_00001155->release_00001156,AISecurityLab/hackagent,v0.4.1,v0.4.2,0,0
release_00001156->release_00001157,AISecurityLab/hackagent,v0.4.2,v0.4.3,0,0
release_00001157->release_00001158,AISecurityLab/hackagent,v0.4.3,v0.4.4,0,0
release_00001158->release_00001160,AISecurityLab/hackagent,v0.4.4,v0.6.0,2,0
release_00001167->release_00001168,AISquare-Studio/AISquare-Studio-QA,v0.1.0,v0.2.0,2,0
release_00001169->release_00001170,AIVTDevPKevin/AI-VTuber-System,ver1.0,ver1.1,0,0
release_00001170->release_00001171,AIVTDevPKevin/AI-VTuber-System,ver1.1,ver1.2,0,0
release_00001171->release_00001172,AIVTDevPKevin/AI-VTuber-System,ver1.2,ver1.3,0,0
release_00001172->release_00001173,AIVTDevPKevin/AI-VTuber-System,ver1.3,ver1.4,1,0
release_00001173->release_00001174,AIVTDevPKevin/AI-VTuber-System,ver1.4,ver1.5,1,0
release_00001204->release_00001205,AMD-AGI/GEAK,v2.0.0,v3.0.0,3,0
release_00001205->release_00001206,AMD-AGI/GEAK,v3.0.0,v3.1.0,0,0
release_00001212->release_00001213,AOrbitron/Eridanus,Eridanus0.0.0,Eridanus0.0.1,0,0
release_00001213->release_00001214,AOrbitron/Eridanus,Eridanus0.0.1,Eridanus0.1.0,0,0
release_00001214->release_00001215,AOrbitron/Eridanus,Eridanus0.1.0,Eridanus0.1.1,0,0
release_00001215->release_00001217,AOrbitron/Eridanus,Eridanus0.1.1,Eridanus0.1.2,0,0
release_00001217->release_00001218,AOrbitron/Eridanus,Eridanus0.1.2,Eridanus0.1.3,0,0
release_00001219->release_00001220,AOrbitron/Eridanus,Eridanus0.1.4,Eridanus0.1.5,4,0
release_00002092->release_00002093,Aleph-Alpha-Research/eval-framework,v0.2.0,v0.2.1,0,0
release_00002093->release_00002094,Aleph-Alpha-Research/eval-framework,v0.2.1,v0.2.2,0,0
release_00002094->release_00002095,Aleph-Alpha-Research/eval-framework,v0.2.2,v0.2.3,0,0
release_00002095->release_00002096,Aleph-Alpha-Research/eval-framework,v0.2.3,v0.2.4,4,0
release_00002096->release_00002097,Aleph-Alpha-Research/eval-framework,v0.2.4,v0.2.5,0,0
release_00002097->release_00002098,Aleph-Alpha-Research/eval-framework,v0.2.5,v0.2.6,0,0
release_00002098->release_00002099,Aleph-Alpha-Research/eval-framework,v0.2.6,v0.2.7,0,0
release_00002099->release_00002100,Aleph-Alpha-Research/eval-framework,v0.2.7,v0.2.8,0,0
release_00002100->release_00002101,Aleph-Alpha-Research/eval-framework,v0.2.8,v0.2.9,0,0
release_00002101->release_00002102,Aleph-Alpha-Research/eval-framework,v0.2.9,v0.2.10,0,0
release_00002102->release_00002103,Aleph-Alpha-Research/eval-framework,v0.2.10,v0.2.11,0,0
release_00002103->release_00002104,Aleph-Alpha-Research/eval-framework,v0.2.11,v0.2.12,0,0
release_00002104->release_00002105,Aleph-Alpha-Research/eval-framework,v0.2.12,v0.2.13,0,0
release_00002105->release_00002106,Aleph-Alpha-Research/eval-framework,v0.2.13,v0.2.14,0,0
release_00002106->release_00002107,Aleph-Alpha-Research/eval-framework,v0.2.14,v0.3.0,0,0
release_00002107->release_00002108,Aleph-Alpha-Research/eval-framework,v0.3.0,v0.3.1,0,0
release_00002108->release_00002109,Aleph-Alpha-Research/eval-framework,v0.3.1,v0.3.2,0,0
release_00002109->release_00002110,Aleph-Alpha-Research/eval-framework,v0.3.2,v0.3.3,0,0
release_00002110->release_00002111,Aleph-Alpha-Research/eval-framework,v0.3.3,v0.3.4,0,0
release_00002111->release_00002112,Aleph-Alpha-Research/eval-framework,v0.3.4,v0.3.5,0,0
release_00002112->release_00002113,Aleph-Alpha-Research/eval-framework,v0.3.5,v0.3.6,0,0
release_00002113->release_00002114,Aleph-Alpha-Research/eval-framework,v0.3.6,v0.3.7,0,0
release_00002352->release_00002353,Alibaba-NLP/qqr,v0.1.0,v0.1.1,0,0
release_00002353->release_00002354,Alibaba-NLP/qqr,v0.1.1,v0.1.2,0,0
release_00002354->release_00002355,Alibaba-NLP/qqr,v0.1.2,v0.1.3,0,0
release_00002358->release_00002359,AlphaAvatar/AlphaAvatar,v0.1.0,v0.2.0,0,0
release_00002359->release_00002360,AlphaAvatar/AlphaAvatar,v0.2.0,v0.3.0,0,0
release_00002360->release_00002361,AlphaAvatar/AlphaAvatar,v0.3.0,v0.3.1,0,0
release_00002361->release_00002362,AlphaAvatar/AlphaAvatar,v0.3.1,v0.4.0,0,0
release_00002362->release_00002363,AlphaAvatar/AlphaAvatar,v0.4.0,v0.4.1,0,0
release_00002363->release_00002364,AlphaAvatar/AlphaAvatar,v0.4.1,v0.5.0,0,0
release_00002364->release_00002365,AlphaAvatar/AlphaAvatar,v0.5.0,v0.5.1,0,0
release_00002365->release_00002366,AlphaAvatar/AlphaAvatar,v0.5.1,v0.5.2,0,0
release_00002366->release_00002367,AlphaAvatar/AlphaAvatar,v0.5.2,v0.5.3,0,0
release_00002367->release_00002368,AlphaAvatar/AlphaAvatar,v0.5.3,v0.5.4,0,0
release_00002368->release_00002369,AlphaAvatar/AlphaAvatar,v0.5.4,v0.5.5,0,0
release_00002510->release_00002511,Anionex/banana-slides,v0.3.0,v0.4.0,2,0
release_00002733->release_00002734,ApiLogicServer/ApiLogicServer-src,9.00.00,9.01.00,0,0
release_00002734->release_00002735,ApiLogicServer/ApiLogicServer-src,9.01.00,9.02.18,0,0
release_00002735->release_00002736,ApiLogicServer/ApiLogicServer-src,9.02.18,9.02.23,0,0
release_00002736->release_00002737,ApiLogicServer/ApiLogicServer-src,9.02.23,09.03.00,0,0
release_00002737->release_00002738,ApiLogicServer/ApiLogicServer-src,09.03.00,9.03.04,0,0
release_00002738->release_00002739,ApiLogicServer/ApiLogicServer-src,9.03.04,9.04.00,0,0
release_00002739->release_00002740,ApiLogicServer/ApiLogicServer-src,9.04.00,9.05.00,0,0
release_00002740->release_00002741,ApiLogicServer/ApiLogicServer-src,9.05.00,9.05.06,0,0
release_00002741->release_00002742,ApiLogicServer/ApiLogicServer-src,9.05.06,9.05.07,0,0
release_00002742->release_00002743,ApiLogicServer/ApiLogicServer-src,9.05.07,0.05.14,0,0
release_00002743->release_00002744,ApiLogicServer/ApiLogicServer-src,0.05.14,9.06.00,0,0
release_00002744->release_00002745,ApiLogicServer/ApiLogicServer-src,9.06.00,10.00.00,0,0
release_00002745->release_00002746,ApiLogicServer/ApiLogicServer-src,10.00.00,10.00.01,0,0
release_00002746->release_00002747,ApiLogicServer/ApiLogicServer-src,10.00.01,10.01.00,0,0
release_00002747->release_00002748,ApiLogicServer/ApiLogicServer-src,10.01.00,1.01.05,0,0
release_00002748->release_00002749,ApiLogicServer/ApiLogicServer-src,1.01.05,10.01.12,0,0
release_00002749->release_00002750,ApiLogicServer/ApiLogicServer-src,10.01.12,10.01.17,0,0
release_00002750->release_00002751,ApiLogicServer/ApiLogicServer-src,10.01.17,10.01.28,0,0
release_00002751->release_00002752,ApiLogicServer/ApiLogicServer-src,10.01.28,10.02.00,0,0
release_00002752->release_00002753,ApiLogicServer/ApiLogicServer-src,10.02.00,10.02.04,0,0
release_00002753->release_00002754,ApiLogicServer/ApiLogicServer-src,10.02.04,10.02.05,0,0
release_00002754->release_00002755,ApiLogicServer/ApiLogicServer-src,10.02.05,10.03.04,0,0
release_00002755->release_00002756,ApiLogicServer/ApiLogicServer-src,10.03.04,10.03.06,0,0
release_00002756->release_00002757,ApiLogicServer/ApiLogicServer-src,10.03.06,10.03.07,0,0
release_00002757->release_00002758,ApiLogicServer/ApiLogicServer-src,10.03.07,10.03.16,0,0
release_00002758->release_00002801,ApiLogicServer/ApiLogicServer-src,10.03.16,15.02.00,4,1
release_00002759->release_00002761,ApiLogicServer/ApiLogicServer-src,10.03.46,10.03.75,0,0
release_00002761->release_00002762,ApiLogicServer/ApiLogicServer-src,10.03.75,10.03.76,0,0
release_00002762->release_00002763,ApiLogicServer/ApiLogicServer-src,10.03.76,10.03.80,0,0
release_00002763->release_00002765,ApiLogicServer/ApiLogicServer-src,10.03.80,10.04.01,1,0
release_00002765->release_00002766,ApiLogicServer/ApiLogicServer-src,10.04.01,10.04.23,0,0
release_00002766->release_00002767,ApiLogicServer/ApiLogicServer-src,10.04.23,10.04.43,0,0
release_00002767->release_00002768,ApiLogicServer/ApiLogicServer-src,10.04.43,10.04.61,0,0
release_00002768->release_00002769,ApiLogicServer/ApiLogicServer-src,10.04.61,11.00.00,1,0
release_00002769->release_00002770,ApiLogicServer/ApiLogicServer-src,11.00.00,11.00.07,0,0
release_00002770->release_00002771,ApiLogicServer/ApiLogicServer-src,11.00.07,11.00.20,0,0
release_00002771->release_00002772,ApiLogicServer/ApiLogicServer-src,11.00.20,11.01.00,0,0
release_00002772->release_00002773,ApiLogicServer/ApiLogicServer-src,11.01.00,11.01.02,0,0
release_00002773->release_00002774,ApiLogicServer/ApiLogicServer-src,11.01.02,11.01.11,0,0
release_00002774->release_00002775,ApiLogicServer/ApiLogicServer-src,11.01.11,11.02.00,0,0
release_00002775->release_00002776,ApiLogicServer/ApiLogicServer-src,11.02.00,11.02.05,0,0
release_00002776->release_00002777,ApiLogicServer/ApiLogicServer-src,11.02.05,11.02.06,0,0
release_00002777->release_00002779,ApiLogicServer/ApiLogicServer-src,11.02.06,12.00.02,0,0
release_00002779->release_00002780,ApiLogicServer/ApiLogicServer-src,12.00.02,12.00.04,0,0
release_00002780->release_00002781,ApiLogicServer/ApiLogicServer-src,12.00.04,12.01.00,2,0
release_00002781->release_00002782,ApiLogicServer/ApiLogicServer-src,12.01.00,12.02.00,0,0
release_00002782->release_00002783,ApiLogicServer/ApiLogicServer-src,12.02.00,14.01.00,1,0
release_00002783->release_00002784,ApiLogicServer/ApiLogicServer-src,14.01.00,14.02.20,4,0
release_00002784->release_00002785,ApiLogicServer/ApiLogicServer-src,14.02.20,14.03.00,0,0
release_00002785->release_00002786,ApiLogicServer/ApiLogicServer-src,14.03.00,14.03.07,0,0
release_00002786->release_00002787,ApiLogicServer/ApiLogicServer-src,14.03.07,14.03.11,0,0
release_00002787->release_00002788,ApiLogicServer/ApiLogicServer-src,14.03.11,13.03.14,0,0
release_00002788->release_00002789,ApiLogicServer/ApiLogicServer-src,13.03.14,14.03.20,0,0
release_00002789->release_00002790,ApiLogicServer/ApiLogicServer-src,14.03.20,14.04.00,0,0
release_00002791->release_00002792,ApiLogicServer/ApiLogicServer-src,15.00.00,15.00.10,1,1
release_00002792->release_00002793,ApiLogicServer/ApiLogicServer-src,15.00.10,11.00.12,0,0
release_00002793->release_00002794,ApiLogicServer/ApiLogicServer-src,11.00.12,15.00.19,0,0
release_00002795->release_00002796,ApiLogicServer/ApiLogicServer-src,15.00.32,15.00.38,0,0
release_00002796->release_00002797,ApiLogicServer/ApiLogicServer-src,15.00.38,15.00.41,0,0
release_00002797->release_00002798,ApiLogicServer/ApiLogicServer-src,15.00.41,15.00.46,0,0
release_00002801->release_00002802,ApiLogicServer/ApiLogicServer-src,15.02.00,15.02.03,0,0
release_00002802->release_00002803,ApiLogicServer/ApiLogicServer-src,15.02.03,15.02.07,0,0
release_00002803->release_00002804,ApiLogicServer/ApiLogicServer-src,15.02.07,15.02.10,0,0
release_00002804->release_00002805,ApiLogicServer/ApiLogicServer-src,15.02.10,15.04.00,0,0
release_00002805->release_00002806,ApiLogicServer/ApiLogicServer-src,15.04.00,16.00.03,1,0
release_00002806->release_00002807,ApiLogicServer/ApiLogicServer-src,16.00.03,16.01.40,0,0
release_00002807->release_00002808,ApiLogicServer/ApiLogicServer-src,16.01.40,16.01.42,0,0
release_00002808->release_00002809,ApiLogicServer/ApiLogicServer-src,16.01.42,16.02.06,0,0
release_00002809->release_00002810,ApiLogicServer/ApiLogicServer-src,16.02.06,16.07.07,0,0
release_00002810->release_00002811,ApiLogicServer/ApiLogicServer-src,16.07.07,17.00.00,0,0
release_00002884->release_00002885,ArcadeAI/agent-library,v0.5.0,v0.6.0,0,0
release_00002885->release_00002886,ArcadeAI/agent-library,v0.6.0,v0.7.0,0,0
release_00002886->release_00002887,ArcadeAI/agent-library,v0.7.0,v0.8.0,0,0
release_00002887->release_00002888,ArcadeAI/agent-library,v0.8.0,v0.9.0,0,0
release_00002888->release_00002889,ArcadeAI/agent-library,v0.9.0,v0.10.0,0,0
release_00002889->release_00002891,ArcadeAI/agent-library,v0.10.0,v0.12.0,0,0
release_00002891->release_00002892,ArcadeAI/agent-library,v0.12.0,v0.13.0,0,0
release_00002892->release_00002893,ArcadeAI/agent-library,v0.13.0,v0.13.1,0,0
release_00002894->release_00002895,ArchAI-Labs/medha,0.1.0,0.1.1,0,0
release_00002895->release_00002896,ArchAI-Labs/medha,0.1.1,v0.2.0,0,0
release_00002896->release_00002898,ArchAI-Labs/medha,v0.2.0,v0.3.1,0,0
release_00002898->release_00002899,ArchAI-Labs/medha,v0.3.1,v0.4.0,0,0
release_00004521->release_00004522,ArtificialAnalysis/Stirrup,v0.1.4,v0.1.5,0,0
release_00004522->release_00004523,ArtificialAnalysis/Stirrup,v0.1.5,v0.1.6,0,0
release_00004523->release_00004524,ArtificialAnalysis/Stirrup,v0.1.6,v0.1.7,0,0
release_00004524->release_00004525,ArtificialAnalysis/Stirrup,v0.1.7,v0.1.8,1,0
release_00004525->release_00004526,ArtificialAnalysis/Stirrup,v0.1.8,v0.1.9,0,0
release_00005328->release_00005330,Azure-Samples/art-voice-agent-accelerator,v1.0.0,v2.0.0,0,0
release_00005439->release_00005440,Azure/az-prototype,v0.2.1b1,v0.2.1b2,0,0
release_00005440->release_00005441,Azure/az-prototype,v0.2.1b2,v0.2.1b4,0,0
release_00005441->release_00005442,Azure/az-prototype,v0.2.1b4,v0.2.1b5,0,0
release_00005442->release_00005443,Azure/az-prototype,v0.2.1b5,v0.2.1b6,0,0
release_00005443->release_00005444,Azure/az-prototype,v0.2.1b6,v0.2.1b7,0,0
release_00013662->release_00013663,BasisResearch/effectful,v0.2.0,v0.2.1,0,0
release_00013663->release_00013664,BasisResearch/effectful,v0.2.1,v0.2.2,0,0
release_00013664->release_00013665,BasisResearch/effectful,v0.2.2,v0.2.3,0,0
release_00013665->release_00013666,BasisResearch/effectful,v0.2.3,v0.3.0,0,0
release_00013666->release_00013667,BasisResearch/effectful,v0.3.0,v0.3.1,0,0
release_00013671->release_00013672,Bayer-Group/PhenEx,v0.1.0,v0.1.1,0,0
release_00013672->release_00013673,Bayer-Group/PhenEx,v0.1.1,v0.2.0,0,0
release_00013673->release_00013674,Bayer-Group/PhenEx,v0.2.0,v0.2.1,0,0
release_00013674->release_00013675,Bayer-Group/PhenEx,v0.2.1,v0.3.0,0,0
release_00013675->release_00013676,Bayer-Group/PhenEx,v0.3.0,v0.3.1,0,0
release_00013676->release_00013677,Bayer-Group/PhenEx,v0.3.1,v0.4.0,0,0
release_00013677->release_00013678,Bayer-Group/PhenEx,v0.4.0,v0.4.1,0,0
release_00013678->release_00013679,Bayer-Group/PhenEx,v0.4.1,v0.4.2,0,0
release_00013679->release_00013680,Bayer-Group/PhenEx,v0.4.2,v0.4.3,0,0
release_00013680->release_00013681,Bayer-Group/PhenEx,v0.4.3,v0.5.0,0,0
release_00013681->release_00013682,Bayer-Group/PhenEx,v0.5.0,v0.6.0,0,0
release_00013682->release_00013683,Bayer-Group/PhenEx,v0.6.0,v0.7.0,0,0
release_00013683->release_00013684,Bayer-Group/PhenEx,v0.7.0,v0.7.2,0,0
release_00013684->release_00013685,Bayer-Group/PhenEx,v0.7.2,v0.7.3,0,0
release_00013685->release_00013686,Bayer-Group/PhenEx,v0.7.3,v0.7.4,0,0
release_00013686->release_00013687,Bayer-Group/PhenEx,v0.7.4,v0.7.5,3,0
release_00013687->release_00013688,Bayer-Group/PhenEx,v0.7.5,v0.7.6,0,0
release_00013688->release_00013689,Bayer-Group/PhenEx,v0.7.6,v0.7.7,0,0
release_00013689->release_00013690,Bayer-Group/PhenEx,v0.7.7,v0.7.8,0,0
release_00013690->release_00013691,Bayer-Group/PhenEx,v0.7.8,v0.8.0,0,0
release_00013691->release_00013692,Bayer-Group/PhenEx,v0.8.0,v0.8.1,0,0
release_00013749->release_00013750,Beever-AI/beever-atlas,v0.1.0,v0.1.1,0,0
release_00013751->release_00013752,Beever-AI/beever-atlas,v0.1.2,v0.2.0,0,0
release_00015900->release_00015902,Bryantad/Sona,v0.9.8,v0.10,0,0
release_00015902->release_00015905,Bryantad/Sona,v0.10,v0.11,0,0
release_00015905->release_00015906,Bryantad/Sona,v0.11,v0.12,0,0
release_00015906->release_00015907,Bryantad/Sona,v0.12,v0.13,0,0
release_00016271->release_00016272,CaddyGlow/ccproxy-api,v0.1.1,v0.1.2,0,0
release_00016272->release_00016275,CaddyGlow/ccproxy-api,v0.1.2,v0.1.5,0,0
release_00016275->release_00016276,CaddyGlow/ccproxy-api,v0.1.5,v0.1.6,0,0
release_00016276->release_00016277,CaddyGlow/ccproxy-api,v0.1.6,v0.1.7,0,0
release_00016277->release_00016281,CaddyGlow/ccproxy-api,v0.1.7,v0.2.0a4,7,0
release_00016278->release_00016279,CaddyGlow/ccproxy-api,v0.2.0a1,v0.2.0a2,0,0
release_00016279->release_00016280,CaddyGlow/ccproxy-api,v0.2.0a2,v0.2.0a3,0,0
release_00016281->release_00016282,CaddyGlow/ccproxy-api,v0.2.0a4,v0.2.0,0,0
release_00016282->release_00016283,CaddyGlow/ccproxy-api,v0.2.0,v0.2.1,0,0
release_00016283->release_00016284,CaddyGlow/ccproxy-api,v0.2.1,v0.2.2,0,0
release_00016284->release_00016285,CaddyGlow/ccproxy-api,v0.2.2,v0.2.3,0,0
release_00016285->release_00016286,CaddyGlow/ccproxy-api,v0.2.3,v0.2.4,0,0
release_00016286->release_00016287,CaddyGlow/ccproxy-api,v0.2.4,v0.2.5,3,0
release_00016287->release_00016288,CaddyGlow/ccproxy-api,v0.2.5,v0.2.6,0,0
release_00016288->release_00016289,CaddyGlow/ccproxy-api,v0.2.6,v0.2.7,0,0
release_00016289->release_00016291,CaddyGlow/ccproxy-api,v0.2.7,v0.2.9,0,0
release_00016291->release_00016292,CaddyGlow/ccproxy-api,v0.2.9,v0.2.10,0,0
release_00016888->release_00016889,Center-for-AI-Innovation/ai-ta-backend,v0.0.2,v0.0.3,0,0
release_00016889->release_00016890,Center-for-AI-Innovation/ai-ta-backend,v0.0.3,v0.0.4,0,0
release_00016890->release_00016891,Center-for-AI-Innovation/ai-ta-backend,v0.0.4,v0.0.5,2,1
release_00016891->release_00016892,Center-for-AI-Innovation/ai-ta-backend,v0.0.5,v0.0.6,0,0
release_00016893->release_00016894,Center-for-AI-Innovation/ai-ta-backend,v0.0.7,v0.0.8,0,0
release_00016894->release_00016895,Center-for-AI-Innovation/ai-ta-backend,v0.0.8,v0.0.9,0,0
release_00016895->release_00016896,Center-for-AI-Innovation/ai-ta-backend,v0.0.9,v0.0.10,0,0
release_00016896->release_00016897,Center-for-AI-Innovation/ai-ta-backend,v0.0.10,v0.0.11,0,0
release_00016900->release_00016902,Center-for-AI-Innovation/ai-ta-backend,v0.0.12,v0.0.13,0,0
release_00018475->release_00018476,ConflictHQ/PlanOpticon,v0.2.0,v0.2.1,0,0
release_00018476->release_00018477,ConflictHQ/PlanOpticon,v0.2.1,v0.5.0,10,0
release_00018477->release_00018478,ConflictHQ/PlanOpticon,v0.5.0,v0.6.0,0,0
release_00018478->release_00018479,ConflictHQ/PlanOpticon,v0.6.0,v0.6.1,0,0
release_00018495->release_00018496,Constellab/gws_core,0.8.0,0.8.2,0,0
release_00018496->release_00018497,Constellab/gws_core,0.8.2,0.8.4,0,0
release_00018497->release_00018498,Constellab/gws_core,0.8.4,0.9.0,0,0
release_00018498->release_00018499,Constellab/gws_core,0.9.0,0.10.0,2,0
release_00018499->release_00018500,Constellab/gws_core,0.10.0,0.10.1,0,0
release_00018500->release_00018501,Constellab/gws_core,0.10.1,0.10.3,0,0
release_00018501->release_00018502,Constellab/gws_core,0.10.3,0.10.4,0,0
release_00018502->release_00018503,Constellab/gws_core,0.10.4,0.11.0,0,0
release_00018503->release_00018504,Constellab/gws_core,0.11.0,0.11.1,0,0
release_00018504->release_00018505,Constellab/gws_core,0.11.1,0.11.2,0,0
release_00018505->release_00018506,Constellab/gws_core,0.11.2,0.12.0,0,0
release_00018506->release_00018507,Constellab/gws_core,0.12.0,0.12.1,0,0
release_00018507->release_00018508,Constellab/gws_core,0.12.1,0.12.2,0,0
release_00018508->release_00018509,Constellab/gws_core,0.12.2,0.13.0,0,0
release_00018509->release_00018510,Constellab/gws_core,0.13.0,0.13.2,0,0
release_00018510->release_00018511,Constellab/gws_core,0.13.2,0.13.7,0,0
release_00018511->release_00018512,Constellab/gws_core,0.13.7,0.14.0,0,0
release_00018512->release_00018513,Constellab/gws_core,0.14.0,0.15.0,0,0
release_00018513->release_00018514,Constellab/gws_core,0.15.0,0.16.0,0,0
release_00018514->release_00018515,Constellab/gws_core,0.16.0,0.17.0,0,0
release_00018515->release_00018516,Constellab/gws_core,0.17.0,0.19.0,0,0
release_00018516->release_00018517,Constellab/gws_core,0.19.0,0.20.0,0,0
release_00018517->release_00018518,Constellab/gws_core,0.20.0,0.21.0,0,0
release_00018518->release_00018520,Constellab/gws_core,0.21.0,0.22.0,0,0
release_00018597->release_00018598,Corbell-AI/Corbell,v1.0.0,1.0.1,0,0
release_00018598->release_00018599,Corbell-AI/Corbell,1.0.1,1.0.2,0,0
release_00018599->release_00018600,Corbell-AI/Corbell,1.0.2,1.0.3,0,0
release_00018600->release_00018601,Corbell-AI/Corbell,1.0.3,1.1.0,0,0
release_00018601->release_00018602,Corbell-AI/Corbell,1.1.0,v1.2.0,0,0
release_00018628->release_00018629,CraftOS-dev/CraftBot,v0.1.0,v1.2.0,4,0
release_00018629->release_00018630,CraftOS-dev/CraftBot,v1.2.0,v1.2.1,0,0
release_00018630->release_00018632,CraftOS-dev/CraftBot,v1.2.1,v1.2.3,2,0
release_00018632->release_00018633,CraftOS-dev/CraftBot,v1.2.3,v1.3.0,0,0
release_00018633->release_00018634,CraftOS-dev/CraftBot,v1.3.0,v1.3.1,1,0
release_00019027->release_00019028,CursorTouch/Web-Use,v0.1,v0.2,0,0
release_00019028->release_00019029,CursorTouch/Web-Use,v0.2,v0.3,8,0
release_00020705->release_00020706,DataJourneyHQ/DataJourney,v1.0.0,v1.1.0,0,0
release_00020706->release_00020707,DataJourneyHQ/DataJourney,v1.1.0,v1.2.0,0,0
release_00020707->release_00020708,DataJourneyHQ/DataJourney,v1.2.0,v1.3.0,0,0
release_00020708->release_00020709,DataJourneyHQ/DataJourney,v1.3.0,v2.0.0,0,0
release_00020709->release_00020710,DataJourneyHQ/DataJourney,v2.0.0,v2.1.0,0,0
release_00020710->release_00020711,DataJourneyHQ/DataJourney,v2.1.0,v2.2.0,2,0
release_00020711->release_00020712,DataJourneyHQ/DataJourney,v2.2.0,v2.2.1,0,0
release_00020712->release_00020713,DataJourneyHQ/DataJourney,v2.2.1,v2.3.0,0,0
release_00020724->release_00020725,Datus-ai/Datus-agent,0.2.4,v0.2.5,0,0
release_00020725->release_00020726,Datus-ai/Datus-agent,v0.2.5,v0.2.6,0,1
release_00020726->release_00020727,Datus-ai/Datus-agent,v0.2.6,v0.3.0,33,1
release_00020727->release_00020728,Datus-ai/Datus-agent,v0.3.0,v0.3.1,0,0
release_00020745->release_00020746,DavidLMS/aphra,v1.0.0,v2.0.0,0,0
release_00020746->release_00020747,DavidLMS/aphra,v2.0.0,v2.1.0,1,0
release_00020747->release_00020748,DavidLMS/aphra,v2.1.0,v2.2.0,0,0
release_00020855->release_00020856,DemonDamon/AgenticX,v0.3.5,v0.3.6,0,0
release_00020856->release_00020857,DemonDamon/AgenticX,v0.3.6,v0.3.7,0,0
release_00020857->release_00020858,DemonDamon/AgenticX,v0.3.7,v0.3.8,0,0
release_00020858->release_00020859,DemonDamon/AgenticX,v0.3.8,v0.3.10,0,0
release_00020859->release_00020860,DemonDamon/AgenticX,v0.3.10,v0.3.11,0,0
release_00021777->release_00021778,DigitalArchivst/Open-Genealogy,v8.5.1c,v8.5.2,0,0
release_00021778->release_00021779,DigitalArchivst/Open-Genealogy,v8.5.2,v8.5.3,0,0
release_00021780->release_00021781,DigitalHarborFoundation/FlexEval,v0.1.0,v0.1.4,1,0
release_00021781->release_00021782,DigitalHarborFoundation/FlexEval,v0.1.4,v0.1.5,0,0
release_00021782->release_00021783,DigitalHarborFoundation/FlexEval,v0.1.5,v0.2.0,0,0
release_00021783->release_00021784,DigitalHarborFoundation/FlexEval,v0.2.0,v0.3.0,0,0
release_00021784->release_00021785,DigitalHarborFoundation/FlexEval,v0.3.0,v0.4.0,1,1
release_00022244->release_00022245,EXP-Codes/py-transgpt,1.0,1.1,0,0
release_00022245->release_00022246,EXP-Codes/py-transgpt,1.1,1.2,0,0
release_00022246->release_00022247,EXP-Codes/py-transgpt,1.2,1.3,0,0
release_00022247->release_00022248,EXP-Codes/py-transgpt,1.3,1.4,0,0
release_00022248->release_00022249,EXP-Codes/py-transgpt,1.4,1.5,0,0
release_00022249->release_00022250,EXP-Codes/py-transgpt,1.5,1.6,0,0
release_00022250->release_00022251,EXP-Codes/py-transgpt,1.6,1.7,0,0
release_00022251->release_00022252,EXP-Codes/py-transgpt,1.7,1.8,1,0
release_00022252->release_00022253,EXP-Codes/py-transgpt,1.8,1.9,0,0
release_00022253->release_00022255,EXP-Codes/py-transgpt,1.9,2.1,0,0
release_00022255->release_00022256,EXP-Codes/py-transgpt,2.1,2.2,0,0
release_00022439->release_00022440,EleutherAI/lm-evaluation-harness,v0.0.1,v0.2.0,0,0
release_00022440->release_00022441,EleutherAI/lm-evaluation-harness,v0.2.0,v0.3.0,0,0
release_00022441->release_00022442,EleutherAI/lm-evaluation-harness,v0.3.0,v0.4.0,0,0
release_00022442->release_00022443,EleutherAI/lm-evaluation-harness,v0.4.0,v0.4.1,0,0
release_00022443->release_00022444,EleutherAI/lm-evaluation-harness,v0.4.1,v0.4.2,0,0
release_00022444->release_00022445,EleutherAI/lm-evaluation-harness,v0.4.2,v0.4.3,0,0
release_00022445->release_00022446,EleutherAI/lm-evaluation-harness,v0.4.3,v0.4.4,0,0
release_00022446->release_00022447,EleutherAI/lm-evaluation-harness,v0.4.4,v0.4.5,0,0
release_00022447->release_00022448,EleutherAI/lm-evaluation-harness,v0.4.5,v0.4.6,0,0
release_00022448->release_00022449,EleutherAI/lm-evaluation-harness,v0.4.6,v0.4.7,0,0
release_00022449->release_00022450,EleutherAI/lm-evaluation-harness,v0.4.7,v0.4.8,0,0
release_00022450->release_00022451,EleutherAI/lm-evaluation-harness,v0.4.8,v0.4.9,0,0
release_00022451->release_00022452,EleutherAI/lm-evaluation-harness,v0.4.9,v0.4.9.1,0,0
release_00022452->release_00022453,EleutherAI/lm-evaluation-harness,v0.4.9.1,v0.4.9.2,0,0
release_00022453->release_00022454,EleutherAI/lm-evaluation-harness,v0.4.9.2,v0.4.10,1,0
release_00022454->release_00022455,EleutherAI/lm-evaluation-harness,v0.4.10,v0.4.11,0,0
release_00022455->release_00022456,EleutherAI/lm-evaluation-harness,v0.4.11,v0.4.12,0,0
release_00022551->release_00022552,EpicStaff/EpicStaff,v0.1.82,v0.1.94,0,0
release_00022554->release_00022555,EpicStaff/EpicStaff,v1.0.5,v1.0.6,0,0
release_00022555->release_00022556,EpicStaff/EpicStaff,v1.0.6,v1.0.7,0,0
release_00023087->release_00023088,EvolvingLMMs-Lab/lmms-eval,v0.1.0,v0.1.0.dev,0,0
release_00023088->release_00023089,EvolvingLMMs-Lab/lmms-eval,v0.1.0.dev,v0.2.0,2,0
release_00023089->release_00023090,EvolvingLMMs-Lab/lmms-eval,v0.2.0,v0.2.0.post1,0,0
release_00023090->release_00023091,EvolvingLMMs-Lab/lmms-eval,v0.2.0.post1,v0.2.2,3,0
release_00023091->release_00023092,EvolvingLMMs-Lab/lmms-eval,v0.2.2,v0.2.3,0,0
release_00023092->release_00023093,EvolvingLMMs-Lab/lmms-eval,v0.2.3,v0.2.3.post1,0,0
release_00023093->release_00023094,EvolvingLMMs-Lab/lmms-eval,v0.2.3.post1,v0.2.4,0,0
release_00023094->release_00023095,EvolvingLMMs-Lab/lmms-eval,v0.2.4,v0.3.0,2,0
release_00023095->release_00023096,EvolvingLMMs-Lab/lmms-eval,v0.3.0,v0.3.1,5,0
release_00023096->release_00023097,EvolvingLMMs-Lab/lmms-eval,v0.3.1,v0.3.2,2,0
release_00023097->release_00023098,EvolvingLMMs-Lab/lmms-eval,v0.3.2,v0.3.3,0,0
release_00023098->release_00023099,EvolvingLMMs-Lab/lmms-eval,v0.3.3,v0.3.4,1,0
release_00023099->release_00023100,EvolvingLMMs-Lab/lmms-eval,v0.3.4,v0.3.5,2,0
release_00023100->release_00023101,EvolvingLMMs-Lab/lmms-eval,v0.3.5,v0.4,9,0
release_00023101->release_00023102,EvolvingLMMs-Lab/lmms-eval,v0.4,v0.4.1,4,0
release_00023102->release_00023103,EvolvingLMMs-Lab/lmms-eval,v0.4.1,v0.5,0,0
release_00023103->release_00023104,EvolvingLMMs-Lab/lmms-eval,v0.5,v0.6,8,0
release_00023104->release_00023105,EvolvingLMMs-Lab/lmms-eval,v0.6,v0.6.1,0,0
release_00023105->release_00023106,EvolvingLMMs-Lab/lmms-eval,v0.6.1,v0.7,0,0
release_00023106->release_00023107,EvolvingLMMs-Lab/lmms-eval,v0.7,v0.7.1,0,0
release_00023108->release_00023109,EvolvingLMMs-Lab/lmms-engine,v0.1.0,v0.1.0.post1,0,0
release_00023109->release_00023110,EvolvingLMMs-Lab/lmms-engine,v0.1.0.post1,v0.1.1,0,0
release_00023110->release_00023111,EvolvingLMMs-Lab/lmms-engine,v0.1.1,v0.1.2,0,0
release_00023111->release_00023112,EvolvingLMMs-Lab/lmms-engine,v0.1.2,v0.1.3,0,0
release_00023297->release_00023298,FalkorDB/GraphRAG-SDK,v0.1.0,v0.1.1-beta,0,0
release_00023298->release_00023299,FalkorDB/GraphRAG-SDK,v0.1.1-beta,v0.1.2-beta,0,0
release_00023300->release_00023301,FalkorDB/GraphRAG-SDK,v0.1.3-beta,v0.2.0,4,0
release_00023301->release_00023302,FalkorDB/GraphRAG-SDK,v0.2.0,v0.2.1,0,0
release_00023302->release_00023303,FalkorDB/GraphRAG-SDK,v0.2.1,v0.2.2,1,0
release_00023303->release_00023304,FalkorDB/GraphRAG-SDK,v0.2.2,v0.3.0,0,0
release_00023304->release_00023305,FalkorDB/GraphRAG-SDK,v0.3.0,v0.3.1,0,0
release_00023305->release_00023306,FalkorDB/GraphRAG-SDK,v0.3.1,v0.3.2,0,0
release_00023306->release_00023307,FalkorDB/GraphRAG-SDK,v0.3.2,v0.3.3,0,0
release_00023307->release_00023308,FalkorDB/GraphRAG-SDK,v0.3.3,v0.3.4,0,0
release_00023308->release_00023309,FalkorDB/GraphRAG-SDK,v0.3.4,v0.4.0,1,0
release_00023309->release_00023310,FalkorDB/GraphRAG-SDK,v0.4.0,v0.4.1,0,0
release_00023310->release_00023311,FalkorDB/GraphRAG-SDK,v0.4.1,v0.5.0,0,0
release_00023311->release_00023312,FalkorDB/GraphRAG-SDK,v0.5.0,v0.6.0,0,0
release_00023312->release_00023313,FalkorDB/GraphRAG-SDK,v0.6.0,v0.6.1,0,0
release_00023313->release_00023314,FalkorDB/GraphRAG-SDK,v0.6.1,v0.6.2,0,0
release_00023314->release_00023315,FalkorDB/GraphRAG-SDK,v0.6.2,v0.7.0,1,0
release_00023315->release_00023316,FalkorDB/GraphRAG-SDK,v0.7.0,v0.7.1,0,0
release_00023316->release_00023317,FalkorDB/GraphRAG-SDK,v0.7.1,v0.8.0,5,0
release_00023317->release_00023318,FalkorDB/GraphRAG-SDK,v0.8.0,v0.8.1,2,0
release_00023320->release_00023321,FalkorDB/GraphRAG-SDK,v1.0.0,v1.0.1,0,0
release_00023321->release_00023322,FalkorDB/GraphRAG-SDK,v1.0.1,v1.0.2,0,0
release_00023322->release_00023323,FalkorDB/GraphRAG-SDK,v1.0.2,v1.1.0,0,0
release_00023323->release_00023324,FalkorDB/GraphRAG-SDK,v1.1.0,v1.1.1,0,0
release_00023866->release_00023867,Fincept-Corporation/FinceptTerminal,v3.1.2,v3.1.3,0,0
release_00023867->release_00023868,Fincept-Corporation/FinceptTerminal,v3.1.3,v3.1.4,6,0
release_00023868->release_00023869,Fincept-Corporation/FinceptTerminal,v3.1.4,v3.1.5,0,0
release_00023869->release_00023870,Fincept-Corporation/FinceptTerminal,v3.1.5,v3.1.6,0,0
release_00023870->release_00023871,Fincept-Corporation/FinceptTerminal,v3.1.6,v3.2.0,0,0
release_00023871->release_00023872,Fincept-Corporation/FinceptTerminal,v3.2.0,v3.2.1,0,0
release_00023872->release_00023873,Fincept-Corporation/FinceptTerminal,v3.2.1,v3.3.0,2,0
release_00023873->release_00023875,Fincept-Corporation/FinceptTerminal,v3.3.0,v3.3.3,0,0
release_00023875->release_00023876,Fincept-Corporation/FinceptTerminal,v3.3.3,v4.0.0,0,0
release_00023876->release_00023877,Fincept-Corporation/FinceptTerminal,v4.0.0,v4.0.1,0,0
release_00023877->release_00023878,Fincept-Corporation/FinceptTerminal,v4.0.1,v4.0.2,0,0
release_00023878->release_00023879,Fincept-Corporation/FinceptTerminal,v4.0.2,v4.0.3,0,0
release_00025140->release_00025141,GeneralNewsExtractor/GeneralNewsExtractor,0.1.2,0.1.3,0,0
release_00025141->release_00025142,GeneralNewsExtractor/GeneralNewsExtractor,0.1.3,0.1.4,0,0
release_00025142->release_00025143,GeneralNewsExtractor/GeneralNewsExtractor,0.1.4,0.1.5,0,0
release_00025143->release_00025150,GeneralNewsExtractor/GeneralNewsExtractor,0.1.5,0.2.3,0,0
release_00025150->release_00025151,GeneralNewsExtractor/GeneralNewsExtractor,0.2.3,0.2.4,0,0
release_00025151->release_00025152,GeneralNewsExtractor/GeneralNewsExtractor,0.2.4,0.2.5,0,0
release_00025152->release_00025153,GeneralNewsExtractor/GeneralNewsExtractor,0.2.5,0.2.6,0,0
release_00025153->release_00025154,GeneralNewsExtractor/GeneralNewsExtractor,0.2.6,v0.3.0,0,0
release_00025154->release_00025155,GeneralNewsExtractor/GeneralNewsExtractor,v0.3.0,v0.3.1,0,0
release_00025155->release_00025156,GeneralNewsExtractor/GeneralNewsExtractor,v0.3.1,v0.4.1,1,0
release_00025156->release_00025157,GeneralNewsExtractor/GeneralNewsExtractor,v0.4.1,v0.4.3,0,0
release_00025845->release_00025846,GoogleCloudPlatform/cloud-solutions,pino-logging-gcp-config-v1.0.1,pino-logging-gcp-config-v1.0.2,0,0
release_00025846->release_00025847,GoogleCloudPlatform/cloud-solutions,pino-logging-gcp-config-v1.0.2,pino-logging-gcp-config-v1.0.3,0,0
release_00025847->release_00025848,GoogleCloudPlatform/cloud-solutions,pino-logging-gcp-config-v1.0.3,pino-logging-gcp-config-v1.0.4,0,0
release_00025848->release_00025849,GoogleCloudPlatform/cloud-solutions,pino-logging-gcp-config-v1.0.4,pino-logging-gcp-config-v1.0.6,0,0
release_00025849->release_00025850,GoogleCloudPlatform/cloud-solutions,pino-logging-gcp-config-v1.0.6,pino-logging-gcp-config-v1.1.0,1,0
release_00025850->release_00025851,GoogleCloudPlatform/cloud-solutions,pino-logging-gcp-config-v1.1.0,pino-logging-gcp-config-v1.2.0,0,0
release_00025851->release_00025852,GoogleCloudPlatform/cloud-solutions,pino-logging-gcp-config-v1.2.0,pino-logging-gcp-config-v1.3.0,0,0
release_00025852->release_00025853,GoogleCloudPlatform/cloud-solutions,pino-logging-gcp-config-v1.3.0,pino-logging-gcp-config-v1.3.1,17,0
release_00025853->release_00025854,GoogleCloudPlatform/cloud-solutions,pino-logging-gcp-config-v1.3.1,pino-logging-gcp-config-v1.3.2,3,0
release_00025854->release_00025855,GoogleCloudPlatform/cloud-solutions,pino-logging-gcp-config-v1.3.2,pino-logging-gcp-config-v1.3.3,2,0
release_00025855->release_00025856,GoogleCloudPlatform/cloud-solutions,pino-logging-gcp-config-v1.3.3,pino-logging-gcp-config-v1.3.4,6,0
release_00025856->release_00025857,GoogleCloudPlatform/cloud-solutions,pino-logging-gcp-config-v1.3.4,pino-logging-gcp-config-v1.3.5,0,0
release_00025858->release_00025859,GoogleCloudPlatform/conversational-insights-devkit,v1.0.0,v1.0.1,0,0
release_00025859->release_00025860,GoogleCloudPlatform/conversational-insights-devkit,v1.0.1,v1.0.2,0,0
release_00025860->release_00025861,GoogleCloudPlatform/conversational-insights-devkit,v1.0.2,v1.1.0,3,0
release_00025894->release_00025895,GoogleCloudPlatform/cxas-scrapi,v1.0.0,v1.1.0,4,0
release_00025895->release_00025896,GoogleCloudPlatform/cxas-scrapi,v1.1.0,v1.2.0,0,0
release_00025896->release_00025897,GoogleCloudPlatform/cxas-scrapi,v1.2.0,v1.3.0,4,0
release_00025898->release_00025899,GoogleCloudPlatform/dfcx-scrapi,1.0.1,1.0.2,0,0
release_00025899->release_00025900,GoogleCloudPlatform/dfcx-scrapi,1.0.2,1.0.3,0,0
release_00025900->release_00025901,GoogleCloudPlatform/dfcx-scrapi,1.0.3,1.0.4,0,0
release_00025901->release_00025902,GoogleCloudPlatform/dfcx-scrapi,1.0.4,1.0.5,0,0
release_00025902->release_00025903,GoogleCloudPlatform/dfcx-scrapi,1.0.5,1.0.6,0,0
release_00025903->release_00025904,GoogleCloudPlatform/dfcx-scrapi,1.0.6,1.0.7,0,0
release_00025904->release_00025905,GoogleCloudPlatform/dfcx-scrapi,1.0.7,1.1.0,0,0
release_00025905->release_00025906,GoogleCloudPlatform/dfcx-scrapi,1.1.0,1.1.1,0,0
release_00025906->release_00025907,GoogleCloudPlatform/dfcx-scrapi,1.1.1,1.2.0,0,0
release_00025907->release_00025908,GoogleCloudPlatform/dfcx-scrapi,1.2.0,1.2.1,0,0
release_00025908->release_00025909,GoogleCloudPlatform/dfcx-scrapi,1.2.1,1.2.2,0,0
release_00025909->release_00025910,GoogleCloudPlatform/dfcx-scrapi,1.2.2,1.3.0,0,0
release_00025910->release_00025911,GoogleCloudPlatform/dfcx-scrapi,1.3.0,1.4.0,0,0
release_00025911->release_00025912,GoogleCloudPlatform/dfcx-scrapi,1.4.0,1.5.0,0,0
release_00025912->release_00025913,GoogleCloudPlatform/dfcx-scrapi,1.5.0,1.5.1,0,0
release_00025913->release_00025914,GoogleCloudPlatform/dfcx-scrapi,1.5.1,1.6.0,0,0
release_00025914->release_00025915,GoogleCloudPlatform/dfcx-scrapi,1.6.0,1.6.1,0,0
release_00025915->release_00025916,GoogleCloudPlatform/dfcx-scrapi,1.6.1,1.6.2,0,0
release_00025916->release_00025917,GoogleCloudPlatform/dfcx-scrapi,1.6.2,1.6.3,0,0
release_00025917->release_00025918,GoogleCloudPlatform/dfcx-scrapi,1.6.3,1.7.0,0,0
release_00025918->release_00025919,GoogleCloudPlatform/dfcx-scrapi,1.7.0,1.8.0,0,0
release_00025919->release_00025920,GoogleCloudPlatform/dfcx-scrapi,1.8.0,1.8.1,0,0
release_00025920->release_00025921,GoogleCloudPlatform/dfcx-scrapi,1.8.1,1.9.0,0,0
release_00025921->release_00025922,GoogleCloudPlatform/dfcx-scrapi,1.9.0,1.10.0,0,0
release_00025922->release_00025923,GoogleCloudPlatform/dfcx-scrapi,1.10.0,1.10.1,0,0
release_00025923->release_00025924,GoogleCloudPlatform/dfcx-scrapi,1.10.1,1.10.2,0,0
release_00025924->release_00025925,GoogleCloudPlatform/dfcx-scrapi,1.10.2,1.10.3,0,0
release_00025925->release_00025926,GoogleCloudPlatform/dfcx-scrapi,1.10.3,1.10.4,0,0
release_00025926->release_00025927,GoogleCloudPlatform/dfcx-scrapi,1.10.4,1.10.5,0,0
release_00025927->release_00025928,GoogleCloudPlatform/dfcx-scrapi,1.10.5,1.11.0,0,0
release_00025928->release_00025929,GoogleCloudPlatform/dfcx-scrapi,1.11.0,1.11.1,0,0
release_00025929->release_00025930,GoogleCloudPlatform/dfcx-scrapi,1.11.1,1.11.2,0,0
release_00025930->release_00025931,GoogleCloudPlatform/dfcx-scrapi,1.11.2,1.12.0,0,0
release_00025931->release_00025932,GoogleCloudPlatform/dfcx-scrapi,1.12.0,1.12.1,0,0
release_00025932->release_00025933,GoogleCloudPlatform/dfcx-scrapi,1.12.1,1.12.2,0,0
release_00025933->release_00025934,GoogleCloudPlatform/dfcx-scrapi,1.12.2,1.12.3,0,0
release_00025934->release_00025935,GoogleCloudPlatform/dfcx-scrapi,1.12.3,1.12.4,0,0
release_00025935->release_00025936,GoogleCloudPlatform/dfcx-scrapi,1.12.4,1.12.5,0,0
release_00025936->release_00025937,GoogleCloudPlatform/dfcx-scrapi,1.12.5,1.13.0,1,0
release_00025937->release_00025938,GoogleCloudPlatform/dfcx-scrapi,1.13.0,1.13.1,0,0
release_00025938->release_00025939,GoogleCloudPlatform/dfcx-scrapi,1.13.1,2.0.0,0,0
release_00026496->release_00026497,HKUDS/OpenHarness,v0.1.6,v0.1.7,1,0
release_00026497->release_00026498,HKUDS/OpenHarness,v0.1.7,v0.1.8,0,0
release_00026498->release_00026499,HKUDS/OpenHarness,v0.1.8,v0.1.9,0,0
release_00027127->release_00027128,HiveTrace/HiveTraceRed,v1.0.1,v1.0.2,0,0
release_00027128->release_00027129,HiveTrace/HiveTraceRed,v1.0.2,v1.0.3,0,0
release_00027129->release_00027130,HiveTrace/HiveTraceRed,v1.0.3,v1.0.4,0,0
release_00027130->release_00027131,HiveTrace/HiveTraceRed,v1.0.4,v1.0.5,0,0
release_00027131->release_00027132,HiveTrace/HiveTraceRed,v1.0.5,v1.0.6,0,0
release_00027132->release_00027133,HiveTrace/HiveTraceRed,v1.0.6,v1.0.7,0,0
release_00027133->release_00027134,HiveTrace/HiveTraceRed,v1.0.7,v1.0.8,0,0
release_00027134->release_00027135,HiveTrace/HiveTraceRed,v1.0.8,v1.0.10,0,0
release_00027135->release_00027136,HiveTrace/HiveTraceRed,v1.0.10,v1.0.12,0,0
release_00027136->release_00027137,HiveTrace/HiveTraceRed,v1.0.12,v1.0.13,0,0
release_00027137->release_00027138,HiveTrace/HiveTraceRed,v1.0.13,v1.0.14,0,0
release_00027138->release_00027139,HiveTrace/HiveTraceRed,v1.0.14,v1.0.15,0,0
release_00027139->release_00027140,HiveTrace/HiveTraceRed,v1.0.15,v1.0.16,1,0
release_00027691->release_00027692,IINemo/lm-polygraph,v0.3.0,v0.4.0,0,0
release_00027692->release_00027693,IINemo/lm-polygraph,v0.4.0,v0.5.0,5,0
release_00027693->release_00027694,IINemo/lm-polygraph,v0.5.0,v0.6.0,0,0
release_00027694->release_00027695,IINemo/lm-polygraph,v0.6.0,v0.7.0,0,0
release_00028620->release_00028621,JC0v0/Customer-Agent,v1.0.0,v1.1.0,0,0
release_00028621->release_00028622,JC0v0/Customer-Agent,v1.1.0,v1.2.0,2,0
release_00028695->release_00028696,JackHopkins/factorio-learning-environment,v0.2.2,v0.3.0,3,0
release_00028696->release_00028697,JackHopkins/factorio-learning-environment,v0.3.0,v0.4.0,2,0
release_00028697->release_00028698,JackHopkins/factorio-learning-environment,v0.4.0,v0.4.1,0,0
release_00028698->release_00028699,JackHopkins/factorio-learning-environment,v0.4.1,v0.4.2,0,0
release_00028699->release_00028700,JackHopkins/factorio-learning-environment,v0.4.2,v0.4.3,0,0
release_00028719->release_00028720,JacobZuliani/giz,0.0.2,1.0.0,1,1
release_00028720->release_00028721,JacobZuliani/giz,1.0.0,1.1.0,1,1
release_00028747->release_00028748,Japan-AISI/aisev,0.5.0,0.5.1,0,0
release_00028748->release_00028749,Japan-AISI/aisev,0.5.1,0.5.2,0,0
release_00028749->release_00028750,Japan-AISI/aisev,0.5.2,0.5.3,0,0
release_00028750->release_00028751,Japan-AISI/aisev,0.5.3,0.5.4,0,0
release_00029130->release_00029131,JoasASantos/NeuroSploit,v3.2.1,v3.2.2,0,0
release_00029132->release_00029133,JoeGaffney/deferred-diffusion,v0.1.0,v0.2.0,0,0
release_00029133->release_00029134,JoeGaffney/deferred-diffusion,v0.2.0,v0.3.0,2,0
release_00029134->release_00029135,JoeGaffney/deferred-diffusion,v0.3.0,v0.4.0,0,0
release_00029135->release_00029136,JoeGaffney/deferred-diffusion,v0.4.0,v0.5.0,0,0
release_00029136->release_00029137,JoeGaffney/deferred-diffusion,v0.5.0,v0.6.0,3,0
release_00029137->release_00029138,JoeGaffney/deferred-diffusion,v0.6.0,v0.7.0,0,0
release_00029138->release_00029139,JoeGaffney/deferred-diffusion,v0.7.0,v0.8.0,0,0
release_00029150->release_00029151,JohnnyFiv3r/Core-Memory,v0.1.0,v1.0.1,1,0
release_00029151->release_00029152,JohnnyFiv3r/Core-Memory,v1.0.1,v1.1.0,4,0
release_00029945->release_00029946,KRLabsOrg/verbatim-rag,v0.1.0,v0.1.1,0,0
release_00029946->release_00029947,KRLabsOrg/verbatim-rag,v0.1.1,v0.1.2,3,0
release_00029947->release_00029948,KRLabsOrg/verbatim-rag,v0.1.2,v0.1.3,0,0
release_00029948->release_00029949,KRLabsOrg/verbatim-rag,v0.1.3,v0.1.4,0,0
release_00029949->release_00029950,KRLabsOrg/verbatim-rag,v0.1.4,v0.1.5,0,0
release_00029950->release_00029951,KRLabsOrg/verbatim-rag,v0.1.5,v0.1.6,4,0
release_00029951->release_00029952,KRLabsOrg/verbatim-rag,v0.1.6,v0.1.7,0,0
release_00029952->release_00029954,KRLabsOrg/verbatim-rag,v0.1.7,v0.1.9,0,0
release_00029954->release_00029955,KRLabsOrg/verbatim-rag,v0.1.9,v0.2.0,2,0
release_00029955->release_00029956,KRLabsOrg/verbatim-rag,v0.2.0,v0.2.1,0,0
release_00029956->release_00029957,KRLabsOrg/verbatim-rag,v0.2.1,v0.2.2,0,0
release_00029957->release_00029958,KRLabsOrg/verbatim-rag,v0.2.2,v0.2.3,0,0
release_00029958->release_00029959,KRLabsOrg/verbatim-rag,v0.2.3,v0.2.4,0,0
release_00029959->release_00029960,KRLabsOrg/verbatim-rag,v0.2.4,v0.2.5,0,0
release_00029960->release_00029961,KRLabsOrg/verbatim-rag,v0.2.5,v0.2.6,0,0
release_00029961->release_00029962,KRLabsOrg/verbatim-rag,v0.2.6,v0.2.7,0,0
release_00030091->release_00030092,KasarLabs/cairo-coder,v0.1.0,v0.1.1,0,0
release_00030092->release_00030093,KasarLabs/cairo-coder,v0.1.1,v0.2.0,0,0
release_00030093->release_00030094,KasarLabs/cairo-coder,v0.2.0,v0.2.1,0,0
release_00030094->release_00030095,KasarLabs/cairo-coder,v0.2.1,v0.2.2,0,0
release_00030095->release_00030096,KasarLabs/cairo-coder,v0.2.2,v0.3.0,1,0
release_00030096->release_00030097,KasarLabs/cairo-coder,v0.3.0,v0.3.1,0,0
release_00030097->release_00030098,KasarLabs/cairo-coder,v0.3.1,v0.4.0,0,0
release_00030438->release_00030439,KevinAHM/sonorus,v1.0.0,v1.0.2,0,0
release_00030439->release_00030440,KevinAHM/sonorus,v1.0.2,v1.0.6,49,0
release_00030699->release_00030700,KodyKendall/LlamaBot,v0.1.0,v0.1.11,1,1
release_00030700->release_00030701,KodyKendall/LlamaBot,v0.1.11,0.1.12,0,0
release_00030701->release_00030702,KodyKendall/LlamaBot,0.1.12,v0.1.14,2,1
release_00030702->release_00030703,KodyKendall/LlamaBot,v0.1.14,v0.1.15,3,1
release_00030703->release_00030704,KodyKendall/LlamaBot,v0.1.15,v0.2.0,7,1
release_00030704->release_00030705,KodyKendall/LlamaBot,v0.2.0,v0.2.1,0,0
release_00030705->release_00030706,KodyKendall/LlamaBot,v0.2.1,v0.2.2,0,0
release_00030706->release_00030707,KodyKendall/LlamaBot,v0.2.2,v0.2.6,0,0
release_00030707->release_00030708,KodyKendall/LlamaBot,v0.2.6,v0.2.14,0,1
release_00030708->release_00030709,KodyKendall/LlamaBot,v0.2.14,v0.2.21,7,1
release_00030709->release_00030710,KodyKendall/LlamaBot,v0.2.21,v0.2.22,0,0
release_00030710->release_00030711,KodyKendall/LlamaBot,v0.2.22,v0.3.0,0,0
release_00030711->release_00030712,KodyKendall/LlamaBot,v0.3.0,v0.3.1,1,1
release_00030712->release_00030713,KodyKendall/LlamaBot,v0.3.1,v0.3.2,0,0
release_00030713->release_00030714,KodyKendall/LlamaBot,v0.3.2,v0.3.3,7,1
release_00030714->release_00030715,KodyKendall/LlamaBot,v0.3.3,v0.3.4,1,1
release_00030715->release_00030716,KodyKendall/LlamaBot,v0.3.4,v0.3.5,14,1
release_00030716->release_00030717,KodyKendall/LlamaBot,v0.3.5,v0.4.0,7,1
release_00030753->release_00030754,Kovname/nano-banana-render,v1.0.0,v2.0.0,2,0
release_00030754->release_00030755,Kovname/nano-banana-render,v2.0.0,v2.1.0,0,0
release_00030755->release_00030756,Kovname/nano-banana-render,v2.1.0,2.5.0,8,0
release_00030756->release_00030757,Kovname/nano-banana-render,2.5.0,v2.6.0,2,0
release_00030757->release_00030758,Kovname/nano-banana-render,v2.6.0,v2.7.0,0,0
release_00031490->release_00031491,Lucky-183/PI-Assistant,v2.1,v2.2,0,0
release_00031491->release_00031492,Lucky-183/PI-Assistant,v2.2,v2.3,0,0
release_00031637->release_00031640,M-Chimiste/TheseusInsight,v0.0.4,v0.9.0,1,0
release_00031640->release_00031641,M-Chimiste/TheseusInsight,v0.9.0,v0.9.1,0,0
release_00031642->release_00031643,M-Chimiste/TheseusInsight,v0.9.2,v0.9.4,0,0
release_00031643->release_00031644,M-Chimiste/TheseusInsight,v0.9.4,v0.9.5.0,0,0
release_00031644->release_00031645,M-Chimiste/TheseusInsight,v0.9.5.0,v0.9.6,0,0
release_00031645->release_00031646,M-Chimiste/TheseusInsight,v0.9.6,v1.0.0,0,0
release_00031646->release_00031647,M-Chimiste/TheseusInsight,v1.0.0,v1.0.1,0,0
release_00031711->release_00031712,MCSLTeam/MCSL2,v2.2.0.0,v2.2.0.1,0,0
release_00031712->release_00031713,MCSLTeam/MCSL2,v2.2.0.1,v2.2.1.0,0,0
release_00031713->release_00031714,MCSLTeam/MCSL2,v2.2.1.0,v2.2.1.1,0,0
release_00031714->release_00031715,MCSLTeam/MCSL2,v2.2.1.1,v2.2.1.2,0,0
release_00031715->release_00031716,MCSLTeam/MCSL2,v2.2.1.2,v2.2.2.0,0,0
release_00031716->release_00031717,MCSLTeam/MCSL2,v2.2.2.0,v2.2.2.1,0,0
release_00031717->release_00031718,MCSLTeam/MCSL2,v2.2.2.1,v2.2.2.2,0,0
release_00031718->release_00031720,MCSLTeam/MCSL2,v2.2.2.2,v2.2.2.4,0,0
release_00031720->release_00031726,MCSLTeam/MCSL2,v2.2.2.4,v2.2.4.0,0,0
release_00031726->release_00031727,MCSLTeam/MCSL2,v2.2.4.0,v2.2.4.1,0,0
release_00031727->release_00031728,MCSLTeam/MCSL2,v2.2.4.1,v2.2.5.0,0,0
release_00031728->release_00031729,MCSLTeam/MCSL2,v2.2.5.0,v2.2.5.1,0,0
release_00031729->release_00031730,MCSLTeam/MCSL2,v2.2.5.1,v2.2.6.0,0,0
release_00031730->release_00031731,MCSLTeam/MCSL2,v2.2.6.0,v2.2.6.1,0,0
release_00031731->release_00031732,MCSLTeam/MCSL2,v2.2.6.1,v2.2.6.3,0,0
release_00031732->release_00031733,MCSLTeam/MCSL2,v2.2.6.3,v2.3.0.0,14,0
release_00031797->release_00031798,METR/hawk,v2026.04.20,v2026.04.27,0,0
release_00031798->release_00031799,METR/hawk,v2026.04.27,v2026.05.04,0,0
release_00031799->release_00031800,METR/hawk,v2026.05.04,v2026.05.11,0,0
release_00031800->release_00031801,METR/hawk,v2026.05.11,v2026.05.18,0,0
release_00031801->release_00031802,METR/hawk,v2026.05.18,v2026.05.25,0,0
release_00031803->release_00031804,MGdaasLab/WHartTest,v1.2.0,v1.3.0,0,0
release_00031804->release_00031805,MGdaasLab/WHartTest,v1.3.0,v1.4.0,0,0
release_00031805->release_00031806,MGdaasLab/WHartTest,v1.4.0,v2.0.0,0,0
release_00031806->release_00031808,MGdaasLab/WHartTest,v2.0.0,v2.1.1,0,0
release_00031808->release_00031809,MGdaasLab/WHartTest,v2.1.1,v2.1.2,0,0
release_00031809->release_00031810,MGdaasLab/WHartTest,v2.1.2,v2.2.0,0,0
release_00031810->release_00031811,MGdaasLab/WHartTest,v2.2.0,v2.3.0,0,0
release_00032218->release_00032219,MantisAI/sieves,v1.0.0,v1.0.1,0,0
release_00032219->release_00032220,MantisAI/sieves,v1.0.1,v1.0.2,0,0
release_00032220->release_00032221,MantisAI/sieves,v1.0.2,v1.0.3,0,0
release_00032221->release_00032222,MantisAI/sieves,v1.0.3,v1.0.4,0,0
release_00032223->release_00032224,Manumarzo/AudioTTo,v1.0.0,v1.0.1,2,0
release_00032224->release_00032225,Manumarzo/AudioTTo,v1.0.1,v1.0.2,2,0
release_00032648->release_00032649,MemMachine/MemMachine,v0.1.0,v0.1.1,1,0
release_00032649->release_00032650,MemMachine/MemMachine,v0.1.1,v0.1.2,0,0
release_00032650->release_00032651,MemMachine/MemMachine,v0.1.2,v0.1.3,0,0
release_00032651->release_00032652,MemMachine/MemMachine,v0.1.3,v0.1.4,0,0
release_00032652->release_00032653,MemMachine/MemMachine,v0.1.4,v0.1.5,0,0
release_00032653->release_00032654,MemMachine/MemMachine,v0.1.5,v0.1.6,1,0
release_00032654->release_00032655,MemMachine/MemMachine,v0.1.6,v0.1.7,3,0
release_00032655->release_00032656,MemMachine/MemMachine,v0.1.7,v0.1.8,1,0
release_00032656->release_00032657,MemMachine/MemMachine,v0.1.8,v0.1.9,0,0
release_00032657->release_00032658,MemMachine/MemMachine,v0.1.9,v0.1.10,5,0
release_00032658->release_00032661,MemMachine/MemMachine,v0.1.10,v0.2.0,0,0
release_00032661->release_00032662,MemMachine/MemMachine,v0.2.0,v0.2.1,0,0
release_00032662->release_00032663,MemMachine/MemMachine,v0.2.1,v0.2.2,0,0
release_00032663->release_00032664,MemMachine/MemMachine,v0.2.2,v0.2.3,0,0
release_00032664->release_00032665,MemMachine/MemMachine,v0.2.3,v0.2.4,0,0
release_00032665->release_00032666,MemMachine/MemMachine,v0.2.4,v0.2.5,0,0
release_00032666->release_00032667,MemMachine/MemMachine,v0.2.5,v0.2.6,1,0
release_00032667->release_00032668,MemMachine/MemMachine,v0.2.6,v0.3.0,1,0
release_00032668->release_00032669,MemMachine/MemMachine,v0.3.0,v0.3.1,0,0
release_00032669->release_00032670,MemMachine/MemMachine,v0.3.1,v0.3.2,4,0
release_00032670->release_00032671,MemMachine/MemMachine,v0.3.2,v0.3.3,1,0
release_00032671->release_00032672,MemMachine/MemMachine,v0.3.3,v0.3.4,0,0
release_00032672->release_00032673,MemMachine/MemMachine,v0.3.4,v0.3.5,0,0
release_00032673->release_00032674,MemMachine/MemMachine,v0.3.5,v0.3.6,0,0
release_00032674->release_00032675,MemMachine/MemMachine,v0.3.6,v0.3.7,0,0
release_00032675->release_00032676,MemMachine/MemMachine,v0.3.7,v0.3.8,0,0
release_00032676->release_00032677,MemMachine/MemMachine,v0.3.8,v0.3.9,0,0
release_00032759->release_00032760,MeridianAlgo/Learn-Quant,v1.1.0,v1.2.0,0,0
release_00032760->release_00032761,MeridianAlgo/Learn-Quant,v1.2.0,v1.5.0,0,0
release_00032761->release_00032762,MeridianAlgo/Learn-Quant,v1.5.0,v1.8.0,0,0
release_00032762->release_00032764,MeridianAlgo/Learn-Quant,v1.8.0,v2.0.0,0,0
release_00032764->release_00032765,MeridianAlgo/Learn-Quant,v2.0.0,v2.1.0,0,0
release_00032765->release_00032766,MeridianAlgo/Learn-Quant,v2.1.0,v2.2.0,0,0
release_00032766->release_00032767,MeridianAlgo/Learn-Quant,v2.2.0,v2.3.0,0,0
release_00032767->release_00032768,MeridianAlgo/Learn-Quant,v2.3.0,v2.4.0,0,0
release_00032768->release_00032769,MeridianAlgo/Learn-Quant,v2.4.0,v2.5.0,0,0
release_00035947->release_00035955,MigoXLab/dingo,v1.7.1,v2.1.0,1,0
release_00035955->release_00035958,MigoXLab/dingo,v2.1.0,v2.2.1,0,0
release_00035987->release_00035988,MigoXLab/webqa-agent,v0.1.0,v0.1.1,0,0
release_00035988->release_00035989,MigoXLab/webqa-agent,v0.1.1,v0.1.2,0,0
release_00035989->release_00035990,MigoXLab/webqa-agent,v0.1.2,v0.1.3,0,0
release_00035990->release_00035991,MigoXLab/webqa-agent,v0.1.3,v0.1.4,0,0
release_00035991->release_00035992,MigoXLab/webqa-agent,v0.1.4,v0.1.5,0,0
release_00035992->release_00035993,MigoXLab/webqa-agent,v0.1.5,v0.1.6,0,0
release_00035993->release_00035994,MigoXLab/webqa-agent,v0.1.6,v0.2.0,0,0
release_00035994->release_00035995,MigoXLab/webqa-agent,v0.2.0,v0.2.1,0,0
release_00035995->release_00035996,MigoXLab/webqa-agent,v0.2.1,v0.2.2,0,0
release_00035996->release_00035997,MigoXLab/webqa-agent,v0.2.2,v0.2.3,0,0
release_00035997->release_00035998,MigoXLab/webqa-agent,v0.2.3,v0.2.3.1,0,0
release_00035998->release_00035999,MigoXLab/webqa-agent,v0.2.3.1,v0.2.3.2,0,0
release_00035999->release_00036000,MigoXLab/webqa-agent,v0.2.3.2,v0.2.3.3,0,0
release_00036001->release_00036002,MigoXLab/webqa-agent,v0.3.0,v0.3.0.1,0,0
release_00036062->release_00036063,MinimalFuture/AgentMesh,0.1.0,0.1.3,0,0
release_00036063->release_00036064,MinimalFuture/AgentMesh,0.1.3,0.1.5,6,0
release_00036519->release_00036520,ModelEngine-Group/unified-cache-management,v0.1.0,v0.1.2,0,0
release_00036644->release_00036645,Montimage/NetworkFuzzer,v1.0.0,v1.0.1,0,0
release_00036771->release_00036772,MotleyAI/motleycrew,v0.1.8,v0.1.9,0,0
release_00036772->release_00036773,MotleyAI/motleycrew,v0.1.9,v0.1.10,0,0
release_00036773->release_00036774,MotleyAI/motleycrew,v0.1.10,v0.1.11,0,0
release_00036774->release_00036775,MotleyAI/motleycrew,v0.1.11,v0.1.12,0,0
release_00036775->release_00036776,MotleyAI/motleycrew,v0.1.12,v0.1.13,0,0
release_00036776->release_00036777,MotleyAI/motleycrew,v0.1.13,v0.1.14,0,0
release_00036777->release_00036778,MotleyAI/motleycrew,v0.1.14,v0.1.15,0,0
release_00036778->release_00036779,MotleyAI/motleycrew,v0.1.15,v0.2.0,0,0
release_00036779->release_00036780,MotleyAI/motleycrew,v0.2.0,v0.2.1,0,0
release_00036780->release_00036784,MotleyAI/motleycrew,v0.2.1,v0.2.5,0,0
release_00036782->release_00036783,MotleyAI/motleycrew,v0.2.3,v0.2.4,0,0
release_00036784->release_00036785,MotleyAI/motleycrew,v0.2.5,v0.3.0,0,0
release_00036785->release_00036786,MotleyAI/motleycrew,v0.3.0,v0.3.1,2,1
release_00036786->release_00036787,MotleyAI/motleycrew,v0.3.1,v0.3.3,0,0
release_00036787->release_00036788,MotleyAI/motleycrew,v0.3.3,v0.3.4,0,0
release_00036788->release_00036789,MotleyAI/motleycrew,v0.3.4,v0.3.7,0,0
release_00036863->release_00036864,NCAR/miles-credit,v2024.1.0,v2025.2.0,0,0
release_00036864->release_00036865,NCAR/miles-credit,v2025.2.0,v2025.3.0,0,0
release_00036865->release_00036866,NCAR/miles-credit,v2025.3.0,v2026.1.0,0,0
release_00036866->release_00036867,NCAR/miles-credit,v2026.1.0,v2026.1.1,0,0
release_00037047->release_00037048,NHERI-SimCenter/BrailsPlusPlus,v4.0.0,v4.1.0,0,0
release_00037048->release_00037052,NHERI-SimCenter/BrailsPlusPlus,v4.1.0,v4.2.0,0,0
release_00037052->release_00037053,NHERI-SimCenter/BrailsPlusPlus,v4.2.0,v4.3.0,0,0
release_00037054->release_00037055,NLP-LOVE/personal-llm-api,v1.0,v1.1,0,0
release_00037055->release_00037056,NLP-LOVE/personal-llm-api,v1.1,v1.2,0,0
release_00037056->release_00037057,NLP-LOVE/personal-llm-api,v1.2,v1.3,1,0
release_00037770->release_00037771,NVIDIA-NeMo/Guardrails,v0.6.0,v0.6.1,0,0
release_00037771->release_00037772,NVIDIA-NeMo/Guardrails,v0.6.1,v0.7.0,1,0
release_00037772->release_00037773,NVIDIA-NeMo/Guardrails,v0.7.0,v0.7.1,0,0
release_00037773->release_00037774,NVIDIA-NeMo/Guardrails,v0.7.1,v0.8.0,2,0
release_00037774->release_00037775,NVIDIA-NeMo/Guardrails,v0.8.0,v0.8.1,0,0
release_00037775->release_00037776,NVIDIA-NeMo/Guardrails,v0.8.1,v0.8.2,0,0
release_00037776->release_00037777,NVIDIA-NeMo/Guardrails,v0.8.2,v0.8.3,0,0
release_00037777->release_00037778,NVIDIA-NeMo/Guardrails,v0.8.3,v0.9.0,0,0
release_00037779->release_00037780,NVIDIA-NeMo/Guardrails,v0.9.1,v0.9.1.1,0,0
release_00037781->release_00037782,NVIDIA-NeMo/Guardrails,v0.10.0,v0.10.1,0,0
release_00037782->release_00037784,NVIDIA-NeMo/Guardrails,v0.10.1,v0.11.1,0,0
release_00037795->release_00037796,NVIDIA-NeMo/Guardrails,v0.21.0,v0.22.0,2,0
release_00038914->release_00038915,NousResearch/atropos,v0.2.0,v0.2.1,0,0
release_00038915->release_00038916,NousResearch/atropos,v0.2.1,v0.3.0,0,0
release_00038916->release_00038917,NousResearch/atropos,v0.3.0,v0.4.0,2,0
release_00038934->release_00038935,NovaSky-AI/SkyRL,skyrl_train-v0.1.0,skyrl_train-v0.2.0,0,0
release_00038935->release_00038937,NovaSky-AI/SkyRL,skyrl_train-v0.2.0,skyrl_train-v0.4.0,2,1
release_00038940->release_00038941,Noveum/noveum-trace,v0.1.2,v0.3.0,6,1
release_00038941->release_00038942,Noveum/noveum-trace,v0.3.0,v0.3.1,5,0
release_00038942->release_00038943,Noveum/noveum-trace,v0.3.1,v0.3.2,2,1
release_00038943->release_00038944,Noveum/noveum-trace,v0.3.2,v0.3.3,2,0
release_00038944->release_00038945,Noveum/noveum-trace,v0.3.3,v0.3.5,0,0
release_00038945->release_00038946,Noveum/noveum-trace,v0.3.5,v0.3.6,4,0
release_00038946->release_00038947,Noveum/noveum-trace,v0.3.6,v0.3.7,0,0
release_00038947->release_00038948,Noveum/noveum-trace,v0.3.7,v0.3.8,0,0
release_00038948->release_00038949,Noveum/noveum-trace,v0.3.8,v0.3.9,0,0
release_00038949->release_00038950,Noveum/noveum-trace,v0.3.9,v0.3.10,0,0
release_00038950->release_00038951,Noveum/noveum-trace,v0.3.10,v0.3.11,0,0
release_00038951->release_00038952,Noveum/noveum-trace,v0.3.11,v0.4.0,0,0
release_00038952->release_00038953,Noveum/noveum-trace,v0.4.0,v1.0.0,0,0
release_00038953->release_00038957,Noveum/noveum-trace,v1.0.0,v1.1.0,0,0
release_00038957->release_00038958,Noveum/noveum-trace,v1.1.0,v1.2.0,0,0
release_00038958->release_00038959,Noveum/noveum-trace,v1.2.0,v1.3.1,0,0
release_00038959->release_00038960,Noveum/noveum-trace,v1.3.1,v1.4.0,0,0
release_00038960->release_00038961,Noveum/noveum-trace,v1.4.0,v1.5.0,0,0
release_00038961->release_00038962,Noveum/noveum-trace,v1.5.0,v1.5.2,0,0
release_00038962->release_00038963,Noveum/noveum-trace,v1.5.2,v1.5.3,0,0
release_00038963->release_00038964,Noveum/noveum-trace,v1.5.3,v1.5.4,0,0
release_00038964->release_00038965,Noveum/noveum-trace,v1.5.4,v1.5.7,0,0
release_00038965->release_00038966,Noveum/noveum-trace,v1.5.7,v1.5.8,0,0
release_00038966->release_00038967,Noveum/noveum-trace,v1.5.8,v1.5.9,0,0
release_00038967->release_00038968,Noveum/noveum-trace,v1.5.9,v1.5.10,0,0
release_00038968->release_00038969,Noveum/noveum-trace,v1.5.10,v1.5.12,2,1
release_00038969->release_00038970,Noveum/noveum-trace,v1.5.12,v1.5.13,0,0
release_00040027->release_00040028,Open-Source-Legal/OpenContracts,v1.0.0,v1.0.1,0,0
release_00040028->release_00040029,Open-Source-Legal/OpenContracts,v1.0.1,v1.1.0,0,0
release_00040029->release_00040030,Open-Source-Legal/OpenContracts,v1.1.0,v1.2.0,0,0
release_00040030->release_00040031,Open-Source-Legal/OpenContracts,v1.2.0,v1.2.1,0,0
release_00040031->release_00040032,Open-Source-Legal/OpenContracts,v1.2.1,v1.2.2,0,0
release_00040032->release_00040033,Open-Source-Legal/OpenContracts,v1.2.2,v1.3.0,0,0
release_00040033->release_00040034,Open-Source-Legal/OpenContracts,v1.3.0,v2.0.0b1,0,0
release_00040034->release_00040035,Open-Source-Legal/OpenContracts,v2.0.0b1,v2.0.0.b2,0,0
release_00040035->release_00040036,Open-Source-Legal/OpenContracts,v2.0.0.b2,v2.0.0.b3,0,0
release_00040036->release_00040037,Open-Source-Legal/OpenContracts,v2.0.0.b3,v2.0.0,0,0
release_00040037->release_00040038,Open-Source-Legal/OpenContracts,v2.0.0,v2.0.0.post1,0,0
release_00040038->release_00040039,Open-Source-Legal/OpenContracts,v2.0.0.post1,v2.1.0,0,0
release_00040039->release_00040040,Open-Source-Legal/OpenContracts,v2.1.0,v2.2.0,0,0
release_00040040->release_00040041,Open-Source-Legal/OpenContracts,v2.2.0,v.2.3.0,0,0
release_00040041->release_00040042,Open-Source-Legal/OpenContracts,v.2.3.0,v2.3.1,0,0
release_00040042->release_00040043,Open-Source-Legal/OpenContracts,v2.3.1,v2.4.0,0,0
release_00040043->release_00040049,Open-Source-Legal/OpenContracts,v2.4.0,v3.0.0.b4,1,0
release_00040195->release_00040196,OpenBMB/ChatDev,v1.0.0,v1.0.1,0,0
release_00040196->release_00040197,OpenBMB/ChatDev,v1.0.1,v1.1.0,0,0
release_00040197->release_00040198,OpenBMB/ChatDev,v1.1.0,v1.1.1,0,0
release_00040198->release_00040202,OpenBMB/ChatDev,v1.1.1,v1.1.5,7,1
release_00040202->release_00040203,OpenBMB/ChatDev,v1.1.5,v1.1.6,0,0
release_00040204->release_00040205,OpenBMB/ChatDev,v2.0.0,v2.1.0,0,0
release_00040205->release_00040206,OpenBMB/ChatDev,v2.1.0,v2.2.0,0,0
release_00040209->release_00040210,OpenBMB/UltraRAG,v0.2.0,v0.2.1,0,0
release_00040210->release_00040211,OpenBMB/UltraRAG,v0.2.1,v0.2.1.1,0,0
release_00040211->release_00040212,OpenBMB/UltraRAG,v0.2.1.1,v0.2.1.2,0,0
release_00040212->release_00040214,OpenBMB/UltraRAG,v0.2.1.2,v0.3.0,3,0
release_00040214->release_00040215,OpenBMB/UltraRAG,v0.3.0,v0.3.0.1,0,0
release_00040215->release_00040216,OpenBMB/UltraRAG,v0.3.0.1,v0.3.0.2,0,0
release_00040217->release_00040218,OpenCSGs/csghub-dataflow,v1.15.1,v1.17.2,3,0
release_00040226->release_00040227,OpenDCAI/DataFlow,v0.0.3,v1.0.0,0,0
release_00040227->release_00040228,OpenDCAI/DataFlow,v1.0.0,v1.0.1,0,0
release_00040228->release_00040229,OpenDCAI/DataFlow,v1.0.1,v1.0.2,0,0
release_00040229->release_00040230,OpenDCAI/DataFlow,v1.0.2,v1.0.3,0,0
release_00040230->release_00040231,OpenDCAI/DataFlow,v1.0.3,v1.0.4,2,0
release_00040231->release_00040232,OpenDCAI/DataFlow,v1.0.4,v1.0.5,3,0
release_00040232->release_00040233,OpenDCAI/DataFlow,v1.0.5,v1.0.6,2,0
release_00040233->release_00040234,OpenDCAI/DataFlow,v1.0.6,v1.0.7,7,0
release_00040234->release_00040235,OpenDCAI/DataFlow,v1.0.7,v1.0.8,0,0
release_00040235->release_00040236,OpenDCAI/DataFlow,v1.0.8,v1.0.9,0,0
release_00040236->release_00040237,OpenDCAI/DataFlow,v1.0.9,v1.0.10,0,0
release_00040486->release_00040487,OpenMind/OM1,v1.0.0-beta.1,v1.0.0-beta.2,0,0
release_00040487->release_00040488,OpenMind/OM1,v1.0.0-beta.2,v1.0.0-beta.3,1,0
release_00040488->release_00040489,OpenMind/OM1,v1.0.0-beta.3,v1.0.0-beta.4,6,0
release_00040489->release_00040490,OpenMind/OM1,v1.0.0-beta.4,v1.0.0,1,1
release_00040490->release_00040491,OpenMind/OM1,v1.0.0,v1.0.1-beta.1,23,0
release_00040491->release_00040492,OpenMind/OM1,v1.0.1-beta.1,v1.0.1-beta.2,0,0
release_00040492->release_00040493,OpenMind/OM1,v1.0.1-beta.2,v1.0.1-beta.3,4,0
release_00040493->release_00040494,OpenMind/OM1,v1.0.1-beta.3,v1.0.1,0,0
release_00040494->release_00040495,OpenMind/OM1,v1.0.1,v1.0.2-beta.1,0,0
release_00040495->release_00040496,OpenMind/OM1,v1.0.2-beta.1,v1.0.2-beta.2,2,0
release_00040962->release_00040963,Orbifold/knwl,v1.7.1,v1.7.2,0,0
release_00040963->release_00040965,Orbifold/knwl,v1.7.2,v1.8.2,0,0
release_00041132->release_00041133,Osmosis-AI/osmosis-sdk-python,v0.2.16,v0.2.17,0,0
release_00041134->release_00041135,Osmosis-AI/osmosis-sdk-python,v0.2.18,v0.2.19,0,0
release_00041135->release_00041136,Osmosis-AI/osmosis-sdk-python,v0.2.19,v0.2.20,0,0
release_00041136->release_00041137,Osmosis-AI/osmosis-sdk-python,v0.2.20,v0.2.21,0,0
release_00041137->release_00041138,Osmosis-AI/osmosis-sdk-python,v0.2.21,v0.2.22,0,0
release_00041579->release_00041580,Parslee-ai/statebench,v1.0,v1.1.0,0,0
release_00041646->release_00041647,Peargent/peargent,0.1.1,0.1.2,0,0
release_00041647->release_00041648,Peargent/peargent,0.1.2,v0.1.3,0,0
release_00041648->release_00041650,Peargent/peargent,v0.1.3,v0.1.5,1,0
release_00043148->release_00043149,Project-N-E-K-O/N.E.K.O,v0.1.0,v0.2.0,0,0
release_00043149->release_00043150,Project-N-E-K-O/N.E.K.O,v0.2.0,v0.2.1,0,0
release_00043150->release_00043151,Project-N-E-K-O/N.E.K.O,v0.2.1,v0.3.0,0,0
release_00043151->release_00043152,Project-N-E-K-O/N.E.K.O,v0.3.0,v0.3.1,0,0
release_00043152->release_00043153,Project-N-E-K-O/N.E.K.O,v0.3.1,v0.3.2,0,0
release_00043153->release_00043154,Project-N-E-K-O/N.E.K.O,v0.3.2,v0.4.0,0,0
release_00043154->release_00043155,Project-N-E-K-O/N.E.K.O,v0.4.0,v0.4.1,0,0
release_00043155->release_00043156,Project-N-E-K-O/N.E.K.O,v0.4.1,v0.5.0,0,0
release_00043156->release_00043158,Project-N-E-K-O/N.E.K.O,v0.5.0,v0.5.2,0,0
release_00043158->release_00043159,Project-N-E-K-O/N.E.K.O,v0.5.2,v0.5.3,4,0
release_00043159->release_00043160,Project-N-E-K-O/N.E.K.O,v0.5.3,v0.5.4,0,0
release_00043160->release_00043161,Project-N-E-K-O/N.E.K.O,v0.5.4,0.5.5,0,0
release_00043161->release_00043162,Project-N-E-K-O/N.E.K.O,0.5.5,v0.6.0,1,0
release_00043162->release_00043163,Project-N-E-K-O/N.E.K.O,v0.6.0,v0.6.1,1,0
release_00043163->release_00043164,Project-N-E-K-O/N.E.K.O,v0.6.1,v0.6.2,0,0
release_00043164->release_00043165,Project-N-E-K-O/N.E.K.O,v0.6.2,v0.6.3,1,0
release_00043165->release_00043166,Project-N-E-K-O/N.E.K.O,v0.6.3,v0.7.0,3,0
release_00043166->release_00043167,Project-N-E-K-O/N.E.K.O,v0.7.0,v0.7.1,0,0
release_00043167->release_00043168,Project-N-E-K-O/N.E.K.O,v0.7.1,v0.7.2,2,0
release_00043168->release_00043169,Project-N-E-K-O/N.E.K.O,v0.7.2,v0.7.3,1,0
release_00043169->release_00043170,Project-N-E-K-O/N.E.K.O,v0.7.3,v0.7.4,1,0
release_00043170->release_00043171,Project-N-E-K-O/N.E.K.O,v0.7.4,v0.8.0,23,0
release_00043171->release_00043172,Project-N-E-K-O/N.E.K.O,v0.8.0,v0.8.1,0,0
release_00043230->release_00043231,Protegrity-Developer-Edition/protegrity-developer-edition,v1.0.0,v1.1.0,0,0
release_00043362->release_00043363,QIN2DIM/hcaptcha-challenger,v0.18.7,v0.18.8,0,0
release_00043363->release_00043364,QIN2DIM/hcaptcha-challenger,v0.18.8,v0.18.9,0,0
release_00043364->release_00043365,QIN2DIM/hcaptcha-challenger,v0.18.9,v0.18.10,1,0
release_00043365->release_00043366,QIN2DIM/hcaptcha-challenger,v0.18.10,v0.18.11,3,0
release_00043366->release_00043367,QIN2DIM/hcaptcha-challenger,v0.18.11,v0.18.12,0,0
release_00043367->release_00043368,QIN2DIM/hcaptcha-challenger,v0.18.12,v0.18.13,0,0
release_00043368->release_00043369,QIN2DIM/hcaptcha-challenger,v0.18.13,v0.19.0,0,0
release_00043378->release_00043379,QWED-AI/qwed-verification,v1.1.0,v2.0.1,0,0
release_00043379->release_00043380,QWED-AI/qwed-verification,v2.0.1,v2.1.0,0,0
release_00043380->release_00043382,QWED-AI/qwed-verification,v2.1.0,v2.3.0,0,0
release_00043382->release_00043383,QWED-AI/qwed-verification,v2.3.0,v2.3.1,0,0
release_00043383->release_00043384,QWED-AI/qwed-verification,v2.3.1,v2.4.0,0,0
release_00043384->release_00043385,QWED-AI/qwed-verification,v2.4.0,v2.4.1,0,0
release_00043385->release_00043386,QWED-AI/qwed-verification,v2.4.1,v3.0,0,0
release_00043388->release_00043389,QWED-AI/qwed-verification,v4.0.0,v4.0.1,5,0
release_00043391->release_00043392,QWED-AI/qwed-verification,v5.1.0,v5.1.1,0,0
release_00043713->release_00043714,RISE-UNIBAS/humanities_data_benchmark,v0.1.0,v0.2.0,0,0
release_00043714->release_00043715,RISE-UNIBAS/humanities_data_benchmark,v0.2.0,v0.2.1,0,0
release_00043715->release_00043716,RISE-UNIBAS/humanities_data_benchmark,v0.2.1,v0.2.2,0,0
release_00043716->release_00043717,RISE-UNIBAS/humanities_data_benchmark,v0.2.2,v0.3.0,0,0
release_00043717->release_00043718,RISE-UNIBAS/humanities_data_benchmark,v0.3.0,v0.3.1,0,0
release_00043718->release_00043719,RISE-UNIBAS/humanities_data_benchmark,v0.3.1,v0.4.0,0,0
release_00043719->release_00043720,RISE-UNIBAS/humanities_data_benchmark,v0.4.0,v0.4.1,0,0
release_00043720->release_00043721,RISE-UNIBAS/humanities_data_benchmark,v0.4.1,v0.5.0,1,0
release_00043721->release_00043722,RISE-UNIBAS/humanities_data_benchmark,v0.5.0,v0.5.1,0,0
release_00044069->release_00044070,Realiserad/fish-ai,v0.9.0,v0.9.3,0,0
release_00044070->release_00044071,Realiserad/fish-ai,v0.9.3,v0.9.7,0,0
release_00044071->release_00044072,Realiserad/fish-ai,v0.9.7,v0.9.10,0,0
release_00044072->release_00044073,Realiserad/fish-ai,v0.9.10,v0.10.0,0,0
release_00044073->release_00044075,Realiserad/fish-ai,v0.10.0,v0.13.4,0,0
release_00044075->release_00044076,Realiserad/fish-ai,v0.13.4,v0.14.0,1,0
release_00044076->release_00044077,Realiserad/fish-ai,v0.14.0,v0.15.3,0,0
release_00044077->release_00044078,Realiserad/fish-ai,v0.15.3,v0.17.0,0,0
release_00044078->release_00044079,Realiserad/fish-ai,v0.17.0,v0.18.0,0,0
release_00044079->release_00044081,Realiserad/fish-ai,v0.18.0,v1.0.3,0,0
release_00044081->release_00044082,Realiserad/fish-ai,v1.0.3,v1.1.0,0,0
release_00044082->release_00044083,Realiserad/fish-ai,v1.1.0,v1.1.2,0,0
release_00044083->release_00044085,Realiserad/fish-ai,v1.1.2,v1.4.1,1,0
release_00044085->release_00044086,Realiserad/fish-ai,v1.4.1,v1.5.0,0,0
release_00044086->release_00044087,Realiserad/fish-ai,v1.5.0,v1.7.0,0,0
release_00044087->release_00044088,Realiserad/fish-ai,v1.7.0,v1.8.0,1,0
release_00044088->release_00044089,Realiserad/fish-ai,v1.8.0,v2.0.0,0,0
release_00044089->release_00044090,Realiserad/fish-ai,v2.0.0,v2.0.1,0,0
release_00044090->release_00044091,Realiserad/fish-ai,v2.0.1,v2.0.3,0,0
release_00044091->release_00044092,Realiserad/fish-ai,v2.0.3,v2.1.0,0,0
release_00044092->release_00044093,Realiserad/fish-ai,v2.1.0,v2.3.0,0,0
release_00044093->release_00044094,Realiserad/fish-ai,v2.3.0,v2.3.1,0,0
release_00044094->release_00044095,Realiserad/fish-ai,v2.3.1,v2.5.0,0,0
release_00044095->release_00044096,Realiserad/fish-ai,v2.5.0,v2.7.2,1,0
release_00044096->release_00044097,Realiserad/fish-ai,v2.7.2,v2.9.0,0,0
release_00044097->release_00044098,Realiserad/fish-ai,v2.9.0,v2.9.3,0,0
release_00044098->release_00044099,Realiserad/fish-ai,v2.9.3,v2.10.0,0,0
release_00044099->release_00044100,Realiserad/fish-ai,v2.10.0,v2.10.2,0,0
release_00044100->release_00044101,Realiserad/fish-ai,v2.10.2,v2.10.5,0,0
release_00044101->release_00044102,Realiserad/fish-ai,v2.10.5,v2.10.6,0,0
release_00044102->release_00044103,Realiserad/fish-ai,v2.10.6,v2.11.1,1,0
release_00044647->release_00044648,Rishabh-Bajpai/Personal-Guru,v0.1.2,v0.2.0,1,0
release_00045006->release_00045007,Routstr/routstr-core,v0.1,v0.1.1,8,0
release_00045007->release_00045008,Routstr/routstr-core,v0.1.1,v0.1.2,0,0
release_00045008->release_00045009,Routstr/routstr-core,v0.1.2,v0.1.3,0,0
release_00045009->release_00045011,Routstr/routstr-core,v0.1.3,v0.2.0c,0,0
release_00045011->release_00045012,Routstr/routstr-core,v0.2.0c,v0.2.1,0,0
release_00045012->release_00045013,Routstr/routstr-core,v0.2.1,v0.2.2,0,0
release_00045013->release_00045014,Routstr/routstr-core,v0.2.2,v0.3.0,0,0
release_00045014->release_00045015,Routstr/routstr-core,v0.3.0,v0.4.2,0,0
release_00045015->release_00045016,Routstr/routstr-core,v0.4.2,v0.4.3,0,0
release_00045433->release_00045434,SRInternet-Studio/Jianer_QQ_bot,v2.0,v2.0.1,0,0
release_00045434->release_00045439,SRInternet-Studio/Jianer_QQ_bot,v2.0.1,v3.1.0,5,0
release_00045637->release_00045638,SalesforceAIResearch/MCP-Universe,v1.0.0,v1.0.1,2,0
release_00045642->release_00045643,SalesforceAIResearch/MCP-Universe,v1.1.0,v1.1.1,0,0
release_00045643->release_00045645,SalesforceAIResearch/MCP-Universe,v1.1.1,v1.1.3,0,0
release_00046648->release_00046649,ServiceNow/AgentLab,v0.3.0,v0.3.1,0,0
release_00046649->release_00046660,ServiceNow/AgentLab,v0.3.1,v0.3.2,0,0
release_00046660->release_00046661,ServiceNow/AgentLab,v0.3.2,v0.4.0,0,0
release_00046661->release_00046662,ServiceNow/AgentLab,v0.4.0,v0.4.1,2,0
release_00046662->release_00046663,ServiceNow/AgentLab,v0.4.1,v0.4.2,0,0
release_00046725->release_00046726,ServiceNow/eva,0.1.1,0.1.3,0,0
release_00046726->release_00046727,ServiceNow/eva,0.1.3,2.0.0,0,0
release_00047289->release_00047290,SibNN/asr_eval,v0.3.0,v0.4.0,0,0
release_00047914->release_00047915,Social-AI-VU/social-interaction-cloud,v2.0.38,v2.0.39,0,0
release_00047915->release_00047918,Social-AI-VU/social-interaction-cloud,v2.0.39,v2.1.0,0,0
release_00047918->release_00047919,Social-AI-VU/social-interaction-cloud,v2.1.0,v2.1.1,0,0
release_00047919->release_00047920,Social-AI-VU/social-interaction-cloud,v2.1.1,v2.1.2,0,0
release_00047920->release_00047921,Social-AI-VU/social-interaction-cloud,v2.1.2,v2.1.3,0,0
release_00047921->release_00047924,Social-AI-VU/social-interaction-cloud,v2.1.3,2.1.6,0,0
release_00047924->release_00047925,Social-AI-VU/social-interaction-cloud,2.1.6,v2.1.7,0,0
release_00047925->release_00047926,Social-AI-VU/social-interaction-cloud,v2.1.7,v2.1.8,0,0
release_00047926->release_00047927,Social-AI-VU/social-interaction-cloud,v2.1.8,v2.1.9,0,0
release_00047927->release_00047928,Social-AI-VU/social-interaction-cloud,v2.1.9,v2.2.0,0,0
release_00047928->release_00047929,Social-AI-VU/social-interaction-cloud,v2.2.0,v2.2.1,0,0
release_00047929->release_00047930,Social-AI-VU/social-interaction-cloud,v2.2.1,v2.2.2,0,0
release_00047930->release_00047931,Social-AI-VU/social-interaction-cloud,v2.2.2,v2.2.3,0,0
release_00048532->release_00048533,SponsioLabs/Sponsio,v0.1.0,v0.1.1,0,0
release_00048612->release_00048613,Stanzin7/ExtensionShield,v0.1.1,V0.1.2,0,0
release_00048630->release_00048631,Steven-Low/gemini_cloud_stt,v1.0.0,v2.0.0,0,0
release_00048631->release_00048632,Steven-Low/gemini_cloud_stt,v2.0.0,v3.0.0,0,0
release_00048632->release_00048633,Steven-Low/gemini_cloud_stt,v3.0.0,v3.0.1,0,0
release_00048633->release_00048634,Steven-Low/gemini_cloud_stt,v3.0.1,v3.1.0,9,0
release_00048804->release_00048805,SuanmoSuanyangTechnology/MemoryBear,v0.3.2,v0.3.3,0,0
release_00048805->release_00048806,SuanmoSuanyangTechnology/MemoryBear,v0.3.3,v0.3.4,0,0
release_00048839->release_00048840,SuffolkLITLab/FormFyxer,v0.0.3,v0.0.4,0,0
release_00048840->release_00048841,SuffolkLITLab/FormFyxer,v0.0.4,v0.0.5,0,0
release_00048841->release_00048843,SuffolkLITLab/FormFyxer,v0.0.5,v0.0.8,0,0
release_00048843->release_00048844,SuffolkLITLab/FormFyxer,v0.0.8,v0.0.9,0,0
release_00048844->release_00048845,SuffolkLITLab/FormFyxer,v0.0.9,v0.0.10,0,0
release_00048845->release_00048846,SuffolkLITLab/FormFyxer,v0.0.10,v0.0.10.1,0,0
release_00048846->release_00048847,SuffolkLITLab/FormFyxer,v0.0.10.1,v0.1.1,0,1
release_00048847->release_00048848,SuffolkLITLab/FormFyxer,v0.1.1,v0.2.0,0,0
release_00048848->release_00048849,SuffolkLITLab/FormFyxer,v0.2.0,v0.3.0a1,0,0
release_00048849->release_00048850,SuffolkLITLab/FormFyxer,v0.3.0a1,v0.3.0a2,2,1
release_00048850->release_00048851,SuffolkLITLab/FormFyxer,v0.3.0a2,v0.3.0a3,0,0
release_00048851->release_00048852,SuffolkLITLab/FormFyxer,v0.3.0a3,v1.0.0,16,0
release_00048852->release_00048853,SuffolkLITLab/FormFyxer,v1.0.0,v1.0.1,0,0
release_00048853->release_00048854,SuffolkLITLab/FormFyxer,v1.0.1,v1.1.0,2,0
release_00048854->release_00048855,SuffolkLITLab/FormFyxer,v1.1.0,v1.1.1,0,0
release_00048984->release_00048985,SuperagenticAI/superoptix,0.2.9,0.2.20,0,0
release_00048985->release_00048986,SuperagenticAI/superoptix,0.2.20,0.2.22,0,0
release_00048986->release_00048987,SuperagenticAI/superoptix,0.2.22,0.2.25,0,0
release_00049055->release_00049056,Sushegaad/Responsible-AI-Model-Evaluations,v0.1.0,v0.2.0,1,0
release_00049056->release_00049057,Sushegaad/Responsible-AI-Model-Evaluations,v0.2.0,v0.3.0,0,0
release_00049270->release_00049271,Syslifters/reptor,0.2,0.3,0,0
release_00049271->release_00049272,Syslifters/reptor,0.3,0.4,0,0
release_00049272->release_00049273,Syslifters/reptor,0.4,0.5,0,0
release_00049273->release_00049274,Syslifters/reptor,0.5,0.6,0,0
release_00049274->release_00049275,Syslifters/reptor,0.6,0.7,0,0
release_00049275->release_00049276,Syslifters/reptor,0.7,0.8,0,0
release_00049276->release_00049277,Syslifters/reptor,0.8,0.9,0,0
release_00049277->release_00049279,Syslifters/reptor,0.9,0.11,0,0
release_00049279->release_00049280,Syslifters/reptor,0.11,0.12,0,0
release_00049280->release_00049281,Syslifters/reptor,0.12,0.13,0,0
release_00049281->release_00049282,Syslifters/reptor,0.13,0.14,0,0
release_00049282->release_00049284,Syslifters/reptor,0.14,0.16,0,0
release_00049284->release_00049285,Syslifters/reptor,0.16,0.17,0,0
release_00049285->release_00049286,Syslifters/reptor,0.17,0.18,0,0
release_00049286->release_00049287,Syslifters/reptor,0.18,0.19,0,0
release_00049287->release_00049288,Syslifters/reptor,0.19,0.20,0,0
release_00049288->release_00049289,Syslifters/reptor,0.20,0.21,0,0
release_00049289->release_00049290,Syslifters/reptor,0.21,0.22,0,0
release_00049290->release_00049291,Syslifters/reptor,0.22,0.23,0,0
release_00049291->release_00049292,Syslifters/reptor,0.23,0.24,0,0
release_00049292->release_00049293,Syslifters/reptor,0.24,0.25,0,0
release_00049293->release_00049294,Syslifters/reptor,0.25,0.26,0,0
release_00049294->release_00049295,Syslifters/reptor,0.26,0.27,0,0
release_00049295->release_00049296,Syslifters/reptor,0.27,0.28,0,0
release_00049296->release_00049297,Syslifters/reptor,0.28,0.29,0,0
release_00049297->release_00049298,Syslifters/reptor,0.29,0.30,0,0
release_00049298->release_00049299,Syslifters/reptor,0.30,0.31,0,0
release_00049299->release_00049300,Syslifters/reptor,0.31,0.32,0,0
release_00049300->release_00049301,Syslifters/reptor,0.32,0.33,0,0
release_00049301->release_00049302,Syslifters/reptor,0.33,0.34,0,0
release_00049677->release_00049678,TeleAI-UAGI/telemem,v1.0.0,v1.1.0,7,0
release_00049678->release_00049679,TeleAI-UAGI/telemem,v1.1.0,v1.2.0,1,0
release_00049679->release_00049680,TeleAI-UAGI/telemem,v1.2.0,v1.3.0,0,0
release_00049829->release_00049830,TensorAuto/OpenTau,v0.1.0,v0.1.1,0,0
release_00049830->release_00049831,TensorAuto/OpenTau,v0.1.1,v0.1.2,0,0
release_00049831->release_00049832,TensorAuto/OpenTau,v0.1.2,v0.2.0,0,0
release_00049832->release_00049833,TensorAuto/OpenTau,v0.2.0,v0.3.0,0,0
release_00049833->release_00049834,TensorAuto/OpenTau,v0.3.0,v0.4.0,0,0
release_00049834->release_00049835,TensorAuto/OpenTau,v0.4.0,v0.5.0,2,0
release_00049845->release_00049846,TeskaLabs/seacat-auth,v22.1.1,v22.8,0,0
release_00049846->release_00049847,TeskaLabs/seacat-auth,v22.8,v22.10,0,0
release_00049847->release_00049848,TeskaLabs/seacat-auth,v22.10,v22.16,0,0
release_00049848->release_00049849,TeskaLabs/seacat-auth,v22.16,v22.21,0,0
release_00049849->release_00049850,TeskaLabs/seacat-auth,v22.21,v22.26,0,0
release_00049850->release_00049851,TeskaLabs/seacat-auth,v22.26,v22.27,0,0
release_00049851->release_00049852,TeskaLabs/seacat-auth,v22.27,v22.28,0,0
release_00049852->release_00049853,TeskaLabs/seacat-auth,v22.28,v22.30,0,0
release_00049853->release_00049854,TeskaLabs/seacat-auth,v22.30,v22.38,0,0
release_00049854->release_00049855,TeskaLabs/seacat-auth,v22.38,v22.44,0,0
release_00049855->release_00049856,TeskaLabs/seacat-auth,v22.44,v22.46,0,0
release_00049856->release_00049857,TeskaLabs/seacat-auth,v22.46,v22.48,0,0
release_00049857->release_00049858,TeskaLabs/seacat-auth,v22.48,v23.3,0,0
release_00049858->release_00049860,TeskaLabs/seacat-auth,v23.3,v23.08-alpha,0,0
release_00049860->release_00049861,TeskaLabs/seacat-auth,v23.08-alpha,v23.08.01-alpha,0,0
release_00049863->release_00049864,TeskaLabs/seacat-auth,v23.16-beta,v23.16-beta1,0,0
release_00049865->release_00049866,TeskaLabs/seacat-auth,v23.18-beta,v23.23-beta,0,0
release_00049866->release_00049867,TeskaLabs/seacat-auth,v23.23-beta,v23.27-beta,0,0
release_00049867->release_00049868,TeskaLabs/seacat-auth,v23.27-beta,v23.30-beta,0,0
release_00049868->release_00049869,TeskaLabs/seacat-auth,v23.30-beta,v23.32-beta,0,0
release_00049869->release_00049870,TeskaLabs/seacat-auth,v23.32-beta,v23.33-beta,0,0
release_00049870->release_00049872,TeskaLabs/seacat-auth,v23.33-beta,v23.36-beta,0,0
release_00049872->release_00049873,TeskaLabs/seacat-auth,v23.36-beta,v23.37-beta,0,0
release_00049873->release_00049874,TeskaLabs/seacat-auth,v23.37-beta,v23.37-beta1,0,0
release_00049874->release_00049875,TeskaLabs/seacat-auth,v23.37-beta1,v23.39-beta,0,0
release_00049875->release_00049876,TeskaLabs/seacat-auth,v23.39-beta,v23.42-beta,0,0
release_00049876->release_00049877,TeskaLabs/seacat-auth,v23.42-beta,v23.42-beta1,0,0
release_00049877->release_00049878,TeskaLabs/seacat-auth,v23.42-beta1,v23.42-beta2,0,0
release_00049878->release_00049883,TeskaLabs/seacat-auth,v23.42-beta2,v23.44-beta,0,0
release_00049883->release_00049887,TeskaLabs/seacat-auth,v23.44-beta,v23.47-beta,0,0
release_00049887->release_00049889,TeskaLabs/seacat-auth,v23.47-beta,v23.47-beta2,0,0
release_00049889->release_00049923,TeskaLabs/seacat-auth,v23.47-beta2,v23.47.1,0,0
release_00049897->release_00049901,TeskaLabs/seacat-auth,v24.06-beta,v24.06-beta2,0,0
release_00049901->release_00049903,TeskaLabs/seacat-auth,v24.06-beta2,v24.06-beta3,0,0
release_00049903->release_00049911,TeskaLabs/seacat-auth,v24.06-beta3,v24.06-beta4,0,0
release_00049911->release_00049915,TeskaLabs/seacat-auth,v24.06-beta4,v24.17-beta1,0,0
release_00049915->release_00049930,TeskaLabs/seacat-auth,v24.17-beta1,v24.17-beta3,0,0
release_00049922->release_00049937,TeskaLabs/seacat-auth,v24.17-beta2,v24.20-beta1,0,0
release_00049930->release_00049940,TeskaLabs/seacat-auth,v24.17-beta3,v24.17.1,0,0
release_00049937->release_00049945,TeskaLabs/seacat-auth,v24.20-beta1,v24.20-beta3,0,0
release_00049940->release_00049941,TeskaLabs/seacat-auth,v24.17.1,v24.17.2,0,0
release_00049952->release_00049956,TeskaLabs/seacat-auth,v24.29-beta,v24.29-beta2,0,0
release_00049956->release_00049966,TeskaLabs/seacat-auth,v24.29-beta2,v24.29.1,0,0
release_00049996->release_00050010,TeskaLabs/seacat-auth,v24.45,v24.45.01,0,0
release_00050013->release_00050020,TeskaLabs/seacat-auth,v25.05,v25.05.01,0,0
release_00050020->release_00050023,TeskaLabs/seacat-auth,v25.05.01,v25.05.02,0,0
release_00050023->release_00050030,TeskaLabs/seacat-auth,v25.05.02,v25.05.03,0,0
release_00050030->release_00050031,TeskaLabs/seacat-auth,v25.05.03,v25.05.04,0,0
release_00050031->release_00050036,TeskaLabs/seacat-auth,v25.05.04,v25.05.05,0,0
release_00050035->release_00050042,TeskaLabs/seacat-auth,v25.13,v25.13.01,0,0
release_00050036->release_00050039,TeskaLabs/seacat-auth,v25.05.05,v25.05.06,0,0
release_00050039->release_00050041,TeskaLabs/seacat-auth,v25.05.06,v25.05.07,0,0
release_00050051->release_00050061,TeskaLabs/seacat-auth,v25.26,v25.26.1,0,0
release_00050061->release_00050063,TeskaLabs/seacat-auth,v25.26.1,v25.26.02,0,0
release_00050063->release_00050067,TeskaLabs/seacat-auth,v25.26.02,v25.26.03,0,0
release_00050067->release_00050073,TeskaLabs/seacat-auth,v25.26.03,v25.26.04,0,0
release_00050093->release_00050110,TeskaLabs/seacat-auth,v25.38,v25.38.01,0,0
release_00050110->release_00050113,TeskaLabs/seacat-auth,v25.38.01,v25.38.02,0,0
release_00050893->release_00050894,TheLucasSchwarz/zeroshotENGINE,0.1.1,0.1.2,0,0
release_00050894->release_00050895,TheLucasSchwarz/zeroshotENGINE,0.1.2,0.1.3,0,0
release_00050895->release_00050896,TheLucasSchwarz/zeroshotENGINE,0.1.3,0.1.4,0,0
release_00050896->release_00050897,TheLucasSchwarz/zeroshotENGINE,0.1.4,0.1.5,0,0
release_00050897->release_00050898,TheLucasSchwarz/zeroshotENGINE,0.1.5,0.2.0,3,0
release_00050898->release_00050899,TheLucasSchwarz/zeroshotENGINE,0.2.0,0.2.1,0,0
release_00051810->release_00051811,TutteInstitute/toponymy,release-0.4.0,release-0.5.0,9,0
release_00051811->release_00051812,TutteInstitute/toponymy,release-0.5.0,release-0.5.1,0,0
release_00051842->release_00051845,TwooSix/Openlist-Ani,v1.0.0.dev260304,v1.0.0.dev260323,0,0
release_00051845->release_00051846,TwooSix/Openlist-Ani,v1.0.0.dev260323,v1.0.0.dev260426,0,0
release_00051846->release_00051847,TwooSix/Openlist-Ani,v1.0.0.dev260426,v1.0.0.dev260518,0,0
release_00052279->release_00052280,VIDA-NYU/bdi-kit,0.2.0,0.3.0,0,0
release_00052280->release_00052281,VIDA-NYU/bdi-kit,0.3.0,0.4.0,0,0
release_00052281->release_00052282,VIDA-NYU/bdi-kit,0.4.0,0.5.0,0,0
release_00052282->release_00052283,VIDA-NYU/bdi-kit,0.5.0,0.6.0,3,0
release_00052283->release_00052285,VIDA-NYU/bdi-kit,0.6.0,0.7.0,2,0
release_00052284->release_00052279,VIDA-NYU/bdi-kit,0.1.0,0.2.0,0,0
release_00052285->release_00052286,VIDA-NYU/bdi-kit,0.7.0,0.8.0,4,0
release_00052286->release_00052287,VIDA-NYU/bdi-kit,0.8.0,0.9.0,0,0
release_00052287->release_00052288,VIDA-NYU/bdi-kit,0.9.0,0.10.0,0,0
release_00052290->release_00052291,VRSEN/agency-swarm,v0.1.0,v0.1.1,0,0
release_00052291->release_00052292,VRSEN/agency-swarm,v0.1.1,v0.1.2,0,0
release_00052292->release_00052293,VRSEN/agency-swarm,v0.1.2,v0.1.3,0,0
release_00052293->release_00052294,VRSEN/agency-swarm,v0.1.3,v0.1.4,0,0
release_00052294->release_00052295,VRSEN/agency-swarm,v0.1.4,v0.1.5,0,0
release_00052295->release_00052296,VRSEN/agency-swarm,v0.1.5,v0.1.6,0,0
release_00052296->release_00052297,VRSEN/agency-swarm,v0.1.6,v0.1.7,0,0
release_00052297->release_00052298,VRSEN/agency-swarm,v0.1.7,v0.2.0,0,0
release_00052298->release_00052299,VRSEN/agency-swarm,v0.2.0,v0.2.1,0,0
release_00052299->release_00052300,VRSEN/agency-swarm,v0.2.1,v0.2.2,0,0
release_00052300->release_00052301,VRSEN/agency-swarm,v0.2.2,v0.2.3,0,0
release_00052301->release_00052302,VRSEN/agency-swarm,v0.2.3,v0.2.5,0,0
release_00052302->release_00052303,VRSEN/agency-swarm,v0.2.5,v0.2.6,0,0
release_00052303->release_00052304,VRSEN/agency-swarm,v0.2.6,v0.3.0,0,0
release_00052304->release_00052305,VRSEN/agency-swarm,v0.3.0,v0.3.1,0,0
release_00052305->release_00052306,VRSEN/agency-swarm,v0.3.1,v0.4.0,0,0
release_00052306->release_00052308,VRSEN/agency-swarm,v0.4.0,v0.4.2,0,0
release_00052308->release_00052312,VRSEN/agency-swarm,v0.4.2,v0.4.6,0,0
release_00052312->release_00052313,VRSEN/agency-swarm,v0.4.6,v0.5.0,0,0
release_00052313->release_00052314,VRSEN/agency-swarm,v0.5.0,v0.5.1,0,0
release_00052314->release_00052315,VRSEN/agency-swarm,v0.5.1,v0.6.0,0,0
release_00052315->release_00052316,VRSEN/agency-swarm,v0.6.0,v0.6.1,0,0
release_00052316->release_00052317,VRSEN/agency-swarm,v0.6.1,v0.6.2,0,0
release_00052317->release_00052318,VRSEN/agency-swarm,v0.6.2,v0.6.3,0,0
release_00052318->release_00052321,VRSEN/agency-swarm,v0.6.3,v0.7.0,0,0
release_00052321->release_00052322,VRSEN/agency-swarm,v0.7.0,v0.7.1,0,0
release_00052322->release_00052326,VRSEN/agency-swarm,v0.7.1,v0.7.2,0,0
release_00052326->release_00052328,VRSEN/agency-swarm,v0.7.2,v1.0.0,1,0
release_00052328->release_00052329,VRSEN/agency-swarm,v1.0.0,v1.0.1,0,0
release_00052329->release_00052330,VRSEN/agency-swarm,v1.0.1,v1.0.2,0,0
release_00052330->release_00052331,VRSEN/agency-swarm,v1.0.2,v1.1.0,1,1
release_00052331->release_00052332,VRSEN/agency-swarm,v1.1.0,v1.2.0,0,0
release_00052332->release_00052333,VRSEN/agency-swarm,v1.2.0,v1.2.1,0,0
release_00052333->release_00052334,VRSEN/agency-swarm,v1.2.1,v1.3.0,0,0
release_00052334->release_00052335,VRSEN/agency-swarm,v1.3.0,v1.3.1,0,0
release_00052335->release_00052336,VRSEN/agency-swarm,v1.3.1,v1.4.0,0,0
release_00052336->release_00052337,VRSEN/agency-swarm,v1.4.0,v1.4.1,0,0
release_00052337->release_00052338,VRSEN/agency-swarm,v1.4.1,v1.5.0,0,0
release_00052338->release_00052339,VRSEN/agency-swarm,v1.5.0,v1.6.0,3,0
release_00052339->release_00052340,VRSEN/agency-swarm,v1.6.0,v1.7.0,4,1
release_00052340->release_00052341,VRSEN/agency-swarm,v1.7.0,v1.8.0,2,0
release_00052341->release_00052342,VRSEN/agency-swarm,v1.8.0,v1.9.0,12,1
release_00052342->release_00052343,VRSEN/agency-swarm,v1.9.0,v1.9.1,0,0
release_00052343->release_00052344,VRSEN/agency-swarm,v1.9.1,v1.9.2,3,1
release_00052345->release_00052346,VRSEN/agency-swarm,v1.9.3,v1.9.4,0,0
release_00052346->release_00052347,VRSEN/agency-swarm,v1.9.4,v1.9.5,1,1
release_00052347->release_00052348,VRSEN/agency-swarm,v1.9.5,v1.9.6,0,0
release_00052348->release_00052349,VRSEN/agency-swarm,v1.9.6,v1.9.7,2,0
release_00052349->release_00052350,VRSEN/agency-swarm,v1.9.7,v1.9.8,0,0
release_00052350->release_00052351,VRSEN/agency-swarm,v1.9.8,v1.9.9,0,0
release_00052529->release_00052530,Veta-one/ClipGen,v2.0.2,v2.0.3,0,0
release_00052530->release_00052531,Veta-one/ClipGen,v2.0.3,v2.1.0,1,0
release_00052531->release_00052532,Veta-one/ClipGen,v2.1.0,v2.2.0,0,0
release_00052532->release_00052533,Veta-one/ClipGen,v2.2.0,v2.3.0,1,0
release_00052891->release_00052892,WEIFENG2333/VideoCaptioner,v1.0.0,v1.1.0,1,0
release_00052892->release_00052893,WEIFENG2333/VideoCaptioner,v1.1.0,v1.1.1,0,0
release_00052893->release_00052894,WEIFENG2333/VideoCaptioner,v1.1.1,v1.2.0,1,0
release_00052894->release_00052895,WEIFENG2333/VideoCaptioner,v1.2.0,v1.3.0,0,0
release_00052895->release_00052896,WEIFENG2333/VideoCaptioner,v1.3.0,v1.3.1,0,0
release_00052896->release_00052897,WEIFENG2333/VideoCaptioner,v1.3.1,v1.3.2,0,0
release_00052897->release_00052898,WEIFENG2333/VideoCaptioner,v1.3.2,v1.3.3,0,0
release_00052899->release_00052900,WEIFENG2333/VideoCaptioner,v1.4.1,v1.4.2,0,0
release_00052958->release_00052959,WaveAssist/WaveAssist,0.0.1,0.0.2,0,0
release_00052959->release_00052960,WaveAssist/WaveAssist,0.0.2,0.0.3,0,0
release_00052960->release_00052961,WaveAssist/WaveAssist,0.0.3,0.0.4,0,0
release_00052961->release_00052962,WaveAssist/WaveAssist,0.0.4,0.0.5,0,0
release_00052962->release_00052963,WaveAssist/WaveAssist,0.0.5,0.0.6,0,0
release_00052963->release_00052964,WaveAssist/WaveAssist,0.0.6,0.0.7,0,0
release_00052964->release_00052965,WaveAssist/WaveAssist,0.0.7,0.0.8,0,0
release_00052965->release_00052966,WaveAssist/WaveAssist,0.0.8,0.1.0,0,0
release_00052966->release_00052967,WaveAssist/WaveAssist,0.1.0,0.1.1,0,0
release_00052967->release_00052968,WaveAssist/WaveAssist,0.1.1,0.1.2,0,0
release_00052968->release_00052969,WaveAssist/WaveAssist,0.1.2,0.1.3,0,0
release_00052969->release_00052970,WaveAssist/WaveAssist,0.1.3,0.1.4,0,0
release_00052970->release_00052971,WaveAssist/WaveAssist,0.1.4,0.1.5,0,0
release_00052971->release_00052972,WaveAssist/WaveAssist,0.1.5,0.1.6,0,0
release_00052972->release_00052973,WaveAssist/WaveAssist,0.1.6,0.1.7,0,0
release_00052973->release_00052974,WaveAssist/WaveAssist,0.1.7,0.1.8,0,0
release_00052974->release_00052975,WaveAssist/WaveAssist,0.1.8,0.1.9,0,0
release_00052975->release_00052976,WaveAssist/WaveAssist,0.1.9,0.2.0,0,0
release_00052976->release_00052977,WaveAssist/WaveAssist,0.2.0,0.3.0,0,0
release_00052977->release_00052978,WaveAssist/WaveAssist,0.3.0,0.3.1,0,0
release_00052978->release_00052979,WaveAssist/WaveAssist,0.3.1,0.3.2,0,0
release_00052979->release_00052980,WaveAssist/WaveAssist,0.3.2,0.4.0,3,0
release_00052980->release_00052981,WaveAssist/WaveAssist,0.4.0,0.4.1,0,0
release_00052981->release_00052982,WaveAssist/WaveAssist,0.4.1,0.5.0,0,0
release_00052982->release_00052983,WaveAssist/WaveAssist,0.5.0,0.6.0,0,0
release_00052983->release_00052984,WaveAssist/WaveAssist,0.6.0,0.6.1,0,0
release_00052984->release_00052988,WaveAssist/WaveAssist,0.6.1,0.7.2,0,0
release_00052988->release_00052989,WaveAssist/WaveAssist,0.7.2,0.8.0,0,0
release_00053970->release_00053971,XLPRUtils/pyxllib,v4.27,v4.33.2,0,0
release_00054228->release_00054229,YongchengYAO/MedVision,v1.0.0,v1.1.0,0,0
release_00054410->release_00054412,ZimoLiao/scholaraio,v1.0.0,v1.3.0,0,0
release_00054412->release_00054414,ZimoLiao/scholaraio,v1.3.0,v1.5.0,1,0
release_00055206->release_00055207,aaronsb/knowledge-graph-system,v0.11.0,v0.12.0,11,0
release_00055621->release_00055622,abundant-ai/SWE-gen,v0.1.0,v0.1.1,1,0
release_00055637->release_00055638,acasto/iptic-memex,v1.0.0,v1.1.0,0,0
release_00055638->release_00055639,acasto/iptic-memex,v1.1.0,v1.2.4,0,0
release_00055639->release_00055640,acasto/iptic-memex,v1.2.4,v1.3.0,0,0
release_00055640->release_00055641,acasto/iptic-memex,v1.3.0,v2.0.0,0,0
release_00055641->release_00055642,acasto/iptic-memex,v2.0.0,v2.0.1,0,0
release_00055642->release_00055643,acasto/iptic-memex,v2.0.1,v2.0.2,0,0
release_00055643->release_00055644,acasto/iptic-memex,v2.0.2,v2.0.3,0,0
release_00055644->release_00055645,acasto/iptic-memex,v2.0.3,v2.0.4,0,0
release_00055645->release_00055646,acasto/iptic-memex,v2.0.4,v2.1.0,0,0
release_00055646->release_00055647,acasto/iptic-memex,v2.1.0,v2.2.0,2,0
release_00055647->release_00055648,acasto/iptic-memex,v2.2.0,v2.2.1,0,0
release_00055648->release_00055649,acasto/iptic-memex,v2.2.1,v2.2.2,0,0
release_00055772->release_00055773,adamkarvonen/SAEBench,v0.1.0,v0.2.0,0,0
release_00055773->release_00055774,adamkarvonen/SAEBench,v0.2.0,v0.3.0,0,0
release_00055774->release_00055775,adamkarvonen/SAEBench,v0.3.0,v0.3.1,0,0
release_00055775->release_00055776,adamkarvonen/SAEBench,v0.3.1,v0.3.2,0,0
release_00055776->release_00055777,adamkarvonen/SAEBench,v0.3.2,v0.4.0,0,0
release_00055777->release_00055778,adamkarvonen/SAEBench,v0.4.0,v0.4.1,0,0
release_00055778->release_00055779,adamkarvonen/SAEBench,v0.4.1,v0.4.2,0,0
release_00055779->release_00055780,adamkarvonen/SAEBench,v0.4.2,v0.5.0,0,0
release_00055780->release_00055781,adamkarvonen/SAEBench,v0.5.0,v0.5.1,0,0
release_00055781->release_00055782,adamkarvonen/SAEBench,v0.5.1,v0.6.0,0,0
release_00055793->release_00055794,adanalvarez/TrailDiscover,v1.0.0,v1.0.1,0,0
release_00055794->release_00055795,adanalvarez/TrailDiscover,v1.0.1,v1.0.2,0,0
release_00055795->release_00055796,adanalvarez/TrailDiscover,v1.0.2,v1.0.3,0,0
release_00055796->release_00055797,adanalvarez/TrailDiscover,v1.0.3,v1.0.4,0,0
release_00055797->release_00055798,adanalvarez/TrailDiscover,v1.0.4,v1.0.5,0,0
release_00055798->release_00055799,adanalvarez/TrailDiscover,v1.0.5,v1.0.6,0,0
release_00055799->release_00055800,adanalvarez/TrailDiscover,v1.0.6,v1.0.7,0,0
release_00055800->release_00055801,adanalvarez/TrailDiscover,v1.0.7,v1.0.8,0,0
release_00055801->release_00055802,adanalvarez/TrailDiscover,v1.0.8,v1.0.9,0,0
release_00055802->release_00055803,adanalvarez/TrailDiscover,v1.0.9,v1.0.10,0,0
release_00055803->release_00055804,adanalvarez/TrailDiscover,v1.0.10,v1.0.11,0,0
release_00055804->release_00055805,adanalvarez/TrailDiscover,v1.0.11,v1.1.0,0,0
release_00055805->release_00055806,adanalvarez/TrailDiscover,v1.1.0,v1.1.1,0,0
release_00055806->release_00055807,adanalvarez/TrailDiscover,v1.1.1,v1.1.2,0,0
release_00055807->release_00055808,adanalvarez/TrailDiscover,v1.1.2,v1.1.3,0,0
release_00055808->release_00055809,adanalvarez/TrailDiscover,v1.1.3,v1.1.4,0,0
release_00055809->release_00055810,adanalvarez/TrailDiscover,v1.1.4,v1.1.5,0,0
release_00055810->release_00055811,adanalvarez/TrailDiscover,v1.1.5,v1.1.6,0,0
release_00055811->release_00055812,adanalvarez/TrailDiscover,v1.1.6,v1.1.7,0,0
release_00055812->release_00055813,adanalvarez/TrailDiscover,v1.1.7,v1.1.8,0,0
release_00055837->release_00055838,adefemi171/ai-rganize,0.0.1,v0.0.2,1,0
release_00055838->release_00055839,adefemi171/ai-rganize,v0.0.2,v0.0.3,5,0
release_00055839->release_00055840,adefemi171/ai-rganize,v0.0.3,v0.0.4,1,0
release_00055990->release_00055992,ag2ai/ag2,v0.3.2b1,v0.3.2,0,0
release_00055992->release_00055994,ag2ai/ag2,v0.3.2,v0.4,0,0
release_00055994->release_00055995,ag2ai/ag2,v0.4,v0.4.1,0,0
release_00055995->release_00056000,ag2ai/ag2,v0.4.1,v0.5.0,1,0
release_00056000->release_00056001,ag2ai/ag2,v0.5.0,v0.5.1,0,0
release_00056001->release_00056003,ag2ai/ag2,v0.5.1,v0.5.2,0,0
release_00056003->release_00056005,ag2ai/ag2,v0.5.2,v0.5.3,1,0
release_00056005->release_00056008,ag2ai/ag2,v0.5.3,v0.6.0,1,0
release_00056008->release_00056009,ag2ai/ag2,v0.6.0,v0.6.1,0,0
release_00056009->release_00056012,ag2ai/ag2,v0.6.1,v0.7.0,1,0
release_00056012->release_00056013,ag2ai/ag2,v0.7.0,v0.7.1,0,0
release_00056013->release_00056015,ag2ai/ag2,v0.7.1,v0.7.2,0,0
release_00056015->release_00056016,ag2ai/ag2,v0.7.2,v0.7.3,1,0
release_00056016->release_00056017,ag2ai/ag2,v0.7.3,0.7.4,1,0
release_00056017->release_00056018,ag2ai/ag2,0.7.4,v0.7.5,0,0
release_00056018->release_00056020,ag2ai/ag2,v0.7.5,v0.7.6,0,0
release_00056020->release_00056022,ag2ai/ag2,v0.7.6,v0.8.0,0,0
release_00056022->release_00056023,ag2ai/ag2,v0.8.0,v0.8.1,1,0
release_00056023->release_00056025,ag2ai/ag2,v0.8.1,v0.8.2,1,0
release_00056025->release_00056026,ag2ai/ag2,v0.8.2,v0.8.3,0,0
release_00056026->release_00056027,ag2ai/ag2,v0.8.3,v0.8.4,0,0
release_00056027->release_00056028,ag2ai/ag2,v0.8.4,v0.8.5,0,0
release_00056028->release_00056029,ag2ai/ag2,v0.8.5,v0.8.6,0,0
release_00056029->release_00056030,ag2ai/ag2,v0.8.6,v0.8.7,0,0
release_00056030->release_00056031,ag2ai/ag2,v0.8.7,v0.9.0,0,0
release_00056031->release_00056032,ag2ai/ag2,v0.9.0,v0.9.1,0,0
release_00056032->release_00056033,ag2ai/ag2,v0.9.1,v0.9.2,0,0
release_00056033->release_00056034,ag2ai/ag2,v0.9.2,v0.9.3,0,0
release_00056034->release_00056035,ag2ai/ag2,v0.9.3,v0.9.4,0,0
release_00056035->release_00056036,ag2ai/ag2,v0.9.4,v0.9.5,0,0
release_00056036->release_00056037,ag2ai/ag2,v0.9.5,v0.9.6,0,0
release_00056037->release_00056038,ag2ai/ag2,v0.9.6,v0.9.7,0,0
release_00056038->release_00056039,ag2ai/ag2,v0.9.7,v0.9.8,0,0
release_00056039->release_00056040,ag2ai/ag2,v0.9.8,v0.9.8.post1,0,0
release_00056040->release_00056041,ag2ai/ag2,v0.9.8.post1,v0.9.9,0,0
release_00056041->release_00056042,ag2ai/ag2,v0.9.9,v0.9.10,0,0
release_00056042->release_00056043,ag2ai/ag2,v0.9.10,v0.10.0,0,0
release_00056043->release_00056044,ag2ai/ag2,v0.10.0,v0.10.1,6,0
release_00056044->release_00056045,ag2ai/ag2,v0.10.1,v0.10.2,5,0
release_00056045->release_00056046,ag2ai/ag2,v0.10.2,v0.10.3,0,0
release_00056046->release_00056047,ag2ai/ag2,v0.10.3,v0.10.4,0,0
release_00056047->release_00056048,ag2ai/ag2,v0.10.4,v0.10.5,0,0
release_00056048->release_00056049,ag2ai/ag2,v0.10.5,v0.11.0,0,0
release_00056049->release_00056050,ag2ai/ag2,v0.11.0,v0.11.1,0,0
release_00056050->release_00056051,ag2ai/ag2,v0.11.1,v0.11.2,0,0
release_00056051->release_00056052,ag2ai/ag2,v0.11.2,v0.11.3,0,0
release_00056052->release_00056053,ag2ai/ag2,v0.11.3,v0.11.4,0,0
release_00056053->release_00056054,ag2ai/ag2,v0.11.4,v0.11.5,0,0
release_00056054->release_00056055,ag2ai/ag2,v0.11.5,v0.12.0,0,0
release_00056055->release_00056056,ag2ai/ag2,v0.12.0,v0.12.1,0,0
release_00056056->release_00056057,ag2ai/ag2,v0.12.1,v0.12.2,0,0
release_00056057->release_00056058,ag2ai/ag2,v0.12.2,v0.12.3,0,0
release_00056058->release_00056059,ag2ai/ag2,v0.12.3,v0.13.0,0,0
release_00056059->release_00056060,ag2ai/ag2,v0.13.0,v0.13.1,0,0
release_00056234->release_00056237,agentbay-ai/wuying-agentbay-sdk,v0.1.0,v0.4.0,0,0
release_00056237->release_00056238,agentbay-ai/wuying-agentbay-sdk,v0.4.0,v0.5.0,0,0
release_00056238->release_00056239,agentbay-ai/wuying-agentbay-sdk,v0.5.0,v0.6.0,0,0
release_00056239->release_00056240,agentbay-ai/wuying-agentbay-sdk,v0.6.0,v0.7.0,0,0
release_00056240->release_00056241,agentbay-ai/wuying-agentbay-sdk,v0.7.0,v0.8.0,0,0
release_00056241->release_00056242,agentbay-ai/wuying-agentbay-sdk,v0.8.0,v0.9.0,0,0
release_00056242->release_00056244,agentbay-ai/wuying-agentbay-sdk,v0.9.0,v0.10.0,0,0
release_00056244->release_00056246,agentbay-ai/wuying-agentbay-sdk,v0.10.0,golang/v0.10.1,0,0
release_00056246->release_00056247,agentbay-ai/wuying-agentbay-sdk,golang/v0.10.1,golang/v0.10.2,0,0
release_00056247->release_00056248,agentbay-ai/wuying-agentbay-sdk,golang/v0.10.2,v0.11.0,0,0
release_00056253->release_00056254,agentbay-ai/wuying-agentbay-sdk,golang/v0.12.2,golang/v0.12.3,0,0
release_00056254->release_00056255,agentbay-ai/wuying-agentbay-sdk,golang/v0.12.3,v0.13.0,3,0
release_00056255->release_00056257,agentbay-ai/wuying-agentbay-sdk,v0.13.0,golang/v0.13.1,0,0
release_00056257->release_00056258,agentbay-ai/wuying-agentbay-sdk,golang/v0.13.1,v0.14.0,0,0
release_00056258->release_00056260,agentbay-ai/wuying-agentbay-sdk,v0.14.0,v0.15.0,0,0
release_00056260->release_00056262,agentbay-ai/wuying-agentbay-sdk,v0.15.0,golang/v0.15.1,0,0
release_00056262->release_00056263,agentbay-ai/wuying-agentbay-sdk,golang/v0.15.1,v0.16.0,0,0
release_00056263->release_00056265,agentbay-ai/wuying-agentbay-sdk,v0.16.0,v0.16.1,0,0
release_00056265->release_00056266,agentbay-ai/wuying-agentbay-sdk,v0.16.1,golang/v0.17.0,0,0
release_00056266->release_00056268,agentbay-ai/wuying-agentbay-sdk,golang/v0.17.0,v0.18.0,0,0
release_00056268->release_00056274,agentbay-ai/wuying-agentbay-sdk,v0.18.0,v0.21.0,0,0
release_00056404->release_00056405,agentic-community/mcp-gateway-registry,v1.0.3,v1.0.4,0,0
release_00056405->release_00056406,agentic-community/mcp-gateway-registry,v1.0.4,v1.0.5,0,0
release_00056406->release_00056407,agentic-community/mcp-gateway-registry,v1.0.5,v1.0.6,0,0
release_00056407->release_00056408,agentic-community/mcp-gateway-registry,v1.0.6,v1.0.8,0,0
release_00056408->release_00056409,agentic-community/mcp-gateway-registry,v1.0.8,v1.0.9,0,0
release_00056409->release_00056410,agentic-community/mcp-gateway-registry,v1.0.9,v1.0.9-patch1,0,0
release_00056410->release_00056411,agentic-community/mcp-gateway-registry,v1.0.9-patch1,v1.0.12,0,0
release_00056411->release_00056412,agentic-community/mcp-gateway-registry,v1.0.12,v1.0.13,0,0
release_00056412->release_00056413,agentic-community/mcp-gateway-registry,v1.0.13,v1.0.15,0,0
release_00056413->release_00056414,agentic-community/mcp-gateway-registry,v1.0.15,v1.0.17,0,0
release_00056414->release_00056415,agentic-community/mcp-gateway-registry,v1.0.17,v1.0.18,0,0
release_00056415->release_00056417,agentic-community/mcp-gateway-registry,v1.0.18,v1.0.19,0,0
release_00056416->release_00056418,agentic-community/mcp-gateway-registry,v1.0.20,v1.0.21,0,0
release_00056417->release_00056416,agentic-community/mcp-gateway-registry,v1.0.19,v1.0.20,0,0
release_00056418->release_00056419,agentic-community/mcp-gateway-registry,v1.0.21,v1.0.22,0,0
release_00056419->release_00056420,agentic-community/mcp-gateway-registry,v1.0.22,v1.0.22-p1,0,0
release_00056420->release_00056421,agentic-community/mcp-gateway-registry,v1.0.22-p1,1.23.0,0,0
release_00056421->release_00056422,agentic-community/mcp-gateway-registry,1.23.0,1.24.0,0,0
release_00056422->release_00056423,agentic-community/mcp-gateway-registry,1.24.0,1.24.1,0,0
release_00056423->release_00056424,agentic-community/mcp-gateway-registry,1.24.1,1.24.2,0,0
release_00056435->release_00056436,agenticloops-ai/agentic-ai-engineering,v2026.02.18,v2026.04.07,42,0
release_00056441->release_00056442,agentscope-ai/OpenJudge,v0.2.1,v0.2.2,1,0
release_00056565->release_00056566,agentscope-ai/agentscope,v0.0.1,v0.0.2,0,0
release_00056566->release_00056567,agentscope-ai/agentscope,v0.0.2,v0.0.3,0,0
release_00056567->release_00056568,agentscope-ai/agentscope,v0.0.3,v0.0.4,0,0
release_00056568->release_00056569,agentscope-ai/agentscope,v0.0.4,v0.1.0,4,0
release_00056569->release_00056570,agentscope-ai/agentscope,v0.1.0,v0.1.1,0,0
release_00056570->release_00056571,agentscope-ai/agentscope,v0.1.1,v0.1.2,1,0
release_00056571->release_00056572,agentscope-ai/agentscope,v0.1.2,v0.1.3,0,0
release_00056572->release_00056573,agentscope-ai/agentscope,v0.1.3,v0.1.4,0,0
release_00056573->release_00056575,agentscope-ai/agentscope,v0.1.4,v0.1.5,0,0
release_00056575->release_00056576,agentscope-ai/agentscope,v0.1.5,v0.1.6,0,0
release_00056576->release_00056577,agentscope-ai/agentscope,v0.1.6,v0.1.7,0,0
release_00056578->release_00056579,agentscope-ai/agentscope,v1.0.0,v1.0.1,0,0
release_00056579->release_00056580,agentscope-ai/agentscope,v1.0.1,v1.0.2,0,0
release_00056580->release_00056581,agentscope-ai/agentscope,v1.0.2,v1.0.3,0,0
release_00056581->release_00056582,agentscope-ai/agentscope,v1.0.3,v1.0.4,0,0
release_00056582->release_00056583,agentscope-ai/agentscope,v1.0.4,v1.0.5,0,0
release_00056583->release_00056584,agentscope-ai/agentscope,v1.0.5,v1.0.6,0,0
release_00056584->release_00056585,agentscope-ai/agentscope,v1.0.6,v1.0.7,0,0
release_00056585->release_00056586,agentscope-ai/agentscope,v1.0.7,v1.0.8,0,0
release_00056586->release_00056587,agentscope-ai/agentscope,v1.0.8,v1.0.9,0,0
release_00056587->release_00056588,agentscope-ai/agentscope,v1.0.9,v1.0.10,0,0
release_00056588->release_00056589,agentscope-ai/agentscope,v1.0.10,v1.0.11,0,0
release_00056589->release_00056590,agentscope-ai/agentscope,v1.0.11,v1.0.12,0,0
release_00056590->release_00056591,agentscope-ai/agentscope,v1.0.12,v1.0.13,0,0
release_00056591->release_00056592,agentscope-ai/agentscope,v1.0.13,v1.0.14,0,0
release_00056592->release_00056593,agentscope-ai/agentscope,v1.0.14,v1.0.15,0,0
release_00056593->release_00056594,agentscope-ai/agentscope,v1.0.15,v1.0.16dev,0,0
release_00056594->release_00056595,agentscope-ai/agentscope,v1.0.16dev,v1.0.16,0,0
release_00056595->release_00056596,agentscope-ai/agentscope,v1.0.16,v1.0.17,0,0
release_00056596->release_00056597,agentscope-ai/agentscope,v1.0.17,v1.0.18,0,0
release_00056597->release_00056602,agentscope-ai/agentscope,v1.0.18,v2.0.0,10,0
release_00056598->release_00056599,agentscope-ai/agentscope,v1.0.19,v1.0.19.post1,0,0
release_00056599->release_00056600,agentscope-ai/agentscope,v1.0.19.post1,v1.0.20,0,0
release_00056616->release_00056617,agentscope-ai/agentscope-runtime,v0.1.0,v0.1.1,1,0
release_00056617->release_00056618,agentscope-ai/agentscope-runtime,v0.1.1,v0.1.2,0,0
release_00056618->release_00056619,agentscope-ai/agentscope-runtime,v0.1.2,v0.1.3,0,0
release_00056619->release_00056620,agentscope-ai/agentscope-runtime,v0.1.3,v0.1.4,0,0
release_00056620->release_00056623,agentscope-ai/agentscope-runtime,v0.1.4,v0.1.5,0,0
release_00056623->release_00056624,agentscope-ai/agentscope-runtime,v0.1.5,v0.1.6,0,0
release_00056624->release_00056627,agentscope-ai/agentscope-runtime,v0.1.6,v0.2.0,1,0
release_00056627->release_00056630,agentscope-ai/agentscope-runtime,v0.2.0,v1.0.0,1,0
release_00056630->release_00056631,agentscope-ai/agentscope-runtime,v1.0.0,v1.0.1,0,0
release_00056631->release_00056632,agentscope-ai/agentscope-runtime,v1.0.1,v1.0.2,3,1
release_00056632->release_00056633,agentscope-ai/agentscope-runtime,v1.0.2,v1.0.3,0,0
release_00056633->release_00056635,agentscope-ai/agentscope-runtime,v1.0.3,v1.0.4,0,0
release_00056635->release_00056636,agentscope-ai/agentscope-runtime,v1.0.4,v1.0.5,1,1
release_00056636->release_00056642,agentscope-ai/agentscope-runtime,v1.0.5,v1.1.0,0,0
release_00056642->release_00056643,agentscope-ai/agentscope-runtime,v1.1.0,v1.1.1,0,0
release_00056643->release_00056646,agentscope-ai/agentscope-runtime,v1.1.1,v1.1.2,0,0
release_00056646->release_00056647,agentscope-ai/agentscope-runtime,v1.1.2,v1.1.3,0,0
release_00056647->release_00056648,agentscope-ai/agentscope-runtime,v1.1.3,v1.1.4,0,0
release_00056648->release_00056650,agentscope-ai/agentscope-runtime,v1.1.4,v1.1.5,0,0
release_00056650->release_00056651,agentscope-ai/agentscope-runtime,v1.1.5,v.1.1.6,0,0
release_00056717->release_00056718,agiresearch/AIOS,v0.2.0.beta,v0.2.1,0,0
release_00056718->release_00056719,agiresearch/AIOS,v0.2.1,v0.2.2,0,0
release_00056719->release_00056720,agiresearch/AIOS,v0.2.2,v0.3.0,1,1
release_00057054->release_00057055,agntcy/observe,sdk-v1.0.6,sdk-v1.0.7,0,0
release_00057055->release_00057056,agntcy/observe,sdk-v1.0.7,sdk-v1.0.11,0,0
release_00057056->release_00057057,agntcy/observe,sdk-v1.0.11,sdk-v1.0.15,0,0
release_00057057->release_00057058,agntcy/observe,sdk-v1.0.15,sdk-v1.0.19,0,0
release_00057058->release_00057059,agntcy/observe,sdk-v1.0.19,sdk-v1.0.23,0,0
release_00057059->release_00057060,agntcy/observe,sdk-v1.0.23,sdk-v1.0.26,0,0
release_00057060->release_00057061,agntcy/observe,sdk-v1.0.26,sdk-v1.0.35,0,0
release_00057231->release_00057232,aigc-apps/PAI-RAG,v1.0.0-20241206,v0.2.0-20250212,0,0
release_00057232->release_00057233,aigc-apps/PAI-RAG,v0.2.0-20250212,r-v0.2.0-2-20250219,0,0
release_00057233->release_00057234,aigc-apps/PAI-RAG,r-v0.2.0-2-20250219,v0.3.2-20250410,0,0
release_00057234->release_00057235,aigc-apps/PAI-RAG,v0.3.2-20250410,v0.3.4-20250612,0,0
release_00057235->release_00057237,aigc-apps/PAI-RAG,v0.3.4-20250612,v0.4.0-20251024,0,0
release_00057237->release_00057238,aigc-apps/PAI-RAG,v0.4.0-20251024,v0.4.1-20251107,0,0
release_00057238->release_00057239,aigc-apps/PAI-RAG,v0.4.1-20251107,v0.4.2-20251230,2,0
release_00057239->release_00057240,aigc-apps/PAI-RAG,v0.4.2-20251230,v0.4.2-20260128,2,0
release_00057240->release_00057241,aigc-apps/PAI-RAG,v0.4.2-20260128,v0.4.3,0,0
release_00057262->release_00057263,aiming-lab/SimpleMem,v0.1.0,v0.2.0,6,0
release_00057263->release_00057264,aiming-lab/SimpleMem,v0.2.0,v0.3.0,10,0
release_00057316->release_00057317,aiqualitylab/ai-natural-language-tests,v2026.02.01,v2026.02.02,0,0
release_00057317->release_00057318,aiqualitylab/ai-natural-language-tests,v2026.02.02,v3.6.1,2,1
release_00057318->release_00057319,aiqualitylab/ai-natural-language-tests,v3.6.1,v3.6.2,0,0
release_00057319->release_00057320,aiqualitylab/ai-natural-language-tests,v3.6.2,v3.8.0,0,0
release_00057320->release_00057321,aiqualitylab/ai-natural-language-tests,v3.8.0,v3.9.0,0,0
release_00057321->release_00057322,aiqualitylab/ai-natural-language-tests,v3.9.0,v4.0.0,0,0
release_00057322->release_00057323,aiqualitylab/ai-natural-language-tests,v4.0.0,v4.2.0,1,0
release_00057323->release_00057324,aiqualitylab/ai-natural-language-tests,v4.2.0,v5.0.0,2,1
release_00058021->release_00058022,ajitpattar708/Spring2Naut-RAG,v0.1.0-beta,v1.0.0,1,0
release_00058397->release_00058398,alea-institute/folio-enrich,v0.4.7,v0.4.8,0,0
release_00058398->release_00058399,alea-institute/folio-enrich,v0.4.8,v0.4.9,0,0
release_00058399->release_00058400,alea-institute/folio-enrich,v0.4.9,v1.0,0,0
release_00058400->release_00058401,alea-institute/folio-enrich,v1.0,v1.1,0,0
release_00058627->release_00058628,alexandreborges/malwoverview,2.0.8.1,2.1.5,0,0
release_00058628->release_00058629,alexandreborges/malwoverview,2.1.5,2.1.6,0,0
release_00058629->release_00058630,alexandreborges/malwoverview,2.1.6,2.1.7,0,0
release_00058630->release_00058631,alexandreborges/malwoverview,2.1.7,2.1.8,0,0
release_00058631->release_00058632,alexandreborges/malwoverview,2.1.8,2.1.9,0,0
release_00058632->release_00058633,alexandreborges/malwoverview,2.1.9,2.1.9.1,0,0
release_00058633->release_00058634,alexandreborges/malwoverview,2.1.9.1,2.5.0,0,0
release_00058634->release_00058635,alexandreborges/malwoverview,2.5.0,3.0.0,0,0
release_00058635->release_00058636,alexandreborges/malwoverview,3.0.0,3.1.1,0,0
release_00058636->release_00058637,alexandreborges/malwoverview,3.1.1,3.1.2,0,0
release_00058637->release_00058638,alexandreborges/malwoverview,3.1.2,4.0.0,0,0
release_00058638->release_00058639,alexandreborges/malwoverview,4.0.0,4.0.1,0,0
release_00058639->release_00058640,alexandreborges/malwoverview,4.0.1,4.0.2,0,0
release_00058640->release_00058641,alexandreborges/malwoverview,4.0.2,4.0.3,0,0
release_00058641->release_00058642,alexandreborges/malwoverview,4.0.3,4.1,0,0
release_00058642->release_00058643,alexandreborges/malwoverview,4.1,4.2,0,0
release_00058643->release_00058644,alexandreborges/malwoverview,4.2,4.3,0,0
release_00058644->release_00058645,alexandreborges/malwoverview,4.3,4.3.1,0,0
release_00058645->release_00058646,alexandreborges/malwoverview,4.3.1,4.3.2,0,0
release_00058646->release_00058647,alexandreborges/malwoverview,4.3.2,4.3.3,0,0
release_00058647->release_00058648,alexandreborges/malwoverview,4.3.3,4.3.4,0,0
release_00058648->release_00058649,alexandreborges/malwoverview,4.3.4,4.3.5,0,0
release_00058649->release_00058650,alexandreborges/malwoverview,4.3.5,4.4,0,0
release_00058650->release_00058651,alexandreborges/malwoverview,4.4,4.4.0.2,0,0
release_00058651->release_00058652,alexandreborges/malwoverview,4.4.0.2,4.4.1,0,0
release_00058652->release_00058653,alexandreborges/malwoverview,4.4.1,4.4.2,0,0
release_00058653->release_00058654,alexandreborges/malwoverview,4.4.2,v.5.0.0,0,0
release_00058654->release_00058655,alexandreborges/malwoverview,v.5.0.0,v.5.0.2,0,0
release_00058655->release_00058656,alexandreborges/malwoverview,v.5.0.2,v5.0.3,0,0
release_00058656->release_00058657,alexandreborges/malwoverview,v5.0.3,v5.1,0,0
release_00058657->release_00058658,alexandreborges/malwoverview,v5.1,v5.1.1,0,0
release_00058658->release_00058659,alexandreborges/malwoverview,v5.1.1,v5.2,0,0
release_00058659->release_00058660,alexandreborges/malwoverview,v5.2,v5.3,0,0
release_00058660->release_00058661,alexandreborges/malwoverview,v5.3,v5.4,0,0
release_00058661->release_00058662,alexandreborges/malwoverview,v5.4,v5.4.1,0,0
release_00058662->release_00058663,alexandreborges/malwoverview,v5.4.1,v5.4.2,0,0
release_00058663->release_00058664,alexandreborges/malwoverview,v5.4.2,v5.4.3,0,0
release_00058664->release_00058666,alexandreborges/malwoverview,v5.4.3,v5.4.5,0,0
release_00058666->release_00058667,alexandreborges/malwoverview,v5.4.5,v6.0.0,0,0
release_00058667->release_00058668,alexandreborges/malwoverview,v6.0.0,v6.0.1,0,0
release_00058668->release_00058669,alexandreborges/malwoverview,v6.0.1,v6.1.0,0,0
release_00058669->release_00058670,alexandreborges/malwoverview,v6.1.0,v6.1.1,0,0
release_00058670->release_00058671,alexandreborges/malwoverview,v6.1.1,v6.2,0,0
release_00058671->release_00058672,alexandreborges/malwoverview,v6.2,v7.0,0,0
release_00058672->release_00058673,alexandreborges/malwoverview,v7.0,v7.1,0,0
release_00058673->release_00058674,alexandreborges/malwoverview,v7.1,v7.1.1,0,0
release_00058674->release_00058675,alexandreborges/malwoverview,v7.1.1,v7.1.2,0,0
release_00058675->release_00058676,alexandreborges/malwoverview,v7.1.2,v8.0.0,2,0
release_00058676->release_00058677,alexandreborges/malwoverview,v8.0.0,v8.0.1,0,0
release_00058813->release_00058814,alexeygrigorev/toyaikit,0.0.1,0.0.5,2,0
release_00058814->release_00058815,alexeygrigorev/toyaikit,0.0.5,0.0.8,0,0
release_00058815->release_00058816,alexeygrigorev/toyaikit,0.0.8,0.0.9,0,0
release_00058816->release_00058817,alexeygrigorev/toyaikit,0.0.9,v0.0.11,0,0
release_00058916->release_00058917,alexzhang13/rlm,v1.0.0,v0.1.0,0,0
release_00058917->release_00058918,alexzhang13/rlm,v0.1.0,v0.1.1,0,0
release_00058918->release_00058919,alexzhang13/rlm,v0.1.1,v0.1.1a,0,0
release_00059399->release_00059400,allenai/open-instruct,v0.1.0,v0.2.0,6,0
release_00060107->release_00060108,amchii/tg-signer,0.5.0,0.5.1,0,0
release_00060108->release_00060109,amchii/tg-signer,0.5.1,0.5.2,1,0
release_00060109->release_00060110,amchii/tg-signer,0.5.2,0.6.0,0,0
release_00060110->release_00060111,amchii/tg-signer,0.6.0,0.6.1,0,0
release_00060111->release_00060112,amchii/tg-signer,0.6.1,0.6.2,0,0
release_00060112->release_00060113,amchii/tg-signer,0.6.2,0.6.3,0,0
release_00060113->release_00060114,amchii/tg-signer,0.6.3,0.6.4,1,0
release_00060114->release_00060115,amchii/tg-signer,0.6.4,0.6.5,0,0
release_00060115->release_00060116,amchii/tg-signer,0.6.5,0.6.6,0,0
release_00060116->release_00060117,amchii/tg-signer,0.6.6,0.7.4,0,0
release_00060117->release_00060118,amchii/tg-signer,0.7.4,0.7.5,0,0
release_00060118->release_00060119,amchii/tg-signer,0.7.5,0.7.6,0,0
release_00060119->release_00060121,amchii/tg-signer,0.7.6,0.8.0,0,0
release_00060121->release_00060123,amchii/tg-signer,0.8.0,0.8.3,0,0
release_00060123->release_00060126,amchii/tg-signer,0.8.3,0.8.4,0,0
release_00060126->release_00060129,amchii/tg-signer,0.8.4,0.8.5,0,0
release_00060129->release_00060130,amchii/tg-signer,0.8.5,0.8.6,0,0
release_00060139->release_00060140,amd/gaia,v0.7.4,v0.8.2,11,0
release_00060140->release_00060141,amd/gaia,v0.8.2,v0.8.2.1,0,0
release_00060141->release_00060142,amd/gaia,v0.8.2.1,v0.8.4,2,0
release_00060142->release_00060144,amd/gaia,v0.8.4,v0.8.5,0,0
release_00060144->release_00060146,amd/gaia,v0.8.5,v0.8.6,0,0
release_00060146->release_00060148,amd/gaia,v0.8.6,v0.9.0,0,0
release_00060148->release_00060149,amd/gaia,v0.9.0,v0.10.0,27,0
release_00060149->release_00060150,amd/gaia,v0.10.0,v0.10.1,0,0
release_00060150->release_00060151,amd/gaia,v0.10.1,v0.11.0,16,0
release_00060151->release_00060152,amd/gaia,v0.11.0,v0.11.1,0,0
release_00060152->release_00060153,amd/gaia,v0.11.1,v0.11.2,6,0
release_00060153->release_00060154,amd/gaia,v0.11.2,v0.12.0,0,0
release_00060154->release_00060155,amd/gaia,v0.12.0,v0.12.1,0,0
release_00060155->release_00060156,amd/gaia,v0.12.1,v0.13.0,0,0
release_00060156->release_00060157,amd/gaia,v0.13.0,v0.14.0,4,0
release_00060157->release_00060158,amd/gaia,v0.14.0,v0.14.1,0,0
release_00060158->release_00060159,amd/gaia,v0.14.1,v0.15.0,0,0
release_00060159->release_00060160,amd/gaia,v0.15.0,v0.15.1,10,0
release_00060160->release_00060161,amd/gaia,v0.15.1,v0.15.2,0,0
release_00060161->release_00060162,amd/gaia,v0.15.2,v0.15.3,0,0
release_00060162->release_00060163,amd/gaia,v0.15.3,v0.15.3.1,0,0
release_00060163->release_00060164,amd/gaia,v0.15.3.1,v0.15.3.2,0,0
release_00060164->release_00060165,amd/gaia,v0.15.3.2,v0.15.4,0,0
release_00060165->release_00060166,amd/gaia,v0.15.4,v0.15.4.1,0,0
release_00060166->release_00060167,amd/gaia,v0.15.4.1,v0.16.0,0,0
release_00060167->release_00060168,amd/gaia,v0.16.0,v0.16.1,0,0
release_00060168->release_00060169,amd/gaia,v0.16.1,v0.17.0,6,0
release_00060169->release_00060170,amd/gaia,v0.17.0,v0.17.1,0,0
release_00060170->release_00060171,amd/gaia,v0.17.1,v0.17.2,0,0
release_00060171->release_00060172,amd/gaia,v0.17.2,v0.17.3,0,0
release_00060172->release_00060173,amd/gaia,v0.17.3,v0.17.4,0,0
release_00060173->release_00060174,amd/gaia,v0.17.4,v0.17.5,7,0
release_00060174->release_00060175,amd/gaia,v0.17.5,v0.17.6,0,0
release_00060175->release_00060176,amd/gaia,v0.17.6,v0.18.0,0,0
release_00060176->release_00060177,amd/gaia,v0.18.0,v0.18.1,0,0
release_00060177->release_00060178,amd/gaia,v0.18.1,v0.19.0,0,0
release_00060358->release_00060361,amir-zeldes/gum,V2.2.0,V2.3.2,0,0
release_00060361->release_00060362,amir-zeldes/gum,V2.3.2,V3.0.0,0,0
release_00060362->release_00060363,amir-zeldes/gum,V3.0.0,V3.1.0,0,0
release_00060363->release_00060364,amir-zeldes/gum,V3.1.0,V3.2.0,0,0
release_00060364->release_00060365,amir-zeldes/gum,V3.2.0,V4.0.0,0,0
release_00060365->release_00060366,amir-zeldes/gum,V4.0.0,V4.0.1,0,0
release_00060366->release_00060367,amir-zeldes/gum,V4.0.1,V4.1.0,0,0
release_00060367->release_00060368,amir-zeldes/gum,V4.1.0,V4.2.0,0,0
release_00060368->release_00060369,amir-zeldes/gum,V4.2.0,V5.0.0,0,0
release_00060369->release_00060370,amir-zeldes/gum,V5.0.0,V5.1.0,0,0
release_00060370->release_00060371,amir-zeldes/gum,V5.1.0,V6.0.0,0,0
release_00060371->release_00060372,amir-zeldes/gum,V6.0.0,V6.1.0,0,0
release_00060372->release_00060373,amir-zeldes/gum,V6.1.0,V6.2.0,0,0
release_00060373->release_00060374,amir-zeldes/gum,V6.2.0,V7.0.0,0,0
release_00060374->release_00060375,amir-zeldes/gum,V7.0.0,V7.1.0,0,0
release_00060375->release_00060376,amir-zeldes/gum,V7.1.0,V7.2.0,0,0
release_00060376->release_00060377,amir-zeldes/gum,V7.2.0,V7.3.0,0,0
release_00060377->release_00060378,amir-zeldes/gum,V7.3.0,V8.0.0,0,0
release_00060378->release_00060379,amir-zeldes/gum,V8.0.0,V8.1.0,0,0
release_00060379->release_00060380,amir-zeldes/gum,V8.1.0,V9.0.0,0,0
release_00060380->release_00060381,amir-zeldes/gum,V9.0.0,V9.1.0,0,0
release_00060381->release_00060382,amir-zeldes/gum,V9.1.0,V9.2.0,0,0
release_00060382->release_00060383,amir-zeldes/gum,V9.2.0,V10.0.0,0,0
release_00060383->release_00060384,amir-zeldes/gum,V10.0.0,V10.1.0,0,0
release_00060384->release_00060385,amir-zeldes/gum,V10.1.0,V10.2.0,0,0
release_00060385->release_00060386,amir-zeldes/gum,V10.2.0,V11.0.0,2,0
release_00060386->release_00060387,amir-zeldes/gum,V11.0.0,V11.1.0,0,0
release_00060387->release_00060388,amir-zeldes/gum,V11.1.0,V12.0.0,0,0
release_00060388->release_00060389,amir-zeldes/gum,V12.0.0,V12.1.0,0,0
release_00060554->release_00060555,andremoreira73/fuzzyclaw,v0.1.0,v0.2.0,0,0
release_00060555->release_00060556,andremoreira73/fuzzyclaw,v0.2.0,v0.3.0,2,0
release_00060974->release_00060975,antojunimaia-ui/MoltyClaw,v26.25.3,v2026.5.4,0,0
release_00061054->release_00061055,apache/airflow,1.4.0,1.5.0,0,0
release_00061055->release_00061056,apache/airflow,1.5.0,1.5.1,0,0
release_00061056->release_00061058,apache/airflow,1.5.1,1.6.0,0,0
release_00061058->release_00061059,apache/airflow,1.6.0,1.6.1,0,0
release_00061059->release_00061077,apache/airflow,1.6.1,2.0.0,0,0
release_00061063->release_00061064,apache/airflow,1.10.3,1.10.5,0,0
release_00061064->release_00061066,apache/airflow,1.10.5,1.10.7,0,0
release_00061066->release_00061067,apache/airflow,1.10.7,1.10.8,0,0
release_00061067->release_00061068,apache/airflow,1.10.8,1.10.9,0,0
release_00061068->release_00061069,apache/airflow,1.10.9,1.10.10,0,0
release_00061069->release_00061070,apache/airflow,1.10.10,1.10.11,0,0
release_00061070->release_00061071,apache/airflow,1.10.11,1.10.12,0,0
release_00061071->release_00061073,apache/airflow,1.10.12,1.10.13,0,0
release_00061073->release_00061076,apache/airflow,1.10.13,1.10.14,0,0
release_00061076->release_00061079,apache/airflow,1.10.14,1.10.15,0,0
release_00061077->release_00061083,apache/airflow,2.0.0,helm-chart/1.0.0,0,0
release_00061078->release_00061080,apache/airflow,2.0.1,2.0.2,0,0
release_00061083->release_00061087,apache/airflow,helm-chart/1.0.0,helm-chart/1.1.0,0,0
release_00061085->release_00061086,apache/airflow,2.1.1,2.1.2,0,0
release_00061086->release_00061088,apache/airflow,2.1.2,2.1.3,0,0
release_00061087->release_00061129,apache/airflow,helm-chart/1.1.0,helm-chart/1.12.0,2,0
release_00061088->release_00061089,apache/airflow,2.1.3,2.1.4,0,0
release_00061091->release_00061092,apache/airflow,2.2.0,2.2.1,0,0
release_00061092->release_00061094,apache/airflow,2.2.1,2.2.2,0,0
release_00061094->release_00061095,apache/airflow,2.2.2,2.2.3,0,0
release_00061095->release_00061097,apache/airflow,2.2.3,2.2.4,0,0
release_00061097->release_00061099,apache/airflow,2.2.4,2.2.5,0,0
release_00061100->release_00061102,apache/airflow,2.3.0,2.3.1,0,0
release_00061102->release_00061103,apache/airflow,2.3.1,2.3.2,0,0
release_00061103->release_00061104,apache/airflow,2.3.2,2.3.3,0,0
release_00061104->release_00061105,apache/airflow,2.3.3,2.3.4,0,0
release_00061106->release_00061107,apache/airflow,2.4.0,2.4.1,0,0
release_00061107->release_00061109,apache/airflow,2.4.1,2.4.2,0,0
release_00061109->release_00061110,apache/airflow,2.4.2,2.4.3,0,0
release_00061111->release_00061112,apache/airflow,2.5.0,2.5.1,0,0
release_00061112->release_00061114,apache/airflow,2.5.1,2.5.2,0,0
release_00061114->release_00061115,apache/airflow,2.5.2,2.5.3,0,0
release_00061117->release_00061118,apache/airflow,2.6.0,2.6.1,0,0
release_00061118->release_00061119,apache/airflow,2.6.1,2.6.2,0,0
release_00061119->release_00061121,apache/airflow,2.6.2,2.6.3,0,0
release_00061122->release_00061123,apache/airflow,2.7.0,2.7.1,0,0
release_00061123->release_00061125,apache/airflow,2.7.1,2.7.2,0,0
release_00061125->release_00061126,apache/airflow,2.7.2,2.7.3,0,0
release_00061127->release_00061128,apache/airflow,2.8.0,2.8.1,0,0
release_00061128->release_00061130,apache/airflow,2.8.1,2.8.2,0,0
release_00061129->release_00061131,apache/airflow,helm-chart/1.12.0,helm-chart/1.13.0,0,0
release_00061130->release_00061132,apache/airflow,2.8.2,2.8.3,0,0
release_00061131->release_00061133,apache/airflow,helm-chart/1.13.0,helm-chart/1.13.1,8,0
release_00061132->release_00061134,apache/airflow,2.8.3,2.8.4,0,0
release_00061133->release_00061138,apache/airflow,helm-chart/1.13.1,helm-chart/1.14.0,1,0
release_00061135->release_00061136,apache/airflow,2.9.0,2.9.1,0,0
release_00061136->release_00061137,apache/airflow,2.9.1,2.9.2,0,0
release_00061137->release_00061139,apache/airflow,2.9.2,2.9.3,0,0
release_00061138->release_00061140,apache/airflow,helm-chart/1.14.0,helm-chart/1.15.0,6,0
release_00061140->release_00061147,apache/airflow,helm-chart/1.15.0,helm-chart/1.16.0,4,0
release_00061141->release_00061142,apache/airflow,2.10.0,2.10.1,0,0
release_00061142->release_00061143,apache/airflow,2.10.1,2.10.2,0,0
release_00061143->release_00061144,apache/airflow,2.10.2,2.10.3,0,0
release_00061144->release_00061145,apache/airflow,2.10.3,2.10.4,0,0
release_00061145->release_00061146,apache/airflow,2.10.4,2.10.5,0,0
release_00061147->release_00061152,apache/airflow,helm-chart/1.16.0,helm-chart/1.17.0,7,0
release_00061148->release_00061149,apache/airflow,3.0.0,3.0.1,0,0
release_00061149->release_00061151,apache/airflow,3.0.1,3.0.2,0,0
release_00061151->release_00061154,apache/airflow,3.0.2,3.0.3,0,0
release_00061152->release_00061153,apache/airflow,helm-chart/1.17.0,helm-chart/1.18.0,0,0
release_00061153->release_00061164,apache/airflow,helm-chart/1.18.0,airflow-ctl/0.1.1,2,0
release_00061154->release_00061155,apache/airflow,3.0.3,3.0.4,0,0
release_00061155->release_00061156,apache/airflow,3.0.4,3.0.5,0,0
release_00061156->release_00061157,apache/airflow,3.0.5,3.0.6,0,0
release_00061158->release_00061159,apache/airflow,3.1.0,3.1.1,0,0
release_00061159->release_00061160,apache/airflow,3.1.1,3.1.2,0,0
release_00061160->release_00061161,apache/airflow,3.1.2,3.1.3,0,0
release_00061163->release_00061165,apache/airflow,3.1.6,3.1.7,0,0
release_00061164->release_00061166,apache/airflow,airflow-ctl/0.1.1,helm-chart/1.19.0,0,0
release_00061166->release_00061167,apache/airflow,helm-chart/1.19.0,airflow-ctl/0.1.2,0,0
release_00061167->release_00061169,apache/airflow,airflow-ctl/0.1.2,airflow-ctl/0.1.3,0,0
release_00061169->release_00061170,apache/airflow,airflow-ctl/0.1.3,helm-chart/1.20.0,0,0
release_00061426->release_00061427,apenab/pyrlm-runtime,v0.2.0,v0.3.0,1,0
release_00061427->release_00061428,apenab/pyrlm-runtime,v0.3.0,v0.4.0,0,0
release_00061428->release_00061429,apenab/pyrlm-runtime,v0.4.0,v0.4.1,0,0
release_00061429->release_00061430,apenab/pyrlm-runtime,v0.4.1,v0.4.2,0,0
release_00062373->release_00062374,argusssec-cloud/gws-auditor,v1.0.0,v1.1.0,0,0
release_00062374->release_00062375,argusssec-cloud/gws-auditor,v1.1.0,v1.2.0,0,0
release_00062375->release_00062376,argusssec-cloud/gws-auditor,v1.2.0,v1.3.0,0,0
release_00062714->release_00062716,arun1729/cog,2.0.0,2.0.2,0,0
release_00062716->release_00062717,arun1729/cog,2.0.2,2.0.3,0,0
release_00062717->release_00062718,arun1729/cog,2.0.3,2.0.4,0,0
release_00062718->release_00062719,arun1729/cog,2.0.4,2.0.5,0,0
release_00062719->release_00062720,arun1729/cog,2.0.5,3.0.0,0,0
release_00062720->release_00062721,arun1729/cog,3.0.0,3.0.1,0,0
release_00062721->release_00062722,arun1729/cog,3.0.1,3.0.2,0,0
release_00062722->release_00062723,arun1729/cog,3.0.2,3.0.4,0,0
release_00062723->release_00062724,arun1729/cog,3.0.4,3.0.5,0,0
release_00062724->release_00062725,arun1729/cog,3.0.5,3.0.6,0,0
release_00062725->release_00062726,arun1729/cog,3.0.6,3.0.7,0,0
release_00062726->release_00062727,arun1729/cog,3.0.7,3.0.8,0,0
release_00062727->release_00062728,arun1729/cog,3.0.8,3.0.9,0,0
release_00062728->release_00062729,arun1729/cog,3.0.9,3.1.0,0,0
release_00062729->release_00062730,arun1729/cog,3.1.0,3.2.0,0,0
release_00062730->release_00062731,arun1729/cog,3.2.0,3.3.0,0,0
release_00062731->release_00062732,arun1729/cog,3.3.0,3.4.0,0,0
release_00062732->release_00062733,arun1729/cog,3.4.0,3.4.1,0,0
release_00062733->release_00062734,arun1729/cog,3.4.1,3.4.2,0,0
release_00062734->release_00062735,arun1729/cog,3.4.2,3.4.3,0,0
release_00062735->release_00062736,arun1729/cog,3.4.3,3.4.4,0,0
release_00062736->release_00062737,arun1729/cog,3.4.4,3.5.0,0,0
release_00062737->release_00062738,arun1729/cog,3.5.0,3.5.1,0,0
release_00062738->release_00062739,arun1729/cog,3.5.1,3.6.0,0,0
release_00062739->release_00062740,arun1729/cog,3.6.0,3.6.1-fix,0,0
release_00062740->release_00062741,arun1729/cog,3.6.1-fix,3.6.3,0,0
release_00062741->release_00062742,arun1729/cog,3.6.3,3.6.5,0,0
release_00062742->release_00062743,arun1729/cog,3.6.5,3.6.6,0,0
release_00062743->release_00062744,arun1729/cog,3.6.6,3.7.0,0,0
release_00062744->release_00062745,arun1729/cog,3.7.0,3.7.1,0,0
release_00062745->release_00062746,arun1729/cog,3.7.1,3.7.2,1,0
release_00062746->release_00062747,arun1729/cog,3.7.2,3.7.3,0,0
release_00062747->release_00062748,arun1729/cog,3.7.3,3.7.4,0,0
release_00062748->release_00062749,arun1729/cog,3.7.4,3.7.5,0,0
release_00062749->release_00062750,arun1729/cog,3.7.5,3.8.0,0,0
release_00062750->release_00062751,arun1729/cog,3.8.0,3.8.1,0,0
release_00062751->release_00062752,arun1729/cog,3.8.1,3.8.2,0,0
release_00063450->release_00063451,aspose-cells-cloud/Aspose.Cells-Cloud-SDK-for-Python,18.9,19.2.1,0,0
release_00063451->release_00063452,aspose-cells-cloud/Aspose.Cells-Cloud-SDK-for-Python,19.2.1,19.6,0,0
release_00063452->release_00063453,aspose-cells-cloud/Aspose.Cells-Cloud-SDK-for-Python,19.6,19.9,0,0
release_00063453->release_00063454,aspose-cells-cloud/Aspose.Cells-Cloud-SDK-for-Python,19.9,19.10,0,0
release_00063454->release_00063455,aspose-cells-cloud/Aspose.Cells-Cloud-SDK-for-Python,19.10,20.1,0,0
release_00063455->release_00063456,aspose-cells-cloud/Aspose.Cells-Cloud-SDK-for-Python,20.1,20.2,0,0
release_00063456->release_00063457,aspose-cells-cloud/Aspose.Cells-Cloud-SDK-for-Python,20.2,20.4,0,0
release_00063457->release_00063458,aspose-cells-cloud/Aspose.Cells-Cloud-SDK-for-Python,20.4,20.6,0,0
release_00063458->release_00063459,aspose-cells-cloud/Aspose.Cells-Cloud-SDK-for-Python,20.6,20.7,0,0
release_00063459->release_00063460,aspose-cells-cloud/Aspose.Cells-Cloud-SDK-for-Python,20.7,20.8,0,0
release_00063460->release_00063461,aspose-cells-cloud/Aspose.Cells-Cloud-SDK-for-Python,20.8,20.9,0,0
release_00063461->release_00063462,aspose-cells-cloud/Aspose.Cells-Cloud-SDK-for-Python,20.9,20.10,0,0
release_00063462->release_00063463,aspose-cells-cloud/Aspose.Cells-Cloud-SDK-for-Python,20.10,21.1,0,0
release_00063463->release_00063464,aspose-cells-cloud/Aspose.Cells-Cloud-SDK-for-Python,21.1,21.5,0,0
release_00063464->release_00063465,aspose-cells-cloud/Aspose.Cells-Cloud-SDK-for-Python,21.5,21.6,0,0
release_00063465->release_00063466,aspose-cells-cloud/Aspose.Cells-Cloud-SDK-for-Python,21.6,21.7,0,0
release_00063466->release_00063467,aspose-cells-cloud/Aspose.Cells-Cloud-SDK-for-Python,21.7,21.8,0,0
release_00063467->release_00063468,aspose-cells-cloud/Aspose.Cells-Cloud-SDK-for-Python,21.8,21.9,0,0
release_00063468->release_00063469,aspose-cells-cloud/Aspose.Cells-Cloud-SDK-for-Python,21.9,21.10,0,0
release_00063469->release_00063470,aspose-cells-cloud/Aspose.Cells-Cloud-SDK-for-Python,21.10,21.11,0,0
release_00063470->release_00063471,aspose-cells-cloud/Aspose.Cells-Cloud-SDK-for-Python,21.11,21.12,0,0
release_00063471->release_00063472,aspose-cells-cloud/Aspose.Cells-Cloud-SDK-for-Python,21.12,22.2,0,0
release_00063472->release_00063473,aspose-cells-cloud/Aspose.Cells-Cloud-SDK-for-Python,22.2,22.3,0,0
release_00063473->release_00063474,aspose-cells-cloud/Aspose.Cells-Cloud-SDK-for-Python,22.3,22.4,0,0
release_00063474->release_00063476,aspose-cells-cloud/Aspose.Cells-Cloud-SDK-for-Python,22.4,22.6,0,0
release_00063476->release_00063477,aspose-cells-cloud/Aspose.Cells-Cloud-SDK-for-Python,22.6,22.7,0,0
release_00063477->release_00063478,aspose-cells-cloud/Aspose.Cells-Cloud-SDK-for-Python,22.7,22.8,0,0
release_00063478->release_00063479,aspose-cells-cloud/Aspose.Cells-Cloud-SDK-for-Python,22.8,22.9,0,0
release_00063479->release_00063480,aspose-cells-cloud/Aspose.Cells-Cloud-SDK-for-Python,22.9,22.10,0,0
release_00063480->release_00063483,aspose-cells-cloud/Aspose.Cells-Cloud-SDK-for-Python,22.10,23.7,0,0
release_00063483->release_00063484,aspose-cells-cloud/Aspose.Cells-Cloud-SDK-for-Python,23.7,23.8,0,0
release_00063484->release_00063485,aspose-cells-cloud/Aspose.Cells-Cloud-SDK-for-Python,23.8,23.9,0,0
release_00063485->release_00063486,aspose-cells-cloud/Aspose.Cells-Cloud-SDK-for-Python,23.9,23.10,0,0
release_00063486->release_00063487,aspose-cells-cloud/Aspose.Cells-Cloud-SDK-for-Python,23.10,23.11,0,0
release_00063487->release_00063488,aspose-cells-cloud/Aspose.Cells-Cloud-SDK-for-Python,23.11,23.12,0,0
release_00063488->release_00063489,aspose-cells-cloud/Aspose.Cells-Cloud-SDK-for-Python,23.12,24.1.1,0,0
release_00063489->release_00063490,aspose-cells-cloud/Aspose.Cells-Cloud-SDK-for-Python,24.1.1,24.3.0,0,0
release_00063490->release_00063491,aspose-cells-cloud/Aspose.Cells-Cloud-SDK-for-Python,24.3.0,24.4,0,0
release_00063491->release_00063492,aspose-cells-cloud/Aspose.Cells-Cloud-SDK-for-Python,24.4,24.5,0,0
release_00063492->release_00063493,aspose-cells-cloud/Aspose.Cells-Cloud-SDK-for-Python,24.5,24.6,0,0
release_00063493->release_00063494,aspose-cells-cloud/Aspose.Cells-Cloud-SDK-for-Python,24.6,24.7,0,0
release_00063494->release_00063495,aspose-cells-cloud/Aspose.Cells-Cloud-SDK-for-Python,24.7,24.8,0,0
release_00063495->release_00063496,aspose-cells-cloud/Aspose.Cells-Cloud-SDK-for-Python,24.8,24.9,0,0
release_00063496->release_00063497,aspose-cells-cloud/Aspose.Cells-Cloud-SDK-for-Python,24.9,24.10,0,0
release_00063497->release_00063498,aspose-cells-cloud/Aspose.Cells-Cloud-SDK-for-Python,24.10,24.11,0,0
release_00063498->release_00063499,aspose-cells-cloud/Aspose.Cells-Cloud-SDK-for-Python,24.11,24.12,0,0
release_00063499->release_00063500,aspose-cells-cloud/Aspose.Cells-Cloud-SDK-for-Python,24.12,25.1,0,0
release_00063500->release_00063501,aspose-cells-cloud/Aspose.Cells-Cloud-SDK-for-Python,25.1,25.1.1,0,0
release_00063501->release_00063502,aspose-cells-cloud/Aspose.Cells-Cloud-SDK-for-Python,25.1.1,25.2,0,0
release_00063502->release_00063503,aspose-cells-cloud/Aspose.Cells-Cloud-SDK-for-Python,25.2,25.2.1,0,0
release_00063503->release_00063504,aspose-cells-cloud/Aspose.Cells-Cloud-SDK-for-Python,25.2.1,25.3,0,0
release_00063504->release_00063505,aspose-cells-cloud/Aspose.Cells-Cloud-SDK-for-Python,25.3,25.4,0,0
release_00063505->release_00063506,aspose-cells-cloud/Aspose.Cells-Cloud-SDK-for-Python,25.4,25.5,0,0
release_00063506->release_00063507,aspose-cells-cloud/Aspose.Cells-Cloud-SDK-for-Python,25.5,25.6,0,0
release_00063507->release_00063508,aspose-cells-cloud/Aspose.Cells-Cloud-SDK-for-Python,25.6,25.7,0,0
release_00063508->release_00063509,aspose-cells-cloud/Aspose.Cells-Cloud-SDK-for-Python,25.7,25.8,0,0
release_00063509->release_00063510,aspose-cells-cloud/Aspose.Cells-Cloud-SDK-for-Python,25.8,25.9,0,0
release_00063510->release_00063511,aspose-cells-cloud/Aspose.Cells-Cloud-SDK-for-Python,25.9,25.10,0,0
release_00063511->release_00063512,aspose-cells-cloud/Aspose.Cells-Cloud-SDK-for-Python,25.10,25.11,0,0
release_00063512->release_00063513,aspose-cells-cloud/Aspose.Cells-Cloud-SDK-for-Python,25.11,25.12,0,0
release_00063513->release_00063514,aspose-cells-cloud/Aspose.Cells-Cloud-SDK-for-Python,25.12,26.1,0,0
release_00063514->release_00063515,aspose-cells-cloud/Aspose.Cells-Cloud-SDK-for-Python,26.1,26.2,5,0
release_00063515->release_00063516,aspose-cells-cloud/Aspose.Cells-Cloud-SDK-for-Python,26.2,26.3.1,0,0
release_00063516->release_00063517,aspose-cells-cloud/Aspose.Cells-Cloud-SDK-for-Python,26.3.1,26.4,0,0
release_00063517->release_00063518,aspose-cells-cloud/Aspose.Cells-Cloud-SDK-for-Python,26.4,26.5,0,0
release_00063519->release_00063520,asqi-engineer/asqi-engineer,v0.1.2,v0.2.0,0,0
release_00063520->release_00063521,asqi-engineer/asqi-engineer,v0.2.0,v0.2.1,0,0
release_00063521->release_00063522,asqi-engineer/asqi-engineer,v0.2.1,v0.3.0,0,0
release_00063522->release_00063523,asqi-engineer/asqi-engineer,v0.3.0,v0.3.1,0,0
release_00063523->release_00063524,asqi-engineer/asqi-engineer,v0.3.1,v0.3.2,0,0
release_00063524->release_00063525,asqi-engineer/asqi-engineer,v0.3.2,v0.3.3,0,0
release_00063525->release_00063526,asqi-engineer/asqi-engineer,v0.3.3,v0.3.4,0,0
release_00063526->release_00063527,asqi-engineer/asqi-engineer,v0.3.4,v0.3.5,0,0
release_00063527->release_00063528,asqi-engineer/asqi-engineer,v0.3.5,v0.4.0,0,0
release_00063528->release_00063529,asqi-engineer/asqi-engineer,v0.4.0,v0.4.1,0,0
release_00063529->release_00063530,asqi-engineer/asqi-engineer,v0.4.1,v0.4.2,0,0
release_00063530->release_00063531,asqi-engineer/asqi-engineer,v0.4.2,v0.4.3,0,0
release_00063531->release_00063532,asqi-engineer/asqi-engineer,v0.4.3,v0.4.4,0,0
release_00063532->release_00063533,asqi-engineer/asqi-engineer,v0.4.4,v0.4.5,0,0
release_00063533->release_00063534,asqi-engineer/asqi-engineer,v0.4.5,v0.4.6,0,0
release_00063534->release_00063535,asqi-engineer/asqi-engineer,v0.4.6,v0.4.7,0,0
release_00063535->release_00063536,asqi-engineer/asqi-engineer,v0.4.7,v0.4.8,0,0
release_00063536->release_00063537,asqi-engineer/asqi-engineer,v0.4.8,v0.4.9,0,0
release_00063538->release_00063539,asqi-engineer/asqi-engineer,v0.5.0,v0.5.1,0,0
release_00063539->release_00063540,asqi-engineer/asqi-engineer,v0.5.1,v0.5.3,0,0
release_00063540->release_00063541,asqi-engineer/asqi-engineer,v0.5.3,v0.5.4,0,0
release_00063542->release_00063543,assafelovic/gpt-researcher,v1.0.0,v1.0.1,0,1
release_00063543->release_00063544,assafelovic/gpt-researcher,v1.0.1,v1.0.2,0,0
release_00063544->release_00063545,assafelovic/gpt-researcher,v1.0.2,v0.0.3,0,0
release_00063545->release_00063546,assafelovic/gpt-researcher,v0.0.3,v0.0.4,0,0
release_00063546->release_00063547,assafelovic/gpt-researcher,v0.0.4,v0.0.5,0,0
release_00063547->release_00063548,assafelovic/gpt-researcher,v0.0.5,v.0.0.6,0,0
release_00063548->release_00063549,assafelovic/gpt-researcher,v.0.0.6,v0.0.7,0,0
release_00063549->release_00063550,assafelovic/gpt-researcher,v0.0.7,v0.0.8,0,0
release_00063550->release_00063551,assafelovic/gpt-researcher,v0.0.8,v0.1.0,0,0
release_00063551->release_00063552,assafelovic/gpt-researcher,v0.1.0,v0.1.1,0,0
release_00063552->release_00063553,assafelovic/gpt-researcher,v0.1.1,v0.1.2,0,0
release_00063553->release_00063554,assafelovic/gpt-researcher,v0.1.2,0.1.3,0,0
release_00063554->release_00063555,assafelovic/gpt-researcher,0.1.3,v0.1.4,0,0
release_00063555->release_00063556,assafelovic/gpt-researcher,v0.1.4,v0.1.5,0,0
release_00063556->release_00063557,assafelovic/gpt-researcher,v0.1.5,v.0.1.6,1,1
release_00063557->release_00063558,assafelovic/gpt-researcher,v.0.1.6,v0.2.0,0,0
release_00063558->release_00063559,assafelovic/gpt-researcher,v0.2.0,v0.2.1,0,0
release_00063559->release_00063560,assafelovic/gpt-researcher,v0.2.1,v.0.2.2,1,1
release_00063560->release_00063561,assafelovic/gpt-researcher,v.0.2.2,v0.2.3,0,0
release_00063561->release_00063562,assafelovic/gpt-researcher,v0.2.3,v0.2.4,0,0
release_00063562->release_00063563,assafelovic/gpt-researcher,v0.2.4,v.0.2.5,1,1
release_00063563->release_00063564,assafelovic/gpt-researcher,v.0.2.5,v.0.2.6,0,0
release_00063564->release_00063565,assafelovic/gpt-researcher,v.0.2.6,v0.2.7,0,0
release_00063565->release_00063566,assafelovic/gpt-researcher,v0.2.7,v0.2.8,0,0
release_00063566->release_00063567,assafelovic/gpt-researcher,v0.2.8,v0.3.0,0,0
release_00063567->release_00063568,assafelovic/gpt-researcher,v0.3.0,v.0.3.1,0,0
release_00063568->release_00063569,assafelovic/gpt-researcher,v.0.3.1,v3.0.2,0,0
release_00063569->release_00063570,assafelovic/gpt-researcher,v3.0.2,v3.0.3,0,0
release_00063570->release_00063571,assafelovic/gpt-researcher,v3.0.3,v3.0.4,0,0
release_00063571->release_00063572,assafelovic/gpt-researcher,v3.0.4,v.3.0.5,0,0
release_00063572->release_00063573,assafelovic/gpt-researcher,v.3.0.5,v3.0.6,0,1
release_00063573->release_00063574,assafelovic/gpt-researcher,v3.0.6,v3.0.7,0,0
release_00063574->release_00063575,assafelovic/gpt-researcher,v3.0.7,v3.0.8,0,0
release_00063575->release_00063576,assafelovic/gpt-researcher,v3.0.8,v.3.1.0,0,0
release_00063576->release_00063577,assafelovic/gpt-researcher,v.3.1.0,v3.1.1,0,0
release_00063577->release_00063578,assafelovic/gpt-researcher,v3.1.1,v3.1.2,1,0
release_00063578->release_00063579,assafelovic/gpt-researcher,v3.1.2,v3.1.3,0,0
release_00063579->release_00063580,assafelovic/gpt-researcher,v3.1.3,v3.1.4,0,0
release_00063580->release_00063581,assafelovic/gpt-researcher,v3.1.4,v3.1.5,0,0
release_00063581->release_00063582,assafelovic/gpt-researcher,v3.1.5,v3.1.6,0,0
release_00063582->release_00063584,assafelovic/gpt-researcher,v3.1.6,v3.1.8,0,0
release_00063584->release_00063585,assafelovic/gpt-researcher,v3.1.8,v3.1.9,0,0
release_00063585->release_00063586,assafelovic/gpt-researcher,v3.1.9,v3.2.0,0,0
release_00063586->release_00063587,assafelovic/gpt-researcher,v3.2.0,v3.2.1,0,0
release_00063587->release_00063588,assafelovic/gpt-researcher,v3.2.1,v3.2.2,0,0
release_00063588->release_00063589,assafelovic/gpt-researcher,v3.2.2,v3.2.3,3,1
release_00063589->release_00063590,assafelovic/gpt-researcher,v3.2.3,v3.2.4,0,0
release_00063590->release_00063591,assafelovic/gpt-researcher,v3.2.4,v3.2.5,0,0
release_00063591->release_00063592,assafelovic/gpt-researcher,v3.2.5,v3.2.6,0,0
release_00063592->release_00063593,assafelovic/gpt-researcher,v3.2.6,v3.2.7,0,0
release_00063593->release_00063594,assafelovic/gpt-researcher,v3.2.7,v3.2.8,0,0
release_00063594->release_00063595,assafelovic/gpt-researcher,v3.2.8,v3.2.9,1,0
release_00063595->release_00063597,assafelovic/gpt-researcher,v3.2.9,v.3.3.1,0,0
release_00063597->release_00063599,assafelovic/gpt-researcher,v.3.3.1,v.3.3.3,0,0
release_00063599->release_00063600,assafelovic/gpt-researcher,v.3.3.3,v.3.3.4,0,0
release_00063600->release_00063601,assafelovic/gpt-researcher,v.3.3.4,v.3.3.5,2,0
release_00063601->release_00063602,assafelovic/gpt-researcher,v.3.3.5,v.3.3.6,2,0
release_00063602->release_00063603,assafelovic/gpt-researcher,v.3.3.6,v.3.3.7,0,0
release_00063603->release_00063604,assafelovic/gpt-researcher,v.3.3.7,v.3.3.8,0,0
release_00063604->release_00063605,assafelovic/gpt-researcher,v.3.3.8,v3.3.9,0,0
release_00063605->release_00063606,assafelovic/gpt-researcher,v3.3.9,v3.4.0,0,0
release_00063606->release_00063607,assafelovic/gpt-researcher,v3.4.0,v3.4.1,1,0
release_00063607->release_00063608,assafelovic/gpt-researcher,v3.4.1,v3.4.2,0,0
release_00063608->release_00063609,assafelovic/gpt-researcher,v3.4.2,v3.4.3,0,0
release_00063609->release_00063610,assafelovic/gpt-researcher,v3.4.3,v3.4.4,1,0
release_00063684->release_00063685,asukaneko/nekobot,v2.1.0,v2.2.0,5,0
release_00063685->release_00063686,asukaneko/nekobot,v2.2.0,v2.3.0,1,0
release_00063686->release_00063687,asukaneko/nekobot,v2.3.0,v2.4.0,3,0
release_00064237->release_00064239,autogluon/autogluon-assistant,v0.1.0,v1.1.0,1,0
release_00064248->release_00064250,automl/promptolution,0.1.1,v0.2.0,0,0
release_00064250->release_00064251,automl/promptolution,v0.2.0,v1.0.0,0,0
release_00064251->release_00064252,automl/promptolution,v1.0.0,v1.0.1,0,0
release_00064252->release_00064253,automl/promptolution,v1.0.1,v1.1.0,0,0
release_00064253->release_00064254,automl/promptolution,v1.1.0,v1.1.1,0,0
release_00064254->release_00064255,automl/promptolution,v1.1.1,v1.2.0,0,0
release_00064255->release_00064256,automl/promptolution,v1.2.0,v1.3.0,0,0
release_00064256->release_00064257,automl/promptolution,v1.3.0,v1.3.1,0,0
release_00064257->release_00064258,automl/promptolution,v1.3.1,v1.3.2,0,0
release_00064258->release_00064259,automl/promptolution,v1.3.2,v1.4.0,0,0
release_00064259->release_00064260,automl/promptolution,v1.4.0,v2.0.0,0,0
release_00064260->release_00064261,automl/promptolution,v2.0.0,v2.0.1,0,0
release_00064261->release_00064262,automl/promptolution,v2.0.1,v2.1.0,0,0
release_00064262->release_00064263,automl/promptolution,v2.1.0,v2.2.0,0,0
release_00064263->release_00064264,automl/promptolution,v2.2.0,v2.2.1,0,0
release_00064264->release_00064265,automl/promptolution,v2.2.1,v2.2.2,0,0
release_00064265->release_00064266,automl/promptolution,v2.2.2,v2.2.3,0,0
release_00064593->release_00064594,aws-observability/aws-otel-python-instrumentation,v0.1.0,v0.1.1,0,0
release_00064602->release_00064604,aws-observability/aws-otel-python-instrumentation,lambda-v0.8.0-1fae89f,lambda-v0.9.0-cd9c612,0,0
release_00064604->release_00064605,aws-observability/aws-otel-python-instrumentation,lambda-v0.9.0-cd9c612,v0.10.0,0,0
release_00064605->release_00064606,aws-observability/aws-otel-python-instrumentation,v0.10.0,v0.10.1,0,0
release_00064607->release_00064609,aws-observability/aws-otel-python-instrumentation,v0.11.0,lambda-v0.11.0-35bf712,0,0
release_00064608->release_00064610,aws-observability/aws-otel-python-instrumentation,v0.12.0,v0.12.1,0,0
release_00064610->release_00064611,aws-observability/aws-otel-python-instrumentation,v0.12.1,v0.12.2,0,0
release_00064613->release_00064614,aws-observability/aws-otel-python-instrumentation,v0.14.0,v0.14.1,0,0
release_00064614->release_00064615,aws-observability/aws-otel-python-instrumentation,v0.14.1,v0.14.2,0,0
release_00066615->release_00066616,bcgov/EPIC.conditions,v1.0.0,v1.0.1,0,0
release_00066616->release_00066617,bcgov/EPIC.conditions,v1.0.1,V1.0.2,0,0
release_00066628->release_00066629,bdambrosio/Cognitive_workbench,v0.2,v0.3,0,0
release_00066629->release_00066630,bdambrosio/Cognitive_workbench,v0.3,v0.5,0,0
release_00066630->release_00066631,bdambrosio/Cognitive_workbench,v0.5,v0.6,0,0
release_00066631->release_00066632,bdambrosio/Cognitive_workbench,v0.6,v0.8,1,0
release_00066633->release_00066634,bdambrosio/Cognitive_workbench,v0.91,v0.92,1,0
release_00066634->release_00066635,bdambrosio/Cognitive_workbench,v0.92,0.95,2,0
release_00066635->release_00066636,bdambrosio/Cognitive_workbench,0.95,0.99,2,0
release_00066871->release_00066872,benchflow-ai/benchflow,v0.1.8,v0.1.12,2,0
release_00066872->release_00066873,benchflow-ai/benchflow,v0.1.12,v0.2.0,5,0
release_00066873->release_00066874,benchflow-ai/benchflow,v0.2.0,v0.2.1,0,0
release_00066874->release_00066875,benchflow-ai/benchflow,v0.2.1,v0.2.2,0,0
release_00066875->release_00066876,benchflow-ai/benchflow,v0.2.2,v0.2.3,0,0
release_00066876->release_00066877,benchflow-ai/benchflow,v0.2.3,v0.3.2,0,0
release_00066877->release_00066878,benchflow-ai/benchflow,v0.3.2,v0.4.0,1,0
release_00067115->release_00067116,bettersg/SchemesSG_v3,v3.0.0,v3.1.0,0,0
release_00067116->release_00067117,bettersg/SchemesSG_v3,v3.1.0,v3.1.1,0,0
release_00067117->release_00067118,bettersg/SchemesSG_v3,v3.1.1,v3.1.2,0,0
release_00067118->release_00067119,bettersg/SchemesSG_v3,v3.1.2,v3.1.3,0,0
release_00067119->release_00067120,bettersg/SchemesSG_v3,v3.1.3,v3.2.0,0,0
release_00067120->release_00067121,bettersg/SchemesSG_v3,v3.2.0,v3.3.0,1,0
release_00067121->release_00067122,bettersg/SchemesSG_v3,v3.3.0,v3.4.0,1,0
release_00067122->release_00067123,bettersg/SchemesSG_v3,v3.4.0,v3.5.0,0,0
release_00067220->release_00067221,bigsk1/voice-chat-ai,v1.0.0,v1.1.0,2,0
release_00067221->release_00067222,bigsk1/voice-chat-ai,v1.1.0,v1.2.0,0,0
release_00068034->release_00068035,blue-pen5805/dify-plugin-gemini,0.1.3,0.1.4,0,0
release_00068035->release_00068036,blue-pen5805/dify-plugin-gemini,0.1.4,0.1.5,0,0
release_00068036->release_00068037,blue-pen5805/dify-plugin-gemini,0.1.5,0.1.6,0,0
release_00068037->release_00068038,blue-pen5805/dify-plugin-gemini,0.1.6,0.1.7,0,0
release_00068038->release_00068039,blue-pen5805/dify-plugin-gemini,0.1.7,0.1.8,0,0
release_00068039->release_00068040,blue-pen5805/dify-plugin-gemini,0.1.8,0.2.1,0,0
release_00068040->release_00068041,blue-pen5805/dify-plugin-gemini,0.2.1,0.2.2,0,0
release_00068041->release_00068042,blue-pen5805/dify-plugin-gemini,0.2.2,0.2.3,0,0
release_00068042->release_00068043,blue-pen5805/dify-plugin-gemini,0.2.3,0.2.4,0,0
release_00068043->release_00068044,blue-pen5805/dify-plugin-gemini,0.2.4,0.2.5,0,0
release_00068044->release_00068045,blue-pen5805/dify-plugin-gemini,0.2.5,0.2.6,0,0
release_00068045->release_00068046,blue-pen5805/dify-plugin-gemini,0.2.6,0.2.7,0,0
release_00068046->release_00068047,blue-pen5805/dify-plugin-gemini,0.2.7,0.2.8,0,0
release_00068047->release_00068048,blue-pen5805/dify-plugin-gemini,0.2.8,0.2.9,0,0
release_00068048->release_00068049,blue-pen5805/dify-plugin-gemini,0.2.9,0.2.10,0,0
release_00068049->release_00068050,blue-pen5805/dify-plugin-gemini,0.2.10,0.7.2,5,0
release_00068050->release_00068051,blue-pen5805/dify-plugin-gemini,0.7.2,0.7.11,1,0
release_00068051->release_00068052,blue-pen5805/dify-plugin-gemini,0.7.11,0.7.21,3,0
release_00068116->release_00068117,bnbong/FastAPI-fastkit,v1.0.0,v1.0.1,0,0
release_00068117->release_00068118,bnbong/FastAPI-fastkit,v1.0.1,v1.0.2,0,0
release_00068118->release_00068119,bnbong/FastAPI-fastkit,v1.0.2,v1.1.0,0,0
release_00068119->release_00068120,bnbong/FastAPI-fastkit,v1.1.0,v1.1.1,0,0
release_00068120->release_00068121,bnbong/FastAPI-fastkit,v1.1.1,v1.1.2,0,0
release_00068121->release_00068122,bnbong/FastAPI-fastkit,v1.1.2,v1.1.3,0,0
release_00068122->release_00068123,bnbong/FastAPI-fastkit,v1.1.3,v1.1.4,0,0
release_00068123->release_00068124,bnbong/FastAPI-fastkit,v1.1.4,v1.1.5,0,0
release_00068124->release_00068125,bnbong/FastAPI-fastkit,v1.1.5,v1.2.0,2,0
release_00068125->release_00068126,bnbong/FastAPI-fastkit,v1.2.0,v1.2.1,2,0
release_00069831->release_00069832,brightio/penelope,v0.8.0,v0.8.4,0,0
release_00069832->release_00069833,brightio/penelope,v0.8.4,v0.8.5,0,0
release_00069833->release_00069834,brightio/penelope,v0.8.5,v0.9.2,0,0
release_00069834->release_00069835,brightio/penelope,v0.9.2,v0.10.0,0,0
release_00069835->release_00069836,brightio/penelope,v0.10.0,v0.14.8,1,0
release_00069836->release_00069837,brightio/penelope,v0.14.8,v0.14.14,0,0
release_00069837->release_00069838,brightio/penelope,v0.14.14,v0.15.0,0,0
release_00069838->release_00069839,brightio/penelope,v0.15.0,v0.18.0,0,0
release_00070291->release_00070292,cafferychen777/mLLMCelltype,v2.0.4,v2.0.5,6,0
release_00073142->release_00073143,chenyuan99/swelist,v0.1.5,v0.1.6,0,0
release_00073143->release_00073144,chenyuan99/swelist,v0.1.6,v0.1.7,0,0
release_00073144->release_00073145,chenyuan99/swelist,v0.1.7,v0.1.8,3,0
release_00073145->release_00073146,chenyuan99/swelist,v0.1.8,v0.1.9,5,0
release_00073272->release_00073273,chonkie-inc/chonkie,v1.0.0,v1.0.1,0,0
release_00073273->release_00073275,chonkie-inc/chonkie,v1.0.1,v1.0.2,0,0
release_00073275->release_00073278,chonkie-inc/chonkie,v1.0.2,v1.0.3,0,0
release_00073278->release_00073279,chonkie-inc/chonkie,v1.0.3,v1.0.4,0,0
release_00073279->release_00073280,chonkie-inc/chonkie,v1.0.4,v1.0.5,0,0
release_00073280->release_00073282,chonkie-inc/chonkie,v1.0.5,v1.0.6,2,0
release_00073282->release_00073283,chonkie-inc/chonkie,v1.0.6,v1.0.7,2,0
release_00073283->release_00073284,chonkie-inc/chonkie,v1.0.7,v1.0.8,0,0
release_00073284->release_00073285,chonkie-inc/chonkie,v1.0.8,v1.0.9,4,0
release_00073285->release_00073286,chonkie-inc/chonkie,v1.0.9,v1.0.10,0,0
release_00073286->release_00073287,chonkie-inc/chonkie,v1.0.10,v1.1.0,0,0
release_00073287->release_00073289,chonkie-inc/chonkie,v1.1.0,v1.1.1,0,0
release_00073289->release_00073290,chonkie-inc/chonkie,v1.1.1,v1.1.2,10,0
release_00073290->release_00073291,chonkie-inc/chonkie,v1.1.2,v1.2.0,2,0
release_00073291->release_00073292,chonkie-inc/chonkie,v1.2.0,v1.2.1,0,0
release_00073292->release_00073293,chonkie-inc/chonkie,v1.2.1,v1.3.0,0,0
release_00073293->release_00073294,chonkie-inc/chonkie,v1.3.0,v1.3.1,0,0
release_00073294->release_00073295,chonkie-inc/chonkie,v1.3.1,v1.4.0,0,0
release_00073295->release_00073296,chonkie-inc/chonkie,v1.4.0,v1.4.1,0,0
release_00073296->release_00073297,chonkie-inc/chonkie,v1.4.1,v1.4.2,4,0
release_00073297->release_00073298,chonkie-inc/chonkie,v1.4.2,v1.5.0,6,0
release_00073298->release_00073299,chonkie-inc/chonkie,v1.5.0,v1.5.1,6,0
release_00073299->release_00073300,chonkie-inc/chonkie,v1.5.1,v1.5.2,0,0
release_00073300->release_00073301,chonkie-inc/chonkie,v1.5.2,v1.5.4,0,0
release_00073301->release_00073302,chonkie-inc/chonkie,v1.5.4,v1.5.5,0,0
release_00073302->release_00073303,chonkie-inc/chonkie,v1.5.5,v1.5.6,0,0
release_00073303->release_00073304,chonkie-inc/chonkie,v1.5.6,v1.6.0,14,0
release_00073304->release_00073305,chonkie-inc/chonkie,v1.6.0,v1.6.1,0,0
release_00073305->release_00073306,chonkie-inc/chonkie,v1.6.1,v1.6.2,0,0
release_00073306->release_00073307,chonkie-inc/chonkie,v1.6.2,v1.6.3,0,0
release_00073307->release_00073308,chonkie-inc/chonkie,v1.6.3,v1.6.4,0,0
release_00073308->release_00073309,chonkie-inc/chonkie,v1.6.4,v1.6.5,0,0
release_00073309->release_00073310,chonkie-inc/chonkie,v1.6.5,v1.6.6,0,0
release_00073310->release_00073311,chonkie-inc/chonkie,v1.6.6,v1.6.7,0,0
release_00074070->release_00074072,cjz-wr/DesktopPetByAi,1.0,2.1.5,0,0
release_00074072->release_00074073,cjz-wr/DesktopPetByAi,2.1.5,2.1.6,6,0
release_00074073->release_00074074,cjz-wr/DesktopPetByAi,2.1.6,2.1.7,0,0
release_00074814->release_00074815,codecov/umbrella,self-hosted-25.4.1,self-hosted-25.5.1,1,0
release_00074815->release_00074816,codecov/umbrella,self-hosted-25.5.1,self-hosted-25.6.2,0,0
release_00074816->release_00074817,codecov/umbrella,self-hosted-25.6.2,self-hosted-25.7.7,0,0
release_00074817->release_00074818,codecov/umbrella,self-hosted-25.7.7,self-hosted-25.8.5,0,0
release_00074818->release_00074819,codecov/umbrella,self-hosted-25.8.5,self-hosted-25.10.6,0,0
release_00074819->release_00074820,codecov/umbrella,self-hosted-25.10.6,self-hosted-25.11.3,0,0
release_00074821->release_00074822,codecov/umbrella,self-hosted-26.1.16,self-hosted-26.2.2,0,0
release_00074822->release_00074823,codecov/umbrella,self-hosted-26.2.2,self-hosted-26.3.4,0,0
release_00074823->release_00074824,codecov/umbrella,self-hosted-26.3.4,self-hosted-26.4.1,0,0
release_00074824->release_00074825,codecov/umbrella,self-hosted-26.4.1,self-hosted-26.5.18,0,0
release_00074826->release_00074827,codeforpdx/tenantfirstaid,v0.3.1,v0.4.0,0,0
release_00074827->release_00074828,codeforpdx/tenantfirstaid,v0.4.0,v0.4.1,1,1
release_00075833->release_00075834,cognizant-ai-lab/neuro-san-studio,0.0.1,0.0.6,0,0
release_00075834->release_00075835,cognizant-ai-lab/neuro-san-studio,0.0.6,0.0.7,0,0
release_00075835->release_00075836,cognizant-ai-lab/neuro-san-studio,0.0.7,0.0.8,0,0
release_00075836->release_00075837,cognizant-ai-lab/neuro-san-studio,0.0.8,0.0.9,0,0
release_00075837->release_00075838,cognizant-ai-lab/neuro-san-studio,0.0.9,0.1.0,1,1
release_00075838->release_00075839,cognizant-ai-lab/neuro-san-studio,0.1.0,0.1.1,0,0
release_00075839->release_00075840,cognizant-ai-lab/neuro-san-studio,0.1.1,0.1.2,0,0
release_00075840->release_00075841,cognizant-ai-lab/neuro-san-studio,0.1.2,0.1.3,0,0
release_00075841->release_00075842,cognizant-ai-lab/neuro-san-studio,0.1.3,0.1.4,0,0
release_00075842->release_00075843,cognizant-ai-lab/neuro-san-studio,0.1.4,0.1.5,0,0
release_00075843->release_00075844,cognizant-ai-lab/neuro-san-studio,0.1.5,0.1.6,2,0
release_00075844->release_00075845,cognizant-ai-lab/neuro-san-studio,0.1.6,0.1.7,0,0
release_00075845->release_00075846,cognizant-ai-lab/neuro-san-studio,0.1.7,0.1.8,1,0
release_00075846->release_00075847,cognizant-ai-lab/neuro-san-studio,0.1.8,0.1.9,1,1
release_00075847->release_00075848,cognizant-ai-lab/neuro-san-studio,0.1.9,0.1.10,0,0
release_00075848->release_00075849,cognizant-ai-lab/neuro-san-studio,0.1.10,0.2.0,0,0
release_00075849->release_00075850,cognizant-ai-lab/neuro-san-studio,0.2.0,0.2.1,0,0
release_00075850->release_00075851,cognizant-ai-lab/neuro-san-studio,0.2.1,0.2.2,0,0
release_00075851->release_00075852,cognizant-ai-lab/neuro-san-studio,0.2.2,0.2.3,0,0
release_00075852->release_00075853,cognizant-ai-lab/neuro-san-studio,0.2.3,0.2.4,2,0
release_00075853->release_00075854,cognizant-ai-lab/neuro-san-studio,0.2.4,0.2.5,2,0
release_00075854->release_00075855,cognizant-ai-lab/neuro-san-studio,0.2.5,0.2.6,0,0
release_00075855->release_00075856,cognizant-ai-lab/neuro-san-studio,0.2.6,0.2.7,1,0
release_00075856->release_00075857,cognizant-ai-lab/neuro-san-studio,0.2.7,0.2.8,0,0
release_00075857->release_00075858,cognizant-ai-lab/neuro-san-studio,0.2.8,0.2.9,0,0
release_00075858->release_00075859,cognizant-ai-lab/neuro-san-studio,0.2.9,0.2.10,0,0
release_00075859->release_00075860,cognizant-ai-lab/neuro-san-studio,0.2.10,0.2.11,0,0
release_00076317->release_00076318,compfly-ai/crosswind,v0.1.0,v0.1.10,0,0
release_00076318->release_00076319,compfly-ai/crosswind,v0.1.10,v0.1.11,0,0
release_00076319->release_00076320,compfly-ai/crosswind,v0.1.11,v0.1.12,0,0
release_00076320->release_00076321,compfly-ai/crosswind,v0.1.12,v0.1.13,1,0
release_00076321->release_00076323,compfly-ai/crosswind,v0.1.13,v0.1.15,0,0
release_00076323->release_00076324,compfly-ai/crosswind,v0.1.15,v0.1.16,0,0
release_00076324->release_00076326,compfly-ai/crosswind,v0.1.16,v0.1.18,0,0
release_00076326->release_00076328,compfly-ai/crosswind,v0.1.18,v0.1.20,0,0
release_00076328->release_00076330,compfly-ai/crosswind,v0.1.20,v0.1.23,0,0
release_00076405->release_00076406,confident-ai/deepeval,v0.17.3,v0.17.4,0,0
release_00076406->release_00076407,confident-ai/deepeval,v0.17.4,v0.17.5,0,0
release_00076407->release_00076408,confident-ai/deepeval,v0.17.5,v0.17.6,0,0
release_00076408->release_00076409,confident-ai/deepeval,v0.17.6,v0.17.8,0,0
release_00076409->release_00076410,confident-ai/deepeval,v0.17.8,v0.17.9,0,0
release_00076410->release_00076411,confident-ai/deepeval,v0.17.9,v0.18.0,0,0
release_00076411->release_00076412,confident-ai/deepeval,v0.18.0,v0.19.0,0,0
release_00076412->release_00076413,confident-ai/deepeval,v0.19.0,v0.20.0,0,0
release_00076413->release_00076414,confident-ai/deepeval,v0.20.0,v0.20.3,0,1
release_00076414->release_00076415,confident-ai/deepeval,v0.20.3,v0.20.5,0,0
release_00076415->release_00076416,confident-ai/deepeval,v0.20.5,v0.20.6,0,0
release_00076416->release_00076444,confident-ai/deepeval,v0.20.6,v2.6.5,15,1
release_00076444->release_00076445,confident-ai/deepeval,v2.6.5,v2.6.8,0,0
release_00076445->release_00076446,confident-ai/deepeval,v2.6.8,v2.7.6,7,1
release_00076446->release_00076447,confident-ai/deepeval,v2.7.6,v2.7.9,2,1
release_00076447->release_00076449,confident-ai/deepeval,v2.7.9,v2.9.0,7,0
release_00076449->release_00076456,confident-ai/deepeval,v2.9.0,v3.7.2,42,1
release_00076456->release_00076457,confident-ai/deepeval,v3.7.2,v3.9.9,75,1
release_00076457->release_00076458,confident-ai/deepeval,v3.9.9,v4.0.2,2,1
release_00076458->release_00076459,confident-ai/deepeval,v4.0.2,v4.0.3,0,0
release_00076874->release_00076875,couchbaselabs/agent-catalog,v1.0.0,v1.1.0,0,0
release_00078400->release_00078401,cuga-project/cuga-agent,v0.1.1,v0.1.3,0,0
release_00078401->release_00078403,cuga-project/cuga-agent,v0.1.3,v0.1.7,0,0
release_00078403->release_00078404,cuga-project/cuga-agent,v0.1.7,v0.1.10,0,0
release_00078404->release_00078405,cuga-project/cuga-agent,v0.1.10,v0.1.11,0,0
release_00078405->release_00078406,cuga-project/cuga-agent,v0.1.11,v0.2.0,6,0
release_00078406->release_00078407,cuga-project/cuga-agent,v0.2.0,v0.2.7,1,1
release_00078409->release_00078410,cuga-project/cuga-agent,v0.2.11,v0.2.28,2,1
release_00078814->release_00078815,d3fq0n1/maestro-orchestrator,v0.6,v0.7.0,0,0
release_00078815->release_00078816,d3fq0n1/maestro-orchestrator,v0.7.0,v0.7.4,0,0
release_00079405->release_00079406,dandye/agentic_soc_gemini_enterprise,v0.0.1,v0.0.2,0,0
release_00079406->release_00079407,dandye/agentic_soc_gemini_enterprise,v0.0.2,v0.2.0,0,0
release_00079458->release_00079459,danny-avila/rag_api,v0.1.0,v0.2.0,0,0
release_00079459->release_00079460,danny-avila/rag_api,v0.2.0,v0.3.0,0,0
release_00079460->release_00079461,danny-avila/rag_api,v0.3.0,v0.4.0,0,0
release_00079461->release_00079462,danny-avila/rag_api,v0.4.0,v0.5.0,0,0
release_00079462->release_00079463,danny-avila/rag_api,v0.5.0,v0.6.0,1,0
release_00079463->release_00079464,danny-avila/rag_api,v0.6.0,v0.7.0,1,0
release_00079464->release_00079465,danny-avila/rag_api,v0.7.0,v0.7.1,0,0
release_00079465->release_00079466,danny-avila/rag_api,v0.7.1,v0.7.2,1,0
release_00079466->release_00079467,danny-avila/rag_api,v0.7.2,v0.7.3,0,0
release_00079467->release_00079468,danny-avila/rag_api,v0.7.3,v0.8.0,0,0
release_00079609->release_00079610,data-infra/cube-studio,v2024.07.01,v2024.08.01,0,0
release_00079610->release_00079611,data-infra/cube-studio,v2024.08.01,v2024.09.01,0,0
release_00079611->release_00079612,data-infra/cube-studio,v2024.09.01,v2024.11.01,0,0
release_00079612->release_00079613,data-infra/cube-studio,v2024.11.01,v2025.01.01,0,0
release_00079613->release_00079614,data-infra/cube-studio,v2025.01.01,v2025.03.01,0,0
release_00079614->release_00079615,data-infra/cube-studio,v2025.03.01,v2025.07.01,0,0
release_00079615->release_00079616,data-infra/cube-studio,v2025.07.01,v2025.09.01,2,0
release_00079616->release_00079617,data-infra/cube-studio,v2025.09.01,v2026.01.01,0,0
release_00079617->release_00079618,data-infra/cube-studio,v2026.01.01,v2026.03.01,0,0
release_00080435->release_00080436,datenoio/iterabledata,v1.0.6,v1.0.7,0,0
release_00080436->release_00080437,datenoio/iterabledata,v1.0.7,v1.0.8,0,0
release_00080474->release_00080475,davidjurgens/potato,v1.0.0,v1.1.0,0,0
release_00080475->release_00080479,davidjurgens/potato,v1.1.0,v2.0.2,1,0
release_00080479->release_00080480,davidjurgens/potato,v2.0.2,v2.1.0,0,0
release_00080480->release_00080481,davidjurgens/potato,v2.1.0,v2.2.0,0,0
release_00080481->release_00080482,davidjurgens/potato,v2.2.0,v2.3.0,1,0
release_00080482->release_00080483,davidjurgens/potato,v2.3.0,v2.4.0,0,0
release_00080483->release_00080484,davidjurgens/potato,v2.4.0,v2.4.1,0,0
release_00080484->release_00080485,davidjurgens/potato,v2.4.1,v2.4.3,1,0
release_00080485->release_00080486,davidjurgens/potato,v2.4.3,v2.4.4,0,0
release_00081359->release_00081360,derisk-ai/OpenDerisk,v0.2.0,v0.2.1-archive,0,0
release_00081360->release_00081361,derisk-ai/OpenDerisk,v0.2.1-archive,v0.3.0,3,0
release_00082091->release_00082092,digitalmethodsinitiative/4cat,v1.17,v1.18a,0,0
release_00082092->release_00082093,digitalmethodsinitiative/4cat,v1.18a,v1.21,0,0
release_00082093->release_00082095,digitalmethodsinitiative/4cat,v1.21,v1.26,0,0
release_00082095->release_00082098,digitalmethodsinitiative/4cat,v1.26,v1.31,0,0
release_00082098->release_00082099,digitalmethodsinitiative/4cat,v1.31,v1.32,0,0
release_00082099->release_00082100,digitalmethodsinitiative/4cat,v1.32,v1.33,0,0
release_00082100->release_00082101,digitalmethodsinitiative/4cat,v1.33,v1.34,0,0
release_00082101->release_00082102,digitalmethodsinitiative/4cat,v1.34,v1.35,0,0
release_00082102->release_00082103,digitalmethodsinitiative/4cat,v1.35,v1.36,0,0
release_00082103->release_00082104,digitalmethodsinitiative/4cat,v1.36,v1.37,0,0
release_00082104->release_00082105,digitalmethodsinitiative/4cat,v1.37,v1.38,0,0
release_00082105->release_00082112,digitalmethodsinitiative/4cat,v1.38,v1.45,0,0
release_00082108->release_00082109,digitalmethodsinitiative/4cat,v1.41,v1.42,0,0
release_00082112->release_00082114,digitalmethodsinitiative/4cat,v1.45,v1.47,1,0
release_00082114->release_00082118,digitalmethodsinitiative/4cat,v1.47,v1.51,3,0
release_00082118->release_00082119,digitalmethodsinitiative/4cat,v1.51,v1.52,0,0
release_00082119->release_00082120,digitalmethodsinitiative/4cat,v1.52,v1.53,5,0
release_00082120->release_00082121,digitalmethodsinitiative/4cat,v1.53,v1.54,0,0
release_00082122->release_00082123,digitalpalidictionary/dpd-db,v0.2.20241017,v0.2.20241115,0,0
release_00082123->release_00082124,digitalpalidictionary/dpd-db,v0.2.20241115,v0.2.20241215,2,1
release_00082124->release_00082125,digitalpalidictionary/dpd-db,v0.2.20241215,v0.2.20250113,0,0
release_00082125->release_00082126,digitalpalidictionary/dpd-db,v0.2.20250113,v0.2.20250212,0,0
release_00082126->release_00082127,digitalpalidictionary/dpd-db,v0.2.20250212,v0.2.20250314,0,0
release_00082127->release_00082128,digitalpalidictionary/dpd-db,v0.2.20250314,v0.2.20250413,1,0
release_00082128->release_00082129,digitalpalidictionary/dpd-db,v0.2.20250413,v0.2.20250512,2,1
release_00082129->release_00082130,digitalpalidictionary/dpd-db,v0.2.20250512,v0.2.20250611,0,0
release_00082130->release_00082131,digitalpalidictionary/dpd-db,v0.2.20250611,v0.2.20250709,0,0
release_00082131->release_00082132,digitalpalidictionary/dpd-db,v0.2.20250709,v0.2.20251105,0,0
release_00082132->release_00082133,digitalpalidictionary/dpd-db,v0.2.20251105,v0.3.20251205,1,0
release_00082133->release_00082134,digitalpalidictionary/dpd-db,v0.3.20251205,v0.3.20260103,1,0
release_00082134->release_00082135,digitalpalidictionary/dpd-db,v0.3.20260103,v0.3.20260202,0,0
release_00082135->release_00082136,digitalpalidictionary/dpd-db,v0.3.20260202,v0.3.20260303,0,0
release_00082136->release_00082137,digitalpalidictionary/dpd-db,v0.3.20260303,v0.3.20260402,1,0
release_00082137->release_00082138,digitalpalidictionary/dpd-db,v0.3.20260402,v0.4.20260501,0,0
release_00082139->release_00082140,digiteinfotech/kairon,v2.7.0,v2.8.0,0,0
release_00082140->release_00082141,digiteinfotech/kairon,v2.8.0,v2.8.1,0,0
release_00082141->release_00082143,digiteinfotech/kairon,v2.8.1,v2.10.0,0,1
release_00082143->release_00082144,digiteinfotech/kairon,v2.10.0,v2.11.0,0,0
release_00082144->release_00082148,digiteinfotech/kairon,v2.11.0,v2.12.1,0,1
release_00082148->release_00082152,digiteinfotech/kairon,v2.12.1,v2.15.2,0,0
release_00082152->release_00082154,digiteinfotech/kairon,v2.15.2,v2.16.0,0,0
release_00082154->release_00082159,digiteinfotech/kairon,v2.16.0,v2.20.0,0,0
release_00082156->release_00082157,digiteinfotech/kairon,v2.17.4,v2.18.0,0,0
release_00082159->release_00082164,digiteinfotech/kairon,v2.20.0,v2.21.7,0,0
release_00082162->release_00082163,digiteinfotech/kairon,v2.21.0,v2.21.2,0,0
release_00082164->release_00082168,digiteinfotech/kairon,v2.21.7,v3.2.0,0,1
release_00082165->release_00082166,digiteinfotech/kairon,v2.21.8,v2.21.10,0,0
release_00082166->release_00082167,digiteinfotech/kairon,v2.21.10,v2.21.11,0,0
release_00082168->release_00082169,digiteinfotech/kairon,v3.2.0,v3.2.1,0,0
release_00082169->release_00082170,digiteinfotech/kairon,v3.2.1,v3.2.4,0,0
release_00082170->release_00082171,digiteinfotech/kairon,v3.2.4,3.3.1,10,1
release_00082171->release_00082172,digiteinfotech/kairon,3.3.1,3.4.0,8,1
release_00082172->release_00082173,digiteinfotech/kairon,3.4.0,v3.4.2,0,0
release_00082173->release_00082174,digiteinfotech/kairon,v3.4.2,3.5.0,0,0
release_00082174->release_00082175,digiteinfotech/kairon,3.5.0,v3.5.1,0,0
release_00082175->release_00082176,digiteinfotech/kairon,v3.5.1,v3.5.2,0,0
release_00082176->release_00082177,digiteinfotech/kairon,v3.5.2,v3.5.3,0,0
release_00082177->release_00082178,digiteinfotech/kairon,v3.5.3,v3.5.4,0,0
release_00082178->release_00082179,digiteinfotech/kairon,v3.5.4,v3.5.6,0,0
release_00082179->release_00082180,digiteinfotech/kairon,v3.5.6,v3.6.0,0,0
release_00082180->release_00082181,digiteinfotech/kairon,v3.6.0,v3.6.1,7,1
release_00082181->release_00082182,digiteinfotech/kairon,v3.6.1,v3.6.8,0,0
release_00082182->release_00082183,digiteinfotech/kairon,v3.6.8,v3.6.10,0,0
release_00082183->release_00082184,digiteinfotech/kairon,v3.6.10,v3.7.0,2,1
release_00082184->release_00082185,digiteinfotech/kairon,v3.7.0,v3.7.1,0,0
release_00082185->release_00082186,digiteinfotech/kairon,v3.7.1,v3.7.2,0,0
release_00082186->release_00082187,digiteinfotech/kairon,v3.7.2,v3.7.4,0,0
release_00082187->release_00082188,digiteinfotech/kairon,v3.7.4,v3.7.5,1,1
release_00082188->release_00082189,digiteinfotech/kairon,v3.7.5,v3.7.7,1,1
release_00082189->release_00082190,digiteinfotech/kairon,v3.7.7,v3.8.0,2,1
release_00082190->release_00082191,digiteinfotech/kairon,v3.8.0,v3.8.1,0,0
release_00082191->release_00082192,digiteinfotech/kairon,v3.8.1,v3.8.2,0,0
release_00082192->release_00082193,digiteinfotech/kairon,v3.8.2,v3.8.3,1,1
release_00082193->release_00082194,digiteinfotech/kairon,v3.8.3,v3.8.4,0,0
release_00082194->release_00082195,digiteinfotech/kairon,v3.8.4,v3.9.0,0,0
release_00082195->release_00082196,digiteinfotech/kairon,v3.9.0,v3.9.2,0,0
release_00082196->release_00082197,digiteinfotech/kairon,v3.9.2,v3.94,0,0
release_00082197->release_00082198,digiteinfotech/kairon,v3.94,v3.9.5,0,0
release_00082198->release_00082199,digiteinfotech/kairon,v3.9.5,v4.0.0,0,0
release_00082199->release_00082200,digiteinfotech/kairon,v4.0.0,v4.1.0,0,0
release_00082200->release_00082201,digiteinfotech/kairon,v4.1.0,v4.2.0,0,0
release_00082201->release_00082202,digiteinfotech/kairon,v4.2.0,v4.3.0,0,0
release_00082202->release_00082203,digiteinfotech/kairon,v4.3.0,v4.4.0,1,1
release_00082203->release_00082204,digiteinfotech/kairon,v4.4.0,v4.4.3,0,0
release_00082204->release_00082205,digiteinfotech/kairon,v4.4.3,v4.5.0,2,1
release_00082205->release_00082206,digiteinfotech/kairon,v4.5.0,v4.6.0,0,0
release_00082206->release_00082207,digiteinfotech/kairon,v4.6.0,v4.7.0,0,0
release_00082214->release_00082216,dimensionalOS/dimos,v0.0.8,v0.0.10,0,0
release_00082215->release_00082217,dimensionalOS/dimos,v0.0.9,v0.0.10.post1,0,0
release_00082217->release_00082218,dimensionalOS/dimos,v0.0.10.post1,v0.0.11,0,0
release_00082218->release_00082219,dimensionalOS/dimos,v0.0.11,v0.0.12,0,0
release_00082266->release_00082267,dividor/evidencelab,v1.0.0,v1.1.0,3,0
release_00082267->release_00082268,dividor/evidencelab,v1.1.0,v1.2.0,0,0
release_00082268->release_00082269,dividor/evidencelab,v1.2.0,v1.3.0,0,0
release_00082269->release_00082270,dividor/evidencelab,v1.3.0,v1.4.0,0,0
release_00082271->release_00082272,diverHansun/newbee-notebook,v0.1.0,v0.2.0,0,0
release_00082272->release_00082273,diverHansun/newbee-notebook,v0.2.0,v0.2.1,0,0
release_00082273->release_00082274,diverHansun/newbee-notebook,v0.2.1,v0.3.0,0,0
release_00082524->release_00082526,dlp3d-ai/orchestrator,v2.0.0,v2.0.2,2,0
release_00082526->release_00082527,dlp3d-ai/orchestrator,v2.0.2,v2.1.0,10,0
release_00082566->release_00082567,dlt-hub/dlt,0.2.6,0.2.8,0,0
release_00082567->release_00082568,dlt-hub/dlt,0.2.8,0.2.9,0,0
release_00082568->release_00082569,dlt-hub/dlt,0.2.9,0.3.0,0,0
release_00082569->release_00082570,dlt-hub/dlt,0.3.0,0.3.1,0,0
release_00082570->release_00082571,dlt-hub/dlt,0.3.1,0.3.2,0,0
release_00082571->release_00082573,dlt-hub/dlt,0.3.2,0.3.3,0,0
release_00082573->release_00082574,dlt-hub/dlt,0.3.3,0.3.4,0,0
release_00082574->release_00082575,dlt-hub/dlt,0.3.4,0.3.5,0,0
release_00082575->release_00082576,dlt-hub/dlt,0.3.5,0.3.6,0,0
release_00082576->release_00082577,dlt-hub/dlt,0.3.6,0.3.8,0,0
release_00082577->release_00082578,dlt-hub/dlt,0.3.8,0.3.9,0,0
release_00082578->release_00082579,dlt-hub/dlt,0.3.9,0.3.10,0,0
release_00082579->release_00082580,dlt-hub/dlt,0.3.10,0.3.12,0,0
release_00082580->release_00082581,dlt-hub/dlt,0.3.12,0.3.13,0,0
release_00082581->release_00082582,dlt-hub/dlt,0.3.13,0.3.16,0,0
release_00082582->release_00082583,dlt-hub/dlt,0.3.16,0.3.17,0,0
release_00082583->release_00082584,dlt-hub/dlt,0.3.17,0.3.18,0,0
release_00082584->release_00082585,dlt-hub/dlt,0.3.18,0.3.19,0,0
release_00082585->release_00082586,dlt-hub/dlt,0.3.19,0.3.21,0,0
release_00082586->release_00082587,dlt-hub/dlt,0.3.21,0.3.22,0,0
release_00082587->release_00082588,dlt-hub/dlt,0.3.22,0.3.23,0,0
release_00082588->release_00082589,dlt-hub/dlt,0.3.23,0.3.24,0,0
release_00082590->release_00082594,dlt-hub/dlt,0.3.25,0.4.1,0,0
release_00082594->release_00082595,dlt-hub/dlt,0.4.1,0.4.2,0,0
release_00082595->release_00082596,dlt-hub/dlt,0.4.2,0.4.3,0,0
release_00082596->release_00082597,dlt-hub/dlt,0.4.3,0.4.4,0,0
release_00082597->release_00082598,dlt-hub/dlt,0.4.4,0.4.5,0,0
release_00082598->release_00082599,dlt-hub/dlt,0.4.5,0.4.6,0,0
release_00082599->release_00082600,dlt-hub/dlt,0.4.6,0.4.7,1,0
release_00082600->release_00082601,dlt-hub/dlt,0.4.7,0.4.8,0,0
release_00082601->release_00082603,dlt-hub/dlt,0.4.8,0.4.9,0,0
release_00082603->release_00082604,dlt-hub/dlt,0.4.9,0.4.10,0,0
release_00082604->release_00082605,dlt-hub/dlt,0.4.10,0.4.11,0,0
release_00082605->release_00082606,dlt-hub/dlt,0.4.11,0.4.12,0,0
release_00082606->release_00082607,dlt-hub/dlt,0.4.12,0.5.1,0,0
release_00082607->release_00082608,dlt-hub/dlt,0.5.1,0.5.2,0,0
release_00082608->release_00082609,dlt-hub/dlt,0.5.2,0.5.3,0,0
release_00082609->release_00082610,dlt-hub/dlt,0.5.3,0.5.4,0,0
release_00082610->release_00082612,dlt-hub/dlt,0.5.4,1.1.0,1,0
release_00082612->release_00082613,dlt-hub/dlt,1.1.0,1.2.0,0,0
release_00082613->release_00082614,dlt-hub/dlt,1.2.0,1.3.0,0,0
release_00082614->release_00082615,dlt-hub/dlt,1.3.0,1.4.0,0,0
release_00082615->release_00082616,dlt-hub/dlt,1.4.0,1.4.1,0,0
release_00082616->release_00082617,dlt-hub/dlt,1.4.1,1.5.0,0,0
release_00082617->release_00082619,dlt-hub/dlt,1.5.0,1.6.1,0,0
release_00082619->release_00082620,dlt-hub/dlt,1.6.1,1.7.0,0,0
release_00082620->release_00082621,dlt-hub/dlt,1.7.0,1.8.0,0,0
release_00082621->release_00082622,dlt-hub/dlt,1.8.0,1.8.1,0,0
release_00082622->release_00082623,dlt-hub/dlt,1.8.1,1.9.0,0,0
release_00082623->release_00082624,dlt-hub/dlt,1.9.0,1.10.0,0,0
release_00082624->release_00082625,dlt-hub/dlt,1.10.0,1.11.0,0,0
release_00082625->release_00082626,dlt-hub/dlt,1.11.0,1.12.0,0,0
release_00082626->release_00082627,dlt-hub/dlt,1.12.0,1.12.1,0,0
release_00082627->release_00082629,dlt-hub/dlt,1.12.1,1.12.3,0,0
release_00082629->release_00082631,dlt-hub/dlt,1.12.3,1.14.1,0,0
release_00082631->release_00082632,dlt-hub/dlt,1.14.1,1.15.0,0,0
release_00082632->release_00082633,dlt-hub/dlt,1.15.0,1.16.0,0,0
release_00082633->release_00082634,dlt-hub/dlt,1.16.0,1.17.0,0,0
release_00082634->release_00082635,dlt-hub/dlt,1.17.0,1.17.1,0,0
release_00082635->release_00082636,dlt-hub/dlt,1.17.1,1.18.0,0,0
release_00082636->release_00082637,dlt-hub/dlt,1.18.0,1.18.1,0,0
release_00082637->release_00082638,dlt-hub/dlt,1.18.1,1.18.2,0,0
release_00082638->release_00082639,dlt-hub/dlt,1.18.2,1.19.0,0,0
release_00082639->release_00082640,dlt-hub/dlt,1.19.0,1.19.1,0,0
release_00082640->release_00082641,dlt-hub/dlt,1.19.1,1.20.0,0,0
release_00082641->release_00082642,dlt-hub/dlt,1.20.0,1.21.0,0,0
release_00082642->release_00082643,dlt-hub/dlt,1.21.0,1.22.0,0,0
release_00082643->release_00082644,dlt-hub/dlt,1.22.0,1.22.1,0,0
release_00082644->release_00082645,dlt-hub/dlt,1.22.1,1.22.2,0,0
release_00082645->release_00082646,dlt-hub/dlt,1.22.2,1.23.0,0,0
release_00082646->release_00082647,dlt-hub/dlt,1.23.0,1.24.0,0,0
release_00082647->release_00082648,dlt-hub/dlt,1.24.0,1.25.0,0,0
release_00082648->release_00082649,dlt-hub/dlt,1.25.0,1.26.0,0,0
release_00082649->release_00082650,dlt-hub/dlt,1.26.0,1.27.0,0,0
release_00084049->release_00084050,duriantaco/sago,v0.1.0,v0.2.0,6,0
release_00084050->release_00084051,duriantaco/sago,v0.2.0,v0.2.2,0,0
release_00084148->release_00084150,dvershinin/lastversion,0.0.1,0.0.4,0,0
release_00084150->release_00084169,dvershinin/lastversion,0.0.4,0.0.5,0,0
release_00084151->release_00084152,dvershinin/lastversion,0.0.6,0.0.7,0,0
release_00084152->release_00084153,dvershinin/lastversion,0.0.7,0.0.8,0,0
release_00084153->release_00084154,dvershinin/lastversion,0.0.8,0.0.9,0,0
release_00084154->release_00084155,dvershinin/lastversion,0.0.9,0.0.10,0,0
release_00084155->release_00084156,dvershinin/lastversion,0.0.10,0.0.11,0,0
release_00084156->release_00084157,dvershinin/lastversion,0.0.11,0.0.12,0,0
release_00084157->release_00084158,dvershinin/lastversion,0.0.12,0.0.13,0,0
release_00084158->release_00084159,dvershinin/lastversion,0.0.13,0.0.14,0,0
release_00084159->release_00084160,dvershinin/lastversion,0.0.14,0.1.0,0,0
release_00084160->release_00084161,dvershinin/lastversion,0.1.0,0.1.1,0,0
release_00084161->release_00084162,dvershinin/lastversion,0.1.1,0.1.2,0,0
release_00084162->release_00084163,dvershinin/lastversion,0.1.2,v0.2.0,0,0
release_00084163->release_00084164,dvershinin/lastversion,v0.2.0,v0.2.1,0,0
release_00084164->release_00084165,dvershinin/lastversion,v0.2.1,v0.2.2,0,0
release_00084165->release_00084166,dvershinin/lastversion,v0.2.2,v0.2.3,0,0
release_00084166->release_00084167,dvershinin/lastversion,v0.2.3,v0.2.4,0,0
release_00084167->release_00084168,dvershinin/lastversion,v0.2.4,v0.2.5,0,0
release_00084168->release_00084170,dvershinin/lastversion,v0.2.5,v1.0.0,0,0
release_00084169->release_00084151,dvershinin/lastversion,0.0.5,0.0.6,0,0
release_00084170->release_00084171,dvershinin/lastversion,v1.0.0,v1.0.1,0,0
release_00084171->release_00084172,dvershinin/lastversion,v1.0.1,v1.1.0,0,0
release_00084172->release_00084173,dvershinin/lastversion,v1.1.0,v1.1.1,0,0
release_00084173->release_00084174,dvershinin/lastversion,v1.1.1,v1.1.2,0,0
release_00084174->release_00084175,dvershinin/lastversion,v1.1.2,v1.1.3,0,0
release_00084175->release_00084176,dvershinin/lastversion,v1.1.3,v1.1.4,0,0
release_00084176->release_00084177,dvershinin/lastversion,v1.1.4,v1.1.5,0,0
release_00084177->release_00084178,dvershinin/lastversion,v1.1.5,v1.1.6,0,0
release_00084178->release_00084179,dvershinin/lastversion,v1.1.6,v1.1.7,0,0
release_00084179->release_00084180,dvershinin/lastversion,v1.1.7,v1.1.8,0,0
release_00084180->release_00084181,dvershinin/lastversion,v1.1.8,v1.2.0,0,0
release_00084181->release_00084182,dvershinin/lastversion,v1.2.0,v1.2.1,0,0
release_00084182->release_00084183,dvershinin/lastversion,v1.2.1,v1.2.2,0,0
release_00084183->release_00084184,dvershinin/lastversion,v1.2.2,v1.2.3,0,0
release_00084184->release_00084185,dvershinin/lastversion,v1.2.3,v1.2.4,0,0
release_00084185->release_00084186,dvershinin/lastversion,v1.2.4,v1.2.5,0,0
release_00084186->release_00084187,dvershinin/lastversion,v1.2.5,v1.2.6,0,0
release_00084187->release_00084188,dvershinin/lastversion,v1.2.6,v1.3.0,0,0
release_00084188->release_00084189,dvershinin/lastversion,v1.3.0,v1.3.1,0,0
release_00084189->release_00084190,dvershinin/lastversion,v1.3.1,v1.3.2,0,0
release_00084190->release_00084191,dvershinin/lastversion,v1.3.2,v1.3.3,0,0
release_00084191->release_00084192,dvershinin/lastversion,v1.3.3,v1.3.4,0,0
release_00084192->release_00084193,dvershinin/lastversion,v1.3.4,v1.3.5,0,0
release_00084193->release_00084194,dvershinin/lastversion,v1.3.5,v1.4.0,0,0
release_00084194->release_00084195,dvershinin/lastversion,v1.4.0,v1.4.1,0,0
release_00084195->release_00084196,dvershinin/lastversion,v1.4.1,v1.4.2,0,0
release_00084196->release_00084197,dvershinin/lastversion,v1.4.2,v1.4.3,0,0
release_00084197->release_00084198,dvershinin/lastversion,v1.4.3,v1.4.4,0,0
release_00084198->release_00084199,dvershinin/lastversion,v1.4.4,v1.4.5,0,0
release_00084199->release_00084200,dvershinin/lastversion,v1.4.5,v1.5.0,0,0
release_00084200->release_00084201,dvershinin/lastversion,v1.5.0,v1.5.1,0,0
release_00084201->release_00084202,dvershinin/lastversion,v1.5.1,v1.6.0,0,0
release_00084202->release_00084203,dvershinin/lastversion,v1.6.0,v2.0.0,0,0
release_00084203->release_00084204,dvershinin/lastversion,v2.0.0,v2.0.1,0,0
release_00084204->release_00084205,dvershinin/lastversion,v2.0.1,v2.1.0,0,0
release_00084205->release_00084207,dvershinin/lastversion,v2.1.0,v2.2.1,0,0
release_00084207->release_00084208,dvershinin/lastversion,v2.2.1,v2.2.2,0,0
release_00084208->release_00084209,dvershinin/lastversion,v2.2.2,v2.3.0,0,0
release_00084209->release_00084210,dvershinin/lastversion,v2.3.0,v2.4.0,0,0
release_00084210->release_00084211,dvershinin/lastversion,v2.4.0,v2.4.1,0,0
release_00084211->release_00084212,dvershinin/lastversion,v2.4.1,v2.4.2,0,0
release_00084212->release_00084213,dvershinin/lastversion,v2.4.2,v2.4.3,0,0
release_00084213->release_00084214,dvershinin/lastversion,v2.4.3,v2.4.4,0,0
release_00084214->release_00084215,dvershinin/lastversion,v2.4.4,v2.4.5,0,0
release_00084215->release_00084216,dvershinin/lastversion,v2.4.5,v2.4.7,0,0
release_00084216->release_00084217,dvershinin/lastversion,v2.4.7,v2.4.8,0,0
release_00084217->release_00084218,dvershinin/lastversion,v2.4.8,v2.4.9,0,0
release_00084218->release_00084219,dvershinin/lastversion,v2.4.9,v2.4.10,0,0
release_00084219->release_00084220,dvershinin/lastversion,v2.4.10,v2.4.11,0,0
release_00084220->release_00084221,dvershinin/lastversion,v2.4.11,v2.4.12,0,0
release_00084221->release_00084222,dvershinin/lastversion,v2.4.12,v2.4.13,0,0
release_00084222->release_00084223,dvershinin/lastversion,v2.4.13,v2.4.14,0,0
release_00084223->release_00084224,dvershinin/lastversion,v2.4.14,v2.4.15,0,0
release_00084224->release_00084225,dvershinin/lastversion,v2.4.15,v3.0.0,0,0
release_00084225->release_00084226,dvershinin/lastversion,v3.0.0,v3.0.1,0,0
release_00084226->release_00084227,dvershinin/lastversion,v3.0.1,v3.1.1,0,0
release_00084227->release_00084228,dvershinin/lastversion,v3.1.1,v3.2.0,0,0
release_00084228->release_00084229,dvershinin/lastversion,v3.2.0,v3.2.1,0,0
release_00084229->release_00084230,dvershinin/lastversion,v3.2.1,v3.3.0,0,0
release_00084230->release_00084231,dvershinin/lastversion,v3.3.0,v3.3.1,0,0
release_00084231->release_00084232,dvershinin/lastversion,v3.3.1,v3.3.2,0,0
release_00084232->release_00084233,dvershinin/lastversion,v3.3.2,v3.4.0,0,0
release_00084233->release_00084234,dvershinin/lastversion,v3.4.0,v3.4.1,0,0
release_00084234->release_00084235,dvershinin/lastversion,v3.4.1,v3.4.2,0,0
release_00084235->release_00084236,dvershinin/lastversion,v3.4.2,v3.4.3,0,0
release_00084236->release_00084237,dvershinin/lastversion,v3.4.3,v3.4.4,0,0
release_00084237->release_00084238,dvershinin/lastversion,v3.4.4,v3.4.5,0,0
release_00084238->release_00084239,dvershinin/lastversion,v3.4.5,v3.4.6,0,0
release_00084239->release_00084240,dvershinin/lastversion,v3.4.6,v3.5.0,0,0
release_00084240->release_00084241,dvershinin/lastversion,v3.5.0,v3.5.1,0,0
release_00084241->release_00084242,dvershinin/lastversion,v3.5.1,v3.5.2,0,0
release_00084242->release_00084243,dvershinin/lastversion,v3.5.2,v3.5.3,0,0
release_00084243->release_00084244,dvershinin/lastversion,v3.5.3,v3.5.4,0,0
release_00084244->release_00084245,dvershinin/lastversion,v3.5.4,v3.5.5,0,0
release_00084245->release_00084246,dvershinin/lastversion,v3.5.5,v3.5.6,0,0
release_00084246->release_00084247,dvershinin/lastversion,v3.5.6,v3.5.7,0,0
release_00084247->release_00084248,dvershinin/lastversion,v3.5.7,v3.5.8,1,0
release_00084248->release_00084249,dvershinin/lastversion,v3.5.8,v3.5.10,0,0
release_00084249->release_00084250,dvershinin/lastversion,v3.5.10,v3.5.11,0,0
release_00084250->release_00084251,dvershinin/lastversion,v3.5.11,v3.5.12,0,0
release_00084251->release_00084252,dvershinin/lastversion,v3.5.12,v3.6.0,0,0
release_00084252->release_00084253,dvershinin/lastversion,v3.6.0,v3.6.1,0,0
release_00084253->release_00084254,dvershinin/lastversion,v3.6.1,v3.6.2,0,0
release_00084254->release_00084255,dvershinin/lastversion,v3.6.2,v3.6.3,0,0
release_00084255->release_00084256,dvershinin/lastversion,v3.6.3,v3.6.4,0,0
release_00084256->release_00084257,dvershinin/lastversion,v3.6.4,v3.6.5,0,0
release_00084257->release_00084258,dvershinin/lastversion,v3.6.5,v3.6.6,0,0
release_00084258->release_00084259,dvershinin/lastversion,v3.6.6,v3.6.7,0,0
release_00084259->release_00084260,dvershinin/lastversion,v3.6.7,v3.6.8,0,0
release_00084260->release_00084261,dvershinin/lastversion,v3.6.8,v3.6.9,0,0
release_00084261->release_00084262,dvershinin/lastversion,v3.6.9,v3.6.10,0,0
release_00084262->release_00084263,dvershinin/lastversion,v3.6.10,v3.6.11,0,0
release_00084263->release_00084264,dvershinin/lastversion,v3.6.11,v3.6.12,0,0
release_00084834->release_00084835,edly-io/sparkth,v0.1.0,v0.1.1,0,0
release_00084835->release_00084837,edly-io/sparkth,v0.1.1,v0.1.5,0,0
release_00084837->release_00084838,edly-io/sparkth,v0.1.5,v0.1.6,2,0
release_00084838->release_00084839,edly-io/sparkth,v0.1.6,v0.1.7,0,0
release_00084839->release_00084840,edly-io/sparkth,v0.1.7,v0.1.8,0,0
release_00084840->release_00084841,edly-io/sparkth,v0.1.8,v0.1.9,0,0
release_00084841->release_00084842,edly-io/sparkth,v0.1.9,v0.1.10,1,0
release_00084842->release_00084843,edly-io/sparkth,v0.1.10,v0.1.11,0,0
release_00084944->release_00084945,eee555/Metasweeper,3.1.9,3.1.11,0,0
release_00084945->release_00084946,eee555/Metasweeper,3.1.11,3.2.0,0,0
release_00084946->release_00084947,eee555/Metasweeper,3.2.0,3.2.1,0,0
release_00084947->release_00084948,eee555/Metasweeper,3.2.1,3.2.2,0,0
release_00084966->release_00084967,eight-atulya/atulya,v0.8.0,v0.8.3,0,0
release_00084967->release_00084968,eight-atulya/atulya,v0.8.3,v0.8.5,0,0
release_00084968->release_00084969,eight-atulya/atulya,v0.8.5,v0.8.6,0,0
release_00086397->release_00086398,encord-team/encord-agents,v0.1.0,v0.1.1,0,0
release_00086398->release_00086399,encord-team/encord-agents,v0.1.1,v0.1.2,0,0
release_00086399->release_00086400,encord-team/encord-agents,v0.1.2,v0.1.3,0,0
release_00086400->release_00086401,encord-team/encord-agents,v0.1.3,v0.1.4,0,0
release_00086401->release_00086402,encord-team/encord-agents,v0.1.4,v0.1.5,0,0
release_00086402->release_00086403,encord-team/encord-agents,v0.1.5,v0.1.6,0,0
release_00086403->release_00086404,encord-team/encord-agents,v0.1.6,v0.1.7,0,0
release_00086404->release_00086405,encord-team/encord-agents,v0.1.7,v0.1.8,0,0
release_00086405->release_00086406,encord-team/encord-agents,v0.1.8,v0.1.9,0,0
release_00086406->release_00086407,encord-team/encord-agents,v0.1.9,v0.1.10,2,0
release_00086407->release_00086408,encord-team/encord-agents,v0.1.10,v0.1.11,0,0
release_00086408->release_00086409,encord-team/encord-agents,v0.1.11,v0.1.12,0,0
release_00086409->release_00086410,encord-team/encord-agents,v0.1.12,v0.2.0,0,0
release_00086410->release_00086411,encord-team/encord-agents,v0.2.0,v0.2.1,0,0
release_00086411->release_00086412,encord-team/encord-agents,v0.2.1,v0.2.2,0,0
release_00086412->release_00086413,encord-team/encord-agents,v0.2.2,v0.2.3,0,0
release_00086413->release_00086414,encord-team/encord-agents,v0.2.3,v0.2.4,0,0
release_00086414->release_00086415,encord-team/encord-agents,v0.2.4,v0.2.5,0,0
release_00086415->release_00086416,encord-team/encord-agents,v0.2.5,v0.2.6,0,0
release_00086416->release_00086417,encord-team/encord-agents,v0.2.6,v0.2.7,0,0
release_00086417->release_00086418,encord-team/encord-agents,v0.2.7,v0.2.8,0,0
release_00086418->release_00086419,encord-team/encord-agents,v0.2.8,v0.2.9,0,0
release_00086459->release_00086460,engchina/No.1-RAG,no.1_rag_v1.0.0,v1.0.2,0,0
release_00086460->release_00086461,engchina/No.1-RAG,v1.0.2,v1.0.3,0,0
release_00086461->release_00086462,engchina/No.1-RAG,v1.0.3,v1.0.4,4,1
release_00086462->release_00086463,engchina/No.1-RAG,v1.0.4,v1.0.5,0,0
release_00086463->release_00086464,engchina/No.1-RAG,v1.0.5,v1.0.6,0,0
release_00086464->release_00086465,engchina/No.1-RAG,v1.0.6,v1.0.7,0,0
release_00086465->release_00086466,engchina/No.1-RAG,v1.0.7,v1.0.8,0,0
release_00086466->release_00086467,engchina/No.1-RAG,v1.0.8,v1.0.9,0,0
release_00086467->release_00086482,engchina/No.1-RAG,v1.0.9,v1.2.4,1,1
release_00086482->release_00086483,engchina/No.1-RAG,v1.2.4,v1.2.5,0,0
release_00086483->release_00086484,engchina/No.1-RAG,v1.2.5,v1.2.6,0,0
release_00086484->release_00086485,engchina/No.1-RAG,v1.2.6,v1.2.7,0,0
release_00086497->release_00086498,eosphoros-ai/DB-GPT,v0.0.1,v0.0.2,0,0
release_00086498->release_00086499,eosphoros-ai/DB-GPT,v0.0.2,v0.0.3,0,0
release_00086499->release_00086500,eosphoros-ai/DB-GPT,v0.0.3,v0.0.4-alpha,0,0
release_00086500->release_00086501,eosphoros-ai/DB-GPT,v0.0.4-alpha,v0.0.5-beta,0,0
release_00086501->release_00086502,eosphoros-ai/DB-GPT,v0.0.5-beta,v0.0.6,0,0
release_00086502->release_00086503,eosphoros-ai/DB-GPT,v0.0.6,v0.0.7,0,0
release_00086503->release_00086504,eosphoros-ai/DB-GPT,v0.0.7,v0.1.0,0,0
release_00086504->release_00086505,eosphoros-ai/DB-GPT,v0.1.0,v0.1.1,0,0
release_00086505->release_00086506,eosphoros-ai/DB-GPT,v0.1.1,v0.2.0,0,0
release_00086506->release_00086507,eosphoros-ai/DB-GPT,v0.2.0,v0.2.1,0,0
release_00086507->release_00086508,eosphoros-ai/DB-GPT,v0.2.1,v0.2.2,0,0
release_00086508->release_00086509,eosphoros-ai/DB-GPT,v0.2.2,v0.2.3,0,0
release_00086509->release_00086510,eosphoros-ai/DB-GPT,v0.2.3,v0.3.0,0,0
release_00086510->release_00086511,eosphoros-ai/DB-GPT,v0.3.0,v0.3.1,0,0
release_00086511->release_00086512,eosphoros-ai/DB-GPT,v0.3.1,v0.3.2,0,0
release_00086512->release_00086513,eosphoros-ai/DB-GPT,v0.3.2,v0.3.3,0,0
release_00086513->release_00086514,eosphoros-ai/DB-GPT,v0.3.3,v0.3.4,0,0
release_00086514->release_00086515,eosphoros-ai/DB-GPT,v0.3.4,v0.3.5,0,0
release_00086515->release_00086516,eosphoros-ai/DB-GPT,v0.3.5,v0.3.6,0,0
release_00086516->release_00086517,eosphoros-ai/DB-GPT,v0.3.6,v0.3.7,0,0
release_00086517->release_00086518,eosphoros-ai/DB-GPT,v0.3.7,v0.3.8,0,0
release_00086518->release_00086519,eosphoros-ai/DB-GPT,v0.3.8,v0.3.9,0,0
release_00086519->release_00086520,eosphoros-ai/DB-GPT,v0.3.9,v0.4.0,0,0
release_00086520->release_00086521,eosphoros-ai/DB-GPT,v0.4.0,0.4.1,0,0
release_00086521->release_00086522,eosphoros-ai/DB-GPT,0.4.1,v0.4.2,0,0
release_00086522->release_00086523,eosphoros-ai/DB-GPT,v0.4.2,v0.4.3,0,0
release_00086523->release_00086524,eosphoros-ai/DB-GPT,v0.4.3,v0.4.4,0,0
release_00086524->release_00086525,eosphoros-ai/DB-GPT,v0.4.4,v0.4.5,2,0
release_00086525->release_00086526,eosphoros-ai/DB-GPT,v0.4.5,v0.4.6,2,0
release_00086526->release_00086527,eosphoros-ai/DB-GPT,v0.4.6,v0.4.7,0,0
release_00086527->release_00086528,eosphoros-ai/DB-GPT,v0.4.7,v0.5.0,0,0
release_00086528->release_00086529,eosphoros-ai/DB-GPT,v0.5.0,v0.5.1,0,0
release_00086529->release_00086530,eosphoros-ai/DB-GPT,v0.5.1,v0.5.2,0,0
release_00086530->release_00086531,eosphoros-ai/DB-GPT,v0.5.2,v0.5.3,0,0
release_00086531->release_00086532,eosphoros-ai/DB-GPT,v0.5.3,v0.5.4,0,0
release_00086532->release_00086533,eosphoros-ai/DB-GPT,v0.5.4,v0.5.5,0,0
release_00086533->release_00086534,eosphoros-ai/DB-GPT,v0.5.5,v0.5.6,0,0
release_00086534->release_00086535,eosphoros-ai/DB-GPT,v0.5.6,v0.5.7,0,0
release_00086535->release_00086536,eosphoros-ai/DB-GPT,v0.5.7,v0.5.8,0,0
release_00086536->release_00086537,eosphoros-ai/DB-GPT,v0.5.8,v0.5.9,0,0
release_00086537->release_00086538,eosphoros-ai/DB-GPT,v0.5.9,v0.5.10,0,0
release_00086538->release_00086539,eosphoros-ai/DB-GPT,v0.5.10,v0.6.0,0,0
release_00086539->release_00086540,eosphoros-ai/DB-GPT,v0.6.0,v0.6.1,0,0
release_00086540->release_00086541,eosphoros-ai/DB-GPT,v0.6.1,v0.6.2,0,0
release_00086541->release_00086542,eosphoros-ai/DB-GPT,v0.6.2,v0.6.3,4,0
release_00086542->release_00086543,eosphoros-ai/DB-GPT,v0.6.3,v0.7.0,0,0
release_00086543->release_00086544,eosphoros-ai/DB-GPT,v0.7.0,v0.7.1,0,0
release_00086544->release_00086545,eosphoros-ai/DB-GPT,v0.7.1,v0.7.2,0,0
release_00086545->release_00086546,eosphoros-ai/DB-GPT,v0.7.2,v0.7.3,0,0
release_00086546->release_00086547,eosphoros-ai/DB-GPT,v0.7.3,v0.7.4,0,0
release_00086547->release_00086548,eosphoros-ai/DB-GPT,v0.7.4,v0.7.5,0,0
release_00086548->release_00086549,eosphoros-ai/DB-GPT,v0.7.5,v0.8.0,0,0
release_00087034->release_00087035,ersilia-os/ersilia,v0.1.0,v0.1.1,0,0
release_00087035->release_00087036,ersilia-os/ersilia,v0.1.1,v0.1.2,0,0
release_00087036->release_00087037,ersilia-os/ersilia,v0.1.2,v0.1.16,0,0
release_00087037->release_00087038,ersilia-os/ersilia,v0.1.16,v0.1.33,0,0
release_00087038->release_00087039,ersilia-os/ersilia,v0.1.33,v0.1.34,0,0
release_00087039->release_00087040,ersilia-os/ersilia,v0.1.34,v0.1.36,0,0
release_00087040->release_00087061,ersilia-os/ersilia,v0.1.36,v0.1.57,5,0
release_00087061->release_00087062,ersilia-os/ersilia,v0.1.57,v0.1.58,0,0
release_00087364->release_00087365,ev-flow/quark-engine,v19.10,v20.01,0,0
release_00087365->release_00087366,ev-flow/quark-engine,v20.01,v20.04,0,0
release_00087366->release_00087367,ev-flow/quark-engine,v20.04,v20.08,0,0
release_00087367->release_00087368,ev-flow/quark-engine,v20.08,v20.10,0,0
release_00087368->release_00087369,ev-flow/quark-engine,v20.10,v20.11,0,0
release_00087369->release_00087370,ev-flow/quark-engine,v20.11,v20.12,0,0
release_00087370->release_00087371,ev-flow/quark-engine,v20.12,v21.01.1,0,0
release_00087371->release_00087372,ev-flow/quark-engine,v21.01.1,v21.01.2,0,0
release_00087372->release_00087373,ev-flow/quark-engine,v21.01.2,v21.01.3,0,0
release_00087373->release_00087374,ev-flow/quark-engine,v21.01.3,v21.01.4,0,0
release_00087374->release_00087375,ev-flow/quark-engine,v21.01.4,v21.01.5,0,0
release_00087375->release_00087376,ev-flow/quark-engine,v21.01.5,v21.01.6,0,0
release_00087376->release_00087377,ev-flow/quark-engine,v21.01.6,v21.02.1,0,0
release_00087377->release_00087378,ev-flow/quark-engine,v21.02.1,v21.02.2,0,0
release_00087378->release_00087379,ev-flow/quark-engine,v21.02.2,21.3.1,0,0
release_00087379->release_00087380,ev-flow/quark-engine,21.3.1,v21.3.2,0,0
release_00087380->release_00087381,ev-flow/quark-engine,v21.3.2,v21.3.3,0,0
release_00087381->release_00087382,ev-flow/quark-engine,v21.3.3,v21.3.4,0,0
release_00087382->release_00087383,ev-flow/quark-engine,v21.3.4,v21.4.1,0,0
release_00087383->release_00087384,ev-flow/quark-engine,v21.4.1,v21.4.2,0,0
release_00087384->release_00087385,ev-flow/quark-engine,v21.4.2,v21.4.3,0,0
release_00087385->release_00087386,ev-flow/quark-engine,v21.4.3,v21.5.1,0,0
release_00087386->release_00087387,ev-flow/quark-engine,v21.5.1,v21.6.1,0,0
release_00087387->release_00087388,ev-flow/quark-engine,v21.6.1,v21.6.2,0,0
release_00087388->release_00087389,ev-flow/quark-engine,v21.6.2,v21.6.3,0,0
release_00087389->release_00087390,ev-flow/quark-engine,v21.6.3,v21.7.1,0,0
release_00087390->release_00087391,ev-flow/quark-engine,v21.7.1,v21.7.2,0,0
release_00087391->release_00087392,ev-flow/quark-engine,v21.7.2,v21.8.1,0,0
release_00087392->release_00087393,ev-flow/quark-engine,v21.8.1,v21.10.1,0,0
release_00087393->release_00087394,ev-flow/quark-engine,v21.10.1,v21.10.2,0,0
release_00087394->release_00087395,ev-flow/quark-engine,v21.10.2,v21.11.1,0,0
release_00087395->release_00087396,ev-flow/quark-engine,v21.11.1,v21.11.2,0,0
release_00087396->release_00087397,ev-flow/quark-engine,v21.11.2,v22.1.1,0,0
release_00087397->release_00087398,ev-flow/quark-engine,v22.1.1,v22.2.1,0,0
release_00087398->release_00087399,ev-flow/quark-engine,v22.2.1,v22.3.1,0,0
release_00087399->release_00087400,ev-flow/quark-engine,v22.3.1,v22.4.1,0,0
release_00087400->release_00087401,ev-flow/quark-engine,v22.4.1,v22.5.1,0,0
release_00087401->release_00087402,ev-flow/quark-engine,v22.5.1,v22.6.1,0,0
release_00087402->release_00087403,ev-flow/quark-engine,v22.6.1,v22.7.1,0,0
release_00087403->release_00087404,ev-flow/quark-engine,v22.7.1,v22.9.1,0,0
release_00087404->release_00087405,ev-flow/quark-engine,v22.9.1,v22.10.1,0,0
release_00087405->release_00087406,ev-flow/quark-engine,v22.10.1,v22.11.1,0,0
release_00087406->release_00087407,ev-flow/quark-engine,v22.11.1,v22.12.1,0,0
release_00087407->release_00087408,ev-flow/quark-engine,v22.12.1,v23.2.1,0,0
release_00087408->release_00087409,ev-flow/quark-engine,v23.2.1,v23.3.1,0,0
release_00087409->release_00087410,ev-flow/quark-engine,v23.3.1,v23.4.1,0,0
release_00087410->release_00087411,ev-flow/quark-engine,v23.4.1,v23.5.1,0,0
release_00087411->release_00087412,ev-flow/quark-engine,v23.5.1,v23.6.1,0,0
release_00087412->release_00087413,ev-flow/quark-engine,v23.6.1,v23.7.1,0,0
release_00087413->release_00087414,ev-flow/quark-engine,v23.7.1,v23.8.1,0,0
release_00087414->release_00087415,ev-flow/quark-engine,v23.8.1,v23.9.1,0,0
release_00087415->release_00087416,ev-flow/quark-engine,v23.9.1,v23.10.1,0,0
release_00087416->release_00087417,ev-flow/quark-engine,v23.10.1,v23.11.1,0,0
release_00087417->release_00087418,ev-flow/quark-engine,v23.11.1,v23.12.1,0,0
release_00087418->release_00087419,ev-flow/quark-engine,v23.12.1,v24.2.1,0,0
release_00087419->release_00087420,ev-flow/quark-engine,v24.2.1,v24.4.1,0,0
release_00087420->release_00087421,ev-flow/quark-engine,v24.4.1,v24.5.1,0,0
release_00087421->release_00087422,ev-flow/quark-engine,v24.5.1,v24.6.1,0,0
release_00087422->release_00087423,ev-flow/quark-engine,v24.6.1,v24.7.1,0,0
release_00087423->release_00087424,ev-flow/quark-engine,v24.7.1,v24.8.1,0,0
release_00087424->release_00087425,ev-flow/quark-engine,v24.8.1,v24.9.1,2,1
release_00087425->release_00087426,ev-flow/quark-engine,v24.9.1,v24.10.1,0,0
release_00087426->release_00087427,ev-flow/quark-engine,v24.10.1,v24.11.1,0,0
release_00087427->release_00087428,ev-flow/quark-engine,v24.11.1,v24.11.2,0,0
release_00087428->release_00087429,ev-flow/quark-engine,v24.11.2,v24.12.1,0,0
release_00087429->release_00087430,ev-flow/quark-engine,v24.12.1,v25.1.1,0,0
release_00087430->release_00087431,ev-flow/quark-engine,v25.1.1,v25.2.1,0,0
release_00087431->release_00087432,ev-flow/quark-engine,v25.2.1,v25.3.1,0,0
release_00087432->release_00087433,ev-flow/quark-engine,v25.3.1,v25.4.1,0,0
release_00087433->release_00087434,ev-flow/quark-engine,v25.4.1,v25.5.1,0,0
release_00087434->release_00087435,ev-flow/quark-engine,v25.5.1,v25.6.1,0,0
release_00087435->release_00087436,ev-flow/quark-engine,v25.6.1,v25.7.1,0,0
release_00087436->release_00087437,ev-flow/quark-engine,v25.7.1,v25.8.1,0,0
release_00087437->release_00087438,ev-flow/quark-engine,v25.8.1,v25.9.1,0,0
release_00087438->release_00087439,ev-flow/quark-engine,v25.9.1,v25.11.1,0,0
release_00087439->release_00087440,ev-flow/quark-engine,v25.11.1,v25.12.1,0,0
release_00087440->release_00087441,ev-flow/quark-engine,v25.12.1,v26.1.1,0,0
release_00087441->release_00087442,ev-flow/quark-engine,v26.1.1,v26.2.1,0,0
release_00087442->release_00087443,ev-flow/quark-engine,v26.2.1,v26.3.1,0,0
release_00087443->release_00087444,ev-flow/quark-engine,v26.3.1,v26.4.1,0,0
release_00087444->release_00087445,ev-flow/quark-engine,v26.4.1,v26.5.1,0,0
release_00088482->release_00088483,fat7/KLinePlayground,v3.1,v3.2,1,0
release_00088773->release_00088774,fetchai/uAgents,v0.2.0,v0.3.0,0,0
release_00088774->release_00088775,fetchai/uAgents,v0.3.0,v0.3.1,0,0
release_00088775->release_00088776,fetchai/uAgents,v0.3.1,v0.3.2,0,0
release_00088776->release_00088777,fetchai/uAgents,v0.3.2,v0.4.0,0,0
release_00088777->release_00088778,fetchai/uAgents,v0.4.0,v0.4.1,0,0
release_00088778->release_00088779,fetchai/uAgents,v0.4.1,v0.5.0,0,0
release_00088779->release_00088780,fetchai/uAgents,v0.5.0,v0.5.1,0,0
release_00088780->release_00088781,fetchai/uAgents,v0.5.1,v0.6.0,0,0
release_00088781->release_00088782,fetchai/uAgents,v0.6.0,v0.6.1,0,0
release_00088782->release_00088783,fetchai/uAgents,v0.6.1,v0.6.2,0,0
release_00088783->release_00088784,fetchai/uAgents,v0.6.2,v0.7.0,0,0
release_00088784->release_00088785,fetchai/uAgents,v0.7.0,v0.8.0,0,0
release_00088785->release_00088786,fetchai/uAgents,v0.8.0,v0.8.1,0,0
release_00088786->release_00088787,fetchai/uAgents,v0.8.1,v0.9.0,0,0
release_00088787->release_00088788,fetchai/uAgents,v0.9.0,v0.9.1,0,0
release_00088788->release_00088789,fetchai/uAgents,v0.9.1,v0.9.2,0,0
release_00088789->release_00088790,fetchai/uAgents,v0.9.2,v0.9.3,0,0
release_00088790->release_00088791,fetchai/uAgents,v0.9.3,v0.10.0,0,0
release_00088791->release_00088792,fetchai/uAgents,v0.10.0,v0.11.0,1,1
release_00088792->release_00088793,fetchai/uAgents,v0.11.0,v0.11.1,9,1
release_00088793->release_00088794,fetchai/uAgents,v0.11.1,v0.12.0,0,0
release_00088794->release_00088795,fetchai/uAgents,v0.12.0,v0.12.1,0,0
release_00088795->release_00088796,fetchai/uAgents,v0.12.1,v0.12.2,0,0
release_00088796->release_00088797,fetchai/uAgents,v0.12.2,v0.12.3,0,0
release_00088797->release_00088798,fetchai/uAgents,v0.12.3,v0.12.4,0,0
release_00088798->release_00088799,fetchai/uAgents,v0.12.4,v0.13.0,0,0
release_00088799->release_00088800,fetchai/uAgents,v0.13.0,v0.13.1,0,0
release_00088800->release_00088801,fetchai/uAgents,v0.13.1,v0.14.0,1,1
release_00088801->release_00088802,fetchai/uAgents,v0.14.0,v0.15.0,1,1
release_00088802->release_00088803,fetchai/uAgents,v0.15.0,v0.15.1,0,0
release_00088803->release_00088804,fetchai/uAgents,v0.15.1,v0.15.2,0,0
release_00088804->release_00088805,fetchai/uAgents,v0.15.2,v0.16.0,3,1
release_00088805->release_00088806,fetchai/uAgents,v0.16.0,v0.16.1,0,0
release_00088806->release_00088807,fetchai/uAgents,v0.16.1,v0.16.2,0,0
release_00088807->release_00088808,fetchai/uAgents,v0.16.2,v0.17.0,0,0
release_00088808->release_00088809,fetchai/uAgents,v0.17.0,v0.17.1,0,0
release_00088809->release_00088810,fetchai/uAgents,v0.17.1,v0.18.0,0,0
release_00088810->release_00088811,fetchai/uAgents,v0.18.0,v0.18.1,0,0
release_00088811->release_00088812,fetchai/uAgents,v0.18.1,v0.19.0,0,0
release_00088812->release_00088813,fetchai/uAgents,v0.19.0,core@0.1.1,0,0
release_00088813->release_00088814,fetchai/uAgents,core@0.1.1,core@0.1.2,0,0
release_00088814->release_00088815,fetchai/uAgents,core@0.1.2,v0.20.0,0,0
release_00088815->release_00088816,fetchai/uAgents,v0.20.0,v0.20.1,0,0
release_00088816->release_00088817,fetchai/uAgents,v0.20.1,core@0.1.3,0,0
release_00088817->release_00088818,fetchai/uAgents,core@0.1.3,v0.21.0,5,1
release_00088818->release_00088819,fetchai/uAgents,v0.21.0,core@0.2.0,0,0
release_00088819->release_00088820,fetchai/uAgents,core@0.2.0,v0.22.0,0,0
release_00088820->release_00088821,fetchai/uAgents,v0.22.0,core@0.2.1,0,0
release_00088821->release_00088822,fetchai/uAgents,core@0.2.1,v0.22.1,0,0
release_00088822->release_00088823,fetchai/uAgents,v0.22.1,core@0.2.2,0,0
release_00088823->release_00088824,fetchai/uAgents,core@0.2.2,core@0.2.3,0,0
release_00088824->release_00088825,fetchai/uAgents,core@0.2.3,v0.22.2,0,0
release_00088825->release_00088826,fetchai/uAgents,v0.22.2,v0.22.3,0,0
release_00088826->release_00088827,fetchai/uAgents,v0.22.3,adapter@0.1.0,1,0
release_00088827->release_00088828,fetchai/uAgents,adapter@0.1.0,adapter@0.2.0,0,0
release_00088828->release_00088829,fetchai/uAgents,adapter@0.2.0,adapter@0.2.1,0,0
release_00088829->release_00088830,fetchai/uAgents,adapter@0.2.1,core@0.3.0,0,0
release_00088830->release_00088831,fetchai/uAgents,core@0.3.0,v0.22.4,0,0
release_00088831->release_00088832,fetchai/uAgents,v0.22.4,adapter@0.3.0,0,0
release_00088832->release_00088833,fetchai/uAgents,adapter@0.3.0,core@0.3.1,0,0
release_00088833->release_00088834,fetchai/uAgents,core@0.3.1,v0.22.5,0,0
release_00088834->release_00088835,fetchai/uAgents,v0.22.5,core@0.3.2,0,0
release_00088835->release_00088836,fetchai/uAgents,core@0.3.2,adapter@0.4.0,0,0
release_00088836->release_00088837,fetchai/uAgents,adapter@0.4.0,core@0.3.3,0,0
release_00088837->release_00088838,fetchai/uAgents,core@0.3.3,core@0.3.4,0,0
release_00088838->release_00088839,fetchai/uAgents,core@0.3.4,adapter@0.4.1,0,0
release_00088839->release_00088840,fetchai/uAgents,adapter@0.4.1,adapter@0.5.0,0,0
release_00088840->release_00088841,fetchai/uAgents,adapter@0.5.0,core@0.3.5,0,0
release_00088841->release_00088842,fetchai/uAgents,core@0.3.5,core@0.3.6,0,0
release_00088842->release_00088843,fetchai/uAgents,core@0.3.6,v0.22.6,0,0
release_00088844->release_00088845,fetchai/uAgents,core@0.3.7,v0.22.7,0,0
release_00088845->release_00088846,fetchai/uAgents,v0.22.7,v0.22.8,0,0
release_00088846->release_00088847,fetchai/uAgents,v0.22.8,core@0.3.8,0,0
release_00088847->release_00088848,fetchai/uAgents,core@0.3.8,core@0.3.9,0,0
release_00088848->release_00088849,fetchai/uAgents,core@0.3.9,v0.22.9,0,0
release_00088849->release_00088850,fetchai/uAgents,v0.22.9,core@0.3.10,0,0
release_00088850->release_00088851,fetchai/uAgents,core@0.3.10,v0.22.10,0,0
release_00088851->release_00088852,fetchai/uAgents,v0.22.10,adapter@0.6.0,0,0
release_00088852->release_00088853,fetchai/uAgents,adapter@0.6.0,core@0.3.11,0,0
release_00088853->release_00088854,fetchai/uAgents,core@0.3.11,adapter@0.6.1,0,0
release_00088854->release_00088855,fetchai/uAgents,adapter@0.6.1,adapter@0.6.2,0,0
release_00088855->release_00088856,fetchai/uAgents,adapter@0.6.2,core@0.4.0,0,0
release_00088856->release_00088857,fetchai/uAgents,core@0.4.0,v0.23.0,0,0
release_00088857->release_00088858,fetchai/uAgents,v0.23.0,v0.23.1,0,0
release_00088858->release_00088859,fetchai/uAgents,v0.23.1,v0.23.2,0,0
release_00088859->release_00088860,fetchai/uAgents,v0.23.2,v0.23.3,0,0
release_00088860->release_00088861,fetchai/uAgents,v0.23.3,v0.23.4,0,0
release_00088861->release_00088862,fetchai/uAgents,v0.23.4,v0.23.5,0,0
release_00088862->release_00088863,fetchai/uAgents,v0.23.5,v0.23.6,0,0
release_00088863->release_00088864,fetchai/uAgents,v0.23.6,core@0.4.1,0,0
release_00088864->release_00088865,fetchai/uAgents,core@0.4.1,core@0.4.2,0,0
release_00088865->release_00088866,fetchai/uAgents,core@0.4.2,core@0.4.3,0,0
release_00088866->release_00088867,fetchai/uAgents,core@0.4.3,v0.23.7,0,0
release_00088867->release_00088868,fetchai/uAgents,v0.23.7,core@0.4.4,0,0
release_00088868->release_00088869,fetchai/uAgents,core@0.4.4,v0.24.0,0,0
release_00088869->release_00088870,fetchai/uAgents,v0.24.0,core@0.4.5a1,0,0
release_00088870->release_00088871,fetchai/uAgents,core@0.4.5a1,core@0.4.5a2,0,0
release_00088871->release_00088872,fetchai/uAgents,core@0.4.5a2,v0.24.1,0,0
release_00088872->release_00088873,fetchai/uAgents,v0.24.1,v0.24.2,0,0
release_00088873->release_00088874,fetchai/uAgents,v0.24.2,core@0.4.5a3,0,0
release_00088874->release_00088875,fetchai/uAgents,core@0.4.5a3,core@0.4.5b1,0,0
release_00088875->release_00088876,fetchai/uAgents,core@0.4.5b1,core@0.4.5b2,0,0
release_00088876->release_00088877,fetchai/uAgents,core@0.4.5b2,core@0.4.5,0,0
release_00088877->release_00088878,fetchai/uAgents,core@0.4.5,v0.25.0,0,0
release_00088878->release_00088879,fetchai/uAgents,v0.25.0,v0.25.1,0,0
release_00088883->release_00088884,filipnaudot/llmSHAP,1.5.0,1.5.1,1,0
release_00090184->release_00090185,functime-org/functime,v0.8.4,v0.8.5,0,0
release_00090185->release_00090186,functime-org/functime,v0.8.5,v0.9.0,0,0
release_00090190->release_00090191,functime-org/functime,v0.9.4,v0.9.5,0,0
release_00090191->release_00090192,functime-org/functime,v0.9.5,v1.0.0,0,0
release_00090425->release_00090426,fuzzingbrain/afc-crs-all-you-need-is-a-fuzzing-brain,v0.1,v0.2,51,0
release_00090426->release_00090427,fuzzingbrain/afc-crs-all-you-need-is-a-fuzzing-brain,v0.2,v0.2.1,0,0
release_00090473->release_00090474,gaiin-platform/amplify-genai-backend,v0.5.0,v0.6.0,8,0
release_00090474->release_00090475,gaiin-platform/amplify-genai-backend,v0.6.0,v0.7.0,1,0
release_00090475->release_00090477,gaiin-platform/amplify-genai-backend,v0.7.0,v0.8.0,1,0
release_00090477->release_00090478,gaiin-platform/amplify-genai-backend,v0.8.0,v0.8.1,2,0
release_00090478->release_00090479,gaiin-platform/amplify-genai-backend,v0.8.1,v0.9.0,2,0
release_00090479->release_00090480,gaiin-platform/amplify-genai-backend,v0.9.0,v0.9.2,0,0
release_00090481->release_00090482,galaar-org/AgentARC,v0.1.0,v0.2.0,0,0
release_00090482->release_00090483,galaar-org/AgentARC,v0.2.0,v0.3.0,0,0
release_00091613->release_00091614,gee-community/geemap,v0.34.0,v0.34.1,0,0
release_00091614->release_00091615,gee-community/geemap,v0.34.1,v0.34.2,0,0
release_00091615->release_00091616,gee-community/geemap,v0.34.2,v0.34.3,0,0
release_00091616->release_00091617,gee-community/geemap,v0.34.3,v0.34.4,0,0
release_00091617->release_00091618,gee-community/geemap,v0.34.4,v0.34.5,0,0
release_00091618->release_00091619,gee-community/geemap,v0.34.5,v0.35.0,1,0
release_00091619->release_00091620,gee-community/geemap,v0.35.0,v0.35.1,0,0
release_00091621->release_00091622,gee-community/geemap,v0.35.2,v0.35.3,0,0
release_00091799->release_00091801,generative-computing/mellea,0.0.2,0.0.4,0,0
release_00091801->release_00091802,generative-computing/mellea,0.0.4,v0.0.5,0,0
release_00091802->release_00091803,generative-computing/mellea,v0.0.5,v0.0.6,0,0
release_00091803->release_00091804,generative-computing/mellea,v0.0.6,v0.1.0,0,0
release_00091804->release_00091805,generative-computing/mellea,v0.1.0,v0.1.1,0,0
release_00091805->release_00091806,generative-computing/mellea,v0.1.1,v0.1.2,0,0
release_00091806->release_00091807,generative-computing/mellea,v0.1.2,v0.1.3,0,0
release_00091807->release_00091808,generative-computing/mellea,v0.1.3,v0.2.0,0,0
release_00091808->release_00091809,generative-computing/mellea,v0.2.0,v0.2.1,0,0
release_00091809->release_00091810,generative-computing/mellea,v0.2.1,v0.2.2,0,0
release_00091810->release_00091811,generative-computing/mellea,v0.2.2,v0.2.3,6,0
release_00091811->release_00091812,generative-computing/mellea,v0.2.3,v0.2.4,0,0
release_00091812->release_00091813,generative-computing/mellea,v0.2.4,v0.3.0,0,0
release_00091813->release_00091814,generative-computing/mellea,v0.3.0,v0.3.1,0,0
release_00091814->release_00091815,generative-computing/mellea,v0.3.1,v0.3.2,0,0
release_00091815->release_00091816,generative-computing/mellea,v0.3.2,v0.4.0,0,0
release_00091816->release_00091817,generative-computing/mellea,v0.4.0,v0.4.1,0,0
release_00091817->release_00091818,generative-computing/mellea,v0.4.1,v0.4.2,0,0
release_00091818->release_00091819,generative-computing/mellea,v0.4.2,v0.5.0,6,0
release_00091819->release_00091820,generative-computing/mellea,v0.5.0,v0.6.0,0,0
release_00092536->release_00092537,getagentseal/agentseal,v0.6.2,v0.8.0,10,0
release_00093860->release_00093861,gleanwork/glean-agent-toolkit,0.2.0,0.3.0,1,1
release_00093861->release_00093862,gleanwork/glean-agent-toolkit,0.3.0,0.4.0,0,0
release_00093862->release_00093863,gleanwork/glean-agent-toolkit,0.4.0,0.5.0,0,0
release_00094361->release_00094363,google-deepmind/concordia,v1.0.0,v1.1.0,1,0
release_00094362->release_00094364,google-deepmind/concordia,v1.1.1,v1.2.0,0,0
release_00094363->release_00094362,google-deepmind/concordia,v1.1.0,v1.1.1,0,0
release_00094364->release_00094365,google-deepmind/concordia,v1.2.0,v1.3.0,0,0
release_00094365->release_00094366,google-deepmind/concordia,v1.3.0,v1.4.0,0,0
release_00094366->release_00094367,google-deepmind/concordia,v1.4.0,v1.5.0,0,0
release_00094367->release_00094368,google-deepmind/concordia,v1.5.0,v1.6.0,0,0
release_00094368->release_00094369,google-deepmind/concordia,v1.6.0,v1.7.0,0,0
release_00094369->release_00094370,google-deepmind/concordia,v1.7.0,v1.8.0,0,0
release_00094370->release_00094371,google-deepmind/concordia,v1.8.0,contest_v1.0.0,0,0
release_00094371->release_00094372,google-deepmind/concordia,contest_v1.0.0,v1.8.1,0,0
release_00094372->release_00094373,google-deepmind/concordia,v1.8.1,v1.8.2,0,0
release_00094373->release_00094374,google-deepmind/concordia,v1.8.2,v1.8.3,0,0
release_00094374->release_00094375,google-deepmind/concordia,v1.8.3,v1.8.4,0,0
release_00094375->release_00094376,google-deepmind/concordia,v1.8.4,v1.8.5,0,0
release_00094376->release_00094377,google-deepmind/concordia,v1.8.5,v1.8.6,0,0
release_00094377->release_00094378,google-deepmind/concordia,v1.8.6,v1.8.7,0,0
release_00094378->release_00094379,google-deepmind/concordia,v1.8.7,v1.8.8,0,0
release_00094379->release_00094380,google-deepmind/concordia,v1.8.8,v1.8.9,0,0
release_00094380->release_00094381,google-deepmind/concordia,v1.8.9,v1.8.10,0,0
release_00094381->release_00094382,google-deepmind/concordia,v1.8.10,v2.0.0,0,0
release_00094382->release_00094383,google-deepmind/concordia,v2.0.0,v2.0.1,0,0
release_00094383->release_00094384,google-deepmind/concordia,v2.0.1,v2.1.0,0,0
release_00094384->release_00094385,google-deepmind/concordia,v2.1.0,v2.2.0,0,0
release_00094385->release_00094386,google-deepmind/concordia,v2.2.0,v2.3.0,0,0
release_00094386->release_00094387,google-deepmind/concordia,v2.3.0,v2.3.1,0,0
release_00094387->release_00094388,google-deepmind/concordia,v2.3.1,v2.4.0,5,0
release_00094390->release_00094391,google-deepmind/onetwo,v0.1.1,v0.2.0,0,0
release_00094391->release_00094392,google-deepmind/onetwo,v0.2.0,v0.2.1,2,0
release_00094392->release_00094393,google-deepmind/onetwo,v0.2.1,v0.3.0,2,0
release_00094393->release_00094394,google-deepmind/onetwo,v0.3.0,v0.4.0,0,0
release_00094520->release_00094521,google/langextract,v1.0.0,v1.0.1,0,0
release_00094521->release_00094522,google/langextract,v1.0.1,v1.0.2,0,0
release_00094525->release_00094526,google/langextract,v1.0.5,v1.0.6,0,0
release_00094527->release_00094528,google/langextract,v1.0.7,v1.0.8,0,0
release_00094529->release_00094530,google/langextract,v1.0.9,v1.1.0,0,0
release_00094530->release_00094531,google/langextract,v1.1.0,v1.1.1,0,0
release_00094531->release_00094532,google/langextract,v1.1.1,v1.2.0,0,0
release_00094532->release_00094533,google/langextract,v1.2.0,v1.2.1,0,0
release_00094533->release_00094534,google/langextract,v1.2.1,v1.3.0,0,0
release_00094534->release_00094535,google/langextract,v1.3.0,v1.4.0,0,0
release_00094535->release_00094536,google/langextract,v1.4.0,v1.5.0,1,0
release_00105864->release_00105865,groq/groq-python,v0.4.1,v0.4.2,0,0
release_00105865->release_00105866,groq/groq-python,v0.4.2,v0.5.0,8,0
release_00105866->release_00105867,groq/groq-python,v0.5.0,v0.6.0,0,0
release_00105867->release_00105868,groq/groq-python,v0.6.0,v0.7.0,0,0
release_00105868->release_00105869,groq/groq-python,v0.7.0,v0.8.0,0,0
release_00105869->release_00105870,groq/groq-python,v0.8.0,v0.9.0,0,0
release_00105870->release_00105871,groq/groq-python,v0.9.0,v0.10.0,0,0
release_00105871->release_00105872,groq/groq-python,v0.10.0,v0.11.0,0,0
release_00105872->release_00105873,groq/groq-python,v0.11.0,v0.12.0,0,0
release_00105873->release_00105874,groq/groq-python,v0.12.0,v0.13.0,0,0
release_00105874->release_00105875,groq/groq-python,v0.13.0,v0.13.1,0,0
release_00105875->release_00105876,groq/groq-python,v0.13.1,v0.14.0,0,0
release_00105876->release_00105877,groq/groq-python,v0.14.0,v0.15.0,0,0
release_00105877->release_00105878,groq/groq-python,v0.15.0,v0.16.0,0,0
release_00105878->release_00105879,groq/groq-python,v0.16.0,v0.17.0,0,0
release_00105879->release_00105880,groq/groq-python,v0.17.0,v0.18.0,0,0
release_00105880->release_00105881,groq/groq-python,v0.18.0,v0.19.0,0,0
release_00105881->release_00105882,groq/groq-python,v0.19.0,v0.20.0,0,0
release_00105882->release_00105883,groq/groq-python,v0.20.0,v0.21.0,0,0
release_00105883->release_00105884,groq/groq-python,v0.21.0,v0.22.0,0,0
release_00105884->release_00105885,groq/groq-python,v0.22.0,v0.23.0,0,0
release_00105885->release_00105886,groq/groq-python,v0.23.0,v0.23.1,0,0
release_00105886->release_00105887,groq/groq-python,v0.23.1,v0.24.0,0,0
release_00105887->release_00105888,groq/groq-python,v0.24.0,v0.25.0,8,0
release_00105888->release_00105889,groq/groq-python,v0.25.0,v0.26.0,0,0
release_00105889->release_00105890,groq/groq-python,v0.26.0,v0.27.0,0,0
release_00105890->release_00105891,groq/groq-python,v0.27.0,v0.28.0,0,0
release_00105891->release_00105892,groq/groq-python,v0.28.0,v0.29.0,0,0
release_00105892->release_00105893,groq/groq-python,v0.29.0,v0.30.0,0,0
release_00105893->release_00105894,groq/groq-python,v0.30.0,v0.31.0,0,0
release_00105894->release_00105895,groq/groq-python,v0.31.0,v0.31.1,0,0
release_00105895->release_00105896,groq/groq-python,v0.31.1,v0.32.0,0,0
release_00105896->release_00105897,groq/groq-python,v0.32.0,v0.33.0,0,0
release_00105897->release_00105898,groq/groq-python,v0.33.0,v0.34.0,0,0
release_00105898->release_00105899,groq/groq-python,v0.34.0,v0.34.1,0,0
release_00105899->release_00105900,groq/groq-python,v0.34.1,v0.35.0,0,0
release_00105900->release_00105901,groq/groq-python,v0.35.0,v0.36.0,0,0
release_00105901->release_00105902,groq/groq-python,v0.36.0,v0.37.0,0,0
release_00105902->release_00105903,groq/groq-python,v0.37.0,v0.37.1,0,0
release_00105903->release_00105904,groq/groq-python,v0.37.1,v1.0.0,0,0
release_00105904->release_00105905,groq/groq-python,v1.0.0,v1.1.0,0,0
release_00105905->release_00105906,groq/groq-python,v1.1.0,v1.1.1,0,0
release_00105906->release_00105907,groq/groq-python,v1.1.1,v1.1.2,0,0
release_00105907->release_00105908,groq/groq-python,v1.1.2,v1.2.0,0,0
release_00105908->release_00105909,groq/groq-python,v1.2.0,v1.3.0,0,0
release_00105952->release_00105953,gso-bench/gso,v0.1.1,v0.1.2,0,0
release_00105953->release_00105954,gso-bench/gso,v0.1.2,v0.1.3,2,0
release_00105954->release_00105955,gso-bench/gso,v0.1.3,v0.1.4,0,0
release_00105955->release_00105956,gso-bench/gso,v0.1.4,v0.1.5,0,0
release_00105956->release_00105957,gso-bench/gso,v0.1.5,v0.1.6,0,0
release_00105957->release_00105958,gso-bench/gso,v0.1.6,v0.1.7,1,0
release_00105961->release_00105962,guaardvark/guaardvark,v2.5.1,v2.5.2,0,0
release_00105962->release_00105963,guaardvark/guaardvark,v2.5.2,v2.5.3,0,0
release_00105972->release_00105975,guardrails-ai/guardrails,v0.1.0,v0.1.3,0,0
release_00105975->release_00105976,guardrails-ai/guardrails,v0.1.3,v0.1.4,0,0
release_00105976->release_00105977,guardrails-ai/guardrails,v0.1.4,v0.1.5,0,0
release_00105977->release_00105978,guardrails-ai/guardrails,v0.1.5,v0.1.6,0,0
release_00105978->release_00105979,guardrails-ai/guardrails,v0.1.6,v0.1.7,0,0
release_00105979->release_00105980,guardrails-ai/guardrails,v0.1.7,v0.1.8,0,0
release_00105980->release_00105981,guardrails-ai/guardrails,v0.1.8,v0.1.9,0,0
release_00105981->release_00105982,guardrails-ai/guardrails,v0.1.9,v0.2.0,0,0
release_00105982->release_00105983,guardrails-ai/guardrails,v0.2.0,v0.2.1,0,0
release_00105983->release_00105984,guardrails-ai/guardrails,v0.2.1,v0.2.2,0,0
release_00105984->release_00105985,guardrails-ai/guardrails,v0.2.2,v0.2.3,0,0
release_00105985->release_00105986,guardrails-ai/guardrails,v0.2.3,v0.2.4,0,0
release_00105986->release_00105987,guardrails-ai/guardrails,v0.2.4,v0.2.5,0,0
release_00105987->release_00105988,guardrails-ai/guardrails,v0.2.5,v0.2.6,0,0
release_00105988->release_00105989,guardrails-ai/guardrails,v0.2.6,v0.2.7,0,0
release_00105989->release_00105991,guardrails-ai/guardrails,v0.2.7,v0.2.9,7,0
release_00105991->release_00105992,guardrails-ai/guardrails,v0.2.9,v0.3.0,0,0
release_00105992->release_00105993,guardrails-ai/guardrails,v0.3.0,v0.3.1,0,0
release_00105993->release_00105994,guardrails-ai/guardrails,v0.3.1,v0.3.2,0,0
release_00105994->release_00105995,guardrails-ai/guardrails,v0.3.2,v0.3.3,0,0
release_00105995->release_00105997,guardrails-ai/guardrails,v0.3.3,v0.4.1,1,0
release_00105997->release_00105998,guardrails-ai/guardrails,v0.4.1,v0.4.2,0,0
release_00105998->release_00105999,guardrails-ai/guardrails,v0.4.2,v0.4.3,0,0
release_00105999->release_00106000,guardrails-ai/guardrails,v0.4.3,v0.4.4,0,0
release_00106000->release_00106001,guardrails-ai/guardrails,v0.4.4,v0.4.5,0,0
release_00106001->release_00106002,guardrails-ai/guardrails,v0.4.5,v0.5.0,2,0
release_00106002->release_00106003,guardrails-ai/guardrails,v0.5.0,v0.5.1,0,0
release_00106003->release_00106004,guardrails-ai/guardrails,v0.5.1,v0.5.2,0,0
release_00106004->release_00106005,guardrails-ai/guardrails,v0.5.2,v0.5.3,0,0
release_00106005->release_00106006,guardrails-ai/guardrails,v0.5.3,v0.5.4,0,0
release_00106006->release_00106007,guardrails-ai/guardrails,v0.5.4,v0.5.5,0,0
release_00106007->release_00106008,guardrails-ai/guardrails,v0.5.5,v0.5.6,0,0
release_00106008->release_00106009,guardrails-ai/guardrails,v0.5.6,v0.5.7,0,0
release_00106009->release_00106010,guardrails-ai/guardrails,v0.5.7,v0.5.8,0,0
release_00106010->release_00106011,guardrails-ai/guardrails,v0.5.8,v0.5.9,0,0
release_00106011->release_00106012,guardrails-ai/guardrails,v0.5.9,v0.5.10,0,0
release_00106012->release_00106013,guardrails-ai/guardrails,v0.5.10,v0.5.11,0,0
release_00106013->release_00106014,guardrails-ai/guardrails,v0.5.11,v0.5.12,0,0
release_00106014->release_00106015,guardrails-ai/guardrails,v0.5.12,v0.5.13,2,1
release_00106015->release_00106016,guardrails-ai/guardrails,v0.5.13,v0.5.14,0,0
release_00106016->release_00106017,guardrails-ai/guardrails,v0.5.14,v0.5.15,0,0
release_00106017->release_00106018,guardrails-ai/guardrails,v0.5.15,v0.6.0,4,0
release_00106018->release_00106019,guardrails-ai/guardrails,v0.6.0,v0.6.1,0,0
release_00106019->release_00106020,guardrails-ai/guardrails,v0.6.1,v0.6.2,0,0
release_00106020->release_00106021,guardrails-ai/guardrails,v0.6.2,v0.6.3,0,0
release_00106021->release_00106022,guardrails-ai/guardrails,v0.6.3,v0.6.4,0,0
release_00106022->release_00106023,guardrails-ai/guardrails,v0.6.4,v0.6.5,0,0
release_00106023->release_00106025,guardrails-ai/guardrails,v0.6.5,v0.6.7,0,0
release_00106025->release_00106026,guardrails-ai/guardrails,v0.6.7,v0.6.8,0,0
release_00106026->release_00106027,guardrails-ai/guardrails,v0.6.8,v0.7.0,0,0
release_00106027->release_00106028,guardrails-ai/guardrails,v0.7.0,v0.7.1,0,0
release_00106028->release_00106029,guardrails-ai/guardrails,v0.7.1,v0.7.2,0,0
release_00106029->release_00106030,guardrails-ai/guardrails,v0.7.2,v0.7.3,0,0
release_00106030->release_00106031,guardrails-ai/guardrails,v0.7.3,v0.8.0,0,0
release_00106031->release_00106032,guardrails-ai/guardrails,v0.8.0,v0.8.1,9,0
release_00106032->release_00106033,guardrails-ai/guardrails,v0.8.1,v0.8.2,0,0
release_00106033->release_00106034,guardrails-ai/guardrails,v0.8.2,v0.9.0,0,0
release_00106034->release_00106035,guardrails-ai/guardrails,v0.9.0,v0.9.1,0,0
release_00106035->release_00106036,guardrails-ai/guardrails,v0.9.1,v0.9.2,1,1
release_00106036->release_00106037,guardrails-ai/guardrails,v0.9.2,v0.9.3,0,0
release_00106037->release_00106038,guardrails-ai/guardrails,v0.9.3,v0.10.0,0,0
release_00106177->release_00106178,guyernest/step-functions-agent,v0.2.22,v0.2.23,0,0
release_00106178->release_00106180,guyernest/step-functions-agent,v0.2.23,browser-agent-v0.4.18,0,0
release_00106180->release_00106187,guyernest/step-functions-agent,browser-agent-v0.4.18,v0.4.30,4,0
release_00106187->release_00106189,guyernest/step-functions-agent,v0.4.30,v0.4.31,0,0
release_00106574->release_00106575,h2oai/h2o-sonar,v3.2.1,v3.3.0,0,0
release_00106843->release_00106844,harry0703/MoneyPrinterTurbo,v1.1.0,v1.1.2,0,0
release_00106844->release_00106845,harry0703/MoneyPrinterTurbo,v1.1.2,v1.1.9,0,0
release_00106845->release_00106846,harry0703/MoneyPrinterTurbo,v1.1.9,v1.2.0,0,0
release_00106846->release_00106847,harry0703/MoneyPrinterTurbo,v1.2.0,v1.2.1,0,0
release_00106847->release_00106848,harry0703/MoneyPrinterTurbo,v1.2.1,v1.2.2,0,0
release_00106848->release_00106849,harry0703/MoneyPrinterTurbo,v1.2.2,v1.2.4,0,0
release_00106849->release_00106850,harry0703/MoneyPrinterTurbo,v1.2.4,v1.2.5,0,0
release_00106850->release_00106851,harry0703/MoneyPrinterTurbo,v1.2.5,v1.2.6,0,0
release_00106851->release_00106852,harry0703/MoneyPrinterTurbo,v1.2.6,v1.2.7,4,0
release_00106877->release_00106878,haseeb-heaven/code-interpreter,1.6,1.7,0,0
release_00106878->release_00106879,haseeb-heaven/code-interpreter,1.7,1.8,0,0
release_00106879->release_00106880,haseeb-heaven/code-interpreter,1.8,2.1,0,1
release_00106880->release_00106881,haseeb-heaven/code-interpreter,2.1,v3.1.0,0,1
release_00107858->release_00107859,he-yufeng/CoreCoder,v0.1.0,v0.2.0,0,0
release_00107859->release_00107860,he-yufeng/CoreCoder,v0.2.0,v0.3.0,7,0
release_00107866->release_00107867,healthchainai/HealthChain,0.1.0,0.2.0,0,0
release_00107867->release_00107868,healthchainai/HealthChain,0.2.0,0.3.0,0,0
release_00107868->release_00107869,healthchainai/HealthChain,0.3.0,0.4.0,0,0
release_00107869->release_00107870,healthchainai/HealthChain,0.4.0,0.5.0,0,0
release_00107870->release_00107871,healthchainai/HealthChain,0.5.0,0.6.0,0,0
release_00107871->release_00107872,healthchainai/HealthChain,0.6.0,0.6.1,0,0
release_00107872->release_00107873,healthchainai/HealthChain,0.6.1,0.7.0,0,0
release_00107873->release_00107874,healthchainai/HealthChain,0.7.0,0.8.0,0,0
release_00107874->release_00107875,healthchainai/HealthChain,0.8.0,0.9.0,0,0
release_00107875->release_00107876,healthchainai/HealthChain,0.9.0,0.10.0,0,0
release_00107876->release_00107877,healthchainai/HealthChain,0.10.0,0.10.1,0,0
release_00107877->release_00107878,healthchainai/HealthChain,0.10.1,0.10.2,0,0
release_00107878->release_00107879,healthchainai/HealthChain,0.10.2,0.11.0,0,0
release_00107879->release_00107880,healthchainai/HealthChain,0.11.0,0.11.1,0,0
release_00107880->release_00107881,healthchainai/HealthChain,0.11.1,0.12.0,0,0
release_00107881->release_00107882,healthchainai/HealthChain,0.12.0,0.13.0,0,0
release_00107882->release_00107883,healthchainai/HealthChain,0.13.0,0.13.1,0,0
release_00107883->release_00107884,healthchainai/HealthChain,0.13.1,0.13.2,0,0
release_00107884->release_00107885,healthchainai/HealthChain,0.13.2,0.13.3,0,0
release_00107885->release_00107886,healthchainai/HealthChain,0.13.3,0.14.0,2,1
release_00107886->release_00107887,healthchainai/HealthChain,0.14.0,0.14.1,0,0
release_00107887->release_00107888,healthchainai/HealthChain,0.14.1,0.14.2,0,0
release_00107888->release_00107889,healthchainai/HealthChain,0.14.2,0.14.3,0,0
release_00107889->release_00107890,healthchainai/HealthChain,0.14.3,0.14.4,0,0
release_00107892->release_00107893,healthonrails/annolid,v1.0.2,1.1.1,0,0
release_00107893->release_00107894,healthonrails/annolid,1.1.1,v1.1.2,0,0
release_00107894->release_00107895,healthonrails/annolid,v1.1.2,v1.1.3,0,0
release_00107895->release_00107896,healthonrails/annolid,v1.1.3,v1.2.0,0,0
release_00107896->release_00107897,healthonrails/annolid,v1.2.0,v1.2.2,0,0
release_00107897->release_00107898,healthonrails/annolid,v1.2.2,v1.3.0,10,0
release_00107898->release_00107899,healthonrails/annolid,v1.3.0,v1.3.2,0,0
release_00107899->release_00107900,healthonrails/annolid,v1.3.2,v1.3.3,0,0
release_00107900->release_00107901,healthonrails/annolid,v1.3.3,v1.4.0,0,0
release_00107901->release_00107902,healthonrails/annolid,v1.4.0,v1.5.0,0,0
release_00107902->release_00107903,healthonrails/annolid,v1.5.0,v1.5.2,0,0
release_00107903->release_00107904,healthonrails/annolid,v1.5.2,v1.6.0,1,0
release_00107904->release_00107905,healthonrails/annolid,v1.6.0,v1.6.1,0,0
release_00107905->release_00107906,healthonrails/annolid,v1.6.1,v1.6.2,0,0
release_00107906->release_00107907,healthonrails/annolid,v1.6.2,v1.6.3,0,0
release_00107907->release_00107908,healthonrails/annolid,v1.6.3,v1.6.4,0,0
release_00107908->release_00107909,healthonrails/annolid,v1.6.4,v1.6.5,0,0
release_00107909->release_00107910,healthonrails/annolid,v1.6.5,v1.6.6,0,0
release_00108089->release_00108090,hermes-labs-ai/little-canary,v0.2.0,v0.3.0,2,0
release_00108216->release_00108217,hhyo/Archery,v1.1.0,v1.1.1,0,0
release_00108217->release_00108218,hhyo/Archery,v1.1.1,v1.1.2,0,0
release_00108218->release_00108219,hhyo/Archery,v1.1.2,v1.1.3,0,0
release_00108219->release_00108220,hhyo/Archery,v1.1.3,v1.1.4,0,0
release_00108220->release_00108221,hhyo/Archery,v1.1.4,v1.1.5,0,0
release_00108221->release_00108223,hhyo/Archery,v1.1.5,v1.1.7,0,0
release_00108223->release_00108224,hhyo/Archery,v1.1.7,v1.2.0Beta,0,0
release_00108224->release_00108227,hhyo/Archery,v1.2.0Beta,v1.3.0,0,0
release_00108227->release_00108228,hhyo/Archery,v1.3.0,v1.3.1,0,0
release_00108228->release_00108229,hhyo/Archery,v1.3.1,v1.3.2,0,0
release_00108229->release_00108230,hhyo/Archery,v1.3.2,v1.3.3,0,0
release_00108230->release_00108231,hhyo/Archery,v1.3.3,v1.3.4,0,0
release_00108231->release_00108232,hhyo/Archery,v1.3.4,v1.3.5,0,0
release_00108232->release_00108233,hhyo/Archery,v1.3.5,v1.3.6,0,0
release_00108233->release_00108234,hhyo/Archery,v1.3.6,v1.3.7,0,0
release_00108234->release_00108235,hhyo/Archery,v1.3.7,v1.3.8,0,0
release_00108235->release_00108238,hhyo/Archery,v1.3.8,v1.4.0,0,0
release_00108236->release_00108237,hhyo/Archery,v1.4.1,v1.4.2,0,0
release_00108237->release_00108239,hhyo/Archery,v1.4.2,v1.4.3,0,0
release_00108238->release_00108236,hhyo/Archery,v1.4.0,v1.4.1,0,0
release_00108239->release_00108240,hhyo/Archery,v1.4.3,v1.4.5,0,0
release_00108240->release_00108241,hhyo/Archery,v1.4.5,v1.5.0,0,0
release_00108241->release_00108242,hhyo/Archery,v1.5.0,v1.5.1,0,0
release_00108242->release_00108243,hhyo/Archery,v1.5.1,v1.5.2,0,0
release_00108243->release_00108244,hhyo/Archery,v1.5.2,v1.5.3,0,0
release_00108244->release_00108245,hhyo/Archery,v1.5.3,v1.6.0,0,0
release_00108245->release_00108246,hhyo/Archery,v1.6.0,v1.6.1,0,0
release_00108246->release_00108247,hhyo/Archery,v1.6.1,v1.6.2,0,0
release_00108247->release_00108248,hhyo/Archery,v1.6.2,v1.6.3,0,0
release_00108248->release_00108249,hhyo/Archery,v1.6.3,v1.6.4,0,0
release_00108249->release_00108250,hhyo/Archery,v1.6.4,v1.6.5,0,0
release_00108250->release_00108251,hhyo/Archery,v1.6.5,v1.6.6,0,0
release_00108251->release_00108252,hhyo/Archery,v1.6.6,v1.6.7,0,0
release_00108252->release_00108253,hhyo/Archery,v1.6.7,v1.7.0,0,0
release_00108253->release_00108254,hhyo/Archery,v1.7.0,v1.7.1,0,0
release_00108254->release_00108255,hhyo/Archery,v1.7.1,v1.7.2,0,0
release_00108255->release_00108256,hhyo/Archery,v1.7.2,v1.7.3,0,0
release_00108256->release_00108257,hhyo/Archery,v1.7.3,v1.7.4,0,0
release_00108257->release_00108258,hhyo/Archery,v1.7.4,v1.7.5,0,0
release_00108258->release_00108259,hhyo/Archery,v1.7.5,v1.7.6,0,0
release_00108259->release_00108260,hhyo/Archery,v1.7.6,v1.7.7,0,0
release_00108260->release_00108261,hhyo/Archery,v1.7.7,v1.7.8,0,0
release_00108261->release_00108262,hhyo/Archery,v1.7.8,v1.7.9,0,0
release_00108262->release_00108263,hhyo/Archery,v1.7.9,v1.7.10,0,0
release_00108263->release_00108264,hhyo/Archery,v1.7.10,v1.7.11,0,0
release_00108264->release_00108265,hhyo/Archery,v1.7.11,v1.7.12,0,0
release_00108265->release_00108266,hhyo/Archery,v1.7.12,v1.7.13,0,0
release_00108266->release_00108267,hhyo/Archery,v1.7.13,v1.8.0,0,0
release_00108267->release_00108268,hhyo/Archery,v1.8.0,v1.8.1,0,0
release_00108268->release_00108269,hhyo/Archery,v1.8.1,v1.8.2,0,0
release_00108269->release_00108270,hhyo/Archery,v1.8.2,v1.8.3,0,0
release_00108270->release_00108271,hhyo/Archery,v1.8.3,v1.8.4,0,0
release_00108271->release_00108272,hhyo/Archery,v1.8.4,v1.8.5,0,0
release_00108272->release_00108273,hhyo/Archery,v1.8.5,v1.9.0,0,0
release_00108273->release_00108274,hhyo/Archery,v1.9.0,v1.9.1,0,0
release_00108274->release_00108275,hhyo/Archery,v1.9.1,v1.10.0,0,0
release_00108275->release_00108276,hhyo/Archery,v1.10.0,v1.11.0,0,0
release_00108276->release_00108277,hhyo/Archery,v1.11.0,v1.11.1,0,0
release_00108277->release_00108278,hhyo/Archery,v1.11.1,v1.11.2,1,0
release_00108278->release_00108279,hhyo/Archery,v1.11.2,v1.11.3,0,0
release_00108279->release_00108280,hhyo/Archery,v1.11.3,v1.12.0,0,0
release_00108280->release_00108281,hhyo/Archery,v1.12.0,v1.13.0,0,0
release_00108281->release_00108282,hhyo/Archery,v1.13.0,v1.14.0,0,0
release_00110335->release_00110336,horw/issue-title-ai,v0.1.3b,v0.1.4b,0,0
release_00110336->release_00110337,horw/issue-title-ai,v0.1.4b,v0.1.5b,0,0
release_00110337->release_00110338,horw/issue-title-ai,v0.1.5b,v0.1.6b,0,0
release_00110338->release_00110339,horw/issue-title-ai,v0.1.6b,v0.1.7b,0,0
release_00110339->release_00110340,horw/issue-title-ai,v0.1.7b,v0.1.8b,0,0
release_00111113->release_00111114,hugohe3/ppt-master,v2.3.0,v2.4.0,1,0
release_00111114->release_00111115,hugohe3/ppt-master,v2.4.0,v2.5.0,0,0
release_00111115->release_00111116,hugohe3/ppt-master,v2.5.0,v2.6.0,0,0
release_00111116->release_00111117,hugohe3/ppt-master,v2.6.0,v2.7.0,0,0
release_00111117->release_00111118,hugohe3/ppt-master,v2.7.0,v2.8.0,0,0
release_00111130->release_00111131,humanbound/humanbound-firewall,v0.2.0,v0.2.1,0,0
release_00111351->release_00111352,hyscale-lab/LLM-Benchmarking,input-type-v1.0,input-type-v2.0,0,0
release_00111352->release_00111353,hyscale-lab/LLM-Benchmarking,input-type-v2.0,input-type-v2.0-ttft-analysis,2,0
release_00111353->release_00111354,hyscale-lab/LLM-Benchmarking,input-type-v2.0-ttft-analysis,input-type-v3.0,6,0
release_00111354->release_00111355,hyscale-lab/LLM-Benchmarking,input-type-v3.0,input-type-v3.1,2,0
release_00111646->release_00111648,i-am-bee/agentstack,beeai-cli-v0.2.14,v0.2.15,1,0
release_00111647->release_00111646,i-am-bee/agentstack,beeai-cli-v0.2.13,beeai-cli-v0.2.14,0,0
release_00111648->release_00111649,i-am-bee/agentstack,v0.2.15,v0.2.17,0,0
release_00111649->release_00111650,i-am-bee/agentstack,v0.2.17,v0.2.20,0,0
release_00111650->release_00111651,i-am-bee/agentstack,v0.2.20,v0.3.0,0,0
release_00111651->release_00111652,i-am-bee/agentstack,v0.3.0,v0.3.2,0,0
release_00111652->release_00111653,i-am-bee/agentstack,v0.3.2,v0.3.3,0,0
release_00111653->release_00111654,i-am-bee/agentstack,v0.3.3,v0.3.4,0,0
release_00111654->release_00111655,i-am-bee/agentstack,v0.3.4,v0.3.5,0,0
release_00111655->release_00111656,i-am-bee/agentstack,v0.3.5,v0.3.7,0,0
release_00111656->release_00111657,i-am-bee/agentstack,v0.3.7,v0.4.0,0,0
release_00111657->release_00111658,i-am-bee/agentstack,v0.4.0,v0.4.1,0,0
release_00111658->release_00111659,i-am-bee/agentstack,v0.4.1,v0.4.2,0,0
release_00112139->release_00112140,idwts/Crayotter,v0.1.0-demo,v0.1.1,0,0
release_00112140->release_00112141,idwts/Crayotter,v0.1.1,v0.1.2,0,0
release_00112147->release_00112148,ifixai-ai/iFixAi,v1.0.0,v1.1.0,1,0
release_00112148->release_00112149,ifixai-ai/iFixAi,v1.1.0,v1.2.0,0,0
release_00112149->release_00112150,ifixai-ai/iFixAi,v1.2.0,v2.0.0,0,0
release_00112457->release_00112458,incf-nidash/PyNIDM,v3.4.0,3.5.7,0,0
release_00112458->release_00112459,incf-nidash/PyNIDM,3.5.7,v3.5.11,0,0
release_00112459->release_00112460,incf-nidash/PyNIDM,v3.5.11,v3.5.12,0,0
release_00112460->release_00112461,incf-nidash/PyNIDM,v3.5.12,v3.5.14,0,0
release_00112461->release_00112462,incf-nidash/PyNIDM,v3.5.14,v3.6.0,0,0
release_00112462->release_00112463,incf-nidash/PyNIDM,v3.6.0,v3.6.2,0,0
release_00112463->release_00112464,incf-nidash/PyNIDM,v3.6.2,v3.7.0,0,0
release_00112464->release_00112465,incf-nidash/PyNIDM,v3.7.0,v3.7.1,0,0
release_00112465->release_00112466,incf-nidash/PyNIDM,v3.7.1,v3.7.2,0,0
release_00112466->release_00112467,incf-nidash/PyNIDM,v3.7.2,v3.7.4,0,0
release_00112467->release_00112468,incf-nidash/PyNIDM,v3.7.4,v3.7.6,0,0
release_00112468->release_00112469,incf-nidash/PyNIDM,v3.7.6,v3.8.0,0,0
release_00112469->release_00112470,incf-nidash/PyNIDM,v3.8.0,v3.8.1,0,0
release_00112470->release_00112471,incf-nidash/PyNIDM,v3.8.1,v3.8.2,0,0
release_00112471->release_00112472,incf-nidash/PyNIDM,v3.8.2,v3.8.3,0,0
release_00112472->release_00112473,incf-nidash/PyNIDM,v3.8.3,v3.8.4,0,0
release_00112473->release_00112474,incf-nidash/PyNIDM,v3.8.4,v3.8.5,0,0
release_00112474->release_00112475,incf-nidash/PyNIDM,v3.8.5,v3.8.6,0,0
release_00112475->release_00112476,incf-nidash/PyNIDM,v3.8.6,v3.9.0,0,0
release_00112476->release_00112477,incf-nidash/PyNIDM,v3.9.0,v3.9.1,0,0
release_00112477->release_00112478,incf-nidash/PyNIDM,v3.9.1,v3.9.2,0,0
release_00112478->release_00112479,incf-nidash/PyNIDM,v3.9.2,v3.9.3,0,0
release_00112479->release_00112480,incf-nidash/PyNIDM,v3.9.3,v3.9.4,0,0
release_00112480->release_00112481,incf-nidash/PyNIDM,v3.9.4,v3.9.5,0,0
release_00112481->release_00112482,incf-nidash/PyNIDM,v3.9.5,v3.9.6,0,0
release_00112482->release_00112483,incf-nidash/PyNIDM,v3.9.6,v3.9.7,0,0
release_00112483->release_00112484,incf-nidash/PyNIDM,v3.9.7,v3.9.8,0,0
release_00112484->release_00112485,incf-nidash/PyNIDM,v3.9.8,v4.0.0,0,0
release_00112485->release_00112486,incf-nidash/PyNIDM,v4.0.0,v4.1.0,0,0
release_00112486->release_00112487,incf-nidash/PyNIDM,v4.1.0,v4.1.1,0,0
release_00112487->release_00112488,incf-nidash/PyNIDM,v4.1.1,v4.2.0,0,0
release_00112488->release_00112489,incf-nidash/PyNIDM,v4.2.0,v4.2.1,0,0
release_00112489->release_00112490,incf-nidash/PyNIDM,v4.2.1,v4.2.2,0,0
release_00112490->release_00112491,incf-nidash/PyNIDM,v4.2.2,v4.2.3,0,0
release_00112491->release_00112492,incf-nidash/PyNIDM,v4.2.3,v4.2.4,0,0
release_00112492->release_00112493,incf-nidash/PyNIDM,v4.2.4,V4.3.0,1,0
release_00112493->release_00112494,incf-nidash/PyNIDM,V4.3.0,v4.3.1,0,0
release_00112545->release_00112546,infiniflow/ragflow,v0.1.0,v0.2.0,0,0
release_00112546->release_00112547,infiniflow/ragflow,v0.2.0,v0.3.0,0,0
release_00112547->release_00112548,infiniflow/ragflow,v0.3.0,v0.3.1,0,0
release_00112548->release_00112549,infiniflow/ragflow,v0.3.1,v0.3.2,0,0
release_00112549->release_00112550,infiniflow/ragflow,v0.3.2,v0.4.0,0,0
release_00112550->release_00112551,infiniflow/ragflow,v0.4.0,v0.5.0,0,0
release_00112551->release_00112552,infiniflow/ragflow,v0.5.0,v0.6.0,1,0
release_00112552->release_00112553,infiniflow/ragflow,v0.6.0,v0.7.0,0,0
release_00112553->release_00112554,infiniflow/ragflow,v0.7.0,v0.8.0,0,0
release_00112554->release_00112555,infiniflow/ragflow,v0.8.0,v0.9.0,0,0
release_00112555->release_00112556,infiniflow/ragflow,v0.9.0,v0.10.0,0,0
release_00112556->release_00112557,infiniflow/ragflow,v0.10.0,v0.11.0,0,0
release_00112557->release_00112558,infiniflow/ragflow,v0.11.0,v0.12.0,1,0
release_00112558->release_00112559,infiniflow/ragflow,v0.12.0,v0.13.0,0,0
release_00112559->release_00112560,infiniflow/ragflow,v0.13.0,v0.14.0,0,0
release_00112560->release_00112561,infiniflow/ragflow,v0.14.0,v0.14.1,0,0
release_00112561->release_00112562,infiniflow/ragflow,v0.14.1,v0.15.0,0,0
release_00112562->release_00112563,infiniflow/ragflow,v0.15.0,v0.15.1,0,0
release_00112563->release_00112564,infiniflow/ragflow,v0.15.1,v0.16.0,0,0
release_00112564->release_00112565,infiniflow/ragflow,v0.16.0,v0.17.0,0,0
release_00112565->release_00112566,infiniflow/ragflow,v0.17.0,v0.17.1,0,0
release_00112566->release_00112567,infiniflow/ragflow,v0.17.1,v0.17.2,0,0
release_00112567->release_00112568,infiniflow/ragflow,v0.17.2,v0.18.0,5,0
release_00112568->release_00112570,infiniflow/ragflow,v0.18.0,v0.19.1,0,0
release_00112570->release_00112571,infiniflow/ragflow,v0.19.1,v0.20.0,7,0
release_00112571->release_00112572,infiniflow/ragflow,v0.20.0,v0.20.1,0,0
release_00112572->release_00112574,infiniflow/ragflow,v0.20.1,v0.20.3,5,0
release_00112574->release_00112575,infiniflow/ragflow,v0.20.3,v0.20.4,0,0
release_00112575->release_00112576,infiniflow/ragflow,v0.20.4,v0.20.5,1,0
release_00112576->release_00112577,infiniflow/ragflow,v0.20.5,v0.21.0,0,0
release_00112577->release_00112578,infiniflow/ragflow,v0.21.0,v0.21.1,1,0
release_00112578->release_00112579,infiniflow/ragflow,v0.21.1,v0.22.0,0,0
release_00112579->release_00112580,infiniflow/ragflow,v0.22.0,v0.22.1,0,0
release_00112580->release_00112582,infiniflow/ragflow,v0.22.1,v0.23.0,6,0
release_00112582->release_00112583,infiniflow/ragflow,v0.23.0,v0.23.1,0,0
release_00112583->release_00112584,infiniflow/ragflow,v0.23.1,v0.24.0,0,0
release_00112584->release_00112585,infiniflow/ragflow,v0.24.0,v0.25.0,5,0
release_00112585->release_00112586,infiniflow/ragflow,v0.25.0,v0.25.1,0,0
release_00112586->release_00112587,infiniflow/ragflow,v0.25.1,v0.25.2,2,0
release_00112587->release_00112588,infiniflow/ragflow,v0.25.2,v0.25.3,0,0
release_00112588->release_00112589,infiniflow/ragflow,v0.25.3,v0.25.4,0,0
release_00112589->release_00112590,infiniflow/ragflow,v0.25.4,v0.25.5,0,0
release_00113681->release_00113682,intent-solutions-io/perception-with-intent,v0.4.0,v0.5.0,0,0
release_00113682->release_00113683,intent-solutions-io/perception-with-intent,v0.5.0,v0.6.0,2,0
release_00113943->release_00113944,iottrends/UAV-AI,v1.0.0,v2.0.0,1,0
release_00113958->release_00113969,iqmo-org/magic_duckdb,v0.1.19,v0.1.25,0,0
release_00113969->release_00113974,iqmo-org/magic_duckdb,v0.1.25,v0.1.27,1,1
release_00113974->release_00113978,iqmo-org/magic_duckdb,v0.1.27,v0.1.30,0,0
release_00113978->release_00113979,iqmo-org/magic_duckdb,v0.1.30,v0.1.31,0,0
release_00113979->release_00113980,iqmo-org/magic_duckdb,v0.1.31,v0.1.32,0,0
release_00113980->release_00113981,iqmo-org/magic_duckdb,v0.1.32,v0.2.1,0,0
release_00113981->release_00113982,iqmo-org/magic_duckdb,v0.2.1,v0.2.2,0,0
release_00113982->release_00113983,iqmo-org/magic_duckdb,v0.2.2,v0.2.3,0,0
release_00113983->release_00113984,iqmo-org/magic_duckdb,v0.2.3,v0.2.4,0,0
release_00114825->release_00114826,jataware/archytas,v0.2.0,v0.2.1,0,0
release_00114826->release_00114827,jataware/archytas,v0.2.1,v0.2.2,0,0
release_00114827->release_00114828,jataware/archytas,v0.2.2,v0.2.3,0,0
release_00114828->release_00114829,jataware/archytas,v0.2.3,v0.2.4,0,0
release_00114829->release_00114830,jataware/archytas,v0.2.4,v0.3.0,0,0
release_00114830->release_00114831,jataware/archytas,v0.3.0,v1.0.0,0,0
release_00114831->release_00114832,jataware/archytas,v1.0.0,v1.0.1,0,0
release_00114832->release_00114833,jataware/archytas,v1.0.1,v1.0.2,0,0
release_00114833->release_00114834,jataware/archytas,v1.0.2,v1.0.4,0,0
release_00114834->release_00114835,jataware/archytas,v1.0.4,v1.0.5,0,0
release_00114835->release_00114836,jataware/archytas,v1.0.5,v1.0.6,0,0
release_00114836->release_00114837,jataware/archytas,v1.0.6,v1.1.1,4,0
release_00114837->release_00114838,jataware/archytas,v1.1.1,v1.1.2,0,0
release_00114838->release_00114839,jataware/archytas,v1.1.2,v1.1.3,0,0
release_00114839->release_00114840,jataware/archytas,v1.1.3,v1.1.4,0,0
release_00114840->release_00114841,jataware/archytas,v1.1.4,v1.1.5,0,0
release_00114841->release_00114842,jataware/archytas,v1.1.5,v1.1.6,0,0
release_00114842->release_00114843,jataware/archytas,v1.1.6,v1.1.7,0,0
release_00114843->release_00114844,jataware/archytas,v1.1.7,v1.1.8,0,0
release_00114844->release_00114845,jataware/archytas,v1.1.8,v1.1.9,0,0
release_00114845->release_00114846,jataware/archytas,v1.1.9,v1.2.1,0,0
release_00114846->release_00114848,jataware/archytas,v1.2.1,v1.3.0,6,0
release_00114848->release_00114849,jataware/archytas,v1.3.0,v1.3.1,0,0
release_00114849->release_00114850,jataware/archytas,v1.3.1,v1.3.2,0,0
release_00114850->release_00114851,jataware/archytas,v1.3.2,v1.3.3,0,0
release_00114851->release_00114852,jataware/archytas,v1.3.3,v1.3.4,0,0
release_00114852->release_00114853,jataware/archytas,v1.3.4,v1.3.5,0,0
release_00114853->release_00114854,jataware/archytas,v1.3.5,v1.3.6,0,0
release_00114854->release_00114855,jataware/archytas,v1.3.6,v1.3.7,0,0
release_00114855->release_00114856,jataware/archytas,v1.3.7,v1.3.8,0,0
release_00114856->release_00114857,jataware/archytas,v1.3.8,v1.3.9,0,0
release_00114857->release_00114858,jataware/archytas,v1.3.9,v1.3.10,0,0
release_00114858->release_00114859,jataware/archytas,v1.3.10,v1.3.11,0,0
release_00114859->release_00114860,jataware/archytas,v1.3.11,v1.3.12,0,0
release_00114860->release_00114861,jataware/archytas,v1.3.12,v1.3.13,0,0
release_00114861->release_00114862,jataware/archytas,v1.3.13,v1.3.14,0,0
release_00114862->release_00114863,jataware/archytas,v1.3.14,v1.3.15,0,0
release_00114863->release_00114864,jataware/archytas,v1.3.15,v1.3.16,0,0
release_00114864->release_00114865,jataware/archytas,v1.3.16,v1.3.17,0,0
release_00114865->release_00114866,jataware/archytas,v1.3.17,v1.3.18,0,0
release_00114866->release_00114867,jataware/archytas,v1.3.18,v1.4.0,1,0
release_00114867->release_00114868,jataware/archytas,v1.4.0,v1.4.1,0,0
release_00114868->release_00114869,jataware/archytas,v1.4.1,v1.4.2,0,0
release_00114869->release_00114870,jataware/archytas,v1.4.2,v1.4.3,0,0
release_00114870->release_00114871,jataware/archytas,v1.4.3,v1.4.4,0,0
release_00114871->release_00114872,jataware/archytas,v1.4.4,v1.4.5,0,0
release_00114872->release_00114873,jataware/archytas,v1.4.5,v1.5.0,0,0
release_00114873->release_00114874,jataware/archytas,v1.5.0,v1.6.0,0,0
release_00114874->release_00114875,jataware/archytas,v1.6.0,v1.6.1,0,0
release_00114875->release_00114876,jataware/archytas,v1.6.1,v1.6.2,0,0
release_00114876->release_00114877,jataware/archytas,v1.6.2,v1.6.3,0,0
release_00114877->release_00114878,jataware/archytas,v1.6.3,v1.6.4-take2,0,0
release_00114878->release_00114879,jataware/archytas,v1.6.4-take2,v1.6.6,0,0
release_00114879->release_00114880,jataware/archytas,v1.6.6,v1.6.7,0,0
release_00114880->release_00114881,jataware/archytas,v1.6.7,v1.6.8,1,0
release_00114881->release_00114882,jataware/archytas,v1.6.8,v1.6.10,1,0
release_00115241->release_00115242,jeffstric/ZJT,1.0.2,1.1.0,5,0
release_00115242->release_00115243,jeffstric/ZJT,1.1.0,1.1.1,0,0
release_00115243->release_00115245,jeffstric/ZJT,1.1.1,1.2.2,0,0
release_00115245->release_00115247,jeffstric/ZJT,1.2.2,1.4.1,1,0
release_00115247->release_00115248,jeffstric/ZJT,1.4.1,1.5.1,0,0
release_00115248->release_00115249,jeffstric/ZJT,1.5.1,1.5.2,0,0
release_00115249->release_00115250,jeffstric/ZJT,1.5.2,1.6.5,0,0
release_00116362->release_00116363,jingtao-lbl/A2MC-elm,v2.73,v2.90,1,0
release_00116363->release_00116364,jingtao-lbl/A2MC-elm,v2.90,v2.98,0,0
release_00116514->release_00116515,jkitchin/discopt,v0.3.0,v0.4.0,0,0
release_00116973->release_00116975,joselcaguilar/azure-openai-ha,v0.1.0,v0.2.0,0,0
release_00116975->release_00116977,joselcaguilar/azure-openai-ha,v0.2.0,v1.0.0,0,0
release_00116977->release_00116979,joselcaguilar/azure-openai-ha,v1.0.0,v1.1.0,0,0
release_00116979->release_00116981,joselcaguilar/azure-openai-ha,v1.1.0,v2.0.0,0,0
release_00116981->release_00116982,joselcaguilar/azure-openai-ha,v2.0.0,v2.1.0,1,0
release_00116982->release_00116983,joselcaguilar/azure-openai-ha,v2.1.0,v3.1.0,2,0
release_00116983->release_00116984,joselcaguilar/azure-openai-ha,v3.1.0,v4.0.0,0,0
release_00116984->release_00116985,joselcaguilar/azure-openai-ha,v4.0.0,v4.1.0,0,0
release_00116985->release_00116986,joselcaguilar/azure-openai-ha,v4.1.0,v4.2.0,0,0
release_00116986->release_00116987,joselcaguilar/azure-openai-ha,v4.2.0,v4.3.0,0,0
release_00118920->release_00118921,kafein-technology/KAI-Flow,0.1,0.1.5,0,0
release_00119088->release_00119089,kagenti/kagenti,v0.1.0-alpha.2,v0.1.1,0,0
release_00119089->release_00119090,kagenti/kagenti,v0.1.1,v0.3.0,0,0
release_00119090->release_00119091,kagenti/kagenti,v0.3.0,v0.4.0-alpha.1,0,0
release_00119091->release_00119093,kagenti/kagenti,v0.4.0-alpha.1,v0.5.0,0,0
release_00119093->release_00119094,kagenti/kagenti,v0.5.0,v0.5.1,0,0
release_00119333->release_00119334,kantan-kanto/ComfyUI-MultiModal-Prompt-Nodes,v1.0.5,v1.0.6,0,0
release_00119334->release_00119335,kantan-kanto/ComfyUI-MultiModal-Prompt-Nodes,v1.0.6,v1.0.7,0,0
release_00119335->release_00119336,kantan-kanto/ComfyUI-MultiModal-Prompt-Nodes,v1.0.7,v1.0.8,0,0
release_00119336->release_00119337,kantan-kanto/ComfyUI-MultiModal-Prompt-Nodes,v1.0.8,v1.0.9,0,0
release_00119337->release_00119338,kantan-kanto/ComfyUI-MultiModal-Prompt-Nodes,v1.0.9,v1.0.10,0,0
release_00119338->release_00119339,kantan-kanto/ComfyUI-MultiModal-Prompt-Nodes,v1.0.10,v1.0.11,0,0
release_00119339->release_00119340,kantan-kanto/ComfyUI-MultiModal-Prompt-Nodes,v1.0.11,v1.0.12,6,0
release_00120161->release_00120162,keras-team/keras-hub,v0.1.0,v0.1.1,0,0
release_00120162->release_00120165,keras-team/keras-hub,v0.1.1,v0.2.0,0,0
release_00120165->release_00120166,keras-team/keras-hub,v0.2.0,v0.3.0,0,0
release_00120166->release_00120169,keras-team/keras-hub,v0.3.0,v0.4.0,0,0
release_00120169->release_00120228,keras-team/keras-hub,v0.4.0,v0.27.0,2,0
release_00120177->release_00120178,keras-team/keras-hub,v0.6.2,v0.6.3,0,0
release_00120178->release_00120179,keras-team/keras-hub,v0.6.3,v0.6.4,0,0
release_00120182->release_00120183,keras-team/keras-hub,v0.8.1,v0.8.2,0,0
release_00120189->release_00120190,keras-team/keras-hub,v0.11.0,v0.11.1,0,0
release_00120193->release_00120194,keras-team/keras-hub,v0.14.0,v0.14.1,0,0
release_00120194->release_00120195,keras-team/keras-hub,v0.14.1,v0.14.2,0,0
release_00120195->release_00120196,keras-team/keras-hub,v0.14.2,v0.14.3,0,0
release_00120196->release_00120197,keras-team/keras-hub,v0.14.3,v0.14.4,0,0
release_00120198->release_00120199,keras-team/keras-hub,v0.15.0,v0.15.1,0,0
release_00120206->release_00120207,keras-team/keras-hub,v0.19.1,v0.19.2,0,0
release_00120207->release_00120209,keras-team/keras-hub,v0.19.2,v0.19.3,0,0
release_00120213->release_00120214,keras-team/keras-hub,v0.21.0,v0.21.1,0,0
release_00120216->release_00120217,keras-team/keras-hub,v0.22.0,v0.22.1,0,0
release_00120217->release_00120218,keras-team/keras-hub,v0.22.1,v0.22.2,0,0
release_00120224->release_00120225,keras-team/keras-hub,v0.25.0,v0.25.1,0,0
release_00122026->release_00122028,kubebuddy/kubebuddy,v1.0.1,v2.0.1,2,0
release_00122028->release_00122029,kubebuddy/kubebuddy,v2.0.1,v2.0.2,0,0
release_00124425->release_00124426,langchain-ai/langchain-community,libs/community/v0.3.23,libs/community/v0.3.24,0,0
release_00124426->release_00124427,langchain-ai/langchain-community,libs/community/v0.3.24,libs/community/v0.3.25,0,0
release_00124427->release_00124428,langchain-ai/langchain-community,libs/community/v0.3.25,libs/community/v0.3.26,0,0
release_00124428->release_00124429,langchain-ai/langchain-community,libs/community/v0.3.26,libs/community/v0.3.27,0,0
release_00124429->release_00124430,langchain-ai/langchain-community,libs/community/v0.3.27,libs/community/v0.3.28,0,0
release_00124430->release_00124431,langchain-ai/langchain-community,libs/community/v0.3.28,libs/community/v0.3.29,0,0
release_00124431->release_00124432,langchain-ai/langchain-community,libs/community/v0.3.29,libs/community/v0.3.30,0,0
release_00124432->release_00124434,langchain-ai/langchain-community,libs/community/v0.3.30,libs/community/v0.3.31,0,0
release_00124434->release_00124435,langchain-ai/langchain-community,libs/community/v0.3.31,libs/community/v0.4,0,0
release_00124435->release_00124436,langchain-ai/langchain-community,libs/community/v0.4,libs/community/v0.4.1,0,0
release_00124436->release_00124437,langchain-ai/langchain-community,libs/community/v0.4.1,libs/community/v0.4.2,0,0
release_00124530->release_00124531,langchain-ai/langchain-experimental,libs/experimental/v0.3.1.post1,libs/experimental/v0.3.2,0,0
release_00124531->release_00124532,langchain-ai/langchain-experimental,libs/experimental/v0.3.2,libs/experimental/v0.3.3,0,0
release_00124532->release_00124533,langchain-ai/langchain-experimental,libs/experimental/v0.3.3,libs/experimental/v0.3.4,0,0
release_00124533->release_00124535,langchain-ai/langchain-experimental,libs/experimental/v0.3.4,libs/experimental/v0.4.0,0,0
release_00124535->release_00124536,langchain-ai/langchain-experimental,libs/experimental/v0.4.0,libs/experimental/v0.4.1,0,0
release_00124536->release_00124537,langchain-ai/langchain-experimental,libs/experimental/v0.4.1,libs/experimental/v0.4.2,0,0
release_00124638->release_00124639,langchain-ai/langchain-mongodb,libs/langgraph-checkpoint-mongodb/v0.1.0a1,libs/mongodb/v0.3.0a0,0,0
release_00124639->release_00124640,langchain-ai/langchain-mongodb,libs/mongodb/v0.3.0a0,libs/langgraph-checkpoint-mongodb/v0.1.0a3,0,0
release_00124640->release_00124641,langchain-ai/langchain-mongodb,libs/langgraph-checkpoint-mongodb/v0.1.0a3,libs/mongodb/v0.3.0,0,0
release_00124641->release_00124642,langchain-ai/langchain-mongodb,libs/mongodb/v0.3.0,libs/langgraph-checkpoint-mongodb/v0.1.0,0,0
release_00124642->release_00124643,langchain-ai/langchain-mongodb,libs/langgraph-checkpoint-mongodb/v0.1.0,libs/langchain-mongodb/v0.4.0,0,1
release_00124643->release_00124644,langchain-ai/langchain-mongodb,libs/langchain-mongodb/v0.4.0,libs/langchain-mongodb/v0.5.0,1,1
release_00124644->release_00124645,langchain-ai/langchain-mongodb,libs/langchain-mongodb/v0.5.0,libs/langgraph-checkpoint-mongodb/v0.1.1,0,0
release_00124645->release_00124646,langchain-ai/langchain-mongodb,libs/langgraph-checkpoint-mongodb/v0.1.1,libs/langchain-mongodb/v0.6.0,3,1
release_00124646->release_00124647,langchain-ai/langchain-mongodb,libs/langchain-mongodb/v0.6.0,libs/langgraph-checkpoint-mongodb/v0.1.2,0,0
release_00124647->release_00124648,langchain-ai/langchain-mongodb,libs/langgraph-checkpoint-mongodb/v0.1.2,libs/langgraph-checkpoint-mongodb/v0.1.3,0,0
release_00124648->release_00124649,langchain-ai/langchain-mongodb,libs/langgraph-checkpoint-mongodb/v0.1.3,libs/langchain-mongodb/v0.6.1,0,0
release_00124649->release_00124650,langchain-ai/langchain-mongodb,libs/langchain-mongodb/v0.6.1,libs/langgraph-store-mongodb/v0.0.1,1,1
release_00124650->release_00124651,langchain-ai/langchain-mongodb,libs/langgraph-store-mongodb/v0.0.1,libs/langchain-mongodb/v0.6.2,0,0
release_00124651->release_00124652,langchain-ai/langchain-mongodb,libs/langchain-mongodb/v0.6.2,libs/langgraph-checkpoint-mongodb/v0.1.4,0,0
release_00124652->release_00124653,langchain-ai/langchain-mongodb,libs/langgraph-checkpoint-mongodb/v0.1.4,libs/langchain-mongodb/v0.7.0,0,0
release_00124653->release_00124654,langchain-ai/langchain-mongodb,libs/langchain-mongodb/v0.7.0,libs/langgraph-checkpoint-mongodb/v0.2.0,0,0
release_00124654->release_00124655,langchain-ai/langchain-mongodb,libs/langgraph-checkpoint-mongodb/v0.2.0,libs/langgraph-store-mongodb/v0.1.0,0,0
release_00124655->release_00124656,langchain-ai/langchain-mongodb,libs/langgraph-store-mongodb/v0.1.0,libs/langgraph-checkpoint-mongodb/v0.2.1,0,0
release_00124656->release_00124657,langchain-ai/langchain-mongodb,libs/langgraph-checkpoint-mongodb/v0.2.1,libs/langchain-mongodb/v0.7.1,0,0
release_00124657->release_00124658,langchain-ai/langchain-mongodb,libs/langchain-mongodb/v0.7.1,libs/langchain-mongodb/v0.7.2,0,0
release_00124658->release_00124659,langchain-ai/langchain-mongodb,libs/langchain-mongodb/v0.7.2,libs/langgraph-checkpoint-mongodb/v0.2.2,0,0
release_00124659->release_00124660,langchain-ai/langchain-mongodb,libs/langgraph-checkpoint-mongodb/v0.2.2,libs/langgraph-store-mongodb/v0.1.1,0,0
release_00124660->release_00124661,langchain-ai/langchain-mongodb,libs/langgraph-store-mongodb/v0.1.1,libs/langchain-mongodb/v0.8.0,0,0
release_00124661->release_00124662,langchain-ai/langchain-mongodb,libs/langchain-mongodb/v0.8.0,libs/langgraph-checkpoint-mongodb/v0.3.0,0,0
release_00124662->release_00124663,langchain-ai/langchain-mongodb,libs/langgraph-checkpoint-mongodb/v0.3.0,libs/langchain-mongodb/v0.9.0,0,0
release_00124663->release_00124664,langchain-ai/langchain-mongodb,libs/langchain-mongodb/v0.9.0,libs/langchain-mongodb/v0.10.0,0,0
release_00124664->release_00124665,langchain-ai/langchain-mongodb,libs/langchain-mongodb/v0.10.0,libs/langchain-mongodb/v0.11.0,0,0
release_00124665->release_00124666,langchain-ai/langchain-mongodb,libs/langchain-mongodb/v0.11.0,libs/langgraph-store-mongodb/v0.2.0,0,0
release_00124666->release_00124667,langchain-ai/langchain-mongodb,libs/langgraph-store-mongodb/v0.2.0,libs/langgraph-checkpoint-mongodb/v0.3.1,2,1
release_00124667->release_00124668,langchain-ai/langchain-mongodb,libs/langgraph-checkpoint-mongodb/v0.3.1,libs/langgraph-checkpoint-mongodb/v0.4.0,0,0
release_00124668->release_00124669,langchain-ai/langchain-mongodb,libs/langgraph-checkpoint-mongodb/v0.4.0,libs/langgraph-store-mongodb/v0.3.0,0,0
release_00126591->release_00126592,latchfield/vulcan-core,v1.0.0,v1.1.0,0,0
release_00126592->release_00126593,latchfield/vulcan-core,v1.1.0,v1.1.1,0,0
release_00126593->release_00126594,latchfield/vulcan-core,v1.1.1,v1.1.2,2,1
release_00126594->release_00126595,latchfield/vulcan-core,v1.1.2,v1.1.3,0,0
release_00126595->release_00126596,latchfield/vulcan-core,v1.1.3,v1.1.4,0,0
release_00126596->release_00126597,latchfield/vulcan-core,v1.1.4,v1.1.5,0,0
release_00126597->release_00126598,latchfield/vulcan-core,v1.1.5,v1.2.0,0,0
release_00126598->release_00126599,latchfield/vulcan-core,v1.2.0,v1.2.1,0,0
release_00126599->release_00126600,latchfield/vulcan-core,v1.2.1,v1.2.2,0,0
release_00126898->release_00126899,lemony-ai/cascadeflow,v0.2.0,v0.2.1,7,0
release_00126899->release_00126900,lemony-ai/cascadeflow,v0.2.1,v0.3.0,0,0
release_00126900->release_00126901,lemony-ai/cascadeflow,v0.3.0,v0.4.0,0,0
release_00126901->release_00126902,lemony-ai/cascadeflow,v0.4.0,v0.5.0,0,0
release_00126902->release_00126903,lemony-ai/cascadeflow,v0.5.0,v0.6.0,0,0
release_00126903->release_00126904,lemony-ai/cascadeflow,v0.6.0,v0.6.5,3,0
release_00126904->release_00126905,lemony-ai/cascadeflow,v0.6.5,v0.7.0,1,0
release_00126905->release_00126906,lemony-ai/cascadeflow,v0.7.0,v0.7.1,0,0
release_00126906->release_00126907,lemony-ai/cascadeflow,v0.7.1,v1.0.0,0,0
release_00126907->release_00126908,lemony-ai/cascadeflow,v1.0.0,v1.1.0,2,0
release_00126908->release_00126909,lemony-ai/cascadeflow,v1.1.0,v1.2.0,0,0
release_00126921->release_00126922,leockl/sklearn-diagnose,v0.1.0,v0.1.1,10,0
release_00126922->release_00126923,leockl/sklearn-diagnose,v0.1.1,v0.1.2,0,0
release_00127535->release_00127536,lifemate-ai/familiar-ai,v0.1,v0.3,76,0
release_00127536->release_00127537,lifemate-ai/familiar-ai,v0.3,v0.4,33,0
release_00127537->release_00127538,lifemate-ai/familiar-ai,v0.4,v0.5,0,0
release_00127554->release_00127555,lightspeed-core/lightspeed-evaluation,v0.1.0,v0.2.0,0,0
release_00127555->release_00127556,lightspeed-core/lightspeed-evaluation,v0.2.0,v0.3.0,0,0
release_00127556->release_00127557,lightspeed-core/lightspeed-evaluation,v0.3.0,v0.4.0,0,0
release_00127557->release_00127558,lightspeed-core/lightspeed-evaluation,v0.4.0,v0.5.0,6,1
release_00127558->release_00127559,lightspeed-core/lightspeed-evaluation,v0.5.0,v0.6.0,0,0
release_00127720->release_00127721,linyqh/NarratoAI,0.1.2,0.2.1,0,0
release_00127721->release_00127722,linyqh/NarratoAI,0.2.1,0.3.5,0,0
release_00127722->release_00127723,linyqh/NarratoAI,0.3.5,0.3.9,0,0
release_00127723->release_00127724,linyqh/NarratoAI,0.3.9,v0.5.2,0,0
release_00127724->release_00127725,linyqh/NarratoAI,v0.5.2,0.6.0,2,0
release_00127725->release_00127740,linyqh/NarratoAI,0.6.0,v0.7.6,0,0
release_00127740->release_00127741,linyqh/NarratoAI,v0.7.6,v0.7.7,0,0
release_00127741->release_00127742,linyqh/NarratoAI,v0.7.7,v0.7.8,0,0
release_00127742->release_00127743,linyqh/NarratoAI,v0.7.8,v0.7.9,0,0
release_00127777->release_00127778,lipku/LiveTalking,v1.2,v2.0,0,0
release_00127778->release_00127779,lipku/LiveTalking,v2.0,v2.0.1,0,0
release_00127779->release_00127780,lipku/LiveTalking,v2.0.1,v2.0.2,0,0
release_00127789->release_00127790,litmusautomation/litmus-mcp-server,v0.0.1,v0.0.2,2,0
release_00127790->release_00127791,litmusautomation/litmus-mcp-server,v0.0.2,v0.0.3,0,0
release_00127791->release_00127792,litmusautomation/litmus-mcp-server,v0.0.3,v0.0.4,0,0
release_00127792->release_00127793,litmusautomation/litmus-mcp-server,v0.0.4,v0.0.5,0,0
release_00127793->release_00127794,litmusautomation/litmus-mcp-server,v0.0.5,v0.0.6,6,0
release_00127794->release_00127795,litmusautomation/litmus-mcp-server,v0.0.6,v0.0.7,6,0
release_00127795->release_00127796,litmusautomation/litmus-mcp-server,v0.0.7,v0.0.8,0,0
release_00127796->release_00127797,litmusautomation/litmus-mcp-server,v0.0.8,v0.0.9,0,0
release_00127797->release_00127798,litmusautomation/litmus-mcp-server,v0.0.9,v0.0.10,0,0
release_00127798->release_00127800,litmusautomation/litmus-mcp-server,v0.0.10,v0.1.0,0,0
release_00128266->release_00128267,lksnext-ai-lab/ai-core-tools,v0.3.17,v0.3.18,0,0
release_00128267->release_00128268,lksnext-ai-lab/ai-core-tools,v0.3.18,v0.4.0,0,0
release_00128268->release_00128269,lksnext-ai-lab/ai-core-tools,v0.4.0,v0.4.1,0,0
release_00128269->release_00128270,lksnext-ai-lab/ai-core-tools,v0.4.1,v0.4.2,0,0
release_00128636->release_00128637,lncrawl/lightnovel-crawler,v1.2,v1.2.3,0,0
release_00128637->release_00128638,lncrawl/lightnovel-crawler,v1.2.3,v1.2.4,0,0
release_00128638->release_00128639,lncrawl/lightnovel-crawler,v1.2.4,v1.4.0,0,0
release_00128639->release_00128640,lncrawl/lightnovel-crawler,v1.4.0,v2.4.1,0,0
release_00128640->release_00128641,lncrawl/lightnovel-crawler,v2.4.1,v2.5.0,0,0
release_00128641->release_00128643,lncrawl/lightnovel-crawler,v2.5.0,v2.6.0,0,0
release_00128643->release_00128644,lncrawl/lightnovel-crawler,v2.6.0,v2.6.4,0,0
release_00128644->release_00128645,lncrawl/lightnovel-crawler,v2.6.4,v2.7.12,0,0
release_00128645->release_00128647,lncrawl/lightnovel-crawler,v2.7.12,v2.9.9,0,0
release_00128647->release_00128648,lncrawl/lightnovel-crawler,v2.9.9,v2.9.11,0,0
release_00128648->release_00128649,lncrawl/lightnovel-crawler,v2.9.11,v2.9.13,0,0
release_00128649->release_00128650,lncrawl/lightnovel-crawler,v2.9.13,v2.10.0,0,0
release_00128650->release_00128651,lncrawl/lightnovel-crawler,v2.10.0,v2.10.1,0,0
release_00128651->release_00128652,lncrawl/lightnovel-crawler,v2.10.1,"v2,11.0",0,0
release_00128652->release_00128653,lncrawl/lightnovel-crawler,"v2,11.0",v2.11.1,0,0
release_00128653->release_00128654,lncrawl/lightnovel-crawler,v2.11.1,v2.12.0,0,0
release_00128654->release_00128655,lncrawl/lightnovel-crawler,v2.12.0,v2.12.1,0,0
release_00128655->release_00128656,lncrawl/lightnovel-crawler,v2.12.1,v2.13.0,0,0
release_00128656->release_00128657,lncrawl/lightnovel-crawler,v2.13.0,v2.13.6,0,0
release_00128657->release_00128658,lncrawl/lightnovel-crawler,v2.13.6,v2.14.0,0,0
release_00128658->release_00128659,lncrawl/lightnovel-crawler,v2.14.0,v2.14.1,0,0
release_00128659->release_00128660,lncrawl/lightnovel-crawler,v2.14.1,v2.14.2,0,0
release_00128660->release_00128661,lncrawl/lightnovel-crawler,v2.14.2,v2.15.0,0,0
release_00128661->release_00128662,lncrawl/lightnovel-crawler,v2.15.0,v2.15.1,0,0
release_00128662->release_00128664,lncrawl/lightnovel-crawler,v2.15.1,v2.16.1,0,0
release_00128664->release_00128665,lncrawl/lightnovel-crawler,v2.16.1,v2.16.2,0,0
release_00128665->release_00128666,lncrawl/lightnovel-crawler,v2.16.2,v2.17.0,0,0
release_00128666->release_00128667,lncrawl/lightnovel-crawler,v2.17.0,v2.17.1,0,0
release_00128667->release_00128669,lncrawl/lightnovel-crawler,v2.17.1,v2.19.0,0,0
release_00128669->release_00128670,lncrawl/lightnovel-crawler,v2.19.0,v2.19.1,0,0
release_00128670->release_00128671,lncrawl/lightnovel-crawler,v2.19.1,v2.19.2,0,0
release_00128671->release_00128672,lncrawl/lightnovel-crawler,v2.19.2,v2.19.3,0,0
release_00128672->release_00128673,lncrawl/lightnovel-crawler,v2.19.3,v2.19.4,0,0
release_00128673->release_00128674,lncrawl/lightnovel-crawler,v2.19.4,v2.19.5,0,0
release_00128674->release_00128675,lncrawl/lightnovel-crawler,v2.19.5,v2.20.0,0,0
release_00128675->release_00128676,lncrawl/lightnovel-crawler,v2.20.0,v2.21.0,0,0
release_00128676->release_00128677,lncrawl/lightnovel-crawler,v2.21.0,v2.22.0,0,0
release_00128677->release_00128678,lncrawl/lightnovel-crawler,v2.22.0,v2.22.1,0,0
release_00128678->release_00128679,lncrawl/lightnovel-crawler,v2.22.1,v2.22.2,0,0
release_00128679->release_00128680,lncrawl/lightnovel-crawler,v2.22.2,v2.22.3,0,0
release_00128680->release_00128682,lncrawl/lightnovel-crawler,v2.22.3,v2.22.5,0,0
release_00128682->release_00128683,lncrawl/lightnovel-crawler,v2.22.5,v2.23.0,0,0
release_00128683->release_00128684,lncrawl/lightnovel-crawler,v2.23.0,v2.23.1,0,0
release_00128684->release_00128685,lncrawl/lightnovel-crawler,v2.23.1,v2.23.2,0,0
release_00128685->release_00128686,lncrawl/lightnovel-crawler,v2.23.2,v2.23.3,0,0
release_00128686->release_00128687,lncrawl/lightnovel-crawler,v2.23.3,v2.24.0,0,0
release_00128687->release_00128688,lncrawl/lightnovel-crawler,v2.24.0,v2.24.1,0,0
release_00128688->release_00128689,lncrawl/lightnovel-crawler,v2.24.1,v2.24.3,0,0
release_00128689->release_00128690,lncrawl/lightnovel-crawler,v2.24.3,v2.24.5,0,0
release_00128690->release_00128691,lncrawl/lightnovel-crawler,v2.24.5,v2.25.1,0,0
release_00128691->release_00128692,lncrawl/lightnovel-crawler,v2.25.1,v2.26.0,0,0
release_00128692->release_00128693,lncrawl/lightnovel-crawler,v2.26.0,v2.26.2,0,0
release_00128693->release_00128694,lncrawl/lightnovel-crawler,v2.26.2,v2.26.3,0,0
release_00128694->release_00128695,lncrawl/lightnovel-crawler,v2.26.3,v2.26.4,0,0
release_00128695->release_00128696,lncrawl/lightnovel-crawler,v2.26.4,v2.26.5,0,0
release_00128696->release_00128708,lncrawl/lightnovel-crawler,v2.26.5,v2.28.6,0,0
release_00128708->release_00128717,lncrawl/lightnovel-crawler,v2.28.6,v2.29.5,0,0
release_00128717->release_00128719,lncrawl/lightnovel-crawler,v2.29.5,v2.29.7,0,0
release_00128719->release_00128720,lncrawl/lightnovel-crawler,v2.29.7,v2.30.0,0,0
release_00128720->release_00128721,lncrawl/lightnovel-crawler,v2.30.0,v2.31.0,0,0
release_00128721->release_00128723,lncrawl/lightnovel-crawler,v2.31.0,v2.33.0,0,0
release_00128723->release_00128724,lncrawl/lightnovel-crawler,v2.33.0,v2.33.1,0,0
release_00128724->release_00128725,lncrawl/lightnovel-crawler,v2.33.1,v2.34.0,0,0
release_00128725->release_00128726,lncrawl/lightnovel-crawler,v2.34.0,v3.0.0,0,0
release_00128726->release_00128735,lncrawl/lightnovel-crawler,v3.0.0,v3.2.4,0,0
release_00128735->release_00128736,lncrawl/lightnovel-crawler,v3.2.4,v3.2.5,0,0
release_00128736->release_00128737,lncrawl/lightnovel-crawler,v3.2.5,v3.2.6,0,0
release_00128737->release_00128741,lncrawl/lightnovel-crawler,v3.2.6,v3.2.10,0,0
release_00128741->release_00128742,lncrawl/lightnovel-crawler,v3.2.10,v3.3.0,0,0
release_00128742->release_00128745,lncrawl/lightnovel-crawler,v3.3.0,v3.4.0,0,0
release_00128745->release_00128746,lncrawl/lightnovel-crawler,v3.4.0,v3.4.2,0,0
release_00128746->release_00128747,lncrawl/lightnovel-crawler,v3.4.2,v3.5.0,0,0
release_00128747->release_00128748,lncrawl/lightnovel-crawler,v3.5.0,v3.5.1,0,0
release_00128748->release_00128752,lncrawl/lightnovel-crawler,v3.5.1,v3.7.2,0,0
release_00128752->release_00128753,lncrawl/lightnovel-crawler,v3.7.2,v3.7.4,0,0
release_00128753->release_00128754,lncrawl/lightnovel-crawler,v3.7.4,v3.7.5,0,0
release_00128754->release_00128755,lncrawl/lightnovel-crawler,v3.7.5,v3.8.0,0,0
release_00128755->release_00128757,lncrawl/lightnovel-crawler,v3.8.0,v3.9.0,0,0
release_00128757->release_00128758,lncrawl/lightnovel-crawler,v3.9.0,v3.9.1,0,0
release_00128758->release_00128759,lncrawl/lightnovel-crawler,v3.9.1,v3.9.2,0,0
release_00128759->release_00128760,lncrawl/lightnovel-crawler,v3.9.2,v3.9.3,0,0
release_00128760->release_00128761,lncrawl/lightnovel-crawler,v3.9.3,v3.9.4,0,0
release_00128761->release_00128762,lncrawl/lightnovel-crawler,v3.9.4,v3.10.0,0,0
release_00128762->release_00128763,lncrawl/lightnovel-crawler,v3.10.0,v3.10.1,0,0
release_00128763->release_00128764,lncrawl/lightnovel-crawler,v3.10.1,v4.0.0,1,0
release_00128764->release_00128765,lncrawl/lightnovel-crawler,v4.0.0,v4.0.1,0,0
release_00128765->release_00128766,lncrawl/lightnovel-crawler,v4.0.1,v4.1.1,0,0
release_00128766->release_00128767,lncrawl/lightnovel-crawler,v4.1.1,v4.2.1,0,0
release_00128767->release_00128768,lncrawl/lightnovel-crawler,v4.2.1,v4.3.0,0,0
release_00128768->release_00128769,lncrawl/lightnovel-crawler,v4.3.0,v4.3.1,0,0
release_00128769->release_00128770,lncrawl/lightnovel-crawler,v4.3.1,v4.3.2,0,0
release_00128770->release_00128771,lncrawl/lightnovel-crawler,v4.3.2,v4.4.0,0,0
release_00128771->release_00128772,lncrawl/lightnovel-crawler,v4.4.0,v4.4.1,0,0
release_00128772->release_00128773,lncrawl/lightnovel-crawler,v4.4.1,v4.4.2,0,0
release_00128773->release_00128774,lncrawl/lightnovel-crawler,v4.4.2,v4.5.0,0,0
release_00128775->release_00128776,lnbits/lnbits,0.4.0,0.6.0,0,0
release_00128776->release_00128777,lnbits/lnbits,0.6.0,0.7.0,0,0
release_00128777->release_00128778,lnbits/lnbits,0.7.0,0.8.0,0,0
release_00128778->release_00128779,lnbits/lnbits,0.8.0,0.9.0,0,0
release_00128779->release_00128780,lnbits/lnbits,0.9.0,0.9.1,0,0
release_00128780->release_00128781,lnbits/lnbits,0.9.1,0.9.2,0,0
release_00128781->release_00128782,lnbits/lnbits,0.9.2,0.9.3,0,0
release_00128782->release_00128783,lnbits/lnbits,0.9.3,0.9.4,0,0
release_00128783->release_00128784,lnbits/lnbits,0.9.4,0.9.5.1,0,0
release_00128784->release_00128785,lnbits/lnbits,0.9.5.1,0.9.5.3,0,0
release_00128785->release_00128786,lnbits/lnbits,0.9.5.3,0.9.6.1,0,0
release_00128786->release_00128787,lnbits/lnbits,0.9.6.1,0.9.7,0,0
release_00128787->release_00128788,lnbits/lnbits,0.9.7,0.10,0,0
release_00128788->release_00128789,lnbits/lnbits,0.10,0.10.4,0,0
release_00128789->release_00128790,lnbits/lnbits,0.10.4,0.10.5,0,0
release_00128790->release_00128791,lnbits/lnbits,0.10.5,0.10.6,0,0
release_00128791->release_00128792,lnbits/lnbits,0.10.6,0.10.7,0,0
release_00128792->release_00128793,lnbits/lnbits,0.10.7,0.10.8,0,0
release_00128793->release_00128794,lnbits/lnbits,0.10.8,0.10.9,0,0
release_00128794->release_00128795,lnbits/lnbits,0.10.9,0.10.10,0,0
release_00128795->release_00128797,lnbits/lnbits,0.10.10,0.11.1,0,0
release_00128797->release_00128798,lnbits/lnbits,0.11.1,0.11.2,0,0
release_00128798->release_00128799,lnbits/lnbits,0.11.2,0.11.3,1,0
release_00128799->release_00128801,lnbits/lnbits,0.11.3,0.12.1,0,0
release_00128801->release_00128802,lnbits/lnbits,0.12.1,0.12.2,0,0
release_00128802->release_00128804,lnbits/lnbits,0.12.2,0.12.4,0,0
release_00128804->release_00128805,lnbits/lnbits,0.12.4,0.12.5,0,0
release_00128805->release_00128806,lnbits/lnbits,0.12.5,0.12.6,0,0
release_00128806->release_00128807,lnbits/lnbits,0.12.6,0.12.7,0,0
release_00128807->release_00128808,lnbits/lnbits,0.12.7,0.12.8,1,0
release_00128808->release_00128810,lnbits/lnbits,0.12.8,0.12.9,0,0
release_00128810->release_00128811,lnbits/lnbits,0.12.9,0.12.10,0,0
release_00128811->release_00128816,lnbits/lnbits,0.12.10,v1.0.0,0,0
release_00128816->release_00128817,lnbits/lnbits,v1.0.0,v1.1.0,0,0
release_00128817->release_00128818,lnbits/lnbits,v1.1.0,v1.2.0,0,0
release_00128818->release_00128819,lnbits/lnbits,v1.2.0,v1.2.1,0,0
release_00128819->release_00128820,lnbits/lnbits,v1.2.1,v1.3.0,0,0
release_00128820->release_00128821,lnbits/lnbits,v1.3.0,v1.3.1,0,0
release_00128821->release_00128822,lnbits/lnbits,v1.3.1,v1.4.0,0,0
release_00128822->release_00128823,lnbits/lnbits,v1.4.0,v1.4.1,0,0
release_00128823->release_00128824,lnbits/lnbits,v1.4.1,v1.4.2,0,0
release_00128824->release_00128825,lnbits/lnbits,v1.4.2,v1.5.0,0,0
release_00128825->release_00128826,lnbits/lnbits,v1.5.0,v1.5.1,0,0
release_00128826->release_00128829,lnbits/lnbits,v1.5.1,v1.5.4,0,0
release_00128827->release_00128828,lnbits/lnbits,v1.5.2,v1.5.3,0,0
release_00129313->release_00129314,ludwig-ai/ludwig,v0.1.0,v0.1.1,0,0
release_00129314->release_00129315,ludwig-ai/ludwig,v0.1.1,v0.1.2,0,0
release_00129315->release_00129316,ludwig-ai/ludwig,v0.1.2,v0.2,0,0
release_00129316->release_00129317,ludwig-ai/ludwig,v0.2,v0.2.1,0,0
release_00129317->release_00129319,ludwig-ai/ludwig,v0.2.1,v0.3,0,0
release_00129319->release_00129320,ludwig-ai/ludwig,v0.3,v0.3.1,0,0
release_00129320->release_00129321,ludwig-ai/ludwig,v0.3.1,v0.3.2,0,0
release_00129321->release_00129322,ludwig-ai/ludwig,v0.3.2,v0.3.3,0,0
release_00129322->release_00129323,ludwig-ai/ludwig,v0.3.3,v0.4,0,0
release_00129323->release_00129327,ludwig-ai/ludwig,v0.4,v0.5,0,0
release_00129327->release_00129328,ludwig-ai/ludwig,v0.5,v0.5.1,0,0
release_00129328->release_00129329,ludwig-ai/ludwig,v0.5.1,v0.5.2,0,0
release_00129329->release_00129330,ludwig-ai/ludwig,v0.5.2,v0.5.3,0,0
release_00129330->release_00129341,ludwig-ai/ludwig,v0.5.3,v0.7,0,0
release_00129341->release_00129347,ludwig-ai/ludwig,v0.7,v0.8,0,0
release_00129347->release_00129359,ludwig-ai/ludwig,v0.8,v0.10.0,0,0
release_00129359->release_00129364,ludwig-ai/ludwig,v0.10.0,v0.11.0,0,0
release_00129364->release_00129365,ludwig-ai/ludwig,v0.11.0,v0.11.1,0,0
release_00129365->release_00129366,ludwig-ai/ludwig,v0.11.1,v0.11.2,0,0
release_00129366->release_00129367,ludwig-ai/ludwig,v0.11.2,v0.11.3,0,0
release_00129367->release_00129368,ludwig-ai/ludwig,v0.11.3,v0.11.4,0,0
release_00129368->release_00129369,ludwig-ai/ludwig,v0.11.4,v0.12.0,0,0
release_00129369->release_00129370,ludwig-ai/ludwig,v0.12.0,v0.13.0,0,0
release_00129370->release_00129371,ludwig-ai/ludwig,v0.13.0,v0.14.0,0,0
release_00129371->release_00129372,ludwig-ai/ludwig,v0.14.0,v0.14.1,0,0
release_00129372->release_00129373,ludwig-ai/ludwig,v0.14.1,v0.15.0,0,0
release_00129373->release_00129374,ludwig-ai/ludwig,v0.15.0,v0.15.1,0,0
release_00129375->release_00129376,ludwig-ai/ludwig,v0.16.0,v0.16.1,0,0
release_00129376->release_00129377,ludwig-ai/ludwig,v0.16.1,v0.16.2,0,0
release_00129377->release_00129378,ludwig-ai/ludwig,v0.16.2,v0.17.0,0,0
release_00129378->release_00129379,ludwig-ai/ludwig,v0.17.0,v0.17.1,0,0
release_00129379->release_00129380,ludwig-ai/ludwig,v0.17.1,v0.17.2,0,0
release_00129380->release_00129381,ludwig-ai/ludwig,v0.17.2,v0.17.3,0,0
release_00129883->release_00129884,machinelearningZH/hybrid-search-eval,0.1.0,0.2.0,0,0
release_00129885->release_00129886,machinelearningZH/semantic-search-eval,v1.0.0,v1.1.0,0,0
release_00129996->release_00129997,mage-ai/mage-ai,0.7.74,0.7.84,0,0
release_00129997->release_00129998,mage-ai/mage-ai,0.7.84,0.7.90,0,0
release_00129998->release_00129999,mage-ai/mage-ai,0.7.90,0.7.98,0,0
release_00129999->release_00130000,mage-ai/mage-ai,0.7.98,0.8.3,0,0
release_00130000->release_00130001,mage-ai/mage-ai,0.8.3,0.8.11,0,0
release_00130001->release_00130002,mage-ai/mage-ai,0.8.11,0.8.15,0,0
release_00130002->release_00130003,mage-ai/mage-ai,0.8.15,0.8.24,0,0
release_00130003->release_00130004,mage-ai/mage-ai,0.8.24,0.8.27,0,0
release_00130004->release_00130005,mage-ai/mage-ai,0.8.27,0.8.29,0,0
release_00130005->release_00130006,mage-ai/mage-ai,0.8.29,0.8.37,0,0
release_00130006->release_00130007,mage-ai/mage-ai,0.8.37,0.8.44,0,0
release_00130007->release_00130008,mage-ai/mage-ai,0.8.44,0.8.52,0,0
release_00130008->release_00130009,mage-ai/mage-ai,0.8.52,0.8.58,0,0
release_00130009->release_00130010,mage-ai/mage-ai,0.8.58,0.8.69,0,0
release_00130010->release_00130011,mage-ai/mage-ai,0.8.69,0.8.75,0,0
release_00130011->release_00130012,mage-ai/mage-ai,0.8.75,0.8.78,0,0
release_00130012->release_00130013,mage-ai/mage-ai,0.8.78,0.8.83,0,0
release_00130013->release_00130014,mage-ai/mage-ai,0.8.83,0.8.86,0,0
release_00130014->release_00130015,mage-ai/mage-ai,0.8.86,0.8.93,0,0
release_00130015->release_00130016,mage-ai/mage-ai,0.8.93,0.9.0,0,0
release_00130016->release_00130017,mage-ai/mage-ai,0.9.0,0.9.4,0,0
release_00130017->release_00130018,mage-ai/mage-ai,0.9.4,0.9.8,0,0
release_00130018->release_00130019,mage-ai/mage-ai,0.9.8,0.9.10,0,0
release_00130019->release_00130020,mage-ai/mage-ai,0.9.10,0.9.11,0,0
release_00130050->release_00130051,mage-ai/mage-ai,0.9.74,0.9.75,0,0
release_00130052->release_00130053,mage-ai/mage-ai,0.9.76,0.9.77,0,0
release_00130053->release_00130054,mage-ai/mage-ai,0.9.77,0.9.78,0,0
release_00130054->release_00130055,mage-ai/mage-ai,0.9.78,0.9.79,0,0
release_00132089->release_00132098,materialsproject/pymatgen,v2.9.5,v2.10.6,0,0
release_00132098->release_00132099,materialsproject/pymatgen,v2.10.6,v3.0.0,0,0
release_00132099->release_00132100,materialsproject/pymatgen,v3.0.0,v3.0.1,0,0
release_00132100->release_00132105,materialsproject/pymatgen,v3.0.1,v3.0.6,0,0
release_00132105->release_00132106,materialsproject/pymatgen,v3.0.6,v3.0.7,0,0
release_00132106->release_00132107,materialsproject/pymatgen,v3.0.7,v3.0.8,0,0
release_00132107->release_00132109,materialsproject/pymatgen,v3.0.8,v3.0.10,0,0
release_00132109->release_00132174,materialsproject/pymatgen,v3.0.10,v4.5.4,0,0
release_00132174->release_00132175,materialsproject/pymatgen,v4.5.4,v4.5.5,0,0
release_00132175->release_00132176,materialsproject/pymatgen,v4.5.5,v4.5.6,0,0
release_00132176->release_00132177,materialsproject/pymatgen,v4.5.6,v4.5.7,0,0
release_00132177->release_00132178,materialsproject/pymatgen,v4.5.7,v4.6.0,0,0
release_00132178->release_00132179,materialsproject/pymatgen,v4.6.0,v4.6.1,0,0
release_00132179->release_00132180,materialsproject/pymatgen,v4.6.1,v4.6.2,0,0
release_00132180->release_00132181,materialsproject/pymatgen,v4.6.2,v4.7.0,0,0
release_00132181->release_00132182,materialsproject/pymatgen,v4.7.0,v4.7.1,0,0
release_00132182->release_00132183,materialsproject/pymatgen,v4.7.1,v4.7.2,0,0
release_00132183->release_00132184,materialsproject/pymatgen,v4.7.2,v4.7.3,0,0
release_00132184->release_00132185,materialsproject/pymatgen,v4.7.3,v4.7.4,0,0
release_00132185->release_00132187,materialsproject/pymatgen,v4.7.4,v4.7.6,0,0
release_00132187->release_00132188,materialsproject/pymatgen,v4.7.6,v4.7.7,0,0
release_00132188->release_00132190,materialsproject/pymatgen,v4.7.7,v2017.6.22,0,0
release_00132190->release_00132191,materialsproject/pymatgen,v2017.6.22,v2017.6.24,0,0
release_00132191->release_00132192,materialsproject/pymatgen,v2017.6.24,v2017.7.4,0,0
release_00132192->release_00132193,materialsproject/pymatgen,v2017.7.4,v2017.8.4,0,0
release_00132193->release_00132194,materialsproject/pymatgen,v2017.8.4,v2017.8.14,0,0
release_00132194->release_00132195,materialsproject/pymatgen,v2017.8.14,v2017.8.16,0,0
release_00132195->release_00132196,materialsproject/pymatgen,v2017.8.16,v2017.8.20,0,0
release_00132196->release_00132197,materialsproject/pymatgen,v2017.8.20,v2017.8.21,0,0
release_00132197->release_00132198,materialsproject/pymatgen,v2017.8.21,v2017.9.1,0,0
release_00132198->release_00132199,materialsproject/pymatgen,v2017.9.1,v2017.9.3,0,0
release_00132199->release_00132202,materialsproject/pymatgen,v2017.9.3,v2017.11.6,0,0
release_00132202->release_00132203,materialsproject/pymatgen,v2017.11.6,v2017.11.9,0,0
release_00132203->release_00132204,materialsproject/pymatgen,v2017.11.9,v2017.11.27,0,0
release_00132204->release_00132205,materialsproject/pymatgen,v2017.11.27,v2017.11.30,0,0
release_00132205->release_00132206,materialsproject/pymatgen,v2017.11.30,v2017.12.6,0,0
release_00132206->release_00132207,materialsproject/pymatgen,v2017.12.6,v2017.12.8,0,0
release_00132207->release_00132208,materialsproject/pymatgen,v2017.12.8,v2017.12.15,0,0
release_00132208->release_00132209,materialsproject/pymatgen,v2017.12.15,v2017.12.30,0,0
release_00132209->release_00132210,materialsproject/pymatgen,v2017.12.30,v2018.1.19,0,0
release_00132210->release_00132211,materialsproject/pymatgen,v2018.1.19,v2018.1.29,0,0
release_00132211->release_00132212,materialsproject/pymatgen,v2018.1.29,v2018.2.13,0,0
release_00132212->release_00132213,materialsproject/pymatgen,v2018.2.13,v2018.3.2,0,0
release_00132213->release_00132215,materialsproject/pymatgen,v2018.3.2,v2018.3.14,0,0
release_00132215->release_00132217,materialsproject/pymatgen,v2018.3.14,v2018.4.6,0,0
release_00132217->release_00132218,materialsproject/pymatgen,v2018.4.6,v2018.4.20,0,0
release_00132218->release_00132219,materialsproject/pymatgen,v2018.4.20,v2018.5.3,0,0
release_00132219->release_00132220,materialsproject/pymatgen,v2018.5.3,v2018.5.14,0,0
release_00132220->release_00132221,materialsproject/pymatgen,v2018.5.14,v2018.5.21,0,0
release_00132221->release_00132222,materialsproject/pymatgen,v2018.5.21,v2018.5.22,0,0
release_00132222->release_00132223,materialsproject/pymatgen,v2018.5.22,v2018.6.11,0,0
release_00132223->release_00132224,materialsproject/pymatgen,v2018.6.11,v2018.6.27,0,0
release_00132224->release_00132225,materialsproject/pymatgen,v2018.6.27,v2018.7.17,0,0
release_00132225->release_00132226,materialsproject/pymatgen,v2018.7.17,v2018.8.7,0,0
release_00132226->release_00132227,materialsproject/pymatgen,v2018.8.7,v2018.8.10,0,0
release_00132227->release_00132228,materialsproject/pymatgen,v2018.8.10,v2018.9.1,0,0
release_00132228->release_00132229,materialsproject/pymatgen,v2018.9.1,v2018.9.19,0,0
release_00132229->release_00132230,materialsproject/pymatgen,v2018.9.19,v2018.9.30,0,0
release_00132230->release_00132231,materialsproject/pymatgen,v2018.9.30,v2018.10.18,0,0
release_00132231->release_00132232,materialsproject/pymatgen,v2018.10.18,v2018.11.6,0,0
release_00132232->release_00132233,materialsproject/pymatgen,v2018.11.6,v2018.11.30,0,0
release_00132233->release_00132236,materialsproject/pymatgen,v2018.11.30,v2019.2.4,0,0
release_00132236->release_00132237,materialsproject/pymatgen,v2019.2.4,v2019.2.24,0,0
release_00132237->release_00132238,materialsproject/pymatgen,v2019.2.24,v2019.2.28,0,0
release_00132238->release_00132239,materialsproject/pymatgen,v2019.2.28,v2019.3.27,0,0
release_00132239->release_00132240,materialsproject/pymatgen,v2019.3.27,v2019.4.11,0,0
release_00132240->release_00132241,materialsproject/pymatgen,v2019.4.11,v2019.5.1,0,0
release_00132241->release_00132242,materialsproject/pymatgen,v2019.5.1,v2019.5.8,0,0
release_00132242->release_00132243,materialsproject/pymatgen,v2019.5.8,v2019.5.28,0,0
release_00132243->release_00132246,materialsproject/pymatgen,v2019.5.28,v2019.7.2,0,0
release_00132246->release_00132247,materialsproject/pymatgen,v2019.7.2,v2019.7.21,0,0
release_00132247->release_00132248,materialsproject/pymatgen,v2019.7.21,v2019.7.30,0,0
release_00132248->release_00132249,materialsproject/pymatgen,v2019.7.30,v2019.8.23,0,0
release_00132249->release_00132250,materialsproject/pymatgen,v2019.8.23,v2019.9.7,0,0
release_00132250->release_00132251,materialsproject/pymatgen,v2019.9.7,v2019.9.12,0,0
release_00132251->release_00132252,materialsproject/pymatgen,v2019.9.12,v2019.10.2,0,0
release_00132252->release_00132253,materialsproject/pymatgen,v2019.10.2,v2019.12.3,0,0
release_00132253->release_00132254,materialsproject/pymatgen,v2019.12.3,v2019.12.22,0,0
release_00132254->release_00132255,materialsproject/pymatgen,v2019.12.22,v2020.1.10,0,0
release_00132255->release_00132256,materialsproject/pymatgen,v2020.1.10,v2020.1.28,0,0
release_00132256->release_00132257,materialsproject/pymatgen,v2020.1.28,v2020.3.2,0,0
release_00132257->release_00132258,materialsproject/pymatgen,v2020.3.2,v2020.3.13,0,0
release_00132258->release_00132260,materialsproject/pymatgen,v2020.3.13,v2020.4.29,0,0
release_00132260->release_00132261,materialsproject/pymatgen,v2020.4.29,v2020.6.8,0,0
release_00132261->release_00132262,materialsproject/pymatgen,v2020.6.8,v2020.7.3,0,0
release_00132262->release_00132264,materialsproject/pymatgen,v2020.7.3,v2020.7.15,0,0
release_00132264->release_00132265,materialsproject/pymatgen,v2020.7.15,v2020.7.16,0,0
release_00132265->release_00132266,materialsproject/pymatgen,v2020.7.16,v2020.7.18,0,0
release_00132266->release_00132269,materialsproject/pymatgen,v2020.7.18,v2020.9.14,0,0
release_00132269->release_00132271,materialsproject/pymatgen,v2020.9.14,v2020.10.20,0,0
release_00132271->release_00132272,materialsproject/pymatgen,v2020.10.20,v2020.11.11,0,0
release_00132272->release_00132274,materialsproject/pymatgen,v2020.11.11,v2020.12.18,0,0
release_00132274->release_00132275,materialsproject/pymatgen,v2020.12.18,v2020.12.31,0,0
release_00132275->release_00132276,materialsproject/pymatgen,v2020.12.31,v2021.1.28,0,0
release_00132276->release_00132277,materialsproject/pymatgen,v2021.1.28,v2021.2.8,0,0
release_00132277->release_00132278,materialsproject/pymatgen,v2021.2.8,v2021.2.12,0,0
release_00132278->release_00132279,materialsproject/pymatgen,v2021.2.12,v2021.2.13,0,0
release_00132279->release_00132280,materialsproject/pymatgen,v2021.2.13,v2021.2.14,0,0
release_00132280->release_00132281,materialsproject/pymatgen,v2021.2.14,v2021.2.16,0,0
release_00132281->release_00132282,materialsproject/pymatgen,v2021.2.16,v2021.3.3,0,0
release_00132282->release_00132283,materialsproject/pymatgen,v2021.3.3,v2021.3.4,0,0
release_00132283->release_00132284,materialsproject/pymatgen,v2021.3.4,v2021.3.5,0,0
release_00132284->release_00132286,materialsproject/pymatgen,v2021.3.5,v2022.0.1,0,0
release_00132286->release_00132287,materialsproject/pymatgen,v2022.0.1,v2022.0.2,0,0
release_00132287->release_00132288,materialsproject/pymatgen,v2022.0.2,v2022.0.3,0,0
release_00132288->release_00132289,materialsproject/pymatgen,v2022.0.3,v2022.0.4,0,0
release_00132289->release_00132292,materialsproject/pymatgen,v2022.0.4,v2022.0.6,0,0
release_00132292->release_00132293,materialsproject/pymatgen,v2022.0.6,v2022.0.7,0,0
release_00132293->release_00132294,materialsproject/pymatgen,v2022.0.7,v2022.0.8,0,0
release_00132294->release_00132296,materialsproject/pymatgen,v2022.0.8,v2022.0.10,0,0
release_00132296->release_00132297,materialsproject/pymatgen,v2022.0.10,v2022.0.11,0,0
release_00132297->release_00132298,materialsproject/pymatgen,v2022.0.11,v2022.0.12,0,0
release_00132298->release_00132299,materialsproject/pymatgen,v2022.0.12,v2022.0.13,0,0
release_00132299->release_00132300,materialsproject/pymatgen,v2022.0.13,v2022.0.14,0,0
release_00132300->release_00132303,materialsproject/pymatgen,v2022.0.14,v2022.0.17,0,0
release_00132303->release_00132304,materialsproject/pymatgen,v2022.0.17,v2022.01.08,0,0
release_00132304->release_00132305,materialsproject/pymatgen,v2022.01.08,v2022.01.09,0,0
release_00132305->release_00132306,materialsproject/pymatgen,v2022.01.09,v2022.1.20,0,0
release_00132306->release_00132307,materialsproject/pymatgen,v2022.1.20,v2022.1.24,0,0
release_00132307->release_00132308,materialsproject/pymatgen,v2022.1.24,v2022.2.1,0,0
release_00132308->release_00132309,materialsproject/pymatgen,v2022.2.1,v2022.2.7,0,0
release_00132309->release_00132310,materialsproject/pymatgen,v2022.2.7,v2022.2.10,0,0
release_00132310->release_00132313,materialsproject/pymatgen,v2022.2.10,v2022.3.22,0,0
release_00132313->release_00132314,materialsproject/pymatgen,v2022.3.22,v2022.3.24,0,0
release_00132314->release_00132315,materialsproject/pymatgen,v2022.3.24,v2022.3.29,0,0
release_00132315->release_00132316,materialsproject/pymatgen,v2022.3.29,v2022.4.19,0,0
release_00132316->release_00132318,materialsproject/pymatgen,v2022.4.19,v2022.5.17,0,0
release_00132318->release_00132319,materialsproject/pymatgen,v2022.5.17,v2022.5.18,0,0
release_00132319->release_00132320,materialsproject/pymatgen,v2022.5.18,v2022.5.18.1,0,0
release_00132320->release_00132321,materialsproject/pymatgen,v2022.5.18.1,v2022.5.19,0,0
release_00132321->release_00132323,materialsproject/pymatgen,v2022.5.19,v2022.7.8,0,0
release_00132323->release_00132324,materialsproject/pymatgen,v2022.7.8,v2022.7.19,0,0
release_00132324->release_00132325,materialsproject/pymatgen,v2022.7.19,v2022.7.24,0,0
release_00132325->release_00132326,materialsproject/pymatgen,v2022.7.24,v2022.7.24.1,0,0
release_00132326->release_00132327,materialsproject/pymatgen,v2022.7.24.1,v2022.7.25,0,0
release_00132327->release_00132328,materialsproject/pymatgen,v2022.7.25,v2022.8.23,0,0
release_00132328->release_00132331,materialsproject/pymatgen,v2022.8.23,v2022.10.22,0,0
release_00132331->release_00132332,materialsproject/pymatgen,v2022.10.22,v2022.11.1,0,0
release_00132332->release_00132333,materialsproject/pymatgen,v2022.11.1,v2022.11.7,0,0
release_00132333->release_00132335,materialsproject/pymatgen,v2022.11.7,v2023.1.20,0,0
release_00132335->release_00132336,materialsproject/pymatgen,v2023.1.20,v2023.1.30,0,0
release_00132336->release_00132337,materialsproject/pymatgen,v2023.1.30,v2023.2.22,0,0
release_00132337->release_00132338,materialsproject/pymatgen,v2023.2.22,v2023.2.28,0,0
release_00132338->release_00132339,materialsproject/pymatgen,v2023.2.28,v2023.3.10,0,0
release_00132339->release_00132340,materialsproject/pymatgen,v2023.3.10,v2023.3.23,0,0
release_00132340->release_00132341,materialsproject/pymatgen,v2023.3.23,v2023.5.8,0,0
release_00132341->release_00132342,materialsproject/pymatgen,v2023.5.8,v2023.5.10,0,0
release_00132342->release_00132343,materialsproject/pymatgen,v2023.5.10,v2023.05.31,0,0
release_00132343->release_00132344,materialsproject/pymatgen,v2023.05.31,v2023.06.23,0,0
release_00132344->release_00132345,materialsproject/pymatgen,v2023.06.23,v2023.6.28,0,0
release_00132345->release_00132346,materialsproject/pymatgen,v2023.6.28,v2023.7.11,0,0
release_00132346->release_00132347,materialsproject/pymatgen,v2023.7.11,v2023.7.14,0,0
release_00132347->release_00132348,materialsproject/pymatgen,v2023.7.14,v2023.7.17,0,0
release_00132348->release_00132351,materialsproject/pymatgen,v2023.7.17,v2023.9.2,0,0
release_00132351->release_00132353,materialsproject/pymatgen,v2023.9.2,v2023.9.25,0,0
release_00132353->release_00132354,materialsproject/pymatgen,v2023.9.25,v2023.10.3,0,0
release_00132354->release_00132355,materialsproject/pymatgen,v2023.10.3,v2023.10.4,0,0
release_00132355->release_00132356,materialsproject/pymatgen,v2023.10.4,v2023.10.11,0,0
release_00132356->release_00132357,materialsproject/pymatgen,v2023.10.11,v2023.11.10,0,0
release_00132357->release_00132358,materialsproject/pymatgen,v2023.11.10,v2023.11.12,0,0
release_00132358->release_00132360,materialsproject/pymatgen,v2023.11.12,v2024.1.26,0,0
release_00132360->release_00132361,materialsproject/pymatgen,v2024.1.26,v2024.1.27,0,0
release_00132361->release_00132362,materialsproject/pymatgen,v2024.1.27,v2024.2.8,0,0
release_00132362->release_00132363,materialsproject/pymatgen,v2024.2.8,v2024.2.20,0,0
release_00132363->release_00132364,materialsproject/pymatgen,v2024.2.20,v2024.2.23,0,0
release_00132364->release_00132366,materialsproject/pymatgen,v2024.2.23,v2024.4.12,0,0
release_00132366->release_00132367,materialsproject/pymatgen,v2024.4.12,v2024.4.13,0,0
release_00132367->release_00132368,materialsproject/pymatgen,v2024.4.13,v2024.5.1,0,0
release_00132368->release_00132369,materialsproject/pymatgen,v2024.5.1,v2024.5.31,0,0
release_00132369->release_00132370,materialsproject/pymatgen,v2024.5.31,v2024.6.4,0,0
release_00132370->release_00132371,materialsproject/pymatgen,v2024.6.4,v2024.6.10,0,0
release_00132371->release_00132372,materialsproject/pymatgen,v2024.6.10,v2024.7.18,0,0
release_00132372->release_00132373,materialsproject/pymatgen,v2024.7.18,v2024.8.9,0,0
release_00132373->release_00132374,materialsproject/pymatgen,v2024.8.9,v2024.9.10,0,0
release_00132374->release_00132375,materialsproject/pymatgen,v2024.9.10,v2024.9.17,0,0
release_00132375->release_00132376,materialsproject/pymatgen,v2024.9.17,v2024.9.17.1,0,0
release_00132376->release_00132377,materialsproject/pymatgen,v2024.9.17.1,v2024.10.3,0,0
release_00132377->release_00132378,materialsproject/pymatgen,v2024.10.3,v2024.10.22,0,0
release_00132378->release_00132379,materialsproject/pymatgen,v2024.10.22,v2024.10.25,0,0
release_00132379->release_00132380,materialsproject/pymatgen,v2024.10.25,v2024.10.27,0,0
release_00132380->release_00132381,materialsproject/pymatgen,v2024.10.27,v2024.10.29,0,0
release_00132381->release_00132382,materialsproject/pymatgen,v2024.10.29,v2024.11.13,0,0
release_00132382->release_00132383,materialsproject/pymatgen,v2024.11.13,v2025.1.9,0,0
release_00132383->release_00132384,materialsproject/pymatgen,v2025.1.9,v2025.1.23,0,0
release_00132384->release_00132385,materialsproject/pymatgen,v2025.1.23,v2025.1.24,1,0
release_00132385->release_00132386,materialsproject/pymatgen,v2025.1.24,v2025.2.18,0,0
release_00132386->release_00132388,materialsproject/pymatgen,v2025.2.18,v2025.4.10,0,0
release_00132388->release_00132389,materialsproject/pymatgen,v2025.4.10,v2025.4.16,0,0
release_00132389->release_00132391,materialsproject/pymatgen,v2025.4.16,v2025.4.19,0,0
release_00132391->release_00132392,materialsproject/pymatgen,v2025.4.19,v2025.4.20,0,0
release_00132392->release_00132393,materialsproject/pymatgen,v2025.4.20,v2025.4.24,0,0
release_00132393->release_00132394,materialsproject/pymatgen,v2025.4.24,v2025.5.1,0,0
release_00132394->release_00132395,materialsproject/pymatgen,v2025.5.1,v2025.5.2,0,0
release_00132395->release_00132396,materialsproject/pymatgen,v2025.5.2,v2025.5.28,0,0
release_00132396->release_00132397,materialsproject/pymatgen,v2025.5.28,v2025.6.14,0,0
release_00132397->release_00132398,materialsproject/pymatgen,v2025.6.14,v2025.10.7,0,0
release_00132398->release_00132399,materialsproject/pymatgen,v2025.10.7,v2026.3.23,1,0
release_00132399->release_00132400,materialsproject/pymatgen,v2026.3.23,v2026.5.4,0,0
release_00132438->release_00132439,mattyopon/faultray,v8.0.0,v11.0.0,0,0
release_00133588->release_00133591,memgraph/ai-toolkit,v0.1.0,v0.1.3,0,0
release_00133591->release_00133592,memgraph/ai-toolkit,v0.1.3,v0.1.4,2,1
release_00133592->release_00133593,memgraph/ai-toolkit,v0.1.4,v0.1.5,4,0
release_00133593->release_00133594,memgraph/ai-toolkit,v0.1.5,v0.1.6,7,1
release_00133594->release_00133595,memgraph/ai-toolkit,v0.1.6,v0.1.7,0,0
release_00133595->release_00133596,memgraph/ai-toolkit,v0.1.7,v0.1.8,0,0
release_00133596->release_00133597,memgraph/ai-toolkit,v0.1.8,v0.1.9,4,0
release_00133779->release_00133780,mesa/mesa-llm,v0.2.0,v0.3.0,0,0
release_00133780->release_00133781,mesa/mesa-llm,v0.3.0,v0.3.1,0,0
release_00133781->release_00133782,mesa/mesa-llm,v0.3.1,v0.3.2,4,0
release_00133850->release_00133851,meta-pytorch/OpenEnv,v0.2.2,v0.2.3,0,0
release_00133851->release_00133852,meta-pytorch/OpenEnv,v0.2.3,v0.3.0,0,0
release_00133911->release_00133912,mia-platform/ai-rag-template,v0.2.0,v0.3.0,1,1
release_00133912->release_00133913,mia-platform/ai-rag-template,v0.3.0,v0.3.1,0,0
release_00133913->release_00133914,mia-platform/ai-rag-template,v0.3.1,v0.4.0,0,0
release_00133914->release_00133918,mia-platform/ai-rag-template,v0.4.0,v0.5.0,0,0
release_00133918->release_00133919,mia-platform/ai-rag-template,v0.5.0,v0.5.1,0,0
release_00133919->release_00133920,mia-platform/ai-rag-template,v0.5.1,v0.5.2,0,0
release_00133920->release_00133921,mia-platform/ai-rag-template,v0.5.2,v0.5.3,0,0
release_00133921->release_00133922,mia-platform/ai-rag-template,v0.5.3,v0.6.0,0,0
release_00133924->release_00133925,michelle-avery/custom-conversation,1.0.0,1.0.1,0,0
release_00133925->release_00133928,michelle-avery/custom-conversation,1.0.1,1.1.0,2,1
release_00133928->release_00133929,michelle-avery/custom-conversation,1.1.0,1.1.1,0,0
release_00133929->release_00133930,michelle-avery/custom-conversation,1.1.1,1.2.0,0,0
release_00133930->release_00133931,michelle-avery/custom-conversation,1.2.0,1.2.1,1,0
release_00133931->release_00133932,michelle-avery/custom-conversation,1.2.1,1.2.2,0,0
release_00133932->release_00133933,michelle-avery/custom-conversation,1.2.2,1.2.3,0,0
release_00133933->release_00133934,michelle-avery/custom-conversation,1.2.3,1.2.4,0,0
release_00133934->release_00133935,michelle-avery/custom-conversation,1.2.4,1.2.5,0,0
release_00133935->release_00133936,michelle-avery/custom-conversation,1.2.5,1.2.6,0,0
release_00133936->release_00133937,michelle-avery/custom-conversation,1.2.6,1.2.7,0,0
release_00133937->release_00133938,michelle-avery/custom-conversation,1.2.7,1.3.0,0,0
release_00133938->release_00133939,michelle-avery/custom-conversation,1.3.0,1.4.0,0,0
release_00133939->release_00133940,michelle-avery/custom-conversation,1.4.0,1.5.0,0,0
release_00133940->release_00133941,michelle-avery/custom-conversation,1.5.0,1.6.0,0,0
release_00133941->release_00133942,michelle-avery/custom-conversation,1.6.0,1.6.1,0,0
release_00134756->release_00134757,microsoft/customer-chatbot-solution-accelerator,v1.0.0,v1.0.1,0,0
release_00134757->release_00134758,microsoft/customer-chatbot-solution-accelerator,v1.0.1,v1.1.0,0,0
release_00134758->release_00134759,microsoft/customer-chatbot-solution-accelerator,v1.1.0,v1.2.0,0,0
release_00134759->release_00134760,microsoft/customer-chatbot-solution-accelerator,v1.2.0,v1.2.1,0,0
release_00134760->release_00134761,microsoft/customer-chatbot-solution-accelerator,v1.2.1,v1.2.2,0,0
release_00134761->release_00134762,microsoft/customer-chatbot-solution-accelerator,v1.2.2,v1.2.3,0,0
release_00134762->release_00134763,microsoft/customer-chatbot-solution-accelerator,v1.2.3,v1.2.4,0,0
release_00134763->release_00134764,microsoft/customer-chatbot-solution-accelerator,v1.2.4,v1.2.5,3,0
release_00134764->release_00134765,microsoft/customer-chatbot-solution-accelerator,v1.2.5,v1.2.6,0,0
release_00134765->release_00134766,microsoft/customer-chatbot-solution-accelerator,v1.2.6,v1.3.0,0,0
release_00134766->release_00134767,microsoft/customer-chatbot-solution-accelerator,v1.3.0,v1.3.1,0,0
release_00134851->release_00134852,microsoft/lisa,20220106.2,20220113.1,0,0
release_00134852->release_00134854,microsoft/lisa,20220113.1,20220124.2,0,0
release_00134854->release_00134855,microsoft/lisa,20220124.2,20220131.1,0,0
release_00134855->release_00134856,microsoft/lisa,20220131.1,20220207.1,0,0
release_00134856->release_00134857,microsoft/lisa,20220207.1,20220214.1,0,0
release_00134857->release_00134858,microsoft/lisa,20220214.1,20220222.1,0,0
release_00134858->release_00134859,microsoft/lisa,20220222.1,20220228.1,0,0
release_00134859->release_00134860,microsoft/lisa,20220228.1,20220307.1,0,0
release_00134860->release_00134861,microsoft/lisa,20220307.1,20220314.1,0,0
release_00134861->release_00134862,microsoft/lisa,20220314.1,20220321.1,0,0
release_00134862->release_00134863,microsoft/lisa,20220321.1,20220325.1,0,0
release_00134863->release_00134864,microsoft/lisa,20220325.1,20220328.1,0,0
release_00134864->release_00134865,microsoft/lisa,20220328.1,20220404.1,0,0
release_00134865->release_00134866,microsoft/lisa,20220404.1,20220411.1,0,0
release_00134866->release_00134867,microsoft/lisa,20220411.1,20220418.1,0,0
release_00134867->release_00134868,microsoft/lisa,20220418.1,20220425.1,0,0
release_00134868->release_00134869,microsoft/lisa,20220425.1,20220502.1,0,0
release_00134869->release_00134870,microsoft/lisa,20220502.1,20220509.1,0,0
release_00134870->release_00134871,microsoft/lisa,20220509.1,20220523.1,0,0
release_00134871->release_00134872,microsoft/lisa,20220523.1,20220531.1,0,0
release_00134872->release_00134873,microsoft/lisa,20220531.1,20220606.1,0,0
release_00134873->release_00134874,microsoft/lisa,20220606.1,20220613.1,0,0
release_00134874->release_00134875,microsoft/lisa,20220613.1,20220620.1,0,0
release_00134875->release_00134876,microsoft/lisa,20220620.1,20220627.1,0,0
release_00134876->release_00134877,microsoft/lisa,20220627.1,20220704.1,0,0
release_00134877->release_00134878,microsoft/lisa,20220704.1,20220711.1,0,0
release_00134878->release_00134879,microsoft/lisa,20220711.1,20220718.1,0,0
release_00134879->release_00134880,microsoft/lisa,20220718.1,20220725.1,0,0
release_00134880->release_00134881,microsoft/lisa,20220725.1,20220801.1,0,0
release_00134881->release_00134882,microsoft/lisa,20220801.1,20220808.1,0,0
release_00134882->release_00134883,microsoft/lisa,20220808.1,20220815.1,0,0
release_00134883->release_00134884,microsoft/lisa,20220815.1,20220822.1,0,0
release_00134884->release_00134885,microsoft/lisa,20220822.1,20220829.1,0,0
release_00134885->release_00134886,microsoft/lisa,20220829.1,20220905.1,0,0
release_00134886->release_00134887,microsoft/lisa,20220905.1,20220914.1.1,0,0
release_00134887->release_00134888,microsoft/lisa,20220914.1.1,20220920.1,0,0
release_00134888->release_00134889,microsoft/lisa,20220920.1,20220926.1,0,0
release_00134889->release_00134890,microsoft/lisa,20220926.1,20221003.1,0,0
release_00134890->release_00134891,microsoft/lisa,20221003.1,20221010.1,0,0
release_00134891->release_00134892,microsoft/lisa,20221010.1,20221017.1,0,0
release_00134892->release_00134893,microsoft/lisa,20221017.1,20221024.1,0,0
release_00134893->release_00134894,microsoft/lisa,20221024.1,20221031.1,0,0
release_00134894->release_00134895,microsoft/lisa,20221031.1,20221107.1,0,0
release_00134895->release_00134896,microsoft/lisa,20221107.1,20221114.1,0,0
release_00134896->release_00134897,microsoft/lisa,20221114.1,20221115.1,0,0
release_00134897->release_00134898,microsoft/lisa,20221115.1,20221121.1,0,0
release_00134898->release_00134899,microsoft/lisa,20221121.1,20221128.1,0,0
release_00134899->release_00134900,microsoft/lisa,20221128.1,20221205.1,0,0
release_00134900->release_00134901,microsoft/lisa,20221205.1,20221212.1,0,0
release_00134901->release_00134902,microsoft/lisa,20221212.1,20221228.1,0,0
release_00134902->release_00134903,microsoft/lisa,20221228.1,20230102.1,0,0
release_00134903->release_00134904,microsoft/lisa,20230102.1,20230109.1,0,0
release_00134904->release_00134905,microsoft/lisa,20230109.1,20230116.1,0,0
release_00134905->release_00134906,microsoft/lisa,20230116.1,20230123.1,0,0
release_00134906->release_00134907,microsoft/lisa,20230123.1,20230130.1,0,0
release_00134907->release_00134908,microsoft/lisa,20230130.1,20230206.1,0,0
release_00134908->release_00134909,microsoft/lisa,20230206.1,20230213.1,0,0
release_00134909->release_00134910,microsoft/lisa,20230213.1,20230220.1,0,0
release_00134910->release_00134911,microsoft/lisa,20230220.1,20230227.1,0,0
release_00134911->release_00134912,microsoft/lisa,20230227.1,20230306.1,0,0
release_00134912->release_00134913,microsoft/lisa,20230306.1,20230313.1,0,0
release_00134913->release_00134914,microsoft/lisa,20230313.1,20230320.1,0,0
release_00134914->release_00134915,microsoft/lisa,20230320.1,20230327.1,0,0
release_00134915->release_00134916,microsoft/lisa,20230327.1,20230403.1,0,0
release_00134916->release_00134917,microsoft/lisa,20230403.1,20230410.1,0,0
release_00134917->release_00134918,microsoft/lisa,20230410.1,20230417.1,0,0
release_00134918->release_00134919,microsoft/lisa,20230417.1,20230424.1,0,0
release_00134919->release_00134920,microsoft/lisa,20230424.1,20230501.1,0,0
release_00134920->release_00134921,microsoft/lisa,20230501.1,20230508.1,0,0
release_00134921->release_00134922,microsoft/lisa,20230508.1,20230515.1,0,0
release_00134922->release_00134923,microsoft/lisa,20230515.1,20230522.1,0,0
release_00134923->release_00134924,microsoft/lisa,20230522.1,20230529.1,0,0
release_00134924->release_00134925,microsoft/lisa,20230529.1,20230605.1,0,0
release_00134925->release_00134928,microsoft/lisa,20230605.1,20230619.2,0,0
release_00134928->release_00134929,microsoft/lisa,20230619.2,20230626.1,0,0
release_00134929->release_00134930,microsoft/lisa,20230626.1,20230703.1,0,0
release_00134930->release_00134931,microsoft/lisa,20230703.1,20230710.1,0,0
release_00134931->release_00134932,microsoft/lisa,20230710.1,20230717.1,0,0
release_00134932->release_00134934,microsoft/lisa,20230717.1,20230723.1,0,0
release_00134934->release_00134935,microsoft/lisa,20230723.1,20230730.1,0,0
release_00134935->release_00134936,microsoft/lisa,20230730.1,20230807.1,0,0
release_00134936->release_00134937,microsoft/lisa,20230807.1,20230813.1,0,0
release_00134937->release_00134938,microsoft/lisa,20230813.1,20230821.1,0,0
release_00134938->release_00134939,microsoft/lisa,20230821.1,20230828.1,0,0
release_00134939->release_00134942,microsoft/lisa,20230828.1,20230904.1,0,0
release_00134942->release_00134943,microsoft/lisa,20230904.1,20230911.1,0,0
release_00134943->release_00134944,microsoft/lisa,20230911.1,20230918.1,0,0
release_00134944->release_00134945,microsoft/lisa,20230918.1,20230925.1,0,0
release_00134945->release_00134946,microsoft/lisa,20230925.1,20231008.1,0,0
release_00134946->release_00134947,microsoft/lisa,20231008.1,20231016.1,0,0
release_00134947->release_00134948,microsoft/lisa,20231016.1,20231023.1,0,0
release_00134948->release_00134949,microsoft/lisa,20231023.1,20231030.1,0,0
release_00134949->release_00134950,microsoft/lisa,20231030.1,20231106.1,0,0
release_00134950->release_00134951,microsoft/lisa,20231106.1,20231113.1,0,0
release_00134951->release_00134952,microsoft/lisa,20231113.1,20231120.1,0,0
release_00134952->release_00134953,microsoft/lisa,20231120.1,20231127.1,0,0
release_00134953->release_00134954,microsoft/lisa,20231127.1,20231204.1,0,0
release_00134954->release_00134955,microsoft/lisa,20231204.1,20231211.1,0,0
release_00134955->release_00134956,microsoft/lisa,20231211.1,20231218.1,0,0
release_00134956->release_00134957,microsoft/lisa,20231218.1,20240101.1,0,0
release_00134957->release_00134958,microsoft/lisa,20240101.1,20240108.1,0,0
release_00134958->release_00134959,microsoft/lisa,20240108.1,20240115.1,0,0
release_00134959->release_00134960,microsoft/lisa,20240115.1,20240122.1,0,0
release_00134960->release_00134961,microsoft/lisa,20240122.1,20240129.1,0,0
release_00134961->release_00134962,microsoft/lisa,20240129.1,20240205.1,0,0
release_00134962->release_00134963,microsoft/lisa,20240205.1,20240219.1,0,0
release_00134963->release_00134965,microsoft/lisa,20240219.1,20240304.1,0,0
release_00134965->release_00134966,microsoft/lisa,20240304.1,20240319.1,0,0
release_00134966->release_00134967,microsoft/lisa,20240319.1,20240320.1,0,0
release_00134967->release_00134968,microsoft/lisa,20240320.1,20240327.1,0,0
release_00134968->release_00134969,microsoft/lisa,20240327.1,20240329.1,0,0
release_00134969->release_00134970,microsoft/lisa,20240329.1,20240401.1,0,0
release_00134970->release_00134972,microsoft/lisa,20240401.1,20240415.1,0,0
release_00134972->release_00134974,microsoft/lisa,20240415.1,20240429.1,0,0
release_00134974->release_00134975,microsoft/lisa,20240429.1,20240506.1,0,0
release_00134975->release_00134976,microsoft/lisa,20240506.1,20240513.1,0,0
release_00134976->release_00134977,microsoft/lisa,20240513.1,20240521.1,0,0
release_00134977->release_00134978,microsoft/lisa,20240521.1,20240528.1,0,0
release_00134978->release_00134979,microsoft/lisa,20240528.1,20240603.1,0,0
release_00134979->release_00134980,microsoft/lisa,20240603.1,20240617.1,0,0
release_00134980->release_00134981,microsoft/lisa,20240617.1,20240701.1,0,0
release_00134981->release_00134982,microsoft/lisa,20240701.1,20240715.1,0,0
release_00134982->release_00134983,microsoft/lisa,20240715.1,20240729.1,0,0
release_00134983->release_00134985,microsoft/lisa,20240729.1,20240902.1,0,0
release_00134985->release_00134986,microsoft/lisa,20240902.1,20240923.1,0,0
release_00134986->release_00134987,microsoft/lisa,20240923.1,20241007.1,0,0
release_00134987->release_00134988,microsoft/lisa,20241007.1,20241021.1,0,0
release_00134988->release_00134989,microsoft/lisa,20241021.1,20241104.1,0,0
release_00134989->release_00134990,microsoft/lisa,20241104.1,20241118.1,0,0
release_00134990->release_00134991,microsoft/lisa,20241118.1,20241202.1,0,0
release_00134991->release_00134992,microsoft/lisa,20241202.1,20241216.1,0,0
release_00134992->release_00134993,microsoft/lisa,20241216.1,20241230.1,0,0
release_00134993->release_00134994,microsoft/lisa,20241230.1,20240113.1,0,0
release_00134994->release_00134995,microsoft/lisa,20240113.1,20250127.1,0,0
release_00134995->release_00134996,microsoft/lisa,20250127.1,20250210.1,0,0
release_00134996->release_00134997,microsoft/lisa,20250210.1,20250224.1,0,0
release_00134997->release_00134998,microsoft/lisa,20250224.1,20250310.1,0,0
release_00134998->release_00134999,microsoft/lisa,20250310.1,20250324.1,0,0
release_00134999->release_00135000,microsoft/lisa,20250324.1,20250324.2,0,0
release_00135000->release_00135001,microsoft/lisa,20250324.2,20250407.1,0,0
release_00135001->release_00135002,microsoft/lisa,20250407.1,20250421.1,0,0
release_00135002->release_00135003,microsoft/lisa,20250421.1,20250429.1,0,0
release_00135003->release_00135004,microsoft/lisa,20250429.1,20250520.1,0,0
release_00135004->release_00135005,microsoft/lisa,20250520.1,20250603.1,0,0
release_00135005->release_00135006,microsoft/lisa,20250603.1,20250609.1,0,0
release_00135006->release_00135007,microsoft/lisa,20250609.1,20250623.1,0,0
release_00135007->release_00135008,microsoft/lisa,20250623.1,20250707.1,0,0
release_00135008->release_00135009,microsoft/lisa,20250707.1,20250721.1,0,0
release_00135009->release_00135010,microsoft/lisa,20250721.1,20250804.1,0,0
release_00135010->release_00135011,microsoft/lisa,20250804.1,20250819.1,0,0
release_00135011->release_00135013,microsoft/lisa,20250819.1,20250819.2,0,0
release_00135016->release_00135017,microsoft/lisa,20250929.1,20251013.1,0,0
release_00135017->release_00135018,microsoft/lisa,20251013.1,20251028.1,0,0
release_00135018->release_00135019,microsoft/lisa,20251028.1,20251028.2,0,0
release_00135020->release_00135021,microsoft/lisa,20251110.1,20251124.1,0,0
release_00135021->release_00135022,microsoft/lisa,20251124.1,20251208.1,1,0
release_00135022->release_00135023,microsoft/lisa,20251208.1,20251222.1,0,0
release_00135023->release_00135024,microsoft/lisa,20251222.1,20260104.1,0,0
release_00135024->release_00135025,microsoft/lisa,20260104.1,20260119.1,0,0
release_00135025->release_00135026,microsoft/lisa,20260119.1,20260126.1,0,0
release_00135026->release_00135027,microsoft/lisa,20260126.1,20260202.1,0,0
release_00135027->release_00135028,microsoft/lisa,20260202.1,20260224.1,0,0
release_00135028->release_00135029,microsoft/lisa,20260224.1,20260309.1,0,0
release_00135029->release_00135030,microsoft/lisa,20260309.1,20260330.1,0,0
release_00135030->release_00135031,microsoft/lisa,20260330.1,20260420.1,0,0
release_00135031->release_00135032,microsoft/lisa,20260420.1,20260420.2,0,0
release_00135032->release_00135033,microsoft/lisa,20260420.2,20260521.1,0,0
release_00135034->release_00135035,microsoft/magentic-ui,v0.0.3,v0.0.4,0,0
release_00135035->release_00135036,microsoft/magentic-ui,v0.0.4,v0.0.5,3,0
release_00135036->release_00135037,microsoft/magentic-ui,v0.0.5,v0.0.6,0,0
release_00135037->release_00135038,microsoft/magentic-ui,v0.0.6,v0.1.0,0,0
release_00135038->release_00135039,microsoft/magentic-ui,v0.1.0,v0.1.1,0,0
release_00135039->release_00135040,microsoft/magentic-ui,v0.1.1,v0.1.2,0,0
release_00135040->release_00135041,microsoft/magentic-ui,v0.1.2,0.1.5,0,0
release_00135041->release_00135042,microsoft/magentic-ui,0.1.5,v0.1.6,0,0
release_00135042->release_00135043,microsoft/magentic-ui,v0.1.6,v0.2.1,5,0
release_00135063->release_00135067,microsoft/microbots,v0.0.3,v0.0.7,0,0
release_00135067->release_00135068,microsoft/microbots,v0.0.7,v0.0.8,0,0
release_00135068->release_00135069,microsoft/microbots,v0.0.8,v0.0.9,0,0
release_00135069->release_00135070,microsoft/microbots,v0.0.9,v0.0.10,0,0
release_00135070->release_00135071,microsoft/microbots,v0.0.10,v0.0.11,0,0
release_00135071->release_00135072,microsoft/microbots,v0.0.11,v0.0.12,1,0
release_00135072->release_00135073,microsoft/microbots,v0.0.12,v0.0.13,0,0
release_00135073->release_00135074,microsoft/microbots,v0.0.13,v0.0.14,0,0
release_00135074->release_00135075,microsoft/microbots,v0.0.14,v0.0.15,0,0
release_00135075->release_00135076,microsoft/microbots,v0.0.15,v0.0.16,0,0
release_00135076->release_00135077,microsoft/microbots,v0.0.16,v0.0.17,0,0
release_00135077->release_00135078,microsoft/microbots,v0.0.17,v0.0.18,0,0
release_00135532->release_00135533,mikahama/uralicNLP,1.1.0,1.3.1,0,0
release_00135533->release_00135534,mikahama/uralicNLP,1.3.1,1.3.2,0,0
release_00135534->release_00135535,mikahama/uralicNLP,1.3.2,1.4.0,0,0
release_00135535->release_00135536,mikahama/uralicNLP,1.4.0,1.4.1,0,0
release_00135536->release_00135537,mikahama/uralicNLP,1.4.1,1.4.2,0,0
release_00135537->release_00135538,mikahama/uralicNLP,1.4.2,1.5.0,0,0
release_00135538->release_00135539,mikahama/uralicNLP,1.5.0,1.5.1,0,0
release_00135539->release_00135540,mikahama/uralicNLP,1.5.1,1.5.2,0,0
release_00135540->release_00135541,mikahama/uralicNLP,1.5.2,2.0.0,1,0
release_00135541->release_00135542,mikahama/uralicNLP,2.0.0,2.0.1,1,0
release_00135542->release_00135543,mikahama/uralicNLP,2.0.1,2.0.2,0,0
release_00135543->release_00135544,mikahama/uralicNLP,2.0.2,2.0.3,0,0
release_00135544->release_00135545,mikahama/uralicNLP,2.0.3,2.1.0,0,0
release_00135545->release_00135546,mikahama/uralicNLP,2.1.0,2.1.1,0,0
release_00135546->release_00135547,mikahama/uralicNLP,2.1.1,2.1.1-ChatGPT,0,0
release_00136863->release_00136864,mindsdb/aipdf,v0.0.1,v0.0.2,0,0
release_00136864->release_00136865,mindsdb/aipdf,v0.0.2,v0.0.3,0,0
release_00136865->release_00136866,mindsdb/aipdf,v0.0.3,v0.0.4,0,0
release_00136866->release_00136867,mindsdb/aipdf,v0.0.4,v0.0.5,1,0
release_00136867->release_00136868,mindsdb/aipdf,v0.0.5,v0.0.6,0,0
release_00136868->release_00136869,mindsdb/aipdf,v0.0.6,v0.0.6.2,0,0
release_00136869->release_00136870,mindsdb/aipdf,v0.0.6.2,v0.0.6.3,0,0
release_00136870->release_00136871,mindsdb/aipdf,v0.0.6.3,v0.0.7.0,0,0
release_00136871->release_00136872,mindsdb/aipdf,v0.0.7.0,v0.0.7.1,0,0
release_00136872->release_00136873,mindsdb/aipdf,v0.0.7.1,0.0.7.2,0,0
release_00138137->release_00138138,mlco2/ecologits,0.1.0,0.1.1,0,0
release_00138138->release_00138139,mlco2/ecologits,0.1.1,0.1.2,0,0
release_00138139->release_00138142,mlco2/ecologits,0.1.2,0.1.5,0,0
release_00138142->release_00138144,mlco2/ecologits,0.1.5,0.1.7,0,0
release_00138144->release_00138145,mlco2/ecologits,0.1.7,0.2.0,4,0
release_00138145->release_00138146,mlco2/ecologits,0.2.0,0.3.0,0,0
release_00138146->release_00138147,mlco2/ecologits,0.3.0,0.3.1,0,0
release_00138147->release_00138148,mlco2/ecologits,0.3.1,0.3.2,0,0
release_00138148->release_00138149,mlco2/ecologits,0.3.2,0.4.0,1,0
release_00138149->release_00138150,mlco2/ecologits,0.4.0,0.5.0,0,0
release_00138150->release_00138151,mlco2/ecologits,0.5.0,0.5.1,0,0
release_00138151->release_00138152,mlco2/ecologits,0.5.1,0.5.2,0,0
release_00138152->release_00138153,mlco2/ecologits,0.5.2,0.6.0,0,0
release_00138153->release_00138154,mlco2/ecologits,0.6.0,0.6.1,0,0
release_00138154->release_00138155,mlco2/ecologits,0.6.1,0.6.2,0,0
release_00138155->release_00138156,mlco2/ecologits,0.6.2,0.6.3,0,0
release_00138156->release_00138157,mlco2/ecologits,0.6.3,0.7.0,0,0
release_00138157->release_00138158,mlco2/ecologits,0.7.0,0.7.1,0,0
release_00138158->release_00138159,mlco2/ecologits,0.7.1,0.7.2,0,0
release_00138159->release_00138160,mlco2/ecologits,0.7.2,0.7.3,0,0
release_00138160->release_00138161,mlco2/ecologits,0.7.3,0.8.0,8,0
release_00138161->release_00138163,mlco2/ecologits,0.8.0,0.8.2,0,0
release_00138163->release_00138164,mlco2/ecologits,0.8.2,0.9.0,3,0
release_00138164->release_00138165,mlco2/ecologits,0.9.0,0.9.1,0,0
release_00138165->release_00138166,mlco2/ecologits,0.9.1,0.9.2,4,0
release_00138166->release_00138167,mlco2/ecologits,0.9.2,0.9.3,0,0
release_00138167->release_00138168,mlco2/ecologits,0.9.3,0.10.0,10,0
release_00138168->release_00138169,mlco2/ecologits,0.10.0,0.10.1,0,0
release_00138295->release_00138296,mlflow/mlflow,v0.2.0,v0.2.1,0,0
release_00138296->release_00138297,mlflow/mlflow,v0.2.1,v0.3.0,0,0
release_00138297->release_00138298,mlflow/mlflow,v0.3.0,v0.4.0,0,0
release_00138298->release_00138299,mlflow/mlflow,v0.4.0,v0.4.1,0,0
release_00138299->release_00138300,mlflow/mlflow,v0.4.1,v0.4.2,0,0
release_00138300->release_00138301,mlflow/mlflow,v0.4.2,v0.5.0,0,0
release_00138301->release_00138304,mlflow/mlflow,v0.5.0,v0.6.0,0,0
release_00138302->release_00138303,mlflow/mlflow,v0.5.1,v0.5.2,0,0
release_00138304->release_00138305,mlflow/mlflow,v0.6.0,v0.7,0,0
release_00138305->release_00138306,mlflow/mlflow,v0.7,v0.8.0,0,0
release_00138306->release_00138307,mlflow/mlflow,v0.8.0,v0.8.1,0,0
release_00138307->release_00138311,mlflow/mlflow,v0.8.1,1.0.0,0,0
release_00138311->release_00138318,mlflow/mlflow,1.0.0,v1.7.0,0,0
release_00138318->release_00138357,mlflow/mlflow,v1.7.0,v2.2.0,0,0
release_00138319->release_00138320,mlflow/mlflow,v1.7.1,v1.7.2,0,0
release_00138322->release_00138323,mlflow/mlflow,v1.9.0,v1.9.1,0,0
release_00138326->release_00138327,mlflow/mlflow,v1.12.0,v1.12.1,0,0
release_00138328->release_00138329,mlflow/mlflow,v1.13.0,v1.13.1,0,0
release_00138330->release_00138331,mlflow/mlflow,v1.14.0,v1.14.1,0,0
release_00138337->release_00138338,mlflow/mlflow,v1.20.0,v1.20.1,0,0
release_00138338->release_00138339,mlflow/mlflow,v1.20.1,v1.20.2,0,0
release_00138342->release_00138343,mlflow/mlflow,v1.23.0,v1.23.1,0,0
release_00138345->release_00138346,mlflow/mlflow,v1.25.0,v1.25.1,0,0
release_00138355->release_00138356,mlflow/mlflow,v2.1.0,v2.1.1,0,0
release_00138357->release_00138423,mlflow/mlflow,v2.2.0,v3.0.0,30,1
release_00138358->release_00138359,mlflow/mlflow,v2.2.1,v2.2.2,0,0
release_00138360->release_00138361,mlflow/mlflow,v2.3.0,v2.3.1,0,0
release_00138361->release_00138362,mlflow/mlflow,v2.3.1,v2.3.2,0,0
release_00138363->release_00138364,mlflow/mlflow,v2.4.0,v2.4.1,0,0
release_00138364->release_00138365,mlflow/mlflow,v2.4.1,v2.4.2,0,0
release_00138368->release_00138369,mlflow/mlflow,v2.7.0,v2.7.1,0,0
release_00138370->release_00138371,mlflow/mlflow,v2.8.0,v2.8.1,0,0
release_00138372->release_00138373,mlflow/mlflow,v2.9.0,v2.9.1,0,0
release_00138373->release_00138374,mlflow/mlflow,v2.9.1,v2.9.2,0,0
release_00138375->release_00138376,mlflow/mlflow,v2.10.0,v2.10.1,0,0
release_00138376->release_00138377,mlflow/mlflow,v2.10.1,v2.10.2,0,0
release_00138378->release_00138379,mlflow/mlflow,v2.11.0,v2.11.1,0,0
release_00138379->release_00138380,mlflow/mlflow,v2.11.1,v2.11.2,0,0
release_00138380->release_00138381,mlflow/mlflow,v2.11.2,v2.11.3,0,0
release_00138382->release_00138383,mlflow/mlflow,v2.12.1,v2.12.2,0,0
release_00138384->release_00138385,mlflow/mlflow,v2.13.0,v2.13.1,0,0
release_00138385->release_00138386,mlflow/mlflow,v2.13.1,v2.13.2,0,0
release_00138387->release_00138388,mlflow/mlflow,v2.14.0,v2.14.1,0,0
release_00138388->release_00138389,mlflow/mlflow,v2.14.1,v2.14.2,0,0
release_00138389->release_00138390,mlflow/mlflow,v2.14.2,v2.14.3,0,0
release_00138392->release_00138393,mlflow/mlflow,v2.15.0,v2.15.1,0,0
release_00138394->release_00138395,mlflow/mlflow,v2.16.0,v2.16.1,1,0
release_00138395->release_00138396,mlflow/mlflow,v2.16.1,v2.16.2,0,0
release_00138397->release_00138398,mlflow/mlflow,v2.17.0rc0,v2.17.0,0,0
release_00138398->release_00138399,mlflow/mlflow,v2.17.0,v2.17.1,0,0
release_00138399->release_00138400,mlflow/mlflow,v2.17.1,v2.17.2,0,0
release_00138406->release_00138407,mlflow/mlflow,v2.20.0,v2.20.1,0,0
release_00138407->release_00138408,mlflow/mlflow,v2.20.1,v2.20.2,15,0
release_00138408->release_00138409,mlflow/mlflow,v2.20.2,v2.20.3,0,0
release_00138411->release_00138412,mlflow/mlflow,v2.21.0,v2.21.1,0,0
release_00138412->release_00138413,mlflow/mlflow,v2.21.1,v2.21.2,0,0
release_00138413->release_00138414,mlflow/mlflow,v2.21.2,v2.21.3,0,0
release_00138416->release_00138421,mlflow/mlflow,v2.22.0,v2.22.1,0,0
release_00138421->release_00138436,mlflow/mlflow,v2.22.1,v2.22.2,0,0
release_00138422->release_00138425,mlflow/mlflow,v3.1.0,v3.1.1,0,0
release_00138423->release_00138462,mlflow/mlflow,v3.0.0,ts/v0.2.0,11,1
release_00138425->release_00138427,mlflow/mlflow,v3.1.1,v3.1.2,0,0
release_00138427->release_00138428,mlflow/mlflow,v3.1.2,v3.1.3,0,0
release_00138428->release_00138429,mlflow/mlflow,v3.1.3,v3.1.4,0,0
release_00138433->release_00138434,mlflow/mlflow,v3.3.0,v3.3.1,0,0
release_00138434->release_00138435,mlflow/mlflow,v3.3.1,v3.3.2,0,0
release_00138436->release_00138445,mlflow/mlflow,v2.22.2,v2.22.4,0,0
release_00138437->release_00138438,mlflow/mlflow,v3.4.0rc0,v3.4.0,0,0
release_00138440->release_00138441,mlflow/mlflow,v3.5.0,v3.5.1,0,0
release_00138448->release_00138449,mlflow/mlflow,v3.8.0,v3.8.1,0,0
release_00138453->release_00138454,mlflow/mlflow,v3.10.0,v3.10.1,0,0
release_00139471->release_00139472,mochow13/pydantic-ai-litellm,1.0.0,1.0.1,0,0
release_00139472->release_00139474,mochow13/pydantic-ai-litellm,1.0.1,1.0.3,0,0
release_00139474->release_00139475,mochow13/pydantic-ai-litellm,1.0.3,1.0.4,0,0
release_00139475->release_00139476,mochow13/pydantic-ai-litellm,1.0.4,v1.0.5,0,0
release_00139476->release_00139477,mochow13/pydantic-ai-litellm,v1.0.5,1.0.8,0,0
release_00139767->release_00139770,modelscope/evalscope,v0.2.5,v0.4.3,0,0
release_00139768->release_00139769,modelscope/evalscope,v0.2.6,v0.2.8,0,0
release_00139770->release_00139771,modelscope/evalscope,v0.4.3,v0.5.2,0,0
release_00139771->release_00139782,modelscope/evalscope,v0.5.2,v0.10.0,0,0
release_00139773->release_00139774,modelscope/evalscope,v0.6.0,v0.6.1,0,0
release_00139775->release_00139776,modelscope/evalscope,v0.7.0,v0.7.1,0,0
release_00139776->release_00139777,modelscope/evalscope,v0.7.1,v0.7.2,0,0
release_00139778->release_00139779,modelscope/evalscope,v0.8.0,v0.8.1,0,0
release_00139779->release_00139780,modelscope/evalscope,v0.8.1,v0.8.2,0,0
release_00139782->release_00139783,modelscope/evalscope,v0.10.0,v0.10.1,0,0
release_00139785->release_00139786,modelscope/evalscope,v0.12.0,v0.12.1,0,0
release_00139787->release_00139788,modelscope/evalscope,v0.13.0,v0.13.1,0,0
release_00139788->release_00139789,modelscope/evalscope,v0.13.1,v0.13.2,0,0
release_00139793->release_00139794,modelscope/evalscope,v0.16.0,v0.16.1,0,0
release_00139794->release_00139795,modelscope/evalscope,v0.16.1,v0.16.3,0,0
release_00139796->release_00139797,modelscope/evalscope,v0.17.0,v0.17.1,0,0
release_00139798->release_00139799,modelscope/evalscope,v1.0.0,v1.0.1,0,0
release_00139799->release_00139800,modelscope/evalscope,v1.0.1,v1.0.2,0,0
release_00139801->release_00139802,modelscope/evalscope,v1.1.0,v1.1.1,0,0
release_00139805->release_00139806,modelscope/evalscope,v1.4.0,v1.4.1,0,0
release_00139806->release_00139807,modelscope/evalscope,v1.4.1,v1.4.2,0,0
release_00139808->release_00139809,modelscope/evalscope,v1.5.0,v1.5.1,0,0
release_00139809->release_00139810,modelscope/evalscope,v1.5.1,v1.5.2,0,0
release_00139810->release_00139811,modelscope/evalscope,v1.5.2,v1.5.2.post1,0,0
release_00139812->release_00139813,modelscope/evalscope,v1.6.0,v1.6.1,0,0
release_00140634->release_00140635,mr-tbot/mesh-api,v0.5.1-beta,v0.6.0-beta,3,0
release_00140848->release_00140849,msu-denver/bili-core,v4.3.0,v4.4.0,0,0
release_00140849->release_00140850,msu-denver/bili-core,v4.4.0,v5.0.0,1,0
release_00140850->release_00140851,msu-denver/bili-core,v5.0.0,v5.0.1,0,0
release_00140851->release_00140852,msu-denver/bili-core,v5.0.1,v5.1.0,0,0
release_00140853->release_00140854,mta-tech/KAI,0.1.0,v0.2.0,8,0
release_00140854->release_00140855,mta-tech/KAI,v0.2.0,v1.0.0,7,1
release_00141789->release_00141790,nadeemis/contelligence,v0.1.0,v0.1.1,0,0
release_00141790->release_00141791,nadeemis/contelligence,v0.1.1,v0.1.2,0,0
release_00141791->release_00141792,nadeemis/contelligence,v0.1.2,v0.1.3,0,0
release_00141792->release_00141793,nadeemis/contelligence,v0.1.3,v0.1.4,0,0
release_00141801->release_00141802,nalamap/nalamap,v0.2.0-iucn,v0.3.0,28,0
release_00142297->release_00142298,neo4j-labs/neo4j-maf-provider,v0.5.4,dotnet-v0.1.0-preview.1,0,0
release_00142306->release_00142307,neo4j/neo4j-graphrag-python,0.3.0,0.3.1,0,0
release_00142307->release_00142308,neo4j/neo4j-graphrag-python,0.3.1,0.4.0,0,0
release_00142308->release_00142309,neo4j/neo4j-graphrag-python,0.4.0,0.5.0,0,0
release_00142309->release_00142310,neo4j/neo4j-graphrag-python,0.5.0,0.6.2,0,0
release_00142310->release_00142311,neo4j/neo4j-graphrag-python,0.6.2,0.7.0,1,0
release_00142311->release_00142312,neo4j/neo4j-graphrag-python,0.7.0,1.0.0,1,0
release_00142312->release_00142313,neo4j/neo4j-graphrag-python,1.0.0,1.1.0,0,0
release_00142313->release_00142314,neo4j/neo4j-graphrag-python,1.1.0,1.2.0,0,0
release_00142314->release_00142315,neo4j/neo4j-graphrag-python,1.2.0,1.2.1,0,0
release_00142315->release_00142316,neo4j/neo4j-graphrag-python,1.2.1,1.3.0,0,0
release_00142316->release_00142317,neo4j/neo4j-graphrag-python,1.3.0,1.4.0,0,0
release_00142317->release_00142318,neo4j/neo4j-graphrag-python,1.4.0,1.4.1,0,0
release_00142318->release_00142319,neo4j/neo4j-graphrag-python,1.4.1,1.4.2,0,0
release_00142319->release_00142320,neo4j/neo4j-graphrag-python,1.4.2,1.4.3,0,0
release_00142320->release_00142321,neo4j/neo4j-graphrag-python,1.4.3,1.5.0,0,0
release_00142321->release_00142322,neo4j/neo4j-graphrag-python,1.5.0,1.6.0,0,0
release_00142322->release_00142323,neo4j/neo4j-graphrag-python,1.6.0,1.6.1,0,0
release_00142323->release_00142324,neo4j/neo4j-graphrag-python,1.6.1,1.7.0,0,0
release_00142324->release_00142325,neo4j/neo4j-graphrag-python,1.7.0,1.8.0,0,0
release_00142325->release_00142326,neo4j/neo4j-graphrag-python,1.8.0,1.9.0,0,0
release_00142326->release_00142327,neo4j/neo4j-graphrag-python,1.9.0,1.9.1,0,0
release_00142327->release_00142328,neo4j/neo4j-graphrag-python,1.9.1,1.10.0,0,0
release_00142328->release_00142329,neo4j/neo4j-graphrag-python,1.10.0,1.10.1,0,0
release_00142329->release_00142330,neo4j/neo4j-graphrag-python,1.10.1,1.11.0,0,0
release_00142330->release_00142331,neo4j/neo4j-graphrag-python,1.11.0,1.12.0,0,0
release_00142331->release_00142332,neo4j/neo4j-graphrag-python,1.12.0,1.13.0,0,0
release_00142332->release_00142333,neo4j/neo4j-graphrag-python,1.13.0,1.13.1,0,0
release_00142333->release_00142334,neo4j/neo4j-graphrag-python,1.13.1,1.14.0,0,0
release_00142334->release_00142335,neo4j/neo4j-graphrag-python,1.14.0,1.14.1,0,0
release_00142335->release_00142336,neo4j/neo4j-graphrag-python,1.14.1,1.15.0,1,0
release_00142336->release_00142337,neo4j/neo4j-graphrag-python,1.15.0,1.16.0,0,0
release_00142337->release_00142338,neo4j/neo4j-graphrag-python,1.16.0,1.16.1,0,0
release_00143103->release_00143104,nex-agi/NexRL,v1.0.0,v1.1.0,0,0
release_00143104->release_00143105,nex-agi/NexRL,v1.1.0,v1.2.0,0,0
release_00143105->release_00143106,nex-agi/NexRL,v1.2.0,v1.3.0,0,0
release_00143106->release_00143107,nex-agi/NexRL,v1.3.0,v1.4.0,0,0
release_00143183->release_00143184,nfons/Paperless-Scanner,v0.1.0,v0.2.0,0,0
release_00143184->release_00143186,nfons/Paperless-Scanner,v0.2.0,0.2.1-rc1,0,0
release_00143186->release_00143187,nfons/Paperless-Scanner,0.2.1-rc1,0.2.2,0,0
release_00143187->release_00143188,nfons/Paperless-Scanner,0.2.2,0.2.3-rc1,0,0
release_00143188->release_00143189,nfons/Paperless-Scanner,0.2.3-rc1,0.2.3,0,0
release_00143189->release_00143190,nfons/Paperless-Scanner,0.2.3,0.2.4,0,0
release_00143190->release_00143191,nfons/Paperless-Scanner,0.2.4,0.3.0,0,0
release_00144218->release_00144219,notoriouslab/doc-cleaner,v1.0.1,v1.0.3,0,0
release_00144219->release_00144220,notoriouslab/doc-cleaner,v1.0.3,v1.1.0,0,0
release_00144220->release_00144221,notoriouslab/doc-cleaner,v1.1.0,v1.2.0,0,0
release_00144981->release_00144982,oceanbase/powermem,v0.1.0,v0.2.0,0,0
release_00144982->release_00144983,oceanbase/powermem,v0.2.0,v0.2.1,0,0
release_00144983->release_00144984,oceanbase/powermem,v0.2.1,v0.3.0,0,0
release_00144984->release_00144985,oceanbase/powermem,v0.3.0,v0.3.1,0,0
release_00144985->release_00144986,oceanbase/powermem,v0.3.1,v0.4.0,0,0
release_00144986->release_00144991,oceanbase/powermem,v0.4.0,v1.0.0,0,0
release_00144991->release_00144992,oceanbase/powermem,v1.0.0,v1.0.1,0,0
release_00144992->release_00144993,oceanbase/powermem,v1.0.1,v1.0.2,0,0
release_00144993->release_00144994,oceanbase/powermem,v1.0.2,v1.1.0,0,0
release_00144994->release_00144995,oceanbase/powermem,v1.1.0,v1.1.1,0,0
release_00145028->release_00145029,oceanbase/powerrag,v0.1.0,v0.2.0,0,0
release_00145029->release_00145030,oceanbase/powerrag,v0.2.0,v0.2.1,0,0
release_00145030->release_00145031,oceanbase/powerrag,v0.2.1,v0.3.0,6,0
release_00146247->release_00146248,oop7/OrChat,v1.0.0,v1.2.0,0,0
release_00146248->release_00146249,oop7/OrChat,v1.2.0,v1.2.1,0,0
release_00146249->release_00146250,oop7/OrChat,v1.2.1,v1.2.5,0,0
release_00146250->release_00146251,oop7/OrChat,v1.2.5,v1.2.9,0,0
release_00146251->release_00146252,oop7/OrChat,v1.2.9,v1.3.1,0,0
release_00146252->release_00146253,oop7/OrChat,v1.3.1,v1.3.2,0,0
release_00146253->release_00146254,oop7/OrChat,v1.3.2,v1.4.0,0,0
release_00146254->release_00146255,oop7/OrChat,v1.4.0,v1.4.1,0,0
release_00146255->release_00146256,oop7/OrChat,v1.4.1,v1.4.3,1,0
release_00146256->release_00146257,oop7/OrChat,v1.4.3,v1.4.5,0,0
release_00146257->release_00146258,oop7/OrChat,v1.4.5,v1.4.6,0,0
release_00146462->release_00146463,open-bias/open-bias,v0.1.0,v0.2.1,0,0
release_00146463->release_00146464,open-bias/open-bias,v0.2.1,v0.3.0,3,0
release_00146464->release_00146465,open-bias/open-bias,v0.3.0,v0.4.0,0,0
release_00146465->release_00146466,open-bias/open-bias,v0.4.0,v0.4.1,0,0
release_00146698->release_00146699,open-compass/opencompass,0.1.0,0.1.1,0,0
release_00146699->release_00146700,open-compass/opencompass,0.1.1,0.1.2,0,0
release_00146700->release_00146701,open-compass/opencompass,0.1.2,0.1.3,0,0
release_00146701->release_00146702,open-compass/opencompass,0.1.3,0.1.4,0,0
release_00146702->release_00146703,open-compass/opencompass,0.1.4,0.1.5,0,0
release_00146703->release_00146704,open-compass/opencompass,0.1.5,0.1.6,0,0
release_00146704->release_00146705,open-compass/opencompass,0.1.6,0.1.7,0,0
release_00146705->release_00146707,open-compass/opencompass,0.1.7,0.1.8,0,0
release_00146707->release_00146708,open-compass/opencompass,0.1.8,0.1.9,0,0
release_00146708->release_00146709,open-compass/opencompass,0.1.9,0.2.0,0,0
release_00146709->release_00146710,open-compass/opencompass,0.2.0,0.2.1,0,0
release_00146710->release_00146712,open-compass/opencompass,0.2.1,0.2.2,0,0
release_00146712->release_00146713,open-compass/opencompass,0.2.2,0.2.3,0,0
release_00146713->release_00146715,open-compass/opencompass,0.2.3,0.2.4,0,0
release_00146715->release_00146717,open-compass/opencompass,0.2.4,0.2.5,0,0
release_00146717->release_00146718,open-compass/opencompass,0.2.5,0.2.6,0,0
release_00146718->release_00146719,open-compass/opencompass,0.2.6,0.3.0,0,0
release_00146719->release_00146720,open-compass/opencompass,0.3.0,0.3.1,0,0
release_00146720->release_00146721,open-compass/opencompass,0.3.1,0.3.2,0,0
release_00146721->release_00146722,open-compass/opencompass,0.3.2,0.3.2.post1,0,0
release_00146722->release_00146723,open-compass/opencompass,0.3.2.post1,0.3.3,0,0
release_00146723->release_00146724,open-compass/opencompass,0.3.3,0.3.4,0,0
release_00146724->release_00146725,open-compass/opencompass,0.3.4,0.3.5,0,0
release_00146725->release_00146726,open-compass/opencompass,0.3.5,0.3.6,0,0
release_00146726->release_00146727,open-compass/opencompass,0.3.6,0.3.7,0,0
release_00146727->release_00146728,open-compass/opencompass,0.3.7,0.3.8,0,0
release_00146728->release_00146729,open-compass/opencompass,0.3.8,0.3.9,0,0
release_00146729->release_00146730,open-compass/opencompass,0.3.9,0.4.0,0,0
release_00146730->release_00146731,open-compass/opencompass,0.4.0,0.4.1,0,0
release_00146731->release_00146732,open-compass/opencompass,0.4.1,0.4.2,0,0
release_00146732->release_00146733,open-compass/opencompass,0.4.2,0.5.0,1,0
release_00146733->release_00146734,open-compass/opencompass,0.5.0,0.5.1.post1,0,0
release_00146734->release_00146735,open-compass/opencompass,0.5.1.post1,0.5.2,0,0
release_00146762->release_00146763,open-telemetry/opentelemetry-python-contrib,v0.17b0,v0.18b0,0,0
release_00146765->release_00146766,open-telemetry/opentelemetry-python-contrib,v0.19b0,v0.20b0,0,0
release_00146767->release_00146768,open-telemetry/opentelemetry-python-contrib,v0.21b0,v0.22b0,0,0
release_00146768->release_00146769,open-telemetry/opentelemetry-python-contrib,v0.22b0,v0.23b0,0,0
release_00146769->release_00146771,open-telemetry/opentelemetry-python-contrib,v0.23b0,v0.24b0,0,0
release_00146771->release_00146772,open-telemetry/opentelemetry-python-contrib,v0.24b0,v0.25b0,0,0
release_00146772->release_00146773,open-telemetry/opentelemetry-python-contrib,v0.25b0,0.25b1,0,0
release_00146773->release_00146774,open-telemetry/opentelemetry-python-contrib,0.25b1,v0.25b2,0,0
release_00146774->release_00146775,open-telemetry/opentelemetry-python-contrib,v0.25b2,v0.26b1,0,0
release_00146775->release_00146776,open-telemetry/opentelemetry-python-contrib,v0.26b1,v0.27b0,0,0
release_00146776->release_00146777,open-telemetry/opentelemetry-python-contrib,v0.27b0,v0.28b0,0,0
release_00146777->release_00146778,open-telemetry/opentelemetry-python-contrib,v0.28b0,v0.28b1,0,0
release_00146781->release_00146782,open-telemetry/opentelemetry-python-contrib,v0.30b1,v0.31b0,0,0
release_00146782->release_00146783,open-telemetry/opentelemetry-python-contrib,v0.31b0,v0.32b0,0,0
release_00146783->release_00146784,open-telemetry/opentelemetry-python-contrib,v0.32b0,v0.33b0,0,0
release_00146787->release_00146788,open-telemetry/opentelemetry-python-contrib,v0.36b0,v1.16.0,0,0
release_00146800->release_00146802,open-telemetry/opentelemetry-python-contrib,v0.49b0,v0.49b1,0,0
release_00146802->release_00146803,open-telemetry/opentelemetry-python-contrib,v0.49b1,v0.49b2,0,0
release_00146810->release_00146811,open-telemetry/opentelemetry-python-contrib,v0.52b0,v0.52b1,0,0
release_00146812->release_00146813,open-telemetry/opentelemetry-python-contrib,v0.53b0,v0.53b1,0,0
release_00146815->release_00146816,open-telemetry/opentelemetry-python-contrib,v0.54b0,v0.54b1,0,0
release_00146817->release_00146818,open-telemetry/opentelemetry-python-contrib,v0.55b0,v0.55b1,0,0
release_00146830->release_00146831,open-telemetry/opentelemetry-python-contrib,v0.60b0,v0.60b1,0,0
release_00146837->release_00146845,open-telemetry/opentelemetry-python-contrib,opentelemetry-instrumentation-google-genai==0.7b0,opentelemetry-instrumentation-google-genai==0.7b1,0,0
release_00146841->release_00146842,open-telemetry/opentelemetry-python-contrib,v0.62b0,v0.62b1,0,0
release_00146846->release_00146847,open-telemetry/opentelemetry-python-contrib,v0.63b0,v0.63b1,0,0
release_00148607->release_00148608,openwisp/openwisp-utils,0.1,0.1.1,0,0
release_00148608->release_00148609,openwisp/openwisp-utils,0.1.1,0.1.2,0,0
release_00148609->release_00148610,openwisp/openwisp-utils,0.1.2,0.2.0,0,0
release_00148610->release_00148611,openwisp/openwisp-utils,0.2.0,0.2.1,0,0
release_00148611->release_00148612,openwisp/openwisp-utils,0.2.1,0.2.2,0,0
release_00148612->release_00148613,openwisp/openwisp-utils,0.2.2,0.3.0,0,0
release_00148613->release_00148614,openwisp/openwisp-utils,0.3.0,0.3.1,0,0
release_00148614->release_00148615,openwisp/openwisp-utils,0.3.1,0.3.2,0,0
release_00148615->release_00148616,openwisp/openwisp-utils,0.3.2,0.4.0,0,0
release_00148616->release_00148617,openwisp/openwisp-utils,0.4.0,0.4.1,0,0
release_00148617->release_00148618,openwisp/openwisp-utils,0.4.1,0.4.2,0,0
release_00148618->release_00148619,openwisp/openwisp-utils,0.4.2,0.4.3,0,0
release_00148619->release_00148620,openwisp/openwisp-utils,0.4.3,0.4.4,0,0
release_00148620->release_00148621,openwisp/openwisp-utils,0.4.4,0.4.5,0,0
release_00148621->release_00148622,openwisp/openwisp-utils,0.4.5,0.5.0,0,0
release_00148622->release_00148623,openwisp/openwisp-utils,0.5.0,0.5.1,0,0
release_00148623->release_00148624,openwisp/openwisp-utils,0.5.1,0.6.0,0,0
release_00148624->release_00148625,openwisp/openwisp-utils,0.6.0,0.6.1,0,0
release_00148625->release_00148626,openwisp/openwisp-utils,0.6.1,0.6.2,0,0
release_00148626->release_00148627,openwisp/openwisp-utils,0.6.2,0.6.3,0,0
release_00148627->release_00148628,openwisp/openwisp-utils,0.6.3,0.7.0,0,0
release_00148628->release_00148629,openwisp/openwisp-utils,0.7.0,0.7.1,0,0
release_00148629->release_00148630,openwisp/openwisp-utils,0.7.1,0.7.2,0,0
release_00148630->release_00148631,openwisp/openwisp-utils,0.7.2,0.7.3,0,0
release_00148631->release_00148634,openwisp/openwisp-utils,0.7.3,1.0.0,0,0
release_00148634->release_00148635,openwisp/openwisp-utils,1.0.0,1.0.1,0,0
release_00148635->release_00148640,openwisp/openwisp-utils,1.0.1,1.1.0,0,0
release_00148636->release_00148637,openwisp/openwisp-utils,1.0.2,1.0.3,0,0
release_00148637->release_00148638,openwisp/openwisp-utils,1.0.3,1.0.4,0,0
release_00148638->release_00148639,openwisp/openwisp-utils,1.0.4,1.0.5,0,0
release_00148640->release_00148641,openwisp/openwisp-utils,1.1.0,1.1.1,0,0
release_00148641->release_00148643,openwisp/openwisp-utils,1.1.1,1.2.0,0,0
release_00148644->release_00148645,openwisp/openwisp-utils,1.2.1,1.2.2,0,0
release_00149270->release_00149271,ottogroup/pixaris,v0.1.0,v0.2.0,0,0
release_00149271->release_00149272,ottogroup/pixaris,v0.2.0,v0.3.0,1,0
release_00149272->release_00149273,ottogroup/pixaris,v0.3.0,v0.4.0,0,0
release_00149273->release_00149274,ottogroup/pixaris,v0.4.0,v0.5.0,1,0
release_00149274->release_00149275,ottogroup/pixaris,v0.5.0,v0.6.0,0,0
release_00149275->release_00149276,ottogroup/pixaris,v0.6.0,v0.7.0,0,0
release_00149276->release_00149277,ottogroup/pixaris,v0.7.0,v0.8.0,0,0
release_00149277->release_00149278,ottogroup/pixaris,v0.8.0,v0.9.0,0,0
release_00149278->release_00149279,ottogroup/pixaris,v0.9.0,v0.10.0,0,0
release_00149279->release_00149280,ottogroup/pixaris,v0.10.0,v0.11.1,0,0
release_00149280->release_00149281,ottogroup/pixaris,v0.11.1,v0.11.2,0,0
release_00149326->release_00149327,outhsics/openfang-auto-clip,v0.2.0,v0.3.0,2,0
release_00149327->release_00149328,outhsics/openfang-auto-clip,v0.3.0,v0.4.0,0,0
release_00149363->release_00149364,pachterlab/gget,v0.0.22,v0.0.24,0,0
release_00149364->release_00149365,pachterlab/gget,v0.0.24,v0.1.0,0,0
release_00149365->release_00149366,pachterlab/gget,v0.1.0,v0.1.1,0,0
release_00149366->release_00149367,pachterlab/gget,v0.1.1,v0.1.2,0,0
release_00149367->release_00149368,pachterlab/gget,v0.1.2,v0.2.0,0,0
release_00149368->release_00149369,pachterlab/gget,v0.2.0,v0.2.1,0,0
release_00149369->release_00149370,pachterlab/gget,v0.2.1,v0.2.2,0,0
release_00149370->release_00149371,pachterlab/gget,v0.2.2,v0.2.3,0,0
release_00149371->release_00149372,pachterlab/gget,v0.2.3,v0.2.5,0,0
release_00149372->release_00149373,pachterlab/gget,v0.2.5,v0.2.6,0,0
release_00149373->release_00149374,pachterlab/gget,v0.2.6,v0.2.7,0,0
release_00149374->release_00149375,pachterlab/gget,v0.2.7,v0.3.5,0,0
release_00149375->release_00149376,pachterlab/gget,v0.3.5,v0.3.7,0,0
release_00149376->release_00149377,pachterlab/gget,v0.3.7,v0.3.8,0,0
release_00149377->release_00149378,pachterlab/gget,v0.3.8,v0.3.9,0,0
release_00149378->release_00149379,pachterlab/gget,v0.3.9,v0.3.10,0,0
release_00149379->release_00149380,pachterlab/gget,v0.3.10,v0.3.11,0,0
release_00149380->release_00149381,pachterlab/gget,v0.3.11,v0.3.12,0,0
release_00149381->release_00149382,pachterlab/gget,v0.3.12,v0.3.13,0,0
release_00149382->release_00149383,pachterlab/gget,v0.3.13,v0.27.0,0,0
release_00149383->release_00149384,pachterlab/gget,v0.27.0,v0.27.2,0,0
release_00149384->release_00149385,pachterlab/gget,v0.27.2,v0.27.3,0,0
release_00149385->release_00149386,pachterlab/gget,v0.27.3,v0.27.4,0,0
release_00149386->release_00149387,pachterlab/gget,v0.27.4,v0.27.5,0,0
release_00149387->release_00149388,pachterlab/gget,v0.27.5,v0.27.7,0,0
release_00149388->release_00149389,pachterlab/gget,v0.27.7,v0.27.8,0,0
release_00149389->release_00149391,pachterlab/gget,v0.27.8,v0.28.0,0,0
release_00149391->release_00149392,pachterlab/gget,v0.28.0,v0.28.2,0,0
release_00149392->release_00149393,pachterlab/gget,v0.28.2,v0.28.3,0,0
release_00149393->release_00149394,pachterlab/gget,v0.28.3,v0.28.4,0,0
release_00149394->release_00149395,pachterlab/gget,v0.28.4,v0.28.6,0,0
release_00149395->release_00149396,pachterlab/gget,v0.28.6,v0.29.0,0,0
release_00149396->release_00149397,pachterlab/gget,v0.29.0,v0.29.1,0,0
release_00149397->release_00149398,pachterlab/gget,v0.29.1,v0.29.2,0,0
release_00149398->release_00149399,pachterlab/gget,v0.29.2,v0.29.3,0,0
release_00149399->release_00149400,pachterlab/gget,v0.29.3,v0.30.0,0,0
release_00149400->release_00149401,pachterlab/gget,v0.30.0,v0.30.2,0,0
release_00149401->release_00149402,pachterlab/gget,v0.30.2,v0.30.3,0,0
release_00149402->release_00149403,pachterlab/gget,v0.30.3,v0.30.5,2,0
release_00149995->release_00149996,parameterlab/MASEval,v0.1.0,v0.1.1,6,0
release_00149996->release_00149997,parameterlab/MASEval,v0.1.1,v0.1.2,0,0
release_00149997->release_00149998,parameterlab/MASEval,v0.1.2,v0.2.0,0,0
release_00149998->release_00149999,parameterlab/MASEval,v0.2.0,v0.3.0,0,0
release_00149999->release_00150000,parameterlab/MASEval,v0.3.0,v0.4.0,3,0
release_00150134->release_00150135,pathwaycom/pathway,v0.2.0,v0.2.1,0,0
release_00150135->release_00150136,pathwaycom/pathway,v0.2.1,v0.3.0,0,0
release_00150136->release_00150137,pathwaycom/pathway,v0.3.0,v0.3.1,0,0
release_00150137->release_00150138,pathwaycom/pathway,v0.3.1,v0.3.2,0,0
release_00150138->release_00150139,pathwaycom/pathway,v0.3.2,v0.3.3,0,0
release_00150139->release_00150140,pathwaycom/pathway,v0.3.3,v0.3.4,0,0
release_00150140->release_00150141,pathwaycom/pathway,v0.3.4,v0.4.0,0,0
release_00150141->release_00150142,pathwaycom/pathway,v0.4.0,v0.4.1,0,0
release_00150142->release_00150143,pathwaycom/pathway,v0.4.1,v0.5.0,0,0
release_00150143->release_00150144,pathwaycom/pathway,v0.5.0,v0.5.1,0,0
release_00150144->release_00150145,pathwaycom/pathway,v0.5.1,v0.5.2,0,0
release_00150145->release_00150146,pathwaycom/pathway,v0.5.2,v0.5.3,0,0
release_00150146->release_00150147,pathwaycom/pathway,v0.5.3,v0.6.0,0,0
release_00150147->release_00150148,pathwaycom/pathway,v0.6.0,v0.7.0,0,0
release_00150148->release_00150149,pathwaycom/pathway,v0.7.0,v0.7.1,0,0
release_00150149->release_00150150,pathwaycom/pathway,v0.7.1,v0.7.2,0,0
release_00150150->release_00150151,pathwaycom/pathway,v0.7.2,v0.7.3,0,0
release_00150151->release_00150152,pathwaycom/pathway,v0.7.3,v0.7.4,0,0
release_00150152->release_00150153,pathwaycom/pathway,v0.7.4,v0.7.5,0,0
release_00150153->release_00150154,pathwaycom/pathway,v0.7.5,v0.7.6,0,0
release_00150154->release_00150155,pathwaycom/pathway,v0.7.6,v0.7.7,0,0
release_00150155->release_00150156,pathwaycom/pathway,v0.7.7,v0.7.8,0,0
release_00150156->release_00150157,pathwaycom/pathway,v0.7.8,v0.7.9,0,0
release_00150157->release_00150158,pathwaycom/pathway,v0.7.9,v0.7.10,2,0
release_00150158->release_00150159,pathwaycom/pathway,v0.7.10,v0.8.0,0,0
release_00150159->release_00150160,pathwaycom/pathway,v0.8.0,v0.8.1,0,0
release_00150160->release_00150161,pathwaycom/pathway,v0.8.1,v0.8.2,0,0
release_00150161->release_00150162,pathwaycom/pathway,v0.8.2,v0.8.3,0,0
release_00150162->release_00150163,pathwaycom/pathway,v0.8.3,v0.8.4,0,0
release_00150163->release_00150164,pathwaycom/pathway,v0.8.4,v0.8.5,0,0
release_00150164->release_00150165,pathwaycom/pathway,v0.8.5,v0.8.6,0,0
release_00150165->release_00150166,pathwaycom/pathway,v0.8.6,v0.9.0,2,0
release_00150166->release_00150167,pathwaycom/pathway,v0.9.0,v0.10.0,0,0
release_00150167->release_00150168,pathwaycom/pathway,v0.10.0,v0.10.1,0,0
release_00150168->release_00150169,pathwaycom/pathway,v0.10.1,v0.11.0,0,0
release_00150169->release_00150170,pathwaycom/pathway,v0.11.0,v0.11.1,0,0
release_00150170->release_00150171,pathwaycom/pathway,v0.11.1,v0.11.2,0,0
release_00150171->release_00150172,pathwaycom/pathway,v0.11.2,v0.12.0,0,0
release_00150172->release_00150173,pathwaycom/pathway,v0.12.0,v0.13.0,0,0
release_00150173->release_00150174,pathwaycom/pathway,v0.13.0,v0.13.1,1,0
release_00150174->release_00150175,pathwaycom/pathway,v0.13.1,v0.13.2,1,0
release_00150175->release_00150176,pathwaycom/pathway,v0.13.2,v0.14.0,0,0
release_00150176->release_00150177,pathwaycom/pathway,v0.14.0,v0.14.1,0,0
release_00150177->release_00150178,pathwaycom/pathway,v0.14.1,v0.14.2,0,0
release_00150178->release_00150179,pathwaycom/pathway,v0.14.2,v0.14.3,0,0
release_00150179->release_00150180,pathwaycom/pathway,v0.14.3,v0.15.0,0,0
release_00150180->release_00150181,pathwaycom/pathway,v0.15.0,v0.15.1,0,0
release_00150181->release_00150182,pathwaycom/pathway,v0.15.1,v0.15.2,0,0
release_00150182->release_00150183,pathwaycom/pathway,v0.15.2,v0.15.3,0,0
release_00150183->release_00150184,pathwaycom/pathway,v0.15.3,v0.15.4,0,0
release_00150184->release_00150185,pathwaycom/pathway,v0.15.4,v0.16.0,0,0
release_00150185->release_00150186,pathwaycom/pathway,v0.16.0,v0.16.1,0,0
release_00150186->release_00150187,pathwaycom/pathway,v0.16.1,v0.16.2,0,0
release_00150187->release_00150188,pathwaycom/pathway,v0.16.2,v0.16.3,1,1
release_00150188->release_00150189,pathwaycom/pathway,v0.16.3,v0.16.4,0,0
release_00150189->release_00150190,pathwaycom/pathway,v0.16.4,v0.17.0,0,0
release_00150190->release_00150191,pathwaycom/pathway,v0.17.0,v0.18.0,1,0
release_00150191->release_00150192,pathwaycom/pathway,v0.18.0,v0.19.0,1,0
release_00150192->release_00150193,pathwaycom/pathway,v0.19.0,v0.20.0,0,0
release_00150193->release_00150194,pathwaycom/pathway,v0.20.0,v0.20.1,0,0
release_00150194->release_00150195,pathwaycom/pathway,v0.20.1,v0.21.0,0,0
release_00150195->release_00150196,pathwaycom/pathway,v0.21.0,v0.21.1,0,0
release_00150196->release_00150197,pathwaycom/pathway,v0.21.1,v0.21.2,0,0
release_00150197->release_00150198,pathwaycom/pathway,v0.21.2,v0.21.3,0,0
release_00150198->release_00150199,pathwaycom/pathway,v0.21.3,v0.21.4,0,0
release_00150199->release_00150200,pathwaycom/pathway,v0.21.4,v0.21.5,0,0
release_00150200->release_00150201,pathwaycom/pathway,v0.21.5,v0.21.6,5,0
release_00150201->release_00150202,pathwaycom/pathway,v0.21.6,v0.22.0,0,0
release_00150202->release_00150203,pathwaycom/pathway,v0.22.0,v0.23.0,0,0
release_00150203->release_00150206,pathwaycom/pathway,v0.23.0,v0.24.0,0,0
release_00150204->release_00150207,pathwaycom/pathway,v0.25.0,v0.25.1,0,0
release_00150205->release_00150204,pathwaycom/pathway,v0.24.1,v0.25.0,0,0
release_00150206->release_00150205,pathwaycom/pathway,v0.24.0,v0.24.1,0,0
release_00150207->release_00150208,pathwaycom/pathway,v0.25.1,v0.26.0,0,0
release_00150208->release_00150209,pathwaycom/pathway,v0.26.0,v0.26.1,0,0
release_00150209->release_00150210,pathwaycom/pathway,v0.26.1,v0.26.2,2,0
release_00150210->release_00150211,pathwaycom/pathway,v0.26.2,v0.26.3,2,0
release_00150211->release_00150212,pathwaycom/pathway,v0.26.3,v0.26.4,0,0
release_00150212->release_00150213,pathwaycom/pathway,v0.26.4,v0.27.0,2,0
release_00150213->release_00150214,pathwaycom/pathway,v0.27.0,v0.27.1,0,0
release_00150214->release_00150215,pathwaycom/pathway,v0.27.1,v0.28.0,0,0
release_00150215->release_00150216,pathwaycom/pathway,v0.28.0,v0.29.0,0,0
release_00150216->release_00150217,pathwaycom/pathway,v0.29.0,v0.29.1,0,0
release_00150217->release_00150218,pathwaycom/pathway,v0.29.1,v0.30.0,0,0
release_00150218->release_00150219,pathwaycom/pathway,v0.30.0,v0.30.1,1,0
release_00150219->release_00150220,pathwaycom/pathway,v0.30.1,v0.31.0,0,0
release_00150618->release_00150619,petrobras/GeoSlicer,2.4.0,v2.4.10,0,0
release_00150619->release_00150620,petrobras/GeoSlicer,v2.4.10,v2.5.0,0,0
release_00150620->release_00150621,petrobras/GeoSlicer,v2.5.0,v2.5.4,0,0
release_00150621->release_00150622,petrobras/GeoSlicer,v2.5.4,v2.5.5,0,0
release_00150622->release_00150623,petrobras/GeoSlicer,v2.5.5,v2.5.8,0,0
release_00150623->release_00150624,petrobras/GeoSlicer,v2.5.8,v2.5.9,0,0
release_00150624->release_00150625,petrobras/GeoSlicer,v2.5.9,v2.6.0,0,0
release_00150625->release_00150626,petrobras/GeoSlicer,v2.6.0,v2.6.6,0,0
release_00150626->release_00150627,petrobras/GeoSlicer,v2.6.6,v2.7.0,0,0
release_00150627->release_00150628,petrobras/GeoSlicer,v2.7.0,v2.7.1,0,0
release_00150628->release_00150629,petrobras/GeoSlicer,v2.7.1,v2.7.2,0,0
release_00150629->release_00150630,petrobras/GeoSlicer,v2.7.2,v2.7.3,0,0
release_00150630->release_00150631,petrobras/GeoSlicer,v2.7.3,v2.8.0,0,0
release_00150631->release_00150632,petrobras/GeoSlicer,v2.8.0,v2.8.1,1,0
release_00150632->release_00150633,petrobras/GeoSlicer,v2.8.1,v2.8.2,0,0
release_00150633->release_00150634,petrobras/GeoSlicer,v2.8.2,v2.8.4,0,0
release_00150634->release_00150635,petrobras/GeoSlicer,v2.8.4,v2.8.5,0,0
release_00150635->release_00150636,petrobras/GeoSlicer,v2.8.5,v2.8.6,0,0
release_00150636->release_00150637,petrobras/GeoSlicer,v2.8.6,v2.8.7,0,0
release_00152189->release_00152190,piratheon/rika-agent,v1.0.0,v2.0.0+fix,0,0
release_00152190->release_00152191,piratheon/rika-agent,v2.0.0+fix,v2.1.0,0,0
release_00152191->release_00152192,piratheon/rika-agent,v2.1.0,v2.1.5,0,0
release_00152590->release_00152591,plugboard-dev/plugboard,v0.1.0,v0.1.1,0,0
release_00152591->release_00152592,plugboard-dev/plugboard,v0.1.1,v0.2.0,0,0
release_00152592->release_00152593,plugboard-dev/plugboard,v0.2.0,v0.3.0,0,0
release_00152593->release_00152594,plugboard-dev/plugboard,v0.3.0,v0.4.0,0,0
release_00152594->release_00152595,plugboard-dev/plugboard,v0.4.0,v0.5.0,1,0
release_00152595->release_00152596,plugboard-dev/plugboard,v0.5.0,v0.5.1,0,0
release_00152596->release_00152597,plugboard-dev/plugboard,v0.5.1,v0.6.0,0,0
release_00152597->release_00152598,plugboard-dev/plugboard,v0.6.0,v0.7.0,0,0
release_00152911->release_00152912,polyuiislab/infiAgent,MAC_OS_V1.0.0,MAC_OS_V1.0.1,0,0
release_00152914->release_00152915,polyuiislab/infiAgent,v1.4.1,V2.0.0,0,0
release_00153244->release_00153245,posit-dev/py-shiny,v0.2.2,v0.2.3,0,0
release_00153245->release_00153246,posit-dev/py-shiny,v0.2.3,v0.2.4,0,0
release_00153246->release_00153247,posit-dev/py-shiny,v0.2.4,v0.2.5,0,0
release_00153247->release_00153248,posit-dev/py-shiny,v0.2.5,v0.2.6,0,0
release_00153248->release_00153249,posit-dev/py-shiny,v0.2.6,v0.2.7,0,0
release_00153249->release_00153250,posit-dev/py-shiny,v0.2.7,v0.2.8,0,0
release_00153250->release_00153251,posit-dev/py-shiny,v0.2.8,v0.2.9,0,0
release_00153251->release_00153252,posit-dev/py-shiny,v0.2.9,v0.2.10,0,0
release_00153252->release_00153253,posit-dev/py-shiny,v0.2.10,v0.3.0,0,0
release_00153253->release_00153254,posit-dev/py-shiny,v0.3.0,v0.3.1,0,0
release_00153254->release_00153255,posit-dev/py-shiny,v0.3.1,v0.3.2,0,0
release_00153255->release_00153256,posit-dev/py-shiny,v0.3.2,v0.3.3,0,0
release_00153256->release_00153257,posit-dev/py-shiny,v0.3.3,v0.4.0,0,0
release_00153257->release_00153258,posit-dev/py-shiny,v0.4.0,v0.5.0,0,0
release_00153258->release_00153259,posit-dev/py-shiny,v0.5.0,v0.5.1,0,0
release_00153259->release_00153260,posit-dev/py-shiny,v0.5.1,v0.6.0,0,0
release_00153260->release_00153261,posit-dev/py-shiny,v0.6.0,v0.6.1,0,0
release_00153261->release_00153263,posit-dev/py-shiny,v0.6.1,v0.7.0,0,0
release_00153263->release_00153264,posit-dev/py-shiny,v0.7.0,v0.7.1,0,0
release_00153264->release_00153265,posit-dev/py-shiny,v0.7.1,v0.8.0,0,0
release_00153265->release_00153266,posit-dev/py-shiny,v0.8.0,v0.8.1,0,0
release_00153266->release_00153277,posit-dev/py-shiny,v0.8.1,v1.5.0,1,1
release_00153277->release_00153279,posit-dev/py-shiny,v1.5.0,v1.6.0,0,0
release_00153279->release_00153280,posit-dev/py-shiny,v1.6.0,v1.6.1,0,0
release_00153280->release_00153281,posit-dev/py-shiny,v1.6.1,v1.6.2,0,0
release_00153357->release_00153362,preloop/preloop,v0.8.0,v0.9.0,1,0
release_00153362->release_00153363,preloop/preloop,v0.9.0,v0.9.1,0,0
release_00153363->release_00153364,preloop/preloop,v0.9.1,v0.9.2,0,0
release_00153364->release_00153365,preloop/preloop,v0.9.2,v0.9.3,0,0
release_00153890->release_00153891,promptise-com/Foundry,v0.3.0,v0.4.0,0,0
release_00153891->release_00153892,promptise-com/Foundry,v0.4.0,v0.4.1,0,0
release_00153892->release_00153893,promptise-com/Foundry,v0.4.1,v0.5.0,0,0
release_00153893->release_00153894,promptise-com/Foundry,v0.5.0,v1.0.0,5,1
release_00155468->release_00155469,psifx/psifx,0.0.4,0.1.0,1,0
release_00155469->release_00155470,psifx/psifx,0.1.0,0.1.1,0,0
release_00155470->release_00155471,psifx/psifx,0.1.1,0.2.0,0,0
release_00155471->release_00155472,psifx/psifx,0.2.0,0.2.1,0,0
release_00155472->release_00155473,psifx/psifx,0.2.1,0.2.2,0,0
release_00155473->release_00155474,psifx/psifx,0.2.2,0.2.3,0,0
release_00155567->release_00155568,pulinairc/kummitus,v2.0.0,v2.4.0,3,0
release_00155568->release_00155569,pulinairc/kummitus,v2.4.0,v2.5.0,0,0
release_00157420->release_00157421,queelius/ctk,v2.7.0,v2.8.0,0,0
release_00157421->release_00157422,queelius/ctk,v2.8.0,v2.14.0,2,0
release_00157422->release_00157423,queelius/ctk,v2.14.0,v2.15.0,0,0
release_00157902->release_00157903,rahulanand1103/rag-citation,v0.0.1,v0.0.4,0,0
release_00157903->release_00157904,rahulanand1103/rag-citation,v0.0.4,v0.0.5,0,0
release_00157904->release_00157905,rahulanand1103/rag-citation,v0.0.5,v0.1.0,1,0
release_00158674->release_00158675,redis-developer/langgraph-redis,0.0.1,v0.0.2,2,1
release_00158675->release_00158676,redis-developer/langgraph-redis,v0.0.2,v0.0.3,0,0
release_00158677->release_00158678,redis-developer/langgraph-redis,v0.0.4,v0.0.5,0,0
release_00158678->release_00158679,redis-developer/langgraph-redis,v0.0.5,v0.0.6,0,0
release_00158679->release_00158680,redis-developer/langgraph-redis,v0.0.6,v0.0.7,0,0
release_00158680->release_00158681,redis-developer/langgraph-redis,v0.0.7,v0.0.8,0,0
release_00158681->release_00158682,redis-developer/langgraph-redis,v0.0.8,v0.1.0,0,0
release_00158682->release_00158683,redis-developer/langgraph-redis,v0.1.0,v0.1.1,0,0
release_00158683->release_00158684,redis-developer/langgraph-redis,v0.1.1,v0.1.2,0,0
release_00158684->release_00158685,redis-developer/langgraph-redis,v0.1.2,v0.1.3,0,0
release_00158685->release_00158686,redis-developer/langgraph-redis,v0.1.3,v0.2.0,0,0
release_00158686->release_00158687,redis-developer/langgraph-redis,v0.2.0,v0.2.1,0,0
release_00158687->release_00158688,redis-developer/langgraph-redis,v0.2.1,v0.3.0,0,0
release_00158688->release_00158689,redis-developer/langgraph-redis,v0.3.0,v0.3.1,0,0
release_00158689->release_00158690,redis-developer/langgraph-redis,v0.3.1,v0.3.2,0,0
release_00158690->release_00158691,redis-developer/langgraph-redis,v0.3.2,v0.3.3,0,0
release_00158691->release_00158692,redis-developer/langgraph-redis,v0.3.3,v0.3.4,1,1
release_00158692->release_00158693,redis-developer/langgraph-redis,v0.3.4,v0.3.5,0,0
release_00158693->release_00158694,redis-developer/langgraph-redis,v0.3.5,v0.3.6,0,0
release_00158694->release_00158695,redis-developer/langgraph-redis,v0.3.6,v0.3.7,0,0
release_00158695->release_00158696,redis-developer/langgraph-redis,v0.3.7,v0.3.8,0,0
release_00158696->release_00158697,redis-developer/langgraph-redis,v0.3.8,v0.3.9,10,1
release_00158697->release_00158698,redis-developer/langgraph-redis,v0.3.9,v0.4.0,0,0
release_00158698->release_00158699,redis-developer/langgraph-redis,v0.4.0,v0.4.1,0,0
release_00158916->release_00158918,reflex-dev/templates,v0.5.7,v0.5.8,0,0
release_00158918->release_00158920,reflex-dev/templates,v0.5.8,v0.5.9,0,0
release_00158920->release_00158923,reflex-dev/templates,v0.5.9,v0.5.10,0,0
release_00158923->release_00158924,reflex-dev/templates,v0.5.10,v0.6.0,0,0
release_00158924->release_00158926,reflex-dev/templates,v0.6.0,v0.6.1,0,0
release_00158926->release_00158931,reflex-dev/templates,v0.6.1,v0.6.3,0,0
release_00158931->release_00158940,reflex-dev/templates,v0.6.3,v0.6.5,0,0
release_00158940->release_00158942,reflex-dev/templates,v0.6.5,v0.6.6a1,0,0
release_00158942->release_00158946,reflex-dev/templates,v0.6.6a1,v0.6.6,0,0
release_00158946->release_00158953,reflex-dev/templates,v0.6.6,v0.6.7,0,0
release_00158953->release_00158956,reflex-dev/templates,v0.6.7,v0.6.8,0,0
release_00158956->release_00158960,reflex-dev/templates,v0.6.8,v0.7.0,0,0
release_00158960->release_00158964,reflex-dev/templates,v0.7.0,v0.7.1,0,0
release_00158964->release_00158966,reflex-dev/templates,v0.7.1,v0.7.2,0,0
release_00158966->release_00158974,reflex-dev/templates,v0.7.2,v0.7.6,0,0
release_00158974->release_00158978,reflex-dev/templates,v0.7.6,v0.7.8_templates,0,0
release_00158978->release_00158979,reflex-dev/templates,v0.7.8_templates,v0.7.8_04_23,0,0
release_00158979->release_00158980,reflex-dev/templates,v0.7.8_04_23,v0.7.8,0,0
release_00158980->release_00158982,reflex-dev/templates,v0.7.8,v0.7.9,0,0
release_00158982->release_00158984,reflex-dev/templates,v0.7.9,v0.7.10,0,0
release_00158984->release_00158985,reflex-dev/templates,v0.7.10,v0.7.10.post1,1,0
release_00158985->release_00158986,reflex-dev/templates,v0.7.10.post1,v0.7.11,0,0
release_00158986->release_00158989,reflex-dev/templates,v0.7.11,v0.7.12,0,0
release_00158989->release_00158991,reflex-dev/templates,v0.7.12,v0.7.13,0,0
release_00158991->release_00158995,reflex-dev/templates,v0.7.13,v0.7.14,0,0
release_00158995->release_00158999,reflex-dev/templates,v0.7.14,v0.8.0a4_template,0,0
release_00158999->release_00159009,reflex-dev/templates,v0.8.0a4_template,v0.8.3,0,0
release_00159009->release_00159031,reflex-dev/templates,v0.8.3,v0.8.12,0,0
release_00159031->release_00159044,reflex-dev/templates,v0.8.12,v0.8.19,0,0
release_00159044->release_00159068,reflex-dev/templates,v0.8.19,v0.9.0,0,0
release_00159068->release_00159071,reflex-dev/templates,v0.9.0,v0.9.1,0,0
release_00159071->release_00159075,reflex-dev/templates,v0.9.1,0.9.2.post1,0,0
release_00159514->release_00159515,remete618/widemem-ai,v1.3.0,v1.4.0,0,0
release_00159515->release_00159516,remete618/widemem-ai,v1.4.0,v1.4.1,0,0
release_00159648->release_00159649,rexdivakar/HippocampAI,V0.2.5,V0.3.0,0,0
release_00159649->release_00159650,rexdivakar/HippocampAI,V0.3.0,V0.5.0,17,0
release_00160063->release_00160064,rithulkamesh/docproc,2.0.0,v2.0.2,0,0
release_00160064->release_00160065,rithulkamesh/docproc,v2.0.2,v2.0.3,0,0
release_00160065->release_00160066,rithulkamesh/docproc,v2.0.3,v2.1.0,0,0
release_00160066->release_00160067,rithulkamesh/docproc,v2.1.0,v2.1.1,0,0
release_00160069->release_00160070,rivian/ai-sast,1.0,1.1,2,0
release_00160120->release_00160121,rllm-org/rllm,v0.2.0,v0.2.1,0,0
release_00160121->release_00160122,rllm-org/rllm,v0.2.1,v0.2.1.post1,0,0
release_00160122->release_00160123,rllm-org/rllm,v0.2.1.post1,v0.3.0-pre,5,0
release_00161076->release_00161078,rootflo/wavefront,0.0.2,0.0.3,2,1
release_00161078->release_00161079,rootflo/wavefront,0.0.3,0.0.4,1,1
release_00161079->release_00161080,rootflo/wavefront,0.0.4,0.0.5,1,1
release_00161080->release_00161081,rootflo/wavefront,0.0.5,1.0.0,2,1
release_00161081->release_00161082,rootflo/wavefront,1.0.0,1.0.1,0,0
release_00161082->release_00161083,rootflo/wavefront,1.0.1,1.0.2,10,0
release_00161083->release_00161084,rootflo/wavefront,1.0.2,1.0.3,0,0
release_00161084->release_00161085,rootflo/wavefront,1.0.3,1.0.4,0,0
release_00161085->release_00161086,rootflo/wavefront,1.0.4,1.0.5,0,0
release_00161086->release_00161087,rootflo/wavefront,1.0.5,1.0.6,0,0
release_00161087->release_00161088,rootflo/wavefront,1.0.6,1.0.7,14,0
release_00161738->release_00161739,runesleo/x-reader,v0.2.1,v0.2.2,0,0
release_00163851->release_00163852,ryanhuge/voicetype,v0.1.1,v0.1.2,0,0
release_00164077->release_00164078,sachinsharma9780/memweave,v0.1.0,v0.1.1,0,0
release_00164078->release_00164079,sachinsharma9780/memweave,v0.1.1,v0.1.2,0,0
release_00164079->release_00164080,sachinsharma9780/memweave,v0.1.2,v0.2.0,0,0
release_00164080->release_00164081,sachinsharma9780/memweave,v0.2.0,v0.2.1,0,0
release_00164765->release_00164766,samuelclay/NewsBlur,Android_v13.3.0,Android_v13.3.1,0,0
release_00164766->release_00164767,samuelclay/NewsBlur,Android_v13.3.1,Android_v13.3.2,0,0
release_00164767->release_00164768,samuelclay/NewsBlur,Android_v13.3.2,Android_v13.3.3,0,0
release_00164768->release_00164769,samuelclay/NewsBlur,Android_v13.3.3,Android_13.4.0,0,0
release_00164769->release_00164770,samuelclay/NewsBlur,Android_13.4.0,Android_13.4.1,0,0
release_00164770->release_00164771,samuelclay/NewsBlur,Android_13.4.1,Android_13.4.2,0,0
release_00164771->release_00164772,samuelclay/NewsBlur,Android_13.4.2,Android_13.5.0,0,0
release_00164772->release_00164773,samuelclay/NewsBlur,Android_13.5.0,Android_v13.5.1,0,0
release_00164773->release_00164774,samuelclay/NewsBlur,Android_v13.5.1,Android_13.5.2,0,0
release_00164774->release_00164775,samuelclay/NewsBlur,Android_13.5.2,Android_13.5.3,0,0
release_00164775->release_00164776,samuelclay/NewsBlur,Android_13.5.3,Android_13.6.0,0,0
release_00164776->release_00164777,samuelclay/NewsBlur,Android_13.6.0,Android_13.7.0,0,0
release_00164777->release_00164778,samuelclay/NewsBlur,Android_13.7.0,Android_13.8.0,0,0
release_00164778->release_00164779,samuelclay/NewsBlur,Android_13.8.0,Android_13.9.0,0,0
release_00164779->release_00164780,samuelclay/NewsBlur,Android_13.9.0,Android_13.10.0,0,0
release_00164780->release_00164781,samuelclay/NewsBlur,Android_13.10.0,Android_13.11.0,2,0
release_00164781->release_00164782,samuelclay/NewsBlur,Android_13.11.0,Android_13.11.1,0,0
release_00164782->release_00164783,samuelclay/NewsBlur,Android_13.11.1,Android_13.11.2,0,0
release_00164783->release_00164784,samuelclay/NewsBlur,Android_13.11.2,Android_13.11.3,0,0
release_00164784->release_00164785,samuelclay/NewsBlur,Android_13.11.3,Android_13.11.4,0,0
release_00164791->release_00164792,samugit83/redamon,v1.1.0,v1.2.0,0,0
release_00164792->release_00164793,samugit83/redamon,v1.2.0,v1.3.0,1,0
release_00164793->release_00164794,samugit83/redamon,v1.3.0,v2.1.0,0,0
release_00164794->release_00164795,samugit83/redamon,v2.1.0,v2.2.0,0,0
release_00164795->release_00164796,samugit83/redamon,v2.2.0,v2.3.0,8,0
release_00164796->release_00164797,samugit83/redamon,v2.3.0,v3.0.0,0,0
release_00164797->release_00164798,samugit83/redamon,v3.0.0,v3.2.0,0,0
release_00164798->release_00164799,samugit83/redamon,v3.2.0,v3.8.0,11,0
release_00164799->release_00164800,samugit83/redamon,v3.8.0,v4.0.0,0,0
release_00164888->release_00164889,sartography/spiff-arena,v0.0.49,v0.0.50,1,0
release_00164889->release_00164890,sartography/spiff-arena,v0.0.50,v0.0.51,0,0
release_00164890->release_00164891,sartography/spiff-arena,v0.0.51,v0.0.52,0,0
release_00164891->release_00164892,sartography/spiff-arena,v0.0.52,v0.0.53,0,0
release_00164892->release_00164893,sartography/spiff-arena,v0.0.53,v0.0.54,0,0
release_00164893->release_00164894,sartography/spiff-arena,v0.0.54,v0.0.55,0,0
release_00164894->release_00164895,sartography/spiff-arena,v0.0.55,v0.0.56,0,0
release_00164895->release_00164896,sartography/spiff-arena,v0.0.56,v0.0.57,0,0
release_00164896->release_00164897,sartography/spiff-arena,v0.0.57,v0.0.58,0,0
release_00164897->release_00164898,sartography/spiff-arena,v0.0.58,v0.0.59,0,0
release_00164898->release_00164899,sartography/spiff-arena,v0.0.59,v0.0.60,0,0
release_00164899->release_00164900,sartography/spiff-arena,v0.0.60,v0.0.61,0,0
release_00164900->release_00164901,sartography/spiff-arena,v0.0.61,v0.0.62,0,0
release_00164901->release_00164902,sartography/spiff-arena,v0.0.62,v0.0.63,0,0
release_00164902->release_00164904,sartography/spiff-arena,v0.0.63,v0.0.65,0,0
release_00164904->release_00164905,sartography/spiff-arena,v0.0.65,v1.0.0,0,0
release_00164905->release_00164906,sartography/spiff-arena,v1.0.0,v1.1.0,0,0
release_00164906->release_00164907,sartography/spiff-arena,v1.1.0,v1.1.1,0,0
release_00164907->release_00164908,sartography/spiff-arena,v1.1.1,v1.1.2,0,0
release_00164908->release_00164909,sartography/spiff-arena,v1.1.2,v1.1.3,0,0
release_00164909->release_00164910,sartography/spiff-arena,v1.1.3,v1.1.4,0,0
release_00164910->release_00164911,sartography/spiff-arena,v1.1.4,v1.1.5,0,0
release_00164911->release_00164912,sartography/spiff-arena,v1.1.5,v2.0.0,0,0
release_00164912->release_00164913,sartography/spiff-arena,v2.0.0,v2.1.0,0,0
release_00164913->release_00164914,sartography/spiff-arena,v2.1.0,v2.2.0,0,0
release_00164916->release_00164917,sashakolpakov/dire-rapids,dire-rapids-0.1.0,pypi-0.1.5,0,0
release_00164917->release_00164918,sashakolpakov/dire-rapids,pypi-0.1.5,pypi-0.2.0,0,0
release_00164918->release_00164919,sashakolpakov/dire-rapids,pypi-0.2.0,pypi-0.3.0,2,0
release_00165248->release_00165249,schmitech/orbit,v2.6.6,v2.6.7,0,0
release_00165249->release_00165250,schmitech/orbit,v2.6.7,v2.6.8,0,0
release_00165266->release_00165267,sciknoworg/OntoLearner,v0.1.0,v0.2.0,0,0
release_00165267->release_00165268,sciknoworg/OntoLearner,v0.2.0,v0.3.0,0,0
release_00165268->release_00165269,sciknoworg/OntoLearner,v0.3.0,v0.4.0,0,0
release_00165269->release_00165270,sciknoworg/OntoLearner,v0.4.0,v0.5.0,1,1
release_00165270->release_00165271,sciknoworg/OntoLearner,v0.5.0,v1.0.0,0,0
release_00165271->release_00165272,sciknoworg/OntoLearner,v1.0.0,v1.0.1,0,0
release_00165272->release_00165273,sciknoworg/OntoLearner,v1.0.1,v1.1.0,0,0
release_00165273->release_00165274,sciknoworg/OntoLearner,v1.1.0,v1.1.1,0,0
release_00165274->release_00165275,sciknoworg/OntoLearner,v1.1.1,v1.1.2,0,0
release_00165275->release_00165276,sciknoworg/OntoLearner,v1.1.2,v1.2.0,1,1
release_00165276->release_00165277,sciknoworg/OntoLearner,v1.2.0,v1.2.1,0,0
release_00165277->release_00165288,sciknoworg/OntoLearner,v1.2.1,v1.4.8,0,0
release_00165288->release_00165289,sciknoworg/OntoLearner,v1.4.8,v1.4.9,1,0
release_00165289->release_00165290,sciknoworg/OntoLearner,v1.4.9,v1.4.10,0,0
release_00165290->release_00165291,sciknoworg/OntoLearner,v1.4.10,v1.4.11,0,0
release_00165291->release_00165292,sciknoworg/OntoLearner,v1.4.11,v1.5.0,0,0
release_00165292->release_00165293,sciknoworg/OntoLearner,v1.5.0,v1.5.1,0,0
release_00165293->release_00165294,sciknoworg/OntoLearner,v1.5.1,v1.6.0,1,0
release_00165295->release_00165296,sciknoworg/YESciEval,v0.1.0,v0.2.0,0,0
release_00165296->release_00165297,sciknoworg/YESciEval,v0.2.0,v0.3.0,0,0
release_00165297->release_00165298,sciknoworg/YESciEval,v0.3.0,v0.4.0,0,0
release_00165298->release_00165299,sciknoworg/YESciEval,v0.4.0,v0.5.0,0,0
release_00165299->release_00165300,sciknoworg/YESciEval,v0.5.0,v0.6.0,0,0
release_00165300->release_00165301,sciknoworg/YESciEval,v0.6.0,v0.7.0,0,0
release_00165301->release_00165302,sciknoworg/YESciEval,v0.7.0,v0.8.0,0,0
release_00165302->release_00165303,sciknoworg/YESciEval,v0.8.0,v0.9.0,0,0
release_00165303->release_00165304,sciknoworg/YESciEval,v0.9.0,v0.10.0,0,0
release_00165521->release_00165522,se2p/pynguin,v0.1.0,v0.5.0,0,0
release_00165522->release_00165523,se2p/pynguin,v0.5.0,v0.5.1,0,0
release_00165523->release_00165524,se2p/pynguin,v0.5.1,v0.5.2,0,0
release_00165524->release_00165526,se2p/pynguin,v0.5.2,v0.5.3,0,0
release_00165526->release_00165527,se2p/pynguin,v0.5.3,v0.6.0,0,0
release_00165527->release_00165528,se2p/pynguin,v0.6.0,v0.6.1,0,0
release_00165528->release_00165530,se2p/pynguin,v0.6.1,v0.6.3,0,0
release_00165530->release_00165531,se2p/pynguin,v0.6.3,v0.7.0,0,0
release_00165531->release_00165532,se2p/pynguin,v0.7.0,v0.7.1,0,0
release_00165532->release_00165533,se2p/pynguin,v0.7.1,v0.7.2,0,0
release_00165533->release_00165534,se2p/pynguin,v0.7.2,v0.8.0,0,0
release_00165534->release_00165535,se2p/pynguin,v0.8.0,v0.8.1,0,0
release_00165535->release_00165536,se2p/pynguin,v0.8.1,v0.9.0,0,0
release_00165536->release_00165537,se2p/pynguin,v0.9.0,v0.9.1,0,0
release_00165537->release_00165538,se2p/pynguin,v0.9.1,v0.9.2,0,0
release_00165538->release_00165539,se2p/pynguin,v0.9.2,v0.10.0,0,0
release_00165539->release_00165540,se2p/pynguin,v0.10.0,v0.11.0,0,0
release_00165540->release_00165541,se2p/pynguin,v0.11.0,v0.12.0,0,0
release_00165541->release_00165542,se2p/pynguin,v0.12.0,v0.13.0,0,0
release_00165542->release_00165543,se2p/pynguin,v0.13.0,v0.13.1,0,0
release_00165543->release_00165544,se2p/pynguin,v0.13.1,v0.13.2,0,0
release_00165544->release_00165545,se2p/pynguin,v0.13.2,v0.14.0,0,0
release_00165545->release_00165546,se2p/pynguin,v0.14.0,v0.15.0,0,0
release_00165546->release_00165547,se2p/pynguin,v0.15.0,v0.16.0,0,0
release_00165547->release_00165548,se2p/pynguin,v0.16.0,v0.16.1,0,0
release_00165548->release_00165549,se2p/pynguin,v0.16.1,v0.17.0,0,0
release_00165549->release_00165550,se2p/pynguin,v0.17.0,0.18.0,0,0
release_00165550->release_00165551,se2p/pynguin,0.18.0,0.19.0,0,0
release_00165551->release_00165553,se2p/pynguin,0.19.0,0.20.1,0,0
release_00165553->release_00165554,se2p/pynguin,0.20.1,0.21.0,0,0
release_00165554->release_00165555,se2p/pynguin,0.21.0,0.22.0,0,0
release_00165555->release_00165556,se2p/pynguin,0.22.0,0.23.0,0,0
release_00165556->release_00165557,se2p/pynguin,0.23.0,0.24.0,0,0
release_00165557->release_00165558,se2p/pynguin,0.24.0,0.24.1,0,0
release_00165558->release_00165559,se2p/pynguin,0.24.1,0.25.0,0,0
release_00165559->release_00165560,se2p/pynguin,0.25.0,0.25.1,0,0
release_00165560->release_00165561,se2p/pynguin,0.25.1,0.25.2,0,0
release_00165561->release_00165562,se2p/pynguin,0.25.2,0.26.0,0,0
release_00165562->release_00165563,se2p/pynguin,0.26.0,0.27.0,0,0
release_00165563->release_00165564,se2p/pynguin,0.27.0,0.28.0,0,0
release_00165564->release_00165565,se2p/pynguin,0.28.0,0.29.0,0,0
release_00165565->release_00165567,se2p/pynguin,0.29.0,0.31.0,0,0
release_00165567->release_00165568,se2p/pynguin,0.31.0,0.32.0,0,0
release_00165568->release_00165569,se2p/pynguin,0.32.0,0.33.0,0,0
release_00165569->release_00165570,se2p/pynguin,0.33.0,0.34.0,0,0
release_00165570->release_00165571,se2p/pynguin,0.34.0,0.35.0,0,0
release_00165571->release_00165572,se2p/pynguin,0.35.0,0.36.0,0,0
release_00165572->release_00165573,se2p/pynguin,0.36.0,0.37.0,0,0
release_00165573->release_00165574,se2p/pynguin,0.37.0,0.38.0,0,0
release_00165574->release_00165575,se2p/pynguin,0.38.0,0.39.0,0,0
release_00165575->release_00165576,se2p/pynguin,0.39.0,0.40.0,0,0
release_00165576->release_00165577,se2p/pynguin,0.40.0,0.41.0,1,0
release_00165577->release_00165580,se2p/pynguin,0.41.0,0.44.0,1,0
release_00165580->release_00165581,se2p/pynguin,0.44.0,0.45.0,0,0
release_00165712->release_00165713,securityjoes/AskJOE,v1.0.1,v2.0.0,1,0
release_00165713->release_00165714,securityjoes/AskJOE,v2.0.0,v3.0.0,1,0
release_00165715->release_00165716,seer-engg/seer,v0.0.1,v0.0.2,2,1
release_00165716->release_00165717,seer-engg/seer,v0.0.2,v0.0.3,5,1
release_00165717->release_00165718,seer-engg/seer,v0.0.3,v0.0.4,3,1
release_00165718->release_00165719,seer-engg/seer,v0.0.4,v0.0.5,2,1
release_00165719->release_00165721,seer-engg/seer,v0.0.5,v0.0.8,19,1
release_00165721->release_00165722,seer-engg/seer,v0.0.8,v0.0.9,13,1
release_00165722->release_00165723,seer-engg/seer,v0.0.9,v0.1.5,5,1
release_00165843->release_00165844,sequrity-ai/sequrity-api,v0.0.2,v0.3.0,1,0
release_00165844->release_00165845,sequrity-ai/sequrity-api,v0.3.0,v0.4.0,0,0
release_00165845->release_00165846,sequrity-ai/sequrity-api,v0.4.0,v0.4.0.post1,0,0
release_00165846->release_00165847,sequrity-ai/sequrity-api,v0.4.0.post1,v0.4.0.post2,0,0
release_00165847->release_00165848,sequrity-ai/sequrity-api,v0.4.0.post2,v0.4.1,0,0
release_00165848->release_00165849,sequrity-ai/sequrity-api,v0.4.1,v0.4.2,0,0
release_00165867->release_00165868,sethkarten/continual-harness,v1.1.0,v2.0.0,0,0
release_00165868->release_00165869,sethkarten/continual-harness,v2.0.0,v2.1.0,0,0
release_00165869->release_00165871,sethkarten/continual-harness,v2.1.0,v3.0.0,1,0
release_00165871->release_00165872,sethkarten/continual-harness,v3.0.0,v3.1.0,0,0
release_00165872->release_00165873,sethkarten/continual-harness,v3.1.0,v4.0.0,3,0
release_00165873->release_00165874,sethkarten/continual-harness,v4.0.0,v5.0.0,0,0
release_00166100->release_00166101,sgl-project/sglang,v0.1.5,v0.1.6,0,0
release_00166101->release_00166102,sgl-project/sglang,v0.1.6,v0.1.11,0,0
release_00166102->release_00166103,sgl-project/sglang,v0.1.11,v0.1.12,0,0
release_00166103->release_00166104,sgl-project/sglang,v0.1.12,v0.1.13,0,0
release_00166104->release_00166105,sgl-project/sglang,v0.1.13,v0.1.16,3,0
release_00166105->release_00166106,sgl-project/sglang,v0.1.16,v0.1.17,2,0
release_00166106->release_00166107,sgl-project/sglang,v0.1.17,v0.1.18,0,0
release_00166107->release_00166108,sgl-project/sglang,v0.1.18,v0.1.20,0,0
release_00166108->release_00166109,sgl-project/sglang,v0.1.20,v0.2.0,0,0
release_00166109->release_00166110,sgl-project/sglang,v0.2.0,v0.2.5,0,0
release_00166110->release_00166111,sgl-project/sglang,v0.2.5,v0.2.9,7,0
release_00166111->release_00166112,sgl-project/sglang,v0.2.9,v0.2.13,1,0
release_00166112->release_00166113,sgl-project/sglang,v0.2.13,v0.3.0,0,0
release_00166113->release_00166114,sgl-project/sglang,v0.3.0,v0.3.2,0,0
release_00166114->release_00166115,sgl-project/sglang,v0.3.2,v0.3.4.post1,0,0
release_00166115->release_00166116,sgl-project/sglang,v0.3.4.post1,v0.3.6,0,0
release_00166116->release_00166117,sgl-project/sglang,v0.3.6,v0.4.0,0,0
release_00166117->release_00166118,sgl-project/sglang,v0.4.0,v0.4.1,0,0
release_00166118->release_00166119,sgl-project/sglang,v0.4.1,v0.4.3,0,0
release_00166119->release_00166120,sgl-project/sglang,v0.4.3,v0.4.4,0,0
release_00166120->release_00166121,sgl-project/sglang,v0.4.4,v0.4.5,0,0
release_00166121->release_00166122,sgl-project/sglang,v0.4.5,v0.4.6,0,0
release_00166122->release_00166123,sgl-project/sglang,v0.4.6,v0.4.7,0,0
release_00166123->release_00166124,sgl-project/sglang,v0.4.7,v0.4.8,0,0
release_00166124->release_00166131,sgl-project/sglang,v0.4.8,gateway-v0.1.6,0,0
release_00166125->release_00166132,sgl-project/sglang,v0.4.10,gateway-v0.1.7,0,0
release_00166126->release_00166127,sgl-project/sglang,v0.5.1,v0.5.2,0,0
release_00166127->release_00166128,sgl-project/sglang,v0.5.2,v0.5.3,0,0
release_00166128->release_00166135,sgl-project/sglang,v0.5.3,gateway-v0.2.0,0,0
release_00166129->release_00166137,sgl-project/sglang,v0.5.4,gateway-v0.2.2,0,0
release_00166130->release_00166138,sgl-project/sglang,v0.5.5,gateway-v0.2.3,0,0
release_00166131->release_00166125,sgl-project/sglang,gateway-v0.1.6,v0.4.10,0,0
release_00166132->release_00166133,sgl-project/sglang,gateway-v0.1.7,gateway-v0.1.8,0,0
release_00166133->release_00166134,sgl-project/sglang,gateway-v0.1.8,gateway-v0.1.9,0,0
release_00166134->release_00166126,sgl-project/sglang,gateway-v0.1.9,v0.5.1,0,0
release_00166135->release_00166136,sgl-project/sglang,gateway-v0.2.0,gateway-v0.2.1,0,0
release_00166136->release_00166129,sgl-project/sglang,gateway-v0.2.1,v0.5.4,0,0
release_00166137->release_00166130,sgl-project/sglang,gateway-v0.2.2,v0.5.5,1,0
release_00166138->release_00166139,sgl-project/sglang,gateway-v0.2.3,v0.5.6,0,0
release_00166139->release_00166140,sgl-project/sglang,v0.5.6,gateway-v0.2.4,0,0
release_00166140->release_00166141,sgl-project/sglang,gateway-v0.2.4,gateway-v0.3.0,0,0
release_00166141->release_00166143,sgl-project/sglang,gateway-v0.3.0,gateway-v0.3.1,1,0
release_00166143->release_00166147,sgl-project/sglang,gateway-v0.3.1,v0.5.10,0,0
release_00166147->release_00166148,sgl-project/sglang,v0.5.10,v0.5.10.post1,0,0
release_00166190->release_00166191,shaoxing-xie/etf-options-ai-assistant,v0.1.0,v0.2.0,0,0
release_00166403->release_00166404,shibing624/MedicalGPT,0.2.0,1.0.0,0,0
release_00166404->release_00166405,shibing624/MedicalGPT,1.0.0,1.1,0,0
release_00166405->release_00166406,shibing624/MedicalGPT,1.1,1.3.0,0,0
release_00166406->release_00166407,shibing624/MedicalGPT,1.3.0,1.4.0,0,0
release_00166407->release_00166408,shibing624/MedicalGPT,1.4.0,1.5.0,0,0
release_00166408->release_00166409,shibing624/MedicalGPT,1.5.0,1.6.0,0,0
release_00166409->release_00166410,shibing624/MedicalGPT,1.6.0,1.7.0,0,0
release_00166410->release_00166411,shibing624/MedicalGPT,1.7.0,1.8.0,0,0
release_00166411->release_00166412,shibing624/MedicalGPT,1.8.0,1.9.0,0,0
release_00166412->release_00166413,shibing624/MedicalGPT,1.9.0,2.0.0,0,0
release_00166413->release_00166414,shibing624/MedicalGPT,2.0.0,2.1.0,0,0
release_00166414->release_00166415,shibing624/MedicalGPT,2.1.0,2.2.0,2,0
release_00166415->release_00166416,shibing624/MedicalGPT,2.2.0,2.4.0,0,0
release_00166416->release_00166417,shibing624/MedicalGPT,2.4.0,2.5.0,0,0
release_00166417->release_00166418,shibing624/MedicalGPT,2.5.0,2.6.0,0,0
release_00166418->release_00166419,shibing624/MedicalGPT,2.6.0,2.7.0,0,0
release_00166435->release_00166436,shibing624/agentica,0.0.4,0.0.5,0,0
release_00166436->release_00166437,shibing624/agentica,0.0.5,0.0.6,0,0
release_00166437->release_00166438,shibing624/agentica,0.0.6,0.1.0,0,0
release_00166438->release_00166439,shibing624/agentica,0.1.0,0.2.0,3,0
release_00166439->release_00166440,shibing624/agentica,0.2.0,0.2.3,1,0
release_00166440->release_00166441,shibing624/agentica,0.2.3,1.0.0,3,0
release_00166441->release_00166442,shibing624/agentica,1.0.0,1.0.6,0,0
release_00166442->release_00166443,shibing624/agentica,1.0.6,1.0.10,3,0
release_00166443->release_00166444,shibing624/agentica,1.0.10,1.2.3,1,1
release_00166444->release_00166445,shibing624/agentica,1.2.3,v1.4.0,6,1
release_00166445->release_00166446,shibing624/agentica,v1.4.0,v1.4.1,0,0
release_00166446->release_00166447,shibing624/agentica,v1.4.1,1.4.2,0,0
release_00166447->release_00166448,shibing624/agentica,1.4.2,v1.4.3,0,0
release_00166448->release_00166449,shibing624/agentica,v1.4.3,v1.4.4,0,0
release_00166795->release_00166796,sierra-research/tau2-bench,v0.1.2,v0.1.3,0,0
release_00166796->release_00166797,sierra-research/tau2-bench,v0.1.3,v0.2.0,0,0
release_00166797->release_00166798,sierra-research/tau2-bench,v0.2.0,v1.0.0,17,1
release_00167038->release_00167039,simonw/llm,0.1,0.2,0,0
release_00167039->release_00167043,simonw/llm,0.2,0.5,0,1
release_00167040->release_00167042,simonw/llm,0.3,0.4.1,0,1
release_00167043->release_00167044,simonw/llm,0.5,0.6,0,0
release_00167044->release_00167045,simonw/llm,0.6,0.6.1,0,0
release_00167045->release_00167046,simonw/llm,0.6.1,0.7,0,0
release_00167046->release_00167048,simonw/llm,0.7,0.8,0,0
release_00167048->release_00167052,simonw/llm,0.8,0.9,0,1
release_00167052->release_00167055,simonw/llm,0.9,0.10,0,0
release_00167055->release_00167056,simonw/llm,0.10,0.11,0,0
release_00167056->release_00167057,simonw/llm,0.11,0.11.1,0,0
release_00167057->release_00167058,simonw/llm,0.11.1,0.11.2,0,0
release_00167058->release_00167059,simonw/llm,0.11.2,0.12,0,0
release_00167059->release_00167060,simonw/llm,0.12,0.13,20,1
release_00167060->release_00167061,simonw/llm,0.13,0.13.1,0,0
release_00167061->release_00167062,simonw/llm,0.13.1,0.14,6,0
release_00167062->release_00167063,simonw/llm,0.14,0.15,2,0
release_00167063->release_00167064,simonw/llm,0.15,0.16,4,0
release_00167064->release_00167066,simonw/llm,0.16,0.17,0,0
release_00167066->release_00167067,simonw/llm,0.17,0.17.1,0,0
release_00167067->release_00167070,simonw/llm,0.17.1,0.18,24,0
release_00167070->release_00167074,simonw/llm,0.18,0.19,0,0
release_00167074->release_00167075,simonw/llm,0.19,0.19.1,0,0
release_00167075->release_00167076,simonw/llm,0.19.1,0.20,0,0
release_00167076->release_00167077,simonw/llm,0.20,0.21,0,0
release_00167077->release_00167078,simonw/llm,0.21,0.22,0,0
release_00167078->release_00167080,simonw/llm,0.22,0.23,0,0
release_00167080->release_00167083,simonw/llm,0.23,0.24,0,0
release_00167083->release_00167084,simonw/llm,0.24,0.24.1,0,0
release_00167084->release_00167085,simonw/llm,0.24.1,0.24.2,0,0
release_00167085->release_00167087,simonw/llm,0.24.2,0.25,0,0
release_00167087->release_00167090,simonw/llm,0.25,0.26,0,0
release_00167090->release_00167091,simonw/llm,0.26,0.27,0,0
release_00167091->release_00167092,simonw/llm,0.27,0.27.1,0,0
release_00167092->release_00167093,simonw/llm,0.27.1,0.28,0,0
release_00167093->release_00167094,simonw/llm,0.28,0.29,0,0
release_00167094->release_00167095,simonw/llm,0.29,0.30,0,0
release_00167095->release_00167096,simonw/llm,0.30,0.31,0,0
release_00168330->release_00168331,sparckles/Robyn,v0.2.3,v0.3.0,0,0
release_00168331->release_00168333,sparckles/Robyn,v0.3.0,v0.5.0,0,0
release_00168333->release_00168336,sparckles/Robyn,v0.5.0,v0.6.1,0,0
release_00168336->release_00168337,sparckles/Robyn,v0.6.1,v0.7.0,0,0
release_00168337->release_00168339,sparckles/Robyn,v0.7.0,v0.8.0,0,0
release_00168339->release_00168341,sparckles/Robyn,v0.8.0,v0.9.0,0,0
release_00168341->release_00168342,sparckles/Robyn,v0.9.0,v0.10.0,0,0
release_00168342->release_00168345,sparckles/Robyn,v0.10.0,v0.12.0,0,0
release_00168345->release_00168349,sparckles/Robyn,v0.12.0,v0.14.0,0,0
release_00168349->release_00168351,sparckles/Robyn,v0.14.0,v0.15.1,0,0
release_00168351->release_00168356,sparckles/Robyn,v0.15.1,v0.16.6,0,0
release_00168356->release_00168357,sparckles/Robyn,v0.16.6,v0.17.0,0,0
release_00168357->release_00168358,sparckles/Robyn,v0.17.0,v0.17.1,0,0
release_00168358->release_00168359,sparckles/Robyn,v0.17.1,v0.17.2,0,0
release_00168359->release_00168360,sparckles/Robyn,v0.17.2,v0.17.3,0,0
release_00168360->release_00168361,sparckles/Robyn,v0.17.3,v0.17.4,0,0
release_00168361->release_00168362,sparckles/Robyn,v0.17.4,v0.17.5,0,0
release_00168362->release_00168365,sparckles/Robyn,v0.17.5,v0.18.0,0,0
release_00168363->release_00168364,sparckles/Robyn,v0.18.1,v0.18.2,0,0
release_00168364->release_00168366,sparckles/Robyn,v0.18.2,v0.18.3,0,0
release_00168365->release_00168363,sparckles/Robyn,v0.18.0,v0.18.1,0,0
release_00168366->release_00168367,sparckles/Robyn,v0.18.3,v0.19.1,0,0
release_00168367->release_00168368,sparckles/Robyn,v0.19.1,v0.19.2,0,0
release_00168368->release_00168369,sparckles/Robyn,v0.19.2,v0.20.0,0,0
release_00168369->release_00168370,sparckles/Robyn,v0.20.0,v0.21.0,0,0
release_00168370->release_00168371,sparckles/Robyn,v0.21.0,v0.22.0,0,0
release_00168371->release_00168372,sparckles/Robyn,v0.22.0,v0.22.1,0,0
release_00168372->release_00168373,sparckles/Robyn,v0.22.1,v0.23.0,0,0
release_00168373->release_00168374,sparckles/Robyn,v0.23.0,v0.23.1,0,0
release_00168374->release_00168376,sparckles/Robyn,v0.23.1,v0.24.1,0,0
release_00168376->release_00168377,sparckles/Robyn,v0.24.1,v0.25.0,0,0
release_00168377->release_00168378,sparckles/Robyn,v0.25.0,v0.26.0,0,0
release_00168378->release_00168379,sparckles/Robyn,v0.26.0,v0.26.1,0,0
release_00168379->release_00168380,sparckles/Robyn,v0.26.1,v0.27.0,0,0
release_00168380->release_00168381,sparckles/Robyn,v0.27.0,v0.28.0,0,0
release_00168381->release_00168382,sparckles/Robyn,v0.28.0,v0.28.1,0,0
release_00168382->release_00168383,sparckles/Robyn,v0.28.1,v0.28.2,0,0
release_00168383->release_00168384,sparckles/Robyn,v0.28.2,v0.28.3,0,0
release_00168384->release_00168385,sparckles/Robyn,v0.28.3,v0.28.4,0,0
release_00168385->release_00168386,sparckles/Robyn,v0.28.4,v0.29.0,0,0
release_00168386->release_00168387,sparckles/Robyn,v0.29.0,v0.30.0,0,0
release_00168387->release_00168388,sparckles/Robyn,v0.30.0,v0.31.0,0,0
release_00168388->release_00168389,sparckles/Robyn,v0.31.0,v0.32.0,0,0
release_00168389->release_00168390,sparckles/Robyn,v0.32.0,v0.33.0,0,0
release_00168390->release_00168391,sparckles/Robyn,v0.33.0,v0.34.0,0,0
release_00168391->release_00168392,sparckles/Robyn,v0.34.0,v0.35.0,0,0
release_00168392->release_00168393,sparckles/Robyn,v0.35.0,v0.35.1,0,0
release_00168393->release_00168394,sparckles/Robyn,v0.35.1,v0.36.0,0,0
release_00168394->release_00168395,sparckles/Robyn,v0.36.0,v0.36.2,0,0
release_00168395->release_00168396,sparckles/Robyn,v0.36.2,v0.37.0,0,0
release_00168396->release_00168398,sparckles/Robyn,v0.37.0,v0.39.0,0,0
release_00168398->release_00168399,sparckles/Robyn,v0.39.0,v0.40.0,0,0
release_00168399->release_00168400,sparckles/Robyn,v0.40.0,v0.41.0,0,0
release_00168400->release_00168401,sparckles/Robyn,v0.41.0,v0.41.1,0,0
release_00168401->release_00168402,sparckles/Robyn,v0.41.1,v0.42.0,0,0
release_00168402->release_00168403,sparckles/Robyn,v0.42.0,v0.42.1,0,0
release_00168403->release_00168404,sparckles/Robyn,v0.42.1,v0.42.2,0,0
release_00168404->release_00168405,sparckles/Robyn,v0.42.2,v0.43.0,0,0
release_00168405->release_00168406,sparckles/Robyn,v0.43.0,v0.44.0,0,0
release_00168406->release_00168407,sparckles/Robyn,v0.44.0,v0.44.1,0,0
release_00168407->release_00168408,sparckles/Robyn,v0.44.1,v0.44.2,0,0
release_00168408->release_00168409,sparckles/Robyn,v0.44.2,v0.45.0,0,0
release_00168409->release_00168410,sparckles/Robyn,v0.45.0,v0.46.0,0,0
release_00168410->release_00168411,sparckles/Robyn,v0.46.0,v0.47.0,0,0
release_00168411->release_00168412,sparckles/Robyn,v0.47.0,v0.48.0,0,0
release_00168412->release_00168413,sparckles/Robyn,v0.48.0,v0.49.0,0,0
release_00168413->release_00168414,sparckles/Robyn,v0.49.0,v0.49.3,0,0
release_00168414->release_00168415,sparckles/Robyn,v0.49.3,v0.50.0,0,0
release_00168415->release_00168416,sparckles/Robyn,v0.50.0,v0.51.0,0,0
release_00168416->release_00168417,sparckles/Robyn,v0.51.0,v0.51.1,0,0
release_00168417->release_00168418,sparckles/Robyn,v0.51.1,v0.51.2,0,0
release_00168418->release_00168419,sparckles/Robyn,v0.51.2,v0.51.3,0,0
release_00168419->release_00168420,sparckles/Robyn,v0.51.3,v0.52.0,0,0
release_00168420->release_00168421,sparckles/Robyn,v0.52.0,v0.52.1,0,0
release_00168421->release_00168422,sparckles/Robyn,v0.52.1,v0.52.3,0,0
release_00168422->release_00168423,sparckles/Robyn,v0.52.3,v0.53.0,0,0
release_00168423->release_00168424,sparckles/Robyn,v0.53.0,v0.53.1,0,0
release_00168424->release_00168425,sparckles/Robyn,v0.53.1,v0.53.2,0,0
release_00168425->release_00168426,sparckles/Robyn,v0.53.2,v0.54.0,0,0
release_00168426->release_00168427,sparckles/Robyn,v0.54.0,v0.54.1,0,0
release_00168427->release_00168428,sparckles/Robyn,v0.54.1,v0.54.2,0,0
release_00168428->release_00168429,sparckles/Robyn,v0.54.2,v0.54.3,0,0
release_00168429->release_00168430,sparckles/Robyn,v0.54.3,v0.54.4,0,0
release_00168430->release_00168431,sparckles/Robyn,v0.54.4,v0.54.5,0,0
release_00168431->release_00168432,sparckles/Robyn,v0.54.5,v0.55.0,0,0
release_00168432->release_00168433,sparckles/Robyn,v0.55.0,v0.56.0,0,0
release_00168433->release_00168434,sparckles/Robyn,v0.56.0,v0.56.1,0,0
release_00168434->release_00168435,sparckles/Robyn,v0.56.1,v0.56.2,0,0
release_00168435->release_00168436,sparckles/Robyn,v0.56.2,v0.56.3,0,0
release_00168436->release_00168437,sparckles/Robyn,v0.56.3,v0.57.0,0,0
release_00168437->release_00168438,sparckles/Robyn,v0.57.0,v0.57.1,0,0
release_00168438->release_00168439,sparckles/Robyn,v0.57.1,v0.58.0,0,0
release_00168439->release_00168440,sparckles/Robyn,v0.58.0,v0.58.1,0,0
release_00168440->release_00168441,sparckles/Robyn,v0.58.1,v0.58.2,0,0
release_00168441->release_00168442,sparckles/Robyn,v0.58.2,v0.60.1,0,0
release_00168442->release_00168443,sparckles/Robyn,v0.60.1,v0.60.2,0,0
release_00168443->release_00168444,sparckles/Robyn,v0.60.2,v0.61.1,0,0
release_00168444->release_00168445,sparckles/Robyn,v0.61.1,v0.61.2,0,0
release_00168445->release_00168446,sparckles/Robyn,v0.61.2,v0.62.0,0,0
release_00168446->release_00168447,sparckles/Robyn,v0.62.0,v0.62.1,0,0
release_00168447->release_00168448,sparckles/Robyn,v0.62.1,v0.63.0,0,0
release_00168448->release_00168449,sparckles/Robyn,v0.63.0,v0.64.0,0,0
release_00168449->release_00168450,sparckles/Robyn,v0.64.0,v0.64.1,0,0
release_00168450->release_00168451,sparckles/Robyn,v0.64.1,v0.64.2,0,0
release_00168451->release_00168452,sparckles/Robyn,v0.64.2,v0.65.0,0,0
release_00168452->release_00168453,sparckles/Robyn,v0.65.0,v0.66.2,0,0
release_00168453->release_00168454,sparckles/Robyn,v0.66.2,v0.67.0,0,0
release_00168454->release_00168455,sparckles/Robyn,v0.67.0,v0.68.0,0,0
release_00168455->release_00168456,sparckles/Robyn,v0.68.0,v0.69.0,0,0
release_00168456->release_00168457,sparckles/Robyn,v0.69.0,v0.70.0,2,0
release_00168457->release_00168458,sparckles/Robyn,v0.70.0,v0.71.0,0,0
release_00168458->release_00168459,sparckles/Robyn,v0.71.0,v0.71.1,0,0
release_00168459->release_00168460,sparckles/Robyn,v0.71.1,v0.71.2,0,0
release_00168460->release_00168461,sparckles/Robyn,v0.71.2,v0.71.3,0,0
release_00168461->release_00168462,sparckles/Robyn,v0.71.3,v0.71.4,0,0
release_00168462->release_00168463,sparckles/Robyn,v0.71.4,v0.72.0,0,0
release_00168463->release_00168464,sparckles/Robyn,v0.72.0,v0.72.1,0,0
release_00168464->release_00168465,sparckles/Robyn,v0.72.1,v0.72.2,0,0
release_00168465->release_00168466,sparckles/Robyn,v0.72.2,v0.73.0,0,0
release_00168466->release_00168467,sparckles/Robyn,v0.73.0,v0.74.0,0,0
release_00168467->release_00168468,sparckles/Robyn,v0.74.0,v0.75.0,0,0
release_00168468->release_00168470,sparckles/Robyn,v0.75.0,v0.77.0,0,0
release_00168470->release_00168471,sparckles/Robyn,v0.77.0,v0.78.0,0,0
release_00168471->release_00168473,sparckles/Robyn,v0.78.0,v0.80.0,0,0
release_00168473->release_00168474,sparckles/Robyn,v0.80.0,v0.81.0,0,0
release_00168474->release_00168475,sparckles/Robyn,v0.81.0,v0.82.0,0,0
release_00168475->release_00168476,sparckles/Robyn,v0.82.0,v0.82.1,0,0
release_00168476->release_00168477,sparckles/Robyn,v0.82.1,v0.83.0,0,0
release_00168477->release_00168478,sparckles/Robyn,v0.83.0,v0.85.0,0,0
release_00169146->release_00169147,stanford-crfm/helm,v0.1.0,v0.2.0,0,0
release_00169147->release_00169148,stanford-crfm/helm,v0.2.0,v0.2.1,0,0
release_00169148->release_00169149,stanford-crfm/helm,v0.2.1,v0.2.2,0,0
release_00169149->release_00169150,stanford-crfm/helm,v0.2.2,v0.2.3,0,0
release_00169150->release_00169151,stanford-crfm/helm,v0.2.3,v0.2.4,0,0
release_00169151->release_00169152,stanford-crfm/helm,v0.2.4,v0.3.0,0,0
release_00169152->release_00169153,stanford-crfm/helm,v0.3.0,v0.4.0,0,0
release_00169153->release_00169154,stanford-crfm/helm,v0.4.0,v0.5.0,0,0
release_00169154->release_00169155,stanford-crfm/helm,v0.5.0,v0.5.1,0,0
release_00169155->release_00169156,stanford-crfm/helm,v0.5.1,v0.5.2,0,0
release_00169156->release_00169157,stanford-crfm/helm,v0.5.2,v0.5.3,0,0
release_00169157->release_00169158,stanford-crfm/helm,v0.5.3,v0.5.4,0,0
release_00169158->release_00169159,stanford-crfm/helm,v0.5.4,v0.5.5,0,0
release_00169159->release_00169160,stanford-crfm/helm,v0.5.5,v0.5.6,1,0
release_00169160->release_00169161,stanford-crfm/helm,v0.5.6,v0.5.7,0,0
release_00169161->release_00169162,stanford-crfm/helm,v0.5.7,v0.5.8,0,0
release_00169162->release_00169163,stanford-crfm/helm,v0.5.8,v0.5.9,0,0
release_00169163->release_00169164,stanford-crfm/helm,v0.5.9,v0.5.10,0,0
release_00169164->release_00169165,stanford-crfm/helm,v0.5.10,v0.5.11,0,0
release_00169165->release_00169166,stanford-crfm/helm,v0.5.11,v0.5.12,0,0
release_00169166->release_00169167,stanford-crfm/helm,v0.5.12,v0.5.13,0,0
release_00169167->release_00169168,stanford-crfm/helm,v0.5.13,v0.5.14,0,0
release_00169168->release_00169169,stanford-crfm/helm,v0.5.14,v0.5.15,0,0
release_00169169->release_00169170,stanford-crfm/helm,v0.5.15,v0.5.16,0,0
release_00169662->release_00169663,stevereiner/flexible-graphrag,v0.4.0,v0.5.0,7,1
release_00169663->release_00169664,stevereiner/flexible-graphrag,v0.5.0,v0.5.1,0,0
release_00169664->release_00169665,stevereiner/flexible-graphrag,v0.5.1,v0.5.2,0,0
release_00169665->release_00169666,stevereiner/flexible-graphrag,v0.5.2,v0.6.0,4,1
release_00169666->release_00169667,stevereiner/flexible-graphrag,v0.6.0,v0.6.1,0,0
release_00169989->release_00169990,sunbao/ah32,v0.1.2,v0.1.3,0,0
release_00169990->release_00169991,sunbao/ah32,v0.1.3,v0.3.0,0,0
release_00170954->release_00170955,sunmh207/AI-Codereview-Gitlab,v1.2.4,v1.3.1,0,0
release_00170955->release_00170956,sunmh207/AI-Codereview-Gitlab,v1.3.1,v1.3.3,0,0
release_00170956->release_00170957,sunmh207/AI-Codereview-Gitlab,v1.3.3,v1.3.6,0,0
release_00170957->release_00170958,sunmh207/AI-Codereview-Gitlab,v1.3.6,v1.3.8,0,0
release_00170958->release_00170959,sunmh207/AI-Codereview-Gitlab,v1.3.8,v1.3.9,0,0
release_00170959->release_00170960,sunmh207/AI-Codereview-Gitlab,v1.3.9,v1.3.10,0,0
release_00170960->release_00170961,sunmh207/AI-Codereview-Gitlab,v1.3.10,v1.3.11,0,0
release_00170961->release_00170962,sunmh207/AI-Codereview-Gitlab,v1.3.11,v1.4.0,1,0
release_00170962->release_00170963,sunmh207/AI-Codereview-Gitlab,v1.4.0,v1.4.2,0,0
release_00170963->release_00170964,sunmh207/AI-Codereview-Gitlab,v1.4.2,v1.4.3,0,0
release_00177636->release_00177637,tajas20006/neko2020,v0.1.1,v0.1.2,0,0
release_00177638->release_00177639,tajas20006/neko2020,v0.2.0,v0.2.1,2,0
release_00177735->release_00177736,taylorsatula/mira-OSS,1.0.0,2025.12.24,4,0
release_00177736->release_00177737,taylorsatula/mira-OSS,2025.12.24,2025.12.30-feat,0,0
release_00177737->release_00177739,taylorsatula/mira-OSS,2025.12.30-feat,v2026.05.01,27,0
release_00177739->release_00177740,taylorsatula/mira-OSS,v2026.05.01,v2026.05.21,0,0
release_00177978->release_00177979,tech-kev/SharedMoments,v1.0.0,v1.0.1,0,0
release_00177979->release_00177980,tech-kev/SharedMoments,v1.0.1,v1.1.0,0,0
release_00177980->release_00177981,tech-kev/SharedMoments,v1.1.0,v1.2.0,0,0
release_00177981->release_00177982,tech-kev/SharedMoments,v1.2.0,v1.3.0,0,0
release_00177982->release_00177983,tech-kev/SharedMoments,v1.3.0,v1.3.1,0,0
release_00177983->release_00177984,tech-kev/SharedMoments,v1.3.1,v1.3.2,0,0
release_00177984->release_00177985,tech-kev/SharedMoments,v1.3.2,v1.3.3,0,0
release_00177985->release_00177986,tech-kev/SharedMoments,v1.3.3,v2.0.0,1,0
release_00177986->release_00177987,tech-kev/SharedMoments,v2.0.0,v2.0.1,0,0
release_00178041->release_00178042,temporalio/sdk-python,0.1a1,0.1a2,0,0
release_00178042->release_00178043,temporalio/sdk-python,0.1a2,0.1b1,0,0
release_00178043->release_00178044,temporalio/sdk-python,0.1b1,0.1b2,0,0
release_00178044->release_00178045,temporalio/sdk-python,0.1b2,0.1b3,0,0
release_00178045->release_00178046,temporalio/sdk-python,0.1b3,0.1b4,0,0
release_00178046->release_00178047,temporalio/sdk-python,0.1b4,1.0.0,0,0
release_00178047->release_00178048,temporalio/sdk-python,1.0.0,1.1.0,0,0
release_00178048->release_00178049,temporalio/sdk-python,1.1.0,1.2.0,0,0
release_00178049->release_00178050,temporalio/sdk-python,1.2.0,1.3.0,0,0
release_00178050->release_00178051,temporalio/sdk-python,1.3.0,1.4.0,0,0
release_00178051->release_00178052,temporalio/sdk-python,1.4.0,1.5.0,0,0
release_00178052->release_00178053,temporalio/sdk-python,1.5.0,1.5.1,0,0
release_00178053->release_00178054,temporalio/sdk-python,1.5.1,1.6.0,0,0
release_00178054->release_00178055,temporalio/sdk-python,1.6.0,1.7.0,0,0
release_00178055->release_00178056,temporalio/sdk-python,1.7.0,1.7.1,0,0
release_00178056->release_00178057,temporalio/sdk-python,1.7.1,1.8.0,0,0
release_00178057->release_00178058,temporalio/sdk-python,1.8.0,1.9.0,0,0
release_00178058->release_00178059,temporalio/sdk-python,1.9.0,1.10.0,0,0
release_00178059->release_00178060,temporalio/sdk-python,1.10.0,1.11.0,0,0
release_00178060->release_00178061,temporalio/sdk-python,1.11.0,1.11.1,0,0
release_00178061->release_00178062,temporalio/sdk-python,1.11.1,1.12.0,0,0
release_00178062->release_00178063,temporalio/sdk-python,1.12.0,1.13.0,0,0
release_00178063->release_00178064,temporalio/sdk-python,1.13.0,1.14.0,0,0
release_00178064->release_00178065,temporalio/sdk-python,1.14.0,1.14.1,0,0
release_00178065->release_00178066,temporalio/sdk-python,1.14.1,1.15.0,1,1
release_00178066->release_00178067,temporalio/sdk-python,1.15.0,1.16.0,0,0
release_00178067->release_00178068,temporalio/sdk-python,1.16.0,1.17.0,0,0
release_00178068->release_00178069,temporalio/sdk-python,1.17.0,1.18.0,0,0
release_00178069->release_00178070,temporalio/sdk-python,1.18.0,1.18.1,0,0
release_00178070->release_00178073,temporalio/sdk-python,1.18.1,1.19.0,0,0
release_00178073->release_00178074,temporalio/sdk-python,1.19.0,1.20.0,0,0
release_00178074->release_00178075,temporalio/sdk-python,1.20.0,1.21.0,0,0
release_00178075->release_00178076,temporalio/sdk-python,1.21.0,1.21.1,0,0
release_00178076->release_00178077,temporalio/sdk-python,1.21.1,1.22.0,0,0
release_00178077->release_00178078,temporalio/sdk-python,1.22.0,1.23.0,0,0
release_00178078->release_00178079,temporalio/sdk-python,1.23.0,1.24.0,0,0
release_00178079->release_00178080,temporalio/sdk-python,1.24.0,1.25.0,0,0
release_00178080->release_00178081,temporalio/sdk-python,1.25.0,1.26.0,0,0
release_00178081->release_00178082,temporalio/sdk-python,1.26.0,1.27.0,0,0
release_00178082->release_00178083,temporalio/sdk-python,1.27.0,1.27.1,0,0
release_00178083->release_00178085,temporalio/sdk-python,1.27.1,1.27.2,0,0
release_00178084->release_00178086,temporalio/sdk-python,1.24.1,1.24.2,0,0
release_00178177->release_00178178,tenro-ai/tenro-python,v0.2.0,v0.2.1,0,0
release_00178178->release_00178179,tenro-ai/tenro-python,v0.2.1,v0.2.2,0,0
release_00178179->release_00178180,tenro-ai/tenro-python,v0.2.2,v0.2.3,0,0
release_00178420->release_00178421,theislab/paperbee,v1.0.0,v1.2.0,1,0
release_00178421->release_00178422,theislab/paperbee,v1.2.0,v1.2.1,0,0
release_00178440->release_00178441,thenvoi/thenvoi-sdk-python,thenvoi-sdk-python-v0.1.1,thenvoi-sdk-python-v0.2.0,2,0
release_00178441->release_00178442,thenvoi/thenvoi-sdk-python,thenvoi-sdk-python-v0.2.0,thenvoi-sdk-python-v0.2.1,0,0
release_00178442->release_00178443,thenvoi/thenvoi-sdk-python,thenvoi-sdk-python-v0.2.1,thenvoi-sdk-python-v0.2.2,0,0
release_00178443->release_00178444,thenvoi/thenvoi-sdk-python,thenvoi-sdk-python-v0.2.2,thenvoi-sdk-python-v0.2.3,2,0
release_00178444->release_00178445,thenvoi/thenvoi-sdk-python,thenvoi-sdk-python-v0.2.3,thenvoi-sdk-python-v0.2.4,0,0
release_00178445->release_00178446,thenvoi/thenvoi-sdk-python,thenvoi-sdk-python-v0.2.4,thenvoi-sdk-python-v0.2.5,0,0
release_00178446->release_00178447,thenvoi/thenvoi-sdk-python,thenvoi-sdk-python-v0.2.5,thenvoi-sdk-python-v0.2.6,0,0
release_00178447->release_00178448,thenvoi/thenvoi-sdk-python,thenvoi-sdk-python-v0.2.6,thenvoi-sdk-python-v0.2.7,0,0
release_00178448->release_00178449,thenvoi/thenvoi-sdk-python,thenvoi-sdk-python-v0.2.7,thenvoi-sdk-python-v0.2.8,0,0
release_00178449->release_00178450,thenvoi/thenvoi-sdk-python,thenvoi-sdk-python-v0.2.8,thenvoi-sdk-python-v0.2.9,0,0
release_00178487->release_00178488,thienzz/Kite,v0.1.0,v0.1.1,0,0
release_00178488->release_00178489,thienzz/Kite,v0.1.1,v0.2.1,0,0
release_00178998->release_00179005,thonny/thonny,v3.1.0,v3.2.0,0,0
release_00178999->release_00179001,thonny/thonny,v3.1.1,v3.1.2,0,0
release_00179005->release_00179006,thonny/thonny,v3.2.0,v3.2.1,0,0
release_00179006->release_00179007,thonny/thonny,v3.2.1,v3.2.2,0,0
release_00179007->release_00179008,thonny/thonny,v3.2.2,v3.2.3,0,0
release_00179008->release_00179009,thonny/thonny,v3.2.3,v3.2.4,0,0
release_00179009->release_00179010,thonny/thonny,v3.2.4,v3.2.5,0,0
release_00179010->release_00179011,thonny/thonny,v3.2.5,v3.2.6,0,0
release_00179011->release_00179015,thonny/thonny,v3.2.6,v3.3.0,0,0
release_00179015->release_00179016,thonny/thonny,v3.3.0,v3.3.1,0,0
release_00179016->release_00179017,thonny/thonny,v3.3.1,v3.3.2,0,0
release_00179017->release_00179018,thonny/thonny,v3.3.2,v3.3.3,0,0
release_00179018->release_00179019,thonny/thonny,v3.3.3,v3.3.4,0,0
release_00179019->release_00179020,thonny/thonny,v3.3.4,v3.3.5,0,0
release_00179020->release_00179031,thonny/thonny,v3.3.5,v4.0.0,0,0
release_00179021->release_00179022,thonny/thonny,v3.3.6,v3.3.7,0,0
release_00179022->release_00179023,thonny/thonny,v3.3.7,v3.3.10,0,0
release_00179023->release_00179024,thonny/thonny,v3.3.10,v3.3.11,0,0
release_00179024->release_00179025,thonny/thonny,v3.3.11,v3.3.13,0,0
release_00179025->release_00179026,thonny/thonny,v3.3.13,v3.3.14,0,0
release_00179031->release_00179032,thonny/thonny,v4.0.0,v4.0.1,0,0
release_00179032->release_00179033,thonny/thonny,v4.0.1,v4.0.2,0,0
release_00179033->release_00179035,thonny/thonny,v4.0.2,v4.1.0,0,0
release_00179035->release_00179036,thonny/thonny,v4.1.0,v4.1.1,0,0
release_00179037->release_00179038,thonny/thonny,v4.1.2,v4.1.3,0,0
release_00179038->release_00179039,thonny/thonny,v4.1.3,v4.1.4,0,0
release_00179039->release_00179040,thonny/thonny,v4.1.4,v4.1.6,0,0
release_00179040->release_00179041,thonny/thonny,v4.1.6,v4.1.7,0,0
release_00179251->release_00179252,timescale/pg-aiguide,v0.1.3,v0.2.0,0,0
release_00179252->release_00179253,timescale/pg-aiguide,v0.2.0,v0.2.1,0,0
release_00179253->release_00179254,timescale/pg-aiguide,v0.2.1,v0.2.2,0,0
release_00179254->release_00179255,timescale/pg-aiguide,v0.2.2,v0.2.3,0,0
release_00179255->release_00179256,timescale/pg-aiguide,v0.2.3,v0.2.4,0,0
release_00179256->release_00179257,timescale/pg-aiguide,v0.2.4,v0.3.0,0,0
release_00179257->release_00179258,timescale/pg-aiguide,v0.3.0,v0.3.1,0,0
release_00179258->release_00179259,timescale/pg-aiguide,v0.3.1,v0.4.0,1,0
release_00179259->release_00179260,timescale/pg-aiguide,v0.4.0,v0.5.0,0,0
release_00179664->release_00179665,toluaina/pgsync,1.1.15,1.1.16,0,0
release_00179665->release_00179666,toluaina/pgsync,1.1.16,1.1.17,0,0
release_00179666->release_00179667,toluaina/pgsync,1.1.17,1.1.18,0,0
release_00179667->release_00179668,toluaina/pgsync,1.1.18,1.1.19,0,0
release_00179668->release_00179669,toluaina/pgsync,1.1.19,1.1.20,0,0
release_00179669->release_00179670,toluaina/pgsync,1.1.20,1.1.21,0,0
release_00179670->release_00179671,toluaina/pgsync,1.1.21,1.1.22,0,0
release_00179671->release_00179672,toluaina/pgsync,1.1.22,1.1.23,0,0
release_00179672->release_00179673,toluaina/pgsync,1.1.23,1.1.24,0,0
release_00179673->release_00179674,toluaina/pgsync,1.1.24,1.1.25,0,0
release_00179674->release_00179675,toluaina/pgsync,1.1.25,1.1.26,0,0
release_00179675->release_00179676,toluaina/pgsync,1.1.26,1.1.27,0,0
release_00179676->release_00179677,toluaina/pgsync,1.1.27,1.1.28,0,0
release_00179677->release_00179678,toluaina/pgsync,1.1.28,1.1.29,0,0
release_00179678->release_00179679,toluaina/pgsync,1.1.29,1.1.30,0,0
release_00179679->release_00179680,toluaina/pgsync,1.1.30,1.1.31,0,0
release_00179680->release_00179681,toluaina/pgsync,1.1.31,1.1.32,0,0
release_00179681->release_00179682,toluaina/pgsync,1.1.32,1.1.33,0,0
release_00179682->release_00179683,toluaina/pgsync,1.1.33,2.0.0,0,0
release_00179683->release_00179684,toluaina/pgsync,2.0.0,2.1.0,0,0
release_00179684->release_00179686,toluaina/pgsync,2.1.0,2.1.2,0,0
release_00179686->release_00179687,toluaina/pgsync,2.1.2,2.1.3,0,0
release_00179687->release_00179688,toluaina/pgsync,2.1.3,2.1.4,0,0
release_00179688->release_00179689,toluaina/pgsync,2.1.4,2.1.5,0,0
release_00179689->release_00179690,toluaina/pgsync,2.1.5,2.1.6,0,0
release_00179690->release_00179691,toluaina/pgsync,2.1.6,2.1.7,0,0
release_00179691->release_00179692,toluaina/pgsync,2.1.7,2.1.8,0,0
release_00179692->release_00179693,toluaina/pgsync,2.1.8,2.1.9,0,0
release_00179693->release_00179694,toluaina/pgsync,2.1.9,2.1.10,0,0
release_00179694->release_00179695,toluaina/pgsync,2.1.10,2.1.11,0,0
release_00179695->release_00179696,toluaina/pgsync,2.1.11,2.2.0,0,0
release_00179696->release_00179697,toluaina/pgsync,2.2.0,2.2.1,0,0
release_00179697->release_00179698,toluaina/pgsync,2.2.1,2.3.0,0,0
release_00179698->release_00179699,toluaina/pgsync,2.3.0,2.3.1,0,0
release_00179699->release_00179700,toluaina/pgsync,2.3.1,2.3.2,0,0
release_00179700->release_00179701,toluaina/pgsync,2.3.2,2.3.3,0,0
release_00179701->release_00179702,toluaina/pgsync,2.3.3,2.4.0,0,0
release_00179702->release_00179703,toluaina/pgsync,2.4.0,2.5.0,0,0
release_00179703->release_00179704,toluaina/pgsync,2.5.0,3.0.0,0,0
release_00179704->release_00179705,toluaina/pgsync,3.0.0,3.1.0,0,0
release_00179705->release_00179706,toluaina/pgsync,3.1.0,3.2.0,1,0
release_00179706->release_00179707,toluaina/pgsync,3.2.0,3.2.1,0,0
release_00179707->release_00179708,toluaina/pgsync,3.2.1,3.3.0,0,0
release_00179708->release_00179709,toluaina/pgsync,3.3.0,4.0.0,0,0
release_00179709->release_00179710,toluaina/pgsync,4.0.0,4.1.0,0,0
release_00179710->release_00179711,toluaina/pgsync,4.1.0,4.2.0,0,0
release_00179711->release_00179712,toluaina/pgsync,4.2.0,4.2.1,0,0
release_00179712->release_00179713,toluaina/pgsync,4.2.1,5.0.0,0,0
release_00179713->release_00179714,toluaina/pgsync,5.0.0,6.0.0,0,0
release_00179714->release_00179715,toluaina/pgsync,6.0.0,6.1.0,0,0
release_00179715->release_00179716,toluaina/pgsync,6.1.0,6.1.1,0,0
release_00179716->release_00179717,toluaina/pgsync,6.1.1,6.2.0,0,0
release_00179717->release_00179718,toluaina/pgsync,6.2.0,7.0.0,0,0
release_00179718->release_00179719,toluaina/pgsync,7.0.0,7.0.1,0,0
release_00179719->release_00179720,toluaina/pgsync,7.0.1,7.0.2,0,0
release_00179720->release_00179721,toluaina/pgsync,7.0.2,7.0.3,0,0
release_00179721->release_00179722,toluaina/pgsync,7.0.3,7.0.4,0,0
release_00179722->release_00179723,toluaina/pgsync,7.0.4,7.0.5,0,0
release_00179773->release_00179774,tomkam1702/OCR-Translator,v1.0.0,v2.0.0,0,0
release_00179774->release_00179775,tomkam1702/OCR-Translator,v2.0.0,v3.0.0,0,0
release_00179775->release_00179776,tomkam1702/OCR-Translator,v3.0.0,v3.0.1,0,0
release_00179776->release_00179777,tomkam1702/OCR-Translator,v3.0.1,v3.5.0,2,0
release_00179777->release_00179778,tomkam1702/OCR-Translator,v3.5.0,v3.5.1,0,0
release_00179778->release_00179779,tomkam1702/OCR-Translator,v3.5.1,v3.5.2,0,0
release_00179779->release_00179780,tomkam1702/OCR-Translator,v3.5.2,v3.5.3,0,0
release_00179780->release_00179781,tomkam1702/OCR-Translator,v3.5.3,v3.5.5,0,0
release_00179781->release_00179783,tomkam1702/OCR-Translator,v3.5.5,v3.5.7,0,0
release_00179783->release_00179784,tomkam1702/OCR-Translator,v3.5.7,v3.5.8,0,0
release_00179784->release_00179785,tomkam1702/OCR-Translator,v3.5.8,v3.6.0,2,0
release_00179785->release_00179786,tomkam1702/OCR-Translator,v3.6.0,v3.7.0,0,0
release_00179786->release_00179787,tomkam1702/OCR-Translator,v3.7.0,v3.8.0,0,0
release_00179787->release_00179788,tomkam1702/OCR-Translator,v3.8.0,v3.9.0,0,0
release_00179788->release_00179789,tomkam1702/OCR-Translator,v3.9.0,v3.9.5,0,0
release_00179789->release_00179790,tomkam1702/OCR-Translator,v3.9.5,v3.9.6,0,0
release_00179790->release_00179794,tomkam1702/OCR-Translator,v3.9.6,v4.1.0,2,0
release_00180818->release_00180819,truera/trulens,0.0.5,0.0.6,0,0
release_00180819->release_00180820,truera/trulens,0.0.6,0.0.7,0,0
release_00180820->release_00180821,truera/trulens,0.0.7,0.0.10,0,0
release_00180821->release_00180822,truera/trulens,0.0.10,0.0.12,0,0
release_00180822->release_00180823,truera/trulens,0.0.12,0.12.1,0,0
release_00180823->release_00180824,truera/trulens,0.12.1,0.13.2,0,0
release_00180824->release_00180905,truera/trulens,0.13.2,trulens-1.4.6,4,0
release_00180826->release_00180827,truera/trulens,trulens-eval-0.5.0,trulens-explain-0.13.4,0,0
release_00180827->release_00180828,truera/trulens,trulens-explain-0.13.4,trulens-eval-0.6.0,0,1
release_00180828->release_00180829,truera/trulens,trulens-eval-0.6.0,trulens-eval-0.7.0,0,0
release_00180829->release_00180830,truera/trulens,trulens-eval-0.7.0,trulens-eval-0.8.0,0,0
release_00180831->release_00180832,truera/trulens,trulens-eval-0.9.0,trulens-eval-0.10.0,0,0
release_00180832->release_00180838,truera/trulens,trulens-eval-0.10.0,trulens-eval-0.15.3,0,0
release_00180838->release_00180839,truera/trulens,trulens-eval-0.15.3,trulens-eval-0.16.0,0,0
release_00180839->release_00180853,truera/trulens,trulens-eval-0.16.0,trulens-eval-0.22.1,0,0
release_00180853->release_00180864,truera/trulens,trulens-eval-0.22.1,trulens-eval-0.28.0,0,0
release_00180868->release_00180871,truera/trulens,trulens-eval-0.32.0,trulens-eval-0.32.1,0,0
release_00180873->release_00180874,truera/trulens,trulens-1.0.1,trulens-1.0.2,0,0
release_00180874->release_00180875,truera/trulens,trulens-1.0.2,trulens-1.0.3,0,0
release_00180875->release_00180876,truera/trulens,trulens-1.0.3,trulens-1.0.4,0,0
release_00180876->release_00180877,truera/trulens,trulens-1.0.4,trulens-1.0.5,0,0
release_00180877->release_00180878,truera/trulens,trulens-1.0.5,trulens-1.0.6,0,0
release_00180878->release_00180879,truera/trulens,trulens-1.0.6,trulens-1.0.7,0,0
release_00180879->release_00180880,truera/trulens,trulens-1.0.7,trulens-1.0.8,0,0
release_00180880->release_00180881,truera/trulens,trulens-1.0.8,trulens-1.0.9,0,0
release_00180881->release_00180882,truera/trulens,trulens-1.0.9,trulens-1.0.10,0,0
release_00180905->release_00180908,truera/trulens,trulens-1.4.6,trulens-1.4.9,0,0
release_00180908->release_00180917,truera/trulens,trulens-1.4.9,trulens-2.2.0,1,1
release_00180917->release_00180922,truera/trulens,trulens-2.2.0,trulens-2.3.0,0,0
release_00181296->release_00181297,tyxben/AI_novel,v0.4.0,v0.7.0,2,1
release_00181297->release_00181298,tyxben/AI_novel,v0.7.0,v0.8.0,0,0
release_00181298->release_00181299,tyxben/AI_novel,v0.8.0,v0.9.0,0,0
release_00181299->release_00181300,tyxben/AI_novel,v0.9.0,v1.0.0,0,0
release_00181300->release_00181301,tyxben/AI_novel,v1.0.0,v1.1.0,0,0
release_00181301->release_00181302,tyxben/AI_novel,v1.1.0,v1.3.0,0,0
release_00182552->release_00182555,udaysidhu99/danki,v1.0.0,v2.0.0-beta.1,3,0
release_00182556->release_00182557,uezo/aiavatarkit,v0.1.2,v0.1.3,0,0
release_00182557->release_00182558,uezo/aiavatarkit,v0.1.3,v0.1.4,0,0
release_00182558->release_00182559,uezo/aiavatarkit,v0.1.4,v0.2.0,0,0
release_00182559->release_00182560,uezo/aiavatarkit,v0.2.0,v0.2.1,0,0
release_00182560->release_00182561,uezo/aiavatarkit,v0.2.1,v0.3.1,1,0
release_00182561->release_00182562,uezo/aiavatarkit,v0.3.1,v0.4.0,1,0
release_00182562->release_00182563,uezo/aiavatarkit,v0.4.0,v0.4.4,0,0
release_00182563->release_00182564,uezo/aiavatarkit,v0.4.4,v0.4.5,0,0
release_00182564->release_00182565,uezo/aiavatarkit,v0.4.5,0.5.0,1,0
release_00182565->release_00182566,uezo/aiavatarkit,0.5.0,v0.5.2,1,0
release_00182566->release_00182567,uezo/aiavatarkit,v0.5.2,0.5.3,0,0
release_00182567->release_00182568,uezo/aiavatarkit,0.5.3,0.5.4,0,0
release_00182568->release_00182569,uezo/aiavatarkit,0.5.4,0.5.5,0,0
release_00182569->release_00182570,uezo/aiavatarkit,0.5.5,0.5.6,1,0
release_00182570->release_00182571,uezo/aiavatarkit,0.5.6,0.5.7,1,0
release_00182571->release_00182572,uezo/aiavatarkit,0.5.7,0.5.8,3,0
release_00182572->release_00182573,uezo/aiavatarkit,0.5.8,v0.6.5,8,0
release_00182573->release_00182574,uezo/aiavatarkit,v0.6.5,v0.6.6,0,0
release_00182574->release_00182575,uezo/aiavatarkit,v0.6.6,v0.7.0,0,0
release_00182575->release_00182576,uezo/aiavatarkit,v0.7.0,v0.7.2,0,0
release_00182576->release_00182577,uezo/aiavatarkit,v0.7.2,v0.7.3,0,0
release_00182577->release_00182578,uezo/aiavatarkit,v0.7.3,v0.7.4,0,0
release_00182578->release_00182579,uezo/aiavatarkit,v0.7.4,v0.7.5,0,0
release_00182579->release_00182580,uezo/aiavatarkit,v0.7.5,v0.7.6,1,0
release_00182580->release_00182581,uezo/aiavatarkit,v0.7.6,v0.7.7,0,0
release_00182581->release_00182582,uezo/aiavatarkit,v0.7.7,v0.7.8,0,0
release_00182582->release_00182583,uezo/aiavatarkit,v0.7.8,v0.7.9,0,0
release_00182583->release_00182584,uezo/aiavatarkit,v0.7.9,v0.7.10,0,0
release_00182584->release_00182585,uezo/aiavatarkit,v0.7.10,v0.7.11,0,0
release_00182585->release_00182586,uezo/aiavatarkit,v0.7.11,v0.7.12,0,0
release_00182586->release_00182587,uezo/aiavatarkit,v0.7.12,v0.7.13,9,0
release_00182587->release_00182588,uezo/aiavatarkit,v0.7.13,v0.7.15,1,0
release_00182588->release_00182589,uezo/aiavatarkit,v0.7.15,v0.7.17,2,0
release_00182589->release_00182590,uezo/aiavatarkit,v0.7.17,v0.7.18,0,0
release_00182590->release_00182591,uezo/aiavatarkit,v0.7.18,v0.7.19,0,0
release_00182591->release_00182592,uezo/aiavatarkit,v0.7.19,v0.7.21,0,0
release_00182592->release_00182593,uezo/aiavatarkit,v0.7.21,v0.8.0,0,0
release_00182593->release_00182594,uezo/aiavatarkit,v0.8.0,v0.8.1,0,0
release_00182594->release_00182595,uezo/aiavatarkit,v0.8.1,v0.8.2,0,0
release_00182595->release_00182596,uezo/aiavatarkit,v0.8.2,v0.8.3,1,0
release_00182596->release_00182597,uezo/aiavatarkit,v0.8.3,v0.8.4,2,0
release_00182597->release_00182598,uezo/aiavatarkit,v0.8.4,v0.8.5,2,0
release_00182598->release_00182599,uezo/aiavatarkit,v0.8.5,v0.8.6,0,0
release_00182599->release_00182600,uezo/aiavatarkit,v0.8.6,v0.8.7,0,0
release_00182600->release_00182601,uezo/aiavatarkit,v0.8.7,v0.8.8,0,0
release_00182601->release_00182602,uezo/aiavatarkit,v0.8.8,v0.8.9,0,0
release_00182602->release_00182603,uezo/aiavatarkit,v0.8.9,v0.8.10,0,0
release_00182603->release_00182604,uezo/aiavatarkit,v0.8.10,v0.8.11,0,0
release_00182604->release_00182605,uezo/aiavatarkit,v0.8.11,v0.8.12,0,0
release_00182605->release_00182606,uezo/aiavatarkit,v0.8.12,v0.8.13,0,0
release_00182606->release_00182607,uezo/aiavatarkit,v0.8.13,v0.8.14,0,0
release_00182607->release_00182608,uezo/aiavatarkit,v0.8.14,v0.8.15,0,0
release_00182608->release_00182609,uezo/aiavatarkit,v0.8.15,v0.8.16,0,0
release_00182609->release_00182610,uezo/aiavatarkit,v0.8.16,v0.8.17,0,0
release_00182882->release_00182883,unclecode/crawl4ai,v0.5.0.post1,vr0.6.0,1,0
release_00182883->release_00182884,unclecode/crawl4ai,vr0.6.0,v0.6.3,0,0
release_00182885->release_00182886,unclecode/crawl4ai,v0.7.0,v0.7.1,0,0
release_00182888->release_00182889,unclecode/crawl4ai,v0.7.3,v0.7.4,0,0
release_00182889->release_00182890,unclecode/crawl4ai,v0.7.4,v0.7.5,0,0
release_00183616->release_00183617,usestrix/strix,v0.3.1,v0.4.0,0,0
release_00183617->release_00183618,usestrix/strix,v0.4.0,v0.5.0,0,0
release_00183618->release_00183619,usestrix/strix,v0.5.0,v0.6.0,2,0
release_00183619->release_00183620,usestrix/strix,v0.6.0,v0.6.1,0,0
release_00183620->release_00183621,usestrix/strix,v0.6.1,v0.6.2,0,0
release_00183621->release_00183622,usestrix/strix,v0.6.2,v0.7.0,0,0
release_00183622->release_00183623,usestrix/strix,v0.7.0,v0.8.0,0,0
release_00183623->release_00183624,usestrix/strix,v0.8.0,v0.8.1,18,0
release_00183624->release_00183625,usestrix/strix,v0.8.1,v0.8.2,0,0
release_00183625->release_00183626,usestrix/strix,v0.8.2,v0.8.3,9,0
release_00184012->release_00184013,vectara/vectara-ingest,1.1,1.2,0,0
release_00184013->release_00184014,vectara/vectara-ingest,1.2,1.3,0,0
release_00184014->release_00184015,vectara/vectara-ingest,1.3,1.4,0,0
release_00184015->release_00184016,vectara/vectara-ingest,1.4,1.5,0,0
release_00184016->release_00184017,vectara/vectara-ingest,1.5,1.6,0,0
release_00184017->release_00184018,vectara/vectara-ingest,1.6,1.6.1,0,0
release_00184018->release_00184019,vectara/vectara-ingest,1.6.1,1.6.2,0,0
release_00184019->release_00184020,vectara/vectara-ingest,1.6.2,1.6.3,0,0
release_00184020->release_00184021,vectara/vectara-ingest,1.6.3,1.6.4,0,0
release_00184021->release_00184022,vectara/vectara-ingest,1.6.4,1.6.5,0,0
release_00184022->release_00184023,vectara/vectara-ingest,1.6.5,1.7.0,1,0
release_00184023->release_00184024,vectara/vectara-ingest,1.7.0,1.7.1,0,0
release_00184024->release_00184025,vectara/vectara-ingest,1.7.1,1.7.2,0,0
release_00184025->release_00184026,vectara/vectara-ingest,1.7.2,1.7.3,0,0
release_00184026->release_00184027,vectara/vectara-ingest,1.7.3,1.7.4,0,0
release_00184027->release_00184028,vectara/vectara-ingest,1.7.4,1.7.5,0,0
release_00184028->release_00184029,vectara/vectara-ingest,1.7.5,1.7.6,0,0
release_00184029->release_00184030,vectara/vectara-ingest,1.7.6,1.7.7,0,0
release_00184030->release_00184031,vectara/vectara-ingest,1.7.7,1.7.8,0,0
release_00184031->release_00184032,vectara/vectara-ingest,1.7.8,1.7.9,0,0
release_00184032->release_00184033,vectara/vectara-ingest,1.7.9,1.7.10,1,0
release_00184033->release_00184034,vectara/vectara-ingest,1.7.10,1.8.0,0,0
release_00184034->release_00184035,vectara/vectara-ingest,1.8.0,1.8.1,0,0
release_00184035->release_00184036,vectara/vectara-ingest,1.8.1,1.8.2,0,0
release_00184036->release_00184037,vectara/vectara-ingest,1.8.2,1.8.3,0,0
release_00184037->release_00184038,vectara/vectara-ingest,1.8.3,1.8.4,0,0
release_00184038->release_00184039,vectara/vectara-ingest,1.8.4,1.8.5,0,0
release_00184039->release_00184040,vectara/vectara-ingest,1.8.5,1.8.6,1,0
release_00184040->release_00184041,vectara/vectara-ingest,1.8.6,1.8.7,0,0
release_00184041->release_00184042,vectara/vectara-ingest,1.8.7,1.8.8,0,0
release_00184042->release_00184043,vectara/vectara-ingest,1.8.8,1.8.9,0,0
release_00184043->release_00184044,vectara/vectara-ingest,1.8.9,1.8.10,0,0
release_00184044->release_00184045,vectara/vectara-ingest,1.8.10,2.0.0,0,0
release_00184045->release_00184046,vectara/vectara-ingest,2.0.0,2.0.1,3,0
release_00184046->release_00184047,vectara/vectara-ingest,2.0.1,2.0.2,0,0
release_00184047->release_00184048,vectara/vectara-ingest,2.0.2,2.0.3,0,0
release_00184048->release_00184049,vectara/vectara-ingest,2.0.3,2.0.4,0,0
release_00184049->release_00184050,vectara/vectara-ingest,2.0.4,2.0.5,2,0
release_00184050->release_00184051,vectara/vectara-ingest,2.0.5,2.0.6,0,0
release_00184051->release_00184052,vectara/vectara-ingest,2.0.6,2.0.7,0,0
release_00184052->release_00184053,vectara/vectara-ingest,2.0.7,2.1.0,0,0
release_00184053->release_00184054,vectara/vectara-ingest,2.1.0,2.2.0,0,0
release_00184054->release_00184055,vectara/vectara-ingest,2.2.0,2.3.0,0,0
release_00184055->release_00184056,vectara/vectara-ingest,2.3.0,2.3.1,0,0
release_00184056->release_00184057,vectara/vectara-ingest,2.3.1,2.4.0,0,0
release_00184057->release_00184058,vectara/vectara-ingest,2.4.0,2.4.1,0,0
release_00184058->release_00184059,vectara/vectara-ingest,2.4.1,2.4.2,0,0
release_00184059->release_00184060,vectara/vectara-ingest,2.4.2,2.5.0,0,0
release_00184060->release_00184061,vectara/vectara-ingest,2.5.0,2.5.1,0,0
release_00184061->release_00184062,vectara/vectara-ingest,2.5.1,2.5.2,0,0
release_00184062->release_00184063,vectara/vectara-ingest,2.5.2,2.6.0,0,0
release_00184063->release_00184064,vectara/vectara-ingest,2.6.0,2.7.0,2,0
release_00184064->release_00184065,vectara/vectara-ingest,2.7.0,2.8.0,0,0
release_00184065->release_00184066,vectara/vectara-ingest,2.8.0,2.8.1,0,0
release_00184066->release_00184067,vectara/vectara-ingest,2.8.1,2.8.2,0,0
release_00184067->release_00184068,vectara/vectara-ingest,2.8.2,2.9.0,0,0
release_00184068->release_00184069,vectara/vectara-ingest,2.9.0,2.10.0,0,0
release_00184069->release_00184070,vectara/vectara-ingest,2.10.0,2.11.0,0,0
release_00184070->release_00184071,vectara/vectara-ingest,2.11.0,2.11.1,0,0
release_00184071->release_00184072,vectara/vectara-ingest,2.11.1,2.11.2,0,0
release_00184072->release_00184073,vectara/vectara-ingest,2.11.2,2.11.3,0,0
release_00184073->release_00184074,vectara/vectara-ingest,2.11.3,2.11.4,0,0
release_00184074->release_00184075,vectara/vectara-ingest,2.11.4,2.11.5,0,0
release_00184075->release_00184077,vectara/vectara-ingest,2.11.5,2.12.0,0,0
release_00184212->release_00184213,vegu-ai/talemate,0.8.0,0.9.0,0,0
release_00184213->release_00184214,vegu-ai/talemate,0.9.0,0.10.0,0,0
release_00184214->release_00184215,vegu-ai/talemate,0.10.0,0.10.1,0,0
release_00184215->release_00184216,vegu-ai/talemate,0.10.1,0.11.0,0,0
release_00184216->release_00184217,vegu-ai/talemate,0.11.0,0.11.1,0,0
release_00184217->release_00184218,vegu-ai/talemate,0.11.1,0.12.0,1,0
release_00184218->release_00184220,vegu-ai/talemate,0.12.0,0.13.1,0,0
release_00184220->release_00184221,vegu-ai/talemate,0.13.1,0.13.2,0,0
release_00184221->release_00184222,vegu-ai/talemate,0.13.2,0.14.0,0,0
release_00184222->release_00184223,vegu-ai/talemate,0.14.0,0.14.1,0,0
release_00184223->release_00184224,vegu-ai/talemate,0.14.1,0.15.0,0,0
release_00184224->release_00184225,vegu-ai/talemate,0.15.0,0.16.0,0,0
release_00184225->release_00184226,vegu-ai/talemate,0.16.0,0.16.1,0,0
release_00184226->release_00184227,vegu-ai/talemate,0.16.1,0.17.0,1,0
release_00184227->release_00184228,vegu-ai/talemate,0.17.0,0.18.0,1,0
release_00184228->release_00184229,vegu-ai/talemate,0.18.0,0.18.1,0,0
release_00184229->release_00184230,vegu-ai/talemate,0.18.1,0.18.2,0,0
release_00184230->release_00184231,vegu-ai/talemate,0.18.2,0.19.0,0,0
release_00184231->release_00184232,vegu-ai/talemate,0.19.0,0.20.0,0,0
release_00184232->release_00184233,vegu-ai/talemate,0.20.0,0.21.0,2,0
release_00184233->release_00184234,vegu-ai/talemate,0.21.0,0.22.0,0,0
release_00184234->release_00184235,vegu-ai/talemate,0.22.0,0.23.0,1,0
release_00184235->release_00184236,vegu-ai/talemate,0.23.0,0.24.0,0,0
release_00184236->release_00184237,vegu-ai/talemate,0.24.0,0.25.0,2,0
release_00184237->release_00184238,vegu-ai/talemate,0.25.0,0.25.1,0,0
release_00184238->release_00184239,vegu-ai/talemate,0.25.1,0.25.2,0,0
release_00184239->release_00184240,vegu-ai/talemate,0.25.2,0.25.3,0,0
release_00184240->release_00184241,vegu-ai/talemate,0.25.3,0.25.4,0,0
release_00184241->release_00184242,vegu-ai/talemate,0.25.4,0.25.5,0,0
release_00184242->release_00184243,vegu-ai/talemate,0.25.5,0.25.6,1,0
release_00184243->release_00184244,vegu-ai/talemate,0.25.6,0.26.0,1,0
release_00184244->release_00184245,vegu-ai/talemate,0.26.0,0.27.0,0,0
release_00184245->release_00184246,vegu-ai/talemate,0.27.0,0.28.0,0,0
release_00184246->release_00184247,vegu-ai/talemate,0.28.0,0.29.0,0,0
release_00184247->release_00184248,vegu-ai/talemate,0.29.0,0.30.0,0,0
release_00184248->release_00184249,vegu-ai/talemate,0.30.0,0.30.1,0,0
release_00184249->release_00184250,vegu-ai/talemate,0.30.1,0.31.0,2,0
release_00184250->release_00184251,vegu-ai/talemate,0.31.0,0.32.0,5,0
release_00184251->release_00184252,vegu-ai/talemate,0.32.0,0.32.1,0,0
release_00184252->release_00184253,vegu-ai/talemate,0.32.1,0.32.2,0,0
release_00184253->release_00184254,vegu-ai/talemate,0.32.2,0.32.3,0,0
release_00184254->release_00184255,vegu-ai/talemate,0.32.3,0.33.0,0,0
release_00184255->release_00184256,vegu-ai/talemate,0.33.0,0.34.0,10,0
release_00184256->release_00184257,vegu-ai/talemate,0.34.0,0.34.1,0,0
release_00184257->release_00184258,vegu-ai/talemate,0.34.1,0.35.0,6,0
release_00184258->release_00184259,vegu-ai/talemate,0.35.0,0.36.0,0,0
release_00184259->release_00184260,vegu-ai/talemate,0.36.0,0.36.1,0,0
release_00184260->release_00184261,vegu-ai/talemate,0.36.1,0.37.0,1,0
release_00184261->release_00184262,vegu-ai/talemate,0.37.0,0.37.1,0,0
release_00184859->release_00184860,verygoodplugins/automem,v0.9.3,v0.10.0,0,0
release_00184860->release_00184861,verygoodplugins/automem,v0.10.0,v0.10.1,0,0
release_00184861->release_00184862,verygoodplugins/automem,v0.10.1,v0.11.0,0,0
release_00184862->release_00184863,verygoodplugins/automem,v0.11.0,v0.12.0,3,0
release_00184863->release_00184864,verygoodplugins/automem,v0.12.0,v0.13.0,0,0
release_00184864->release_00184865,verygoodplugins/automem,v0.13.0,v0.14.0,1,0
release_00184865->release_00184866,verygoodplugins/automem,v0.14.0,v0.15.0,2,0
release_00184866->release_00184867,verygoodplugins/automem,v0.15.0,v0.15.1,0,0
release_00184867->release_00184868,verygoodplugins/automem,v0.15.1,v0.15.2,0,0
release_00184999->release_00185000,vibrantlabsai/ragas,0.0.1,0.0.2,0,0
release_00185000->release_00185002,vibrantlabsai/ragas,0.0.2,v0.0.3,0,0
release_00185002->release_00185003,vibrantlabsai/ragas,v0.0.3,0.0.4,0,0
release_00185003->release_00185004,vibrantlabsai/ragas,0.0.4,0.0.5,0,0
release_00185004->release_00185005,vibrantlabsai/ragas,0.0.5,0.0.6,0,0
release_00185005->release_00185006,vibrantlabsai/ragas,0.0.6,0.0.7,0,0
release_00185006->release_00185007,vibrantlabsai/ragas,0.0.7,v0.0.8,0,0
release_00185007->release_00185008,vibrantlabsai/ragas,v0.0.8,v0.0.9,0,0
release_00185008->release_00185009,vibrantlabsai/ragas,v0.0.9,v0.0.10,0,0
release_00185009->release_00185010,vibrantlabsai/ragas,v0.0.10,v0.0.11,0,0
release_00185010->release_00185011,vibrantlabsai/ragas,v0.0.11,v0.0.12,0,0
release_00185011->release_00185012,vibrantlabsai/ragas,v0.0.12,v0.0.13,0,0
release_00185012->release_00185013,vibrantlabsai/ragas,v0.0.13,v0.0.14,0,0
release_00185013->release_00185014,vibrantlabsai/ragas,v0.0.14,v0.0.15,0,0
release_00185014->release_00185015,vibrantlabsai/ragas,v0.0.15,v0.0.16,0,0
release_00185015->release_00185016,vibrantlabsai/ragas,v0.0.16,v0.0.17,0,0
release_00185016->release_00185017,vibrantlabsai/ragas,v0.0.17,v0.0.18,0,0
release_00185017->release_00185018,vibrantlabsai/ragas,v0.0.18,v0.0.19,0,0
release_00185018->release_00185019,vibrantlabsai/ragas,v0.0.19,v0.0.20,0,0
release_00185019->release_00185020,vibrantlabsai/ragas,v0.0.20,v0.0.21,0,0
release_00185020->release_00185021,vibrantlabsai/ragas,v0.0.21,v0.0.22,0,0
release_00185021->release_00185023,vibrantlabsai/ragas,v0.0.22,v0.1.0,3,0
release_00185023->release_00185024,vibrantlabsai/ragas,v0.1.0,v0.1.1,0,0
release_00185024->release_00185025,vibrantlabsai/ragas,v0.1.1,v0.1.2,1,0
release_00185025->release_00185026,vibrantlabsai/ragas,v0.1.2,v0.1.3,0,0
release_00185026->release_00185027,vibrantlabsai/ragas,v0.1.3,v0.1.4,2,1
release_00185027->release_00185028,vibrantlabsai/ragas,v0.1.4,v0.1.5,0,0
release_00185028->release_00185029,vibrantlabsai/ragas,v0.1.5,v0.1.6,0,0
release_00185029->release_00185030,vibrantlabsai/ragas,v0.1.6,v0.1.7,0,0
release_00185030->release_00185031,vibrantlabsai/ragas,v0.1.7,v0.1.8,2,0
release_00185031->release_00185032,vibrantlabsai/ragas,v0.1.8,v0.1.9,1,1
release_00185032->release_00185033,vibrantlabsai/ragas,v0.1.9,v0.1.10,0,0
release_00185033->release_00185034,vibrantlabsai/ragas,v0.1.10,v0.1.11,0,0
release_00185034->release_00185035,vibrantlabsai/ragas,v0.1.11,v0.1.12,0,0
release_00185035->release_00185036,vibrantlabsai/ragas,v0.1.12,v0.1.13,3,0
release_00185036->release_00185037,vibrantlabsai/ragas,v0.1.13,v0.1.14,0,0
release_00185037->release_00185038,vibrantlabsai/ragas,v0.1.14,v0.1.15,0,0
release_00185038->release_00185039,vibrantlabsai/ragas,v0.1.15,v0.1.16,0,0
release_00185039->release_00185040,vibrantlabsai/ragas,v0.1.16,v0.1.17,0,0
release_00185040->release_00185041,vibrantlabsai/ragas,v0.1.17,v0.1.18,0,0
release_00185041->release_00185042,vibrantlabsai/ragas,v0.1.18,v0.1.19,0,0
release_00185042->release_00185043,vibrantlabsai/ragas,v0.1.19,v0.1.20,0,0
release_00185043->release_00185046,vibrantlabsai/ragas,v0.1.20,v0.2.0,2,0
release_00185046->release_00185047,vibrantlabsai/ragas,v0.2.0,v0.2.1,0,0
release_00185047->release_00185048,vibrantlabsai/ragas,v0.2.1,v0.2.2,0,0
release_00185048->release_00185049,vibrantlabsai/ragas,v0.2.2,v0.2.3,0,0
release_00185049->release_00185050,vibrantlabsai/ragas,v0.2.3,v0.2.4,0,0
release_00185050->release_00185051,vibrantlabsai/ragas,v0.2.4,v0.2.5,0,0
release_00185051->release_00185052,vibrantlabsai/ragas,v0.2.5,v0.2.6,5,1
release_00185052->release_00185053,vibrantlabsai/ragas,v0.2.6,v0.2.7,0,0
release_00185053->release_00185054,vibrantlabsai/ragas,v0.2.7,v0.2.8,0,0
release_00185054->release_00185055,vibrantlabsai/ragas,v0.2.8,v0.2.9,1,1
release_00185055->release_00185056,vibrantlabsai/ragas,v0.2.9,v0.2.10,0,0
release_00185056->release_00185057,vibrantlabsai/ragas,v0.2.10,v0.2.11,0,0
release_00185057->release_00185058,vibrantlabsai/ragas,v0.2.11,v0.2.12,0,0
release_00185058->release_00185059,vibrantlabsai/ragas,v0.2.12,v0.2.13,0,0
release_00185059->release_00185060,vibrantlabsai/ragas,v0.2.13,v0.2.14,0,0
release_00185060->release_00185061,vibrantlabsai/ragas,v0.2.14,v0.2.15,0,0
release_00185061->release_00185064,vibrantlabsai/ragas,v0.2.15,v0.3.0,4,0
release_00185064->release_00185065,vibrantlabsai/ragas,v0.3.0,v0.3.1,0,0
release_00185065->release_00185069,vibrantlabsai/ragas,v0.3.1,v0.3.2,0,0
release_00185069->release_00185071,vibrantlabsai/ragas,v0.3.2,v0.3.3,3,0
release_00185071->release_00185072,vibrantlabsai/ragas,v0.3.3,v0.3.4,0,0
release_00185072->release_00185075,vibrantlabsai/ragas,v0.3.4,v0.3.5,0,0
release_00185075->release_00185076,vibrantlabsai/ragas,v0.3.5,v0.3.6,0,0
release_00185076->release_00185077,vibrantlabsai/ragas,v0.3.6,v0.3.7,0,0
release_00185077->release_00185078,vibrantlabsai/ragas,v0.3.7,v0.3.8,3,0
release_00185078->release_00185079,vibrantlabsai/ragas,v0.3.8,v0.3.9,9,1
release_00185079->release_00185080,vibrantlabsai/ragas,v0.3.9,v0.4.0,1,0
release_00185080->release_00185081,vibrantlabsai/ragas,v0.4.0,v0.4.1,1,1
release_00185081->release_00185082,vibrantlabsai/ragas,v0.4.1,v0.4.2,5,0
release_00185082->release_00185083,vibrantlabsai/ragas,v0.4.2,v0.4.3,0,0
release_00185084->release_00185085,victordibia/designing-multiagent-systems,v0.2.3,v0.3.1,0,0
release_00185085->release_00185086,victordibia/designing-multiagent-systems,v0.3.1,v0.3.2,0,0
release_00185086->release_00185087,victordibia/designing-multiagent-systems,v0.3.2,v0.4.0,12,0
release_00186087->release_00186088,vouch-protocol/vouch,v1.3.1,v1.4.0,0,0
release_00186088->release_00186089,vouch-protocol/vouch,v1.4.0,v1.5.0,0,0
release_00186184->release_00186185,vstorm-co/memv,v0.1.0,v0.1.1,0,0
release_00186185->release_00186186,vstorm-co/memv,v0.1.1,v0.1.2,0,0
release_00186198->release_00186199,vyruss/pg_statviz,v0.1,v0.3,0,0
release_00186199->release_00186200,vyruss/pg_statviz,v0.3,v0.4,0,0
release_00186200->release_00186201,vyruss/pg_statviz,v0.4,v0.5,0,0
release_00186201->release_00186202,vyruss/pg_statviz,v0.5,v0.6,0,0
release_00186202->release_00186203,vyruss/pg_statviz,v0.6,v0.7,0,0
release_00186203->release_00186204,vyruss/pg_statviz,v0.7,v0.8,0,0
release_00186204->release_00186205,vyruss/pg_statviz,v0.8,v0.9,0,0
release_00186205->release_00186206,vyruss/pg_statviz,v0.9,v1.0,4,1
release_00186311->release_00186312,wajid-nasser/12-Angry-Tokens,v0.1.0,v0.1.2,0,0
release_00186313->release_00186314,walksoda/crawl-mcp,v0.1.0,v0.1.1,0,0
release_00186314->release_00186315,walksoda/crawl-mcp,v0.1.1,v0.1.2,4,0
release_00186315->release_00186316,walksoda/crawl-mcp,v0.1.2,v0.1.4,0,0
release_00186316->release_00186317,walksoda/crawl-mcp,v0.1.4,v0.1.5,0,0
release_00186317->release_00186318,walksoda/crawl-mcp,v0.1.5,v0.1.6,0,0
release_00186318->release_00186319,walksoda/crawl-mcp,v0.1.6,v0.1.7,0,0
release_00186319->release_00186320,walksoda/crawl-mcp,v0.1.7,v0.2.0,0,0
release_00186320->release_00186321,walksoda/crawl-mcp,v0.2.0,v0.3.0,0,0
release_00186321->release_00186322,walksoda/crawl-mcp,v0.3.0,v0.3.1,0,0
release_00186322->release_00186323,walksoda/crawl-mcp,v0.3.1,v0.3.2,0,0
release_00186492->release_00186493,wangzhe3224/valueinvest,v1.1.0,v1.2.0,0,0
release_00186493->release_00186494,wangzhe3224/valueinvest,v1.2.0,v1.2.1,0,0
release_00186494->release_00186495,wangzhe3224/valueinvest,v1.2.1,v1.3.0,0,0
release_00186495->release_00186496,wangzhe3224/valueinvest,v1.3.0,v1.3.2,0,0
release_00186508->release_00186509,wanxingai/LightAgent,v0.2.5,v0.2.7,5,0
release_00186509->release_00186510,wanxingai/LightAgent,v0.2.7,v0.2.85,0,0
release_00186510->release_00186511,wanxingai/LightAgent,v0.2.85,v0.3.0r,0,0
release_00186511->release_00186512,wanxingai/LightAgent,v0.3.0r,v0.3.2,0,0
release_00186512->release_00186513,wanxingai/LightAgent,v0.3.2,v0.3.3,0,0
release_00186513->release_00186514,wanxingai/LightAgent,v0.3.3,v0.4.0,0,0
release_00186514->release_00186515,wanxingai/LightAgent,v0.4.0,v0.4.1,0,0
release_00186515->release_00186516,wanxingai/LightAgent,v0.4.1,v0.4.3,0,0
release_00186516->release_00186517,wanxingai/LightAgent,v0.4.3,v0.4.6,0,0
release_00186517->release_00186519,wanxingai/LightAgent,v0.4.6,v0.4.8,0,0
release_00186519->release_00186520,wanxingai/LightAgent,v0.4.8,v0.5.0,0,0
release_00186520->release_00186521,wanxingai/LightAgent,v0.5.0,v0.6.0,0,0
release_00188583->release_00188584,xai-org/xai-sdk-python,v1.0.0rc1,v1.0.0rc2,0,0
release_00188584->release_00188585,xai-org/xai-sdk-python,v1.0.0rc2,v1.0.0,0,0
release_00188585->release_00188586,xai-org/xai-sdk-python,v1.0.0,v1.0.1,0,0
release_00188586->release_00188587,xai-org/xai-sdk-python,v1.0.1,v1.1.0,0,0
release_00188587->release_00188588,xai-org/xai-sdk-python,v1.1.0,v1.2.0,0,0
release_00188588->release_00188589,xai-org/xai-sdk-python,v1.2.0,v1.3.0a0,0,0
release_00188589->release_00188590,xai-org/xai-sdk-python,v1.3.0a0,v1.3.0,0,0
release_00188590->release_00188591,xai-org/xai-sdk-python,v1.3.0,v1.3.1,0,0
release_00188591->release_00188592,xai-org/xai-sdk-python,v1.3.1,v1.4.0,4,0
release_00188592->release_00188593,xai-org/xai-sdk-python,v1.4.0,v1.4.1,0,0
release_00188593->release_00188594,xai-org/xai-sdk-python,v1.4.1,v1.5.0,0,0
release_00188594->release_00188595,xai-org/xai-sdk-python,v1.5.0,v1.6.0,0,0
release_00188595->release_00188596,xai-org/xai-sdk-python,v1.6.0,v1.6.1,0,0
release_00188596->release_00188597,xai-org/xai-sdk-python,v1.6.1,v1.7.0,0,0
release_00188597->release_00188598,xai-org/xai-sdk-python,v1.7.0,v1.8.0,0,0
release_00188598->release_00188599,xai-org/xai-sdk-python,v1.8.0,v1.8.1,0,0
release_00188599->release_00188600,xai-org/xai-sdk-python,v1.8.1,v1.8.2,0,0
release_00188600->release_00188601,xai-org/xai-sdk-python,v1.8.2,v1.9.0,0,0
release_00188601->release_00188602,xai-org/xai-sdk-python,v1.9.0,v1.9.1,0,0
release_00188602->release_00188603,xai-org/xai-sdk-python,v1.9.1,v1.10.0,0,0
release_00188603->release_00188604,xai-org/xai-sdk-python,v1.10.0,v1.11.0,0,0
release_00188604->release_00188605,xai-org/xai-sdk-python,v1.11.0,v1.12.0,0,0
release_00188605->release_00188606,xai-org/xai-sdk-python,v1.12.0,v1.12.1,0,0
release_00188606->release_00188607,xai-org/xai-sdk-python,v1.12.1,v1.12.2,0,0
release_00188607->release_00188608,xai-org/xai-sdk-python,v1.12.2,v1.13.0,0,0
release_00188710->release_00188711,xerrors/Yuxi,v0.2.0,v0.3.6-beta,0,0
release_00188711->release_00188713,xerrors/Yuxi,v0.3.6-beta,v0.4.0,0,0
release_00188713->release_00188714,xerrors/Yuxi,v0.4.0,v0.5.0,0,0
release_00188714->release_00188715,xerrors/Yuxi,v0.5.0,v0.6.0,0,0
release_00188715->release_00188716,xerrors/Yuxi,v0.6.0,v0.6.1,0,0
release_00189623->release_00189624,ybkim95/agent-scaling,v1.0.0,v2.1.0,0,0
release_00189860->release_00189861,yifanfeng97/Hyper-Extract,v0.1.1,v0.1.2,0,0
release_00189861->release_00189862,yifanfeng97/Hyper-Extract,v0.1.2,v0.2.0,1,0
release_00189948->release_00189949,yixin0829/push-to-talk,v0.1.0,v0.2.0,0,0
release_00189949->release_00189950,yixin0829/push-to-talk,v0.2.0,v0.3.0,0,0
release_00189950->release_00189951,yixin0829/push-to-talk,v0.3.0,v0.4.0,0,0
release_00189951->release_00189952,yixin0829/push-to-talk,v0.4.0,v0.5.0,0,0
release_00189952->release_00189953,yixin0829/push-to-talk,v0.5.0,v0.6.0,1,0
release_00189982->release_00189983,ylzz1997/crabcode,0.1.0,0.1.1,0,0
release_00189983->release_00189984,ylzz1997/crabcode,0.1.1,0.1.3,1,0
release_00190060->release_00190061,yolo-hyl/medical-rag,v1.0.0,v1.0.1,0,0
release_00190572->release_00190573,yzhao062/pyod,V0.6.1,V6.0.5,0,0
release_00190573->release_00190574,yzhao062/pyod,V6.0.5,v.0.6.7,0,0
release_00190574->release_00190575,yzhao062/pyod,v.0.6.7,v0.7.0,0,0
release_00190575->release_00190576,yzhao062/pyod,v0.7.0,v0.7.5,0,0
release_00190576->release_00190577,yzhao062/pyod,v0.7.5,v0.7.6,0,0
release_00190577->release_00190578,yzhao062/pyod,v0.7.6,V0.7.8,0,0
release_00190578->release_00190579,yzhao062/pyod,V0.7.8,V0.7.9,0,0
release_00190579->release_00190580,yzhao062/pyod,V0.7.9,V0.8.1,0,0
release_00190580->release_00190581,yzhao062/pyod,V0.8.1,V0.8.3,0,0
release_00190581->release_00190582,yzhao062/pyod,V0.8.3,V0.8.4,0,0
release_00190582->release_00190583,yzhao062/pyod,V0.8.4,V0.8.6,0,0
release_00190583->release_00190584,yzhao062/pyod,V0.8.6,V0.8.8,0,0
release_00190584->release_00190585,yzhao062/pyod,V0.8.8,V0.8.9,0,0
release_00190585->release_00190586,yzhao062/pyod,V0.8.9,V0.9.0,0,0
release_00190586->release_00190587,yzhao062/pyod,V0.9.0,V0.9.1,0,0
release_00190587->release_00190588,yzhao062/pyod,V0.9.1,V0.9.2,0,0
release_00190588->release_00190589,yzhao062/pyod,V0.9.2,V0.9.3,0,0
release_00190589->release_00190590,yzhao062/pyod,V0.9.3,v0.9.4,0,0
release_00190590->release_00190591,yzhao062/pyod,v0.9.4,v0.9.5,0,0
release_00190591->release_00190592,yzhao062/pyod,v0.9.5,v0.9.6,0,0
release_00190592->release_00190593,yzhao062/pyod,v0.9.6,v0.9.7,0,0
release_00190593->release_00190594,yzhao062/pyod,v0.9.7,v0.9.8,0,0
release_00190594->release_00190595,yzhao062/pyod,v0.9.8,v0.9.9,0,0
release_00190595->release_00190596,yzhao062/pyod,v0.9.9,v1.0.0,0,0
release_00190596->release_00190597,yzhao062/pyod,v1.0.0,v1.0.1,0,0
release_00190597->release_00190598,yzhao062/pyod,v1.0.1,v1.0.2,0,0
release_00190598->release_00190599,yzhao062/pyod,v1.0.2,v1.0.3,0,0
release_00190599->release_00190600,yzhao062/pyod,v1.0.3,v1.0.4,0,0
release_00190600->release_00190601,yzhao062/pyod,v1.0.4,v1.0.5,0,0
release_00190601->release_00190602,yzhao062/pyod,v1.0.5,v1.0.6,0,0
release_00190602->release_00190603,yzhao062/pyod,v1.0.6,v1.0.7,0,0
release_00190603->release_00190604,yzhao062/pyod,v1.0.7,v1.0.8,0,0
release_00190604->release_00190605,yzhao062/pyod,v1.0.8,v1.1.0,0,0
release_00190605->release_00190606,yzhao062/pyod,v1.1.0,v1.1.1,0,0
release_00190606->release_00190607,yzhao062/pyod,v1.1.1,v1.1.2,0,0
release_00190607->release_00190608,yzhao062/pyod,v1.1.2,v1.1.3,0,0
release_00190608->release_00190609,yzhao062/pyod,v1.1.3,v2.0.1,0,0
release_00190609->release_00190610,yzhao062/pyod,v2.0.1,v2.0.2,0,0
release_00190610->release_00190611,yzhao062/pyod,v2.0.2,v2.0.3,0,0
release_00190611->release_00190612,yzhao062/pyod,v2.0.3,v2.0.5,0,0
release_00190612->release_00190613,yzhao062/pyod,v2.0.5,v2.0.6,1,0
release_00190613->release_00190614,yzhao062/pyod,v2.0.6,v2.0.7,0,0
release_00190614->release_00190615,yzhao062/pyod,v2.0.7,v2.1.0,1,0
release_00190615->release_00190616,yzhao062/pyod,v2.1.0,v3.0.0,0,0
release_00190616->release_00190617,yzhao062/pyod,v3.0.0,v3.1.0,0,0
release_00190617->release_00190618,yzhao062/pyod,v3.1.0,v3.2.0,0,0
release_00190618->release_00190619,yzhao062/pyod,v3.2.0,v3.2.1,0,0
release_00190619->release_00190620,yzhao062/pyod,v3.2.1,v3.3.0,0,0
release_00190620->release_00190622,yzhao062/pyod,v3.3.0,v3.5.0,0,0
release_00190622->release_00190623,yzhao062/pyod,v3.5.0,v3.5.1,0,0
release_00190623->release_00190624,yzhao062/pyod,v3.5.1,v3.5.2,0,0
release_00191141->release_00191144,zenml-io/zenml,0.1.3,0.2.0,0,0
release_00191144->release_00191145,zenml-io/zenml,0.2.0,0.3.1,0,0
release_00191145->release_00191146,zenml-io/zenml,0.3.1,0.3.2,0,0
release_00191146->release_00191147,zenml-io/zenml,0.3.2,0.3.3,0,0
release_00191147->release_00191148,zenml-io/zenml,0.3.3,0.3.4,0,0
release_00191148->release_00191149,zenml-io/zenml,0.3.4,0.3.5,0,0
release_00191149->release_00191150,zenml-io/zenml,0.3.5,0.3.6,0,0
release_00191150->release_00191151,zenml-io/zenml,0.3.6,0.3.7,0,0
release_00191151->release_00191153,zenml-io/zenml,0.3.7,0.3.8,0,0
release_00191153->release_00191154,zenml-io/zenml,0.3.8,0.5.0,0,0
release_00191154->release_00191155,zenml-io/zenml,0.5.0,0.5.1,0,0
release_00191155->release_00191156,zenml-io/zenml,0.5.1,0.5.2,0,0
release_00191156->release_00191157,zenml-io/zenml,0.5.2,0.5.3,0,0
release_00191157->release_00191158,zenml-io/zenml,0.5.3,0.5.4,0,0
release_00191158->release_00191159,zenml-io/zenml,0.5.4,0.5.5,0,0
release_00191159->release_00191160,zenml-io/zenml,0.5.5,0.5.6,0,0
release_00191160->release_00191161,zenml-io/zenml,0.5.6,0.5.7,0,0
release_00191161->release_00191164,zenml-io/zenml,0.5.7,0.6.2,0,0
release_00191164->release_00191165,zenml-io/zenml,0.6.2,0.6.3,0,0
release_00191165->release_00191166,zenml-io/zenml,0.6.3,0.7.0,0,0
release_00191166->release_00191167,zenml-io/zenml,0.7.0,0.7.1,0,0
release_00191167->release_00191171,zenml-io/zenml,0.7.1,0.8.1,0,0
release_00191171->release_00191172,zenml-io/zenml,0.8.1,0.9.0,0,0
release_00191172->release_00191173,zenml-io/zenml,0.9.0,0.10.0,0,0
release_00191184->release_00191185,zenml-io/zenml,0.21.0,0.21.1,0,0
release_00191245->release_00191246,zenml-io/zenml,0.56.0,0.56.1,0,0
release_00191391->release_00191392,zh-plus/openlrc,0.0.3,0.0.4,0,0
release_00191392->release_00191393,zh-plus/openlrc,0.0.4,0.0.5,0,0
release_00191393->release_00191394,zh-plus/openlrc,0.0.5,0.0.6,0,0
release_00191394->release_00191395,zh-plus/openlrc,0.0.6,0.1.0,0,1
release_00191395->release_00191396,zh-plus/openlrc,0.1.0,0.1.1,0,0
release_00191396->release_00191397,zh-plus/openlrc,0.1.1,0.1.2,0,0
release_00191397->release_00191398,zh-plus/openlrc,0.1.2,0.1.3,0,0
release_00191398->release_00191399,zh-plus/openlrc,0.1.3,0.1.4,0,0
release_00191399->release_00191400,zh-plus/openlrc,0.1.4,0.2.0,0,0
release_00191400->release_00191401,zh-plus/openlrc,0.2.0,0.2.1,0,0
release_00191401->release_00191402,zh-plus/openlrc,0.2.1,0.2.2,0,0
release_00191402->release_00191403,zh-plus/openlrc,0.2.2,0.2.3,0,0
release_00191403->release_00191404,zh-plus/openlrc,0.2.3,1.0.0,1,0
release_00191404->release_00191405,zh-plus/openlrc,1.0.0,1.0.1,0,0
release_00191405->release_00191406,zh-plus/openlrc,1.0.1,1.0.2,0,0
release_00191406->release_00191407,zh-plus/openlrc,1.0.2,1.1.0,1,0
release_00191407->release_00191408,zh-plus/openlrc,1.1.0,1.2.0,1,0
release_00191408->release_00191409,zh-plus/openlrc,1.2.0,1.3.0,0,0
release_00191409->release_00191410,zh-plus/openlrc,1.3.0,1.3.1,0,0
release_00191410->release_00191411,zh-plus/openlrc,1.3.1,1.4.0,0,0
release_00191411->release_00191412,zh-plus/openlrc,1.4.0,1.4.1,0,0
release_00191412->release_00191413,zh-plus/openlrc,1.4.1,1.5.0,0,0
release_00191413->release_00191414,zh-plus/openlrc,1.5.0,1.5.1,0,0
release_00191414->release_00191415,zh-plus/openlrc,1.5.1,1.5.2,1,0
release_00191415->release_00191416,zh-plus/openlrc,1.5.2,1.6.0,1,0
release_00191416->release_00191417,zh-plus/openlrc,1.6.0,1.6.1,2,0
release_00191417->release_00191418,zh-plus/openlrc,1.6.1,1.6.2,1,0
release_00191418->release_00191419,zh-plus/openlrc,1.6.2,1.6.3,0,0
release_00191419->release_00191420,zh-plus/openlrc,1.6.3,1.7.0,1,0
release_00191426->release_00191427,zhayujie/CowAgent,1.0.0,1.0.1,0,0
release_00191427->release_00191428,zhayujie/CowAgent,1.0.1,1.0.2,0,0
release_00191428->release_00191429,zhayujie/CowAgent,1.0.2,1.0.3,0,1
release_00191429->release_00191430,zhayujie/CowAgent,1.0.3,1.0.4,0,0
release_00191430->release_00191431,zhayujie/CowAgent,1.0.4,1.0.5,0,0
release_00191431->release_00191432,zhayujie/CowAgent,1.0.5,1.0.6,0,1
release_00191432->release_00191433,zhayujie/CowAgent,1.0.6,1.1.0,0,0
release_00191433->release_00191434,zhayujie/CowAgent,1.1.0,1.1.1,0,0
release_00191434->release_00191435,zhayujie/CowAgent,1.1.1,1.1.2,0,0
release_00191435->release_00191436,zhayujie/CowAgent,1.1.2,1.1.3,0,0
release_00191436->release_00191437,zhayujie/CowAgent,1.1.3,1.1.4,0,0
release_00191437->release_00191438,zhayujie/CowAgent,1.1.4,1.1.5.3,0,0
release_00191438->release_00191439,zhayujie/CowAgent,1.1.5.3,1.1.6,0,0
release_00191439->release_00191440,zhayujie/CowAgent,1.1.6,1.1.7.4,0,0
release_00191440->release_00191441,zhayujie/CowAgent,1.1.7.4,1.1.8.1,0,0
release_00191441->release_00191442,zhayujie/CowAgent,1.1.8.1,1.1.8.2,0,0
release_00191442->release_00191443,zhayujie/CowAgent,1.1.8.2,1.2.0.1,0,0
release_00191443->release_00191444,zhayujie/CowAgent,1.2.0.1,1.2.1.2,0,0
release_00191444->release_00191446,zhayujie/CowAgent,1.2.1.2,1.2.2,0,0
release_00191446->release_00191447,zhayujie/CowAgent,1.2.2,1.2.2.1,0,0
release_00191447->release_00191448,zhayujie/CowAgent,1.2.2.1,1.2.2.2,0,0
release_00191448->release_00191449,zhayujie/CowAgent,1.2.2.2,1.2.3,0,0
release_00191449->release_00191450,zhayujie/CowAgent,1.2.3,1.2.3.2,0,0
release_00191450->release_00191451,zhayujie/CowAgent,1.2.3.2,1.2.5,0,0
release_00191451->release_00191452,zhayujie/CowAgent,1.2.5,1.3.0.1,0,0
release_00191452->release_00191453,zhayujie/CowAgent,1.3.0.1,1.3.0.3,0,0
release_00191453->release_00191454,zhayujie/CowAgent,1.3.0.3,1.3.1,1,0
release_00191454->release_00191455,zhayujie/CowAgent,1.3.1,1.3.2,0,0
release_00191455->release_00191456,zhayujie/CowAgent,1.3.2,1.3.3,0,0
release_00191456->release_00191457,zhayujie/CowAgent,1.3.3,1.3.4,0,0
release_00191457->release_00191458,zhayujie/CowAgent,1.3.4,1.3.5,0,0
release_00191458->release_00191459,zhayujie/CowAgent,1.3.5,1.3.6,0,0
release_00191459->release_00191460,zhayujie/CowAgent,1.3.6,1.3.7,0,0
release_00191460->release_00191461,zhayujie/CowAgent,1.3.7,1.3.8,1,0
release_00191461->release_00191463,zhayujie/CowAgent,1.3.8,1.3.9.5,0,0
release_00191463->release_00191464,zhayujie/CowAgent,1.3.9.5,1.4.0,0,0
release_00191464->release_00191465,zhayujie/CowAgent,1.4.0,1.5.0,1,0
release_00191465->release_00191466,zhayujie/CowAgent,1.5.0,1.5.1,1,0
release_00191466->release_00191468,zhayujie/CowAgent,1.5.1,1.5.3,0,0
release_00191468->release_00191469,zhayujie/CowAgent,1.5.3,1.5.4,0,0
release_00191469->release_00191470,zhayujie/CowAgent,1.5.4,1.5.5,0,0
release_00191470->release_00191471,zhayujie/CowAgent,1.5.5,1.5.6,0,0
release_00191471->release_00191472,zhayujie/CowAgent,1.5.6,1.5.7,0,0
release_00191472->release_00191473,zhayujie/CowAgent,1.5.7,1.5.7.1,0,0
release_00191473->release_00191475,zhayujie/CowAgent,1.5.7.1,1.5.9,3,0
release_00191475->release_00191476,zhayujie/CowAgent,1.5.9,1.6.0,1,0
release_00191476->release_00191477,zhayujie/CowAgent,1.6.0,1.6.5,1,0
release_00191477->release_00191478,zhayujie/CowAgent,1.6.5,1.6.6,0,0
release_00191478->release_00191481,zhayujie/CowAgent,1.6.6,1.6.9,0,0
release_00191481->release_00191482,zhayujie/CowAgent,1.6.9,1.7.0,0,0
release_00191482->release_00191483,zhayujie/CowAgent,1.7.0,1.7.1,0,0
release_00191483->release_00191484,zhayujie/CowAgent,1.7.1,1.7.2,0,0
release_00191484->release_00191485,zhayujie/CowAgent,1.7.2,1.7.3,3,0
release_00191485->release_00191486,zhayujie/CowAgent,1.7.3,1.7.4,0,0
release_00191486->release_00191487,zhayujie/CowAgent,1.7.4,1.7.5,0,0
release_00191487->release_00191488,zhayujie/CowAgent,1.7.5,1.7.6,0,0
release_00191488->release_00191489,zhayujie/CowAgent,1.7.6,2.0.0,7,0
release_00191489->release_00191490,zhayujie/CowAgent,2.0.0,2.0.1,0,0
release_00191490->release_00191491,zhayujie/CowAgent,2.0.1,2.0.2,5,0
release_00191491->release_00191492,zhayujie/CowAgent,2.0.2,2.0.3,1,0
release_00191492->release_00191493,zhayujie/CowAgent,2.0.3,2.0.4,0,0
release_00191493->release_00191494,zhayujie/CowAgent,2.0.4,2.0.5,0,0
release_00191494->release_00191495,zhayujie/CowAgent,2.0.5,2.0.6,7,0
release_00191495->release_00191496,zhayujie/CowAgent,2.0.6,2.0.7,0,0
release_00191496->release_00191497,zhayujie/CowAgent,2.0.7,2.0.8,0,0
release_00191497->release_00191498,zhayujie/CowAgent,2.0.8,2.0.9,1,0
release_00191628->release_00191629,zhudotexe/kani,v1.0.0,v1.0.1,0,0
release_00191629->release_00191630,zhudotexe/kani,v1.0.1,v1.0.2,0,0
release_00191630->release_00191631,zhudotexe/kani,v1.0.2,v1.1.0,0,0
release_00191631->release_00191632,zhudotexe/kani,v1.1.0,v1.1.1,0,0
release_00191632->release_00191633,zhudotexe/kani,v1.1.1,v1.2.0,0,0
release_00191633->release_00191634,zhudotexe/kani,v1.2.0,v1.2.1,2,0
release_00191634->release_00191635,zhudotexe/kani,v1.2.1,v1.2.2,2,0
release_00191635->release_00191636,zhudotexe/kani,v1.2.2,v1.2.3,0,0
release_00191636->release_00191637,zhudotexe/kani,v1.2.3,v1.2.4,0,0
release_00191637->release_00191638,zhudotexe/kani,v1.2.4,v1.3.0,0,0
release_00191638->release_00191639,zhudotexe/kani,v1.3.0,v1.4.0,0,0
release_00191639->release_00191640,zhudotexe/kani,v1.4.0,v1.4.1,0,0
release_00191640->release_00191641,zhudotexe/kani,v1.4.1,v1.4.2,0,0
release_00191641->release_00191642,zhudotexe/kani,v1.4.2,v1.4.3,0,0
release_00191642->release_00191643,zhudotexe/kani,v1.4.3,v1.5.0,0,0
release_00191643->release_00191644,zhudotexe/kani,v1.5.0,v1.5.1,0,0
release_00191644->release_00191645,zhudotexe/kani,v1.5.1,v1.6.0,6,0
release_00191645->release_00191646,zhudotexe/kani,v1.6.0,v1.6.1,2,0
release_00191646->release_00191647,zhudotexe/kani,v1.6.1,v1.7.0,0,0
release_00191647->release_00191648,zhudotexe/kani,v1.7.0,v1.8.0,0,0
release_00191648->release_00191649,zhudotexe/kani,v1.8.0,v1.9.0,0,0
release_00191649->release_00191650,zhudotexe/kani,v1.9.0,v1.9.1,0,0
release_00191652->release_00191653,ziatdinovmax/SciLink,0.0.1,0.0.2,0,0
release_00191653->release_00191654,ziatdinovmax/SciLink,0.0.2,0.0.4,32,0
release_00191654->release_00191655,ziatdinovmax/SciLink,0.0.4,0.0.5,2,0
release_00191655->release_00191656,ziatdinovmax/SciLink,0.0.5,0.0.6,2,0
release_00191656->release_00191657,ziatdinovmax/SciLink,0.0.6,0.0.10,139,0
release_00191657->release_00191658,ziatdinovmax/SciLink,0.0.10,0.0.11,0,0
release_00191658->release_00191659,ziatdinovmax/SciLink,0.0.11,0.0.12,0,0
release_00191659->release_00191660,ziatdinovmax/SciLink,0.0.12,0.0.13,0,0
release_00191660->release_00191661,ziatdinovmax/SciLink,0.0.13,0.0.14,0,0
release_00191661->release_00191662,ziatdinovmax/SciLink,0.0.14,0.0.15,5,0
release_00191662->release_00191663,ziatdinovmax/SciLink,0.0.15,0.0.16,149,0
release_00191663->release_00191664,ziatdinovmax/SciLink,0.0.16,0.0.19,26,0
release_00191664->release_00191665,ziatdinovmax/SciLink,0.0.19,0.0.20,0,0
release_00191665->release_00191666,ziatdinovmax/SciLink,0.0.20,0.0.21,0,0
release_00191666->release_00191667,ziatdinovmax/SciLink,0.0.21,0.0.28,90,0
release_00191667->release_00191668,ziatdinovmax/SciLink,0.0.28,0.0.29,0,0
release_00191668->release_00191669,ziatdinovmax/SciLink,0.0.29,0.0.30,26,0
release_00191814->release_00191816,zvtvz/zvt,0.0.1,0.0.2,0,0
release_00191816->release_00191817,zvtvz/zvt,0.0.2,0.0.4,0,0
release_00191817->release_00191818,zvtvz/zvt,0.0.4,0.0.6,0,0
release_00191818->release_00191819,zvtvz/zvt,0.0.6,0.0.7,0,0
release_00191819->release_00191820,zvtvz/zvt,0.0.7,v0.9.5,0,0
release_00191820->release_00191821,zvtvz/zvt,v0.9.5,v0.9.6,0,0
release_00191821->release_00191822,zvtvz/zvt,v0.9.6,v0.9.7,0,0
release_00191822->release_00191823,zvtvz/zvt,v0.9.7,v0.9.8,0,0
release_00191823->release_00191824,zvtvz/zvt,v0.9.8,v0.9.9,0,0
release_00191824->release_00191825,zvtvz/zvt,v0.9.9,v0.9.10,0,0
release_00191825->release_00191826,zvtvz/zvt,v0.9.10,v0.9.11,0,0
release_00191826->release_00191827,zvtvz/zvt,v0.9.11,v0.9.12,0,0
release_00191827->release_00191828,zvtvz/zvt,v0.9.12,v0.9.13,0,0
release_00191828->release_00191829,zvtvz/zvt,v0.9.13,v0.9.14,0,0
release_00191829->release_00191830,zvtvz/zvt,v0.9.14,v0.9.15,0,0
release_00191830->release_00191831,zvtvz/zvt,v0.9.15,v0.9.16,0,0
release_00191831->release_00191832,zvtvz/zvt,v0.9.16,v0.9.17,0,0
release_00191832->release_00191833,zvtvz/zvt,v0.9.17,v0.10.0,0,0
release_00191833->release_00191834,zvtvz/zvt,v0.10.0,v0.10.1,0,0
release_00191834->release_00191835,zvtvz/zvt,v0.10.1,v0.10.2,0,0
release_00191835->release_00191836,zvtvz/zvt,v0.10.2,v0.10.3,0,0
release_00191836->release_00191837,zvtvz/zvt,v0.10.3,v0.10.4,0,0
release_00191837->release_00191838,zvtvz/zvt,v0.10.4,v0.10.5,0,0
release_00191838->release_00191839,zvtvz/zvt,v0.10.5,v0.11.0,0,0
release_00191839->release_00191840,zvtvz/zvt,v0.11.0,v0.11.1,0,0
release_00191840->release_00191841,zvtvz/zvt,v0.11.1,v0.11.2,0,0
release_00191841->release_00191842,zvtvz/zvt,v0.11.2,v0.11.3,0,0
release_00191842->release_00191843,zvtvz/zvt,v0.11.3,v0.11.4,0,0
release_00191843->release_00191844,zvtvz/zvt,v0.11.4,v0.11.5,0,0
release_00191844->release_00191845,zvtvz/zvt,v0.11.5,v0.11.6,0,0
release_00191845->release_00191846,zvtvz/zvt,v0.11.6,v0.11.7,0,0
release_00191846->release_00191847,zvtvz/zvt,v0.11.7,v0.11.9,0,0
release_00191847->release_00191848,zvtvz/zvt,v0.11.9,v0.12.0,0,0
release_00191848->release_00191849,zvtvz/zvt,v0.12.0,v0.12.1,0,0
release_00191849->release_00191850,zvtvz/zvt,v0.12.1,v0.12.2,0,0
release_00191850->release_00191851,zvtvz/zvt,v0.12.2,v0.13.0,0,0
release_00191851->release_00191852,zvtvz/zvt,v0.13.0,v0.13.1,0,0
release_00191852->release_00191853,zvtvz/zvt,v0.13.1,v0.13.2,0,0
release_00191853->release_00191854,zvtvz/zvt,v0.13.2,v0.13.3,1,0
release_00191854->release_00191855,zvtvz/zvt,v0.13.3,v0.13.4,0,0
release_00191855->release_00191856,zvtvz/zvt,v0.13.4,v0.13.5,0,0
